123	dấu ngoặc nhọn mở|dấu ngoặc|dấu ngoặc nhọn|dấu ngoặc nhọn mở
127995	màu da sáng|loại 1–2|màu da|màu da sáng
127996	màu da sáng trung bình|loại 3|màu da|màu da sáng trung bình
127997	màu da trung bình|loại 4|màu da|màu da trung bình
127998	màu da tối trung bình|loại 5|màu da|màu da tối trung bình
127999	màu da tối|loại 6|màu da|màu da tối
8254	đường trên đầu|đường trên đầu
95	dấu gạch dưới|dấu gạch dưới|dòng|gạch chân|gạch dưới
45	dấu gạch nối-dấu trừ|dấu gạch ngang|dấu gạch nối|dấu gạch nối-dấu trừ|dấu trừ
8208	dấu gạch nối|dấu gạch ngang|dấu gạch nối
8211	dấu gạch ngắn|dấu gạch ngắn|dấu gạch ngang|ngắn
8212	dấu gạch dài|dài|dấu gạch dài|dấu gạch ngang
8213	dấu gạch ngang dài|dấu gạch ngang dài|dòng|gạch ngang|gạch ngang dài|thanh
12539	dấu chấm giữa katakana|chấm|dấu chấm giữa|dấu chấm giữa katakana|dấu chấm ở giữa|điểm trung gian|katakana
44	dấu phẩy|dấu phẩy
1548	dấu phẩy ả rập|ả rập|dấu phẩy|dấu phẩy ả rập
12289	dấu phẩy tượng hình|dấu phẩy|dấu phẩy tượng hình|tượng hình
59	dấu chấm phẩy|dấu chấm phẩy
1563	dấu chấm phẩy ả rập|ả rập|dấu chấm phẩy|dấu chấm phẩy ả rập
58	dấu hai chấm|dấu hai chấm
33	dấu chấm than|chấm than|dấu cảm|dấu chấm than
161	dấu chấm than ngược|chấm than|dấu cảm|dấu chấm than|dấu chấm than ngược|ngược
63	dấu hỏi|dấu hỏi
191	dấu hỏi ngược|dấu hỏi|dấu hỏi ngược|ngược
1567	dấu hỏi ả rập|ả rập|dấu hỏi|dấu hỏi ả rập
8253	dấu hỏi than|dấu hỏi than
46	dấu chấm|chấm câu|chấm hết|dấu chấm
8230	dấu ba chấm|chấm chấm|dấu ba chấm|dấu chấm lửng|dấu lửng
12290	dấu chấm tượng hình|chấm câu|chấm hết|dấu chấm|dấu chấm tượng hình|tượng hình
183	dấu chấm giữa dòng|chấm|dấu chấm giữa|dấu chấm giữa dòng|dấu chấm ở giữa dòng|giữa
39	dấu móc lửng máy chữ|dấu móc lửng|dấu móc lửng máy chữ|dấu nháy|dấu nháy đơn
8216	dấu móc lửng trái|dấu móc lửng|dấu móc lửng trái|dấu nháy|dấu nháy đơn|dấu nháy thông minh
8217	dấu móc lửng phải|dấu móc lửng|dấu móc lửng phải|dấu nháy|dấu nháy đơn|dấu nháy thông minh
8218	dấu móc dưới phải|dấu móc dưới|dấu móc dưới phải|dấu nháy|dấu nháy dưới
8220	dấu nháy kép trái|dấu nháy|dấu nháy kép|dấu nháy kép trái|dấu nháy thông minh
8221	dấu nháy kép phải|dấu nháy|dấu nháy kép|dấu nháy kép phải|dấu nháy thông minh
8222	dấu nháy kép dưới phải|dấu nháy|dấu nháy dưới|dấu nháy kép|dấu nháy kép dưới phải|dấu nháy thông minh
171	dấu ngoặc kép trái|dấu chữ V|dấu ngoặc đơn|dấu ngoặc góc|dấu ngoặc kép|dấu ngoặc kép trái|dấu sót|trái
187	dấu ngoặc kép phải|dấu chữ V|dấu ngoặc đơn|dấu ngoặc góc|dấu ngoặc kép|dấu ngoặc kép phải|dấu sót|phải
41	dấu ngoặc đơn đóng|dấu ngoặc|dấu ngoặc đơn|dấu ngoặc đơn đóng|ngoặc tròn
91	dấu ngoặc vuông mở|dấu móc|dấu ngoặc|dấu ngoặc vuông|dấu ngoặc vuông mở
93	dấu ngoặc vuông đóng|dấu móc|dấu ngoặc|dấu ngoặc vuông|dấu ngoặc vuông đóng
125	dấu ngoặc nhọn đóng|dấu ngoặc|dấu ngoặc nhọn|dấu ngoặc nhọn đóng
12296	dấu ngoặc góc mở|dấu ngoặc|dấu ngoặc góc|dấu ngoặc góc mở|dấu ngoặc kim cương|dấu ngoặc nhọn
12297	dấu ngoặc góc đóng|dấu ngoặc|dấu ngoặc góc|dấu ngoặc góc đóng|dấu ngoặc kim cương|dấu ngoặc nhọn
12298	dấu ngoặc góc kép mở|dấu ngoặc|dấu ngoặc góc kép|dấu ngoặc góc kép mở
12299	dấu ngoặc góc kép đóng|dấu ngoặc|dấu ngoặc góc kép|dấu ngoặc góc kép đóng
12300	dấu ngoặc chữ L mở|dấu ngoặc|dấu ngoặc chữ L|dấu ngoặc chữ L mở
12301	dấu ngoặc chữ L đóng|dấu ngoặc|dấu ngoặc chữ L|dấu ngoặc chữ L đóng
12302	dấu ngoặc chữ L rỗng mở|dấu ngoặc|dấu ngoặc chữ L rỗng|dấu ngoặc chữ L rỗng mở
12303	dấu ngoặc chữ L rỗng đóng|dấu ngoặc|dấu ngoặc chữ L rỗng|dấu ngoặc chữ L rỗng đóng
12304	dấu ngoặc thấu kính đen mở|dấu ngoặc|dấu ngoặc thấu kính|dấu ngoặc thấu kính đen mở
12305	dấu ngoặc thấu kính đen đóng|dấu ngoặc|dấu ngoặc thấu kính|dấu ngoặc thấu kính đen đóng
12308	dấu ngoặc mai rùa mở|dấu ngoặc|dấu ngoặc hình mai rùa|dấu ngoặc mai rùa|dấu ngoặc mai rùa mở
12309	dấu ngoặc mai rùa đóng|dấu ngoặc|dấu ngoặc hình mai rùa|dấu ngoặc mai rùa|dấu ngoặc mai rùa đóng
12310	dấu ngoặc thấu kính rỗng mở|dấu ngoặc|dấu ngoặc thấu kính rỗng|dấu ngoặc thấu kính rỗng mở
12311	dấu ngoặc thấu kính rỗng đóng|dấu ngoặc|dấu ngoặc thấu kính rỗng|dấu ngoặc thấu kính rỗng đóng
167	mục|biểu tượng chương mục|đoạn|mục|phần
182	dấu ngắt đoạn|dấu ngắt đoạn|đoạn|đoạn văn|ký hiệu
64	a còng|a còng|ký hiệu a còng|ký hiệu a móc
42	dấu hoa thị|dấu hoa thị|dấu sao|ký tự đại diện
47	dấu sổ chéo|chéo|dấu sổ chéo|gạch chéo|xiên
92	dấu sổ ngược|dấu sổ ngược|gạch chéo ngược|xiên ngược
38	dấu và|dấu và|và
35	dấu thăng|dấu thăng|hashtag|số|thăng
37	phần trăm|dấu phần trăm|phần trăm
8240	phần nghìn|dấu phần nghìn|phần nghìn
8224	biểu tượng kiếm ngược|biểu tượng kiếm ngược|dao găm|dấu thập giá|kiếm ngược
8225	biểu tượng song kiếm|biểu tượng song kiếm|dao găm|dấu thập giá|kiếm ngược|song
8226	dấu đầu câu|chấm|dấu đầu câu
8231	dấu chấm nối|chấm|dấu chấm nối|nối
8242	dấu nháy|dấu nháy
8243	dấu nháy kép|dấu nháy|dấu nháy kép|nháy
8244	dấu nháy ba|dấu nháy|dấu nháy ba
8248	dấu sót|dấu sót
8251	dấu tham chiếu|dấu tham chiếu|ký hiệu tham chiếu
8258	dấu chia văn bản|dấu chia văn bản
96	dấu huyền|dấu|huyền|nốt
180	dấu sắc|dấu|nốt|sắc
94	dấu mũ|con trỏ|dấu|dấu tuyển loại trừ|điều khiển|lũy thừa|mũ|nêm|nón
168	dấu tách đôi|dấu tách đôi
176	độ|chứng minh|độ|giờ
8471	bản quyền ghi âm|âm thanh|bản quyền|bản quyền ghi âm|ghi
8592	mũi tên hướng trái|bên trái|mũi tên|mũi tên hướng trái
8602	mũi tên trái có dấu gạch chéo|mũi tên trái có dấu gạch chéo
8594	mũi tên hướng phải|bên phải|mũi tên|mũi tên hướng phải
8603	mũi tên phải có dấu gạch chéo|mũi tên phải có dấu gạch chéo
8593	mũi tên hướng lên|lên|mũi tên|mũi tên hướng lên
8595	mũi tên hướng xuống|mũi tên|mũi tên hướng xuống|xuống
8604	mũi tên sóng trái|mũi tên sóng trái
8605	mũi tên sóng phải|mũi tên sóng phải
8606	mũi tên trái hai đầu|mũi tên trái hai đầu
8607	mũi tên hướng lên hai đầu|mũi tên hướng lên hai đầu
8608	mũi tên phải hai đầu|mũi tên phải hai đầu
8609	mũi tên hướng xuống hai đầu|mũi tên hướng xuống hai đầu
8610	mũi tên trái có đuôi|mũi tên trái có đuôi
8611	mũi tên phải có đuôi|mũi tên phải có đuôi
8612	mũi tên trái từ thanh|mũi tên trái từ thanh
8613	mũi tên hướng lên từ thanh|mũi tên hướng lên từ thanh
8614	mũi tên phải từ thanh|mũi tên phải từ thanh
8615	mũi tên hướng xuống từ thanh|mũi tên hướng xuống từ thanh
8616	mũi tên lên xuống có nét ngang|mũi tên lên xuống có nét ngang
8619	mũi tên trái có vòng tròn nhỏ|mũi tên trái có vòng tròn nhỏ
8620	mũi tên phải có vòng tròn nhỏ|mũi tên phải có vòng tròn nhỏ
8621	mũi tên sóng trái phải|mũi tên sóng trái phải
8623	mũi tên xuống hình dích dắc|mũi tên xuống hình dích dắc
8624	mũi tên hướng lên có đầu sang trái|mũi tên hướng lên có đầu sang trái
8625	mũi tên hướng lên có đầu sang phải|mũi tên hướng lên có đầu sang phải
8626	mũi tên hướng xuống có đầu sang trái|mũi tên hướng xuống có đầu sang trái
8627	mũi tên hướng xuống có đầu sang phải|mũi tên hướng xuống có đầu sang phải
8628	mũi tên phải có góc hướng xuống|mũi tên phải có góc hướng xuống
8629	mũi tên hướng xuống có góc sang trái|mũi tên hướng xuống có góc sang trái
8630	mũi tên hình bán nguyệt đầu ngược chiều kim đồng hồ|mũi tên hình bán nguyệt đầu ngược chiều kim đồng hồ
8631	mũi tên hình bán nguyệt đầu theo chiều kim đồng hồ|mũi tên hình bán nguyệt đầu theo chiều kim đồng hồ
8632	mũi tên tây bắc đến thanh dài|mũi tên tây bắc đến thanh dài
8633	mũi tên trái đến thanh trên mũi tên phải đến thanh|mũi tên trái đến thanh trên mũi tên phải đến thanh
8634	mũi tên mở tròn ngược chiều kim đồng hồ|mũi tên mở tròn ngược chiều kim đồng hồ
8635	mũi tên mở tròn theo chiều kim đồng hồ|mũi tên mở tròn theo chiều kim đồng hồ
8636	nét thẳng trái có ngạnh hướng lên|nét thẳng trái có ngạnh hướng lên
8637	nét thẳng trái có ngạnh hướng xuống|nét thẳng trái có ngạnh hướng xuống
8638	nét thẳng hướng lên có ngạnh sang phải|nét thẳng hướng lên có ngạnh sang phải
8639	nét thẳng hướng lên có ngạnh sang trái|nét thẳng hướng lên có ngạnh sang trái
8640	nét thẳng phải có ngạnh hướng lên|nét thẳng phải có ngạnh hướng lên
8641	nét thẳng phải có ngạnh hướng xuống|nét thẳng phải có ngạnh hướng xuống
8642	nét thẳng hướng xuống có ngạnh sang phải|nét thẳng hướng xuống có ngạnh sang phải
8643	nét thẳng hướng xuống có ngạnh sang trái|nét thẳng hướng xuống có ngạnh sang trái
8644	mũi tên phải trên mũi tên trái|mũi tên phải trên mũi tên trái
8645	mũi tên lên/xuống|lên|mũi tên|mũi tên lên/xuống|xuống
8646	mũi tên trái/phải|mũi tên|mũi tên trái/phải|phải|trái
8647	mũi tên ghép trái|mũi tên ghép trái
8648	mũi tên ghép hướng lên|mũi tên ghép hướng lên
8649	mũi tên ghép phải|mũi tên ghép phải
8650	mũi tên ghép hướng xuống|mũi tên ghép hướng xuống
8651	nét thẳng có ngạnh trái trên nét thẳng có ngạnh phải|nét thẳng có ngạnh trái trên nét thẳng có ngạnh phải
8652	nét thẳng có ngạnh phải trên nét thẳng có ngạnh trái|nét thẳng có ngạnh phải trên nét thẳng có ngạnh trái
8656	mũi tên kép trái|mũi tên kép trái
8653	mũi tên kép trái có dấu gạch chéo|mũi tên kép trái có dấu gạch chéo
8657	mũi tên kép hướng lên|mũi tên kép hướng lên
8658	mũi tên kép phải|mũi tên kép phải
8655	mũi tên kép phải có dấu gạch chéo|mũi tên kép phải có dấu gạch chéo
8659	mũi tên kép xuống|mũi tên kép xuống
8660	mũi tên kép trái phải|mũi tên kép trái phải
8654	mũi tên kép trái phải có dấu gạch chéo|mũi tên kép trái phải có dấu gạch chéo
8662	mũi tên kép tây bắc|mũi tên kép tây bắc
8663	mũi tên kép đông bắc|mũi tên kép đông bắc
8664	mũi tên kép đông nam|mũi tên kép đông nam
8665	mũi tên kép tây nam|mũi tên kép tây nam
8666	mũi tên ba trái|mũi tên ba trái
8667	mũi tên ba phải|mũi tên ba phải
8668	mũi tên ngoằn ngoèo trái|mũi tên ngoằn ngoèo trái
8669	mũi tên ngoằn ngoèo phải|mũi tên ngoằn ngoèo phải
8670	mũi tên hướng lên có hai nét gạch|mũi tên hướng lên có hai nét gạch
8671	mũi tên hướng xuống có hai nét gạch|mũi tên hướng xuống có hai nét gạch
8672	mũi tên trái nét đứt|mũi tên trái nét đứt
8673	mũi tên hướng lên nét đứt|mũi tên hướng lên nét đứt
8674	mũi tên phải nét đứt|mũi tên phải nét đứt
8675	mũi tên hướng xuống nét đứt|mũi tên hướng xuống nét đứt
8676	mũi tên trái đến thanh|mũi tên trái đến thanh
8677	mũi tên phải đến thanh|mũi tên phải đến thanh
8678	mũi tên rỗng trái|mũi tên rỗng trái
8679	mũi tên rỗng hướng lên|mũi tên rỗng hướng lên
8680	mũi tên rỗng phải|mũi tên rỗng phải
8681	mũi tên rỗng hướng xuống|mũi tên rỗng hướng xuống
8682	mũi tên rỗng hướng lên từ thanh|mũi tên rỗng hướng lên từ thanh
8693	mũi tên hướng xuống bên trái mũi tên hướng lên|mũi tên hướng xuống bên trái mũi tên hướng lên
8704	với mọi|với mọi
8706	vi phân riêng phần|vi phân|vi phân riêng phần
8707	tồn tại|tồn tại
8709	tập hợp rỗng|tập hợp rỗng|toán học|toán tử tập hợp
8710	số gia|hình tam giác|số gia
8711	nabla|hình tam giác|nabla
8712	phần tử của|chứa|phần tử|phần tử của|tập hợp|thuộc
8713	không thuộc|không thuộc|thuộc
8715	chứa|chứa|thuộc
8718	chứng minh kết thúc|chứng minh kết thúc|halmos|q.e.d.|qed
8719	tích đa phân|logic|tích|tích đa phân
8721	tổng đa phân|toán học|tổng|tổng đa phân
43	dấu cộng|cộng|dấu cộng|thêm
177	dấu cộng trừ|dấu cộng trừ
247	biểu tượng dấu chia|biểu tượng dấu chia|chia|dấu chia|phép chia
215	biểu tượng dấu nhân|biểu tượng dấu nhân|dấu nhân|lần|nhân|phép nhân
60	dấu nhỏ hơn|dấu nhỏ hơn|nhỏ hơn|thẻ|thẻ mở
8814	không nhỏ hơn|bất đẳng thức|không nhỏ hơn|toán học
61	dấu bằng|dấu bằng
8800	dấu khác|dấu khác|khác|không bằng|không giống
62	dấu lớn hơn|dấu lớn hơn|lớn hơn|thẻ|thẻ đóng
8815	không lớn hơn|bất đẳng thức|không lớn hơn|toán học
172	dấu phủ định|dấu phủ định|không|phủ định
124	dấu sổ thẳng|dấu sổ dọc|dấu sổ thẳng|ống|thanh
126	dấu ngã|dấu ngã
8722	dấu trừ|dấu trừ|trừ
8315	dấu trừ trên|chỉ số trên|dấu trừ|dấu trừ trên
8723	trừ hoặc cộng|cộng trừ|trừ hoặc cộng
8725	dấu gạch chéo phân chia|dấu gạch chéo|dấu gạch chéo phân chia|nét
8260	dấu gạch chéo phân số|dấu gạch chéo|dấu gạch chéo phân số|nét
8727	toán tử dấu hoa thị|dấu sao|toán tử dấu hoa thị
8728	vòng toán tử|hàm hợp|toán tử|vòng toán tử
8729	toán tử dấu đầu dòng|toán tử|toán tử dấu đầu dòng
8730	căn bậc hai|bậc hai|căn|căn bậc hai|căn số|cơ số|vô tỷ
8733	tỷ lệ|tính cân xứng|tỷ lệ
8734	biểu tượng vô cực|biểu tượng vô cực|vô cực
8735	góc vuông|góc vuông|toán học
8736	góc|góc|nhọn
8739	chia ra|chia ra|số chia
8741	song song|song song
8743	logic và|chữ V ngược|logic và
8745	giao|giao|tập hợp
8746	hợp|hợp|sự tụ tập|tập hợp
8747	tích phân|giải tích|tích phân
8748	tích phân kép|giải tích|tích phân kép
8750	tích phân theo chu tuyến|tích phân theo chu tuyến
8756	do đó|do đó|logic
8757	vì|logic|vì
8758	tỉ số|tỉ số
8759	tỷ lệ thức|tính cân xứng|tỷ lệ thức
8764	toán tử tương ứng|toán tử|toán tử tương ứng
8765	dấu ngã ngược|dấu ngã|dấu ngã ngược
8766	cực thuận|cực thuận
8771	gần bằng|gần bằng|tiệm cận|toán học
8773	xấp xỉ bằng|bằng|đẳng tích|đồng dạng|toán học|xấp xỉ bằng
8776	dấu xấp xỉ|dấu xấp xỉ|gần bằng|khoảng|xấp xỉ
8780	như nhau|bằng|như nhau|toán học
8786	xấp xỉ|xấp xỉ
8790	tương đương|bằng|toán học|tương đương
8801	bằng|bằng|bằng nhau|dấu bằng|gấp ba|giống
8803	tương đồng|bằng|toán học|tương đồng
8804	dấu nhỏ hơn hoặc bằng|bằng|dấu nhỏ hơn hoặc bằng|không bằng|nhỏ hơn hoặc bằng
8805	dấu lớn hơn hoặc bằng|bằng|dấu lớn hơn hoặc bằng|không bằng|lớn hơn
8806	nhỏ hơn bằng|bất đẳng thức|nhỏ hơn bằng|toán học
8807	lớn hơn bằng|bất đẳng thức|lớn hơn bằng|toán học
8810	ít hơn rất nhiều so với|bất đẳng thức|ít hơn rất nhiều so với|toán học
8811	lớn hơn nhiều|bất đẳng thức|lớn hơn nhiều|toán học
8812	trong khoảng|trong khoảng
8819	lớn hơn tương đương|bất đẳng thức|lớn hơn tương đương|toán học
8826	đứng trước|đứng trước|toán học|toán tử tập hợp
8827	đứng sau|đứng sau|toán học|toán tử tập hợp
8833	không đứng sau|không đứng sau|toán học|toán tử tập hợp
8834	tập hợp con của|tập hợp|tập hợp con|tập hợp con của
8835	tập cha|tập cha|toán học|toán tử tập hợp
8838	tập con bằng|tập con bằng
8839	tập cha bằng|bằng|tập cha bằng|toán học
8853	dấu cộng trong vòng tròn|cộng|dấu cộng trong vòng tròn
8854	dấu trừ trong vòng tròn|dấu trừ trong vòng tròn|hiệu số đối xứng|phép co
8855	dấu nhân trong vòng tròn|dấu nhân trong vòng tròn|tenxơ|tích
8856	dấu chia trong vòng tròn|dấu chia trong vòng tròn|giống phép chia|toán học
8857	toán tử dấu chấm trong vòng tròn|toán tử|toán tử dấu chấm trong vòng tròn|XNOR
8858	toán tử hình khuyên trong vòng tròn|toán tử hình khuyên trong vòng tròn
8859	toán tử hoa thị trong vòng tròn|hoa thị|toán tử|toán tử hoa thị trong vòng tròn
8862	dấu cộng trong hình vuông|dấu cộng trong hình vuông|giống phép cộng|toán học
8863	dấu trừ trong hình vuông|dấu trừ trong hình vuông|giống phép trừ|toán học
8869	chữ T lộn ngược|chữ T lộn ngược|đinh bẹt|sai|T ngược
8878	không bắt buộc|không bắt buộc
8880	đứng trước trong hệ thức|đứng trước trong hệ thức|toán học|toán tử tập hợp
8881	đứng sau trong hệ thức|đứng sau trong hệ thức|toán học|toán tử tập hợp
8941	không chứa như nhóm con bình thường bằng|không chứa như nhóm con bình thường bằng|lý thuyết nhóm|toán học
8886	gốc|gốc
8889	ma trận liên hợp hermitian|ma trận liên hợp hermitian|ma trận tự liên hợp|ma trận vuông|toán học
8895	tam giác vuông|tam giác có góc vuông|tam giác vuông|toán học
8897	logic hoặc đa phân|logic|logic hoặc đa phân|tuyển
8898	giao đa phân|giao|giao đa phân|toán học|toán tử tập hợp
8899	hợp đa phân|hợp|hợp đa phân|toán học|toán tử tập hợp
8901	toán tử dấu chấm|toán tử|toán tử dấu chấm
8902	toán tử dấu sao|toán tử|toán tử dấu sao
8904	phép nối tự nhiên|hình nơ|phép nối tự nhiên|toán tử nhị phân
8914	giao kép|giao|giao kép|toán học|toán tử tập hợp
8920	ít hơn rất nhiều|bất đẳng thức|ít hơn rất nhiều|toán học
8921	lớn hơn rất nhiều|bất đẳng thức|lớn hơn rất nhiều|toán học
8942	dấu ba chấm dọc|dấu ba chấm|dấu ba chấm dọc|toán học
8943	dấu ba chấm ngang đường trung tuyến|dấu ba chấm|dấu ba chấm ngang đường trung tuyến
8944	dấu ba chấm chéo phải trên|dấu ba chấm|dấu ba chấm chéo phải trên|toán học
8945	dấu ba chấm chéo phải xuống|dấu ba chấm|dấu ba chấm chéo phải xuống|toán học
9632	hình vuông đặc|hình vuông đặc
9633	hình vuông rỗng|hình vuông rỗng
9634	hình vuông rỗng có góc bo tròn|hình vuông rỗng có góc bo tròn
9635	hình vuông rỗng chứa hình vuông đặc|hình vuông rỗng chứa hình vuông đặc
9636	hình vuông có sọc ngang|hình vuông có sọc ngang
9637	hình vuông có sọc dọc|hình vuông có sọc dọc
9638	hình vuông có sọc ngang dọc thẳng góc|hình vuông có sọc ngang dọc thẳng góc
9639	hình vuông có sọc chéo từ trái trên xuống phải dưới|hình vuông có sọc chéo từ trái trên xuống phải dưới
9640	hình vuông có sọc chéo từ phải trên xuống trái dưới|hình vuông có sọc chéo từ phải trên xuống trái dưới
9641	hình vuông có sọc chéo song song|hình vuông có sọc chéo song song
9644	hình chữ nhật đặc|hình chữ nhật đặc
9645	hình chữ nhật rỗng|hình chữ nhật rỗng
9646	hình chữ nhật dọc đặc|hình chữ nhật dọc đặc
9648	hình bình hành đặc|hình bình hành đặc
9650	tam giác hướng lên|kín|lên|mũi tên|tam giác|tam giác hướng lên
9651	hình tam giác rỗng hướng lên|hình tam giác rỗng hướng lên
9652	hình tam giác nhỏ đặc hướng lên|hình tam giác nhỏ đặc hướng lên
9653	hình tam giác nhỏ rỗng hướng lên|hình tam giác nhỏ rỗng hướng lên
9655	hình tam giác rỗng hướng sang phải|hình tam giác rỗng hướng sang phải
9656	hình tam giác nhỏ đặc hướng sang phải|hình tam giác nhỏ đặc hướng sang phải
9657	hình tam giác nhỏ rỗng hướng sang phải|hình tam giác nhỏ rỗng hướng sang phải
9658	con trỏ đặc hướng sang phải|con trỏ đặc hướng sang phải
9659	con trỏ rỗng hướng sang phải|con trỏ rỗng hướng sang phải
9660	tam giác hướng xuống|kín|mũi tên|tam giác|tam giác hướng xuống|xuống
9661	hình tam giác rỗng hướng xuống|hình tam giác rỗng hướng xuống
9662	hình tam giác nhỏ đặc hướng xuống|hình tam giác nhỏ đặc hướng xuống
9663	hình tam giác nhỏ rỗng hướng xuống|hình tam giác nhỏ rỗng hướng xuống
9665	hình tam giác rỗng hướng sang trái|hình tam giác rỗng hướng sang trái
9666	hình tam giác nhỏ đặc hướng sang trái|hình tam giác nhỏ đặc hướng sang trái
9667	hình tam giác nhỏ rỗng hướng sang trái|hình tam giác nhỏ rỗng hướng sang trái
9668	con trỏ đặc hướng sang trái|con trỏ đặc hướng sang trái
9669	con trỏ rỗng hướng sang trái|con trỏ rỗng hướng sang trái
9670	hình kim cương đặc|hình kim cương đặc
9671	hình kim cương rỗng|hình kim cương rỗng
9672	hình kim cương rỗng chứa hình kim cương đặc|hình kim cương rỗng chứa hình kim cương đặc
9673	hình tròn rỗng chứa hình tròn đặc|dấu chấm trong vòng tròn|hình tròn đồng tâm đặc|hình tròn rỗng chứa hình tròn đặc|mắt cá|quận
9674	hình thoi|hình quả trám|hình thoi|kim cương
9675	chấm rỗng|chấm rỗng|hình tròn|vòng tròn
9676	hình tròn chấm chấm|hình tròn chấm chấm
9677	hình tròn có sọc dọc|hình tròn có sọc dọc
9678	hình tròn đồng tâm|đích|hình tròn đồng tâm|hình tròn kép
9679	chấm tròn|chấm tròn|hình tròn
9680	hình tròn nửa trái đặc|hình tròn nửa trái đặc
9681	hình tròn nửa phải đặc|hình tròn nửa phải đặc
9682	hình tròn nửa dưới đặc|hình tròn nửa dưới đặc
9683	hình tròn nửa trên đặc|hình tròn nửa trên đặc
9684	hình tròn góc phần tư phía trên bên phải đặc|hình tròn góc phần tư phía trên bên phải đặc
9685	hình tròn góc phần tư phía trên bên trái rỗng|hình tròn góc phần tư phía trên bên trái rỗng
9686	nửa hình tròn bên trái đặc|nửa hình tròn bên trái đặc
9687	nửa hình tròn bên phải đặc|nửa hình tròn bên phải đặc
9688	dấu đầu dòng ngược|dấu đầu dòng ngược
9689	hình vuông đặc chứa hình tròn rỗng|hình tròn rỗng ngược|hình vuông đặc chứa hình tròn rỗng
9692	cung tròn góc phần tư phía trên bên trái|cung tròn góc phần tư phía trên bên trái
9693	cung tròn góc phần tư phía trên bên phải|cung tròn góc phần tư phía trên bên phải
9694	cung tròn góc phần tư phía dưới bên phải|cung tròn góc phần tư phía dưới bên phải
9695	cung tròn góc phần tư phía dưới bên trái|cung tròn góc phần tư phía dưới bên trái
9696	nửa hình tròn trên|nửa hình tròn trên
9697	nửa hình tròn dưới|nửa hình tròn dưới
9698	hình tam giác phía dưới bên phải đặc|hình tam giác phía dưới bên phải đặc
9699	hình tam giác phía dưới bên trái đặc|hình tam giác phía dưới bên trái đặc
9700	hình tam giác phía trên bên trái đặc|hình tam giác phía trên bên trái đặc
9701	hình tam giác phía trên bên phải đặc|hình tam giác phía trên bên phải đặc
9702	dấu đầu dòng rỗng|dấu đầu dòng rỗng
9711	chấm rỗng lớn|chấm rỗng lớn|hình tròn|vòng tròn
9715	hình vuông rỗng góc phần tư phía trên bên phải|hình vuông rỗng góc phần tư phía trên bên phải
9719	hình tròn rỗng với góc phần tư phía trên bên phải|hình tròn rỗng với góc phần tư phía trên bên phải
9727	hình tam giác dưới bên phải|hình tam giác dưới bên phải
9834	nốt móc đơn|âm nhạc|móc đơn|nốt|nốt móc đơn|phần tám
10791	dấu cộng với chỉ số dưới hai|dấu cộng với chỉ số dưới hai
10799	tích vectơ hữu hướng|tích vectơ hữu hướng
10812	tích tự đẳng cấu trong|tích tự đẳng cấu trong
10851	logic hoặc gạch dưới kép|logic hoặc gạch dưới kép
10877	nhỏ hơn hoặc nghiêng bằng|nhỏ hơn hoặc nghiêng bằng
10893	nhỏ hơn hoặc đồng dạng bằng|nhỏ hơn hoặc đồng dạng bằng
10906	dấu bằng kép hoặc lớn hơn|bất đẳng thức|dấu bằng kép hoặc lớn hơn|toán học
10938	đứng sau hoặc gần như không bằng|đứng sau hoặc gần như không bằng
9837	nốt giáng|âm nhạc|giáng|nốt
9839	nốt thăng|âm nhạc|cao|nốt|thăng
128512	mặt cười toe toét|cười toe toét|mặt|mặt cười toe toét
128515	mặt cười miệng há với mắt to|cười|há to|mặt|mặt cười mắt mở to|miệng
128516	mặt cười miệng há mắt cười|cười|mắt|mặt|mặt cười miệng há mắt cười|miệng|mở
128513	mặt cười nhe răng và mắt cười|cười|cười nhe răng và mắt cười|mắt|mặt
128518	mặt cười miệng há mắt nhắm chặt|cười|cười ngặt nghẽo|cười ngoác miệng|cười như được mùa|cười to|hài lòng|mặt|mặt cười miệng há mắt nhắm chặt|miệng
128517	mặt cười toát mồ hôi|căng thẳng|chán nản|cười nhe răng|hào hứng|lạnh|lo lắng|mặt|miệng|mỉm cười|mở|mồ hôi
129315	mặt cười lăn cười bò|cười|cười chảy nước mắt|cười sung sướng|lăn|mặt|mặt cười lăn cười bò|sàn
128514	mặt cười với nước mắt vui sướng|cười|cười chảy nước mắt|hài thật|mặt|mặt cười với nước mắt vui sướng|nước mắt|vui đấy|vui sướng
128578	mặt cười mỉm|cười|mặt|mặt cười mỉm
128579	mặt lộn ngược|lộn ngược|mặt|mặt lộn ngược
129760	mặt tan chảy|biến mất|chất lỏng|hòa tan|mặt tan chảy|tan chảy
128521	mặt nháy mắt|mặt|mặt nháy mắt|nháy mắt
128522	mặt cười híp mắt|cười mỉm|đỏ mặt|hài lòng|mắt|mặt|mặt tươi cười với đôi mắt biết cười|mỉm cười|vui mừng
128519	mặt cười có hào quang|giả tưởng|hào quang|mặt|mặt cười có hào quang|ngây thơ|thiên thần
129392	mặt cười với 3 trái tim|mặt cười với 3 trái tim|phải lòng|yêu|yêu quý
128525	mặt cười mắt hình trái tim|cười|lãng mạn|mắt|mặt|mặt cười mắt hình trái tim|yêu
129321	ngưỡng mộ|cười toét|mắt|mặt|ngôi sao|ngưỡng mộ
128536	mặt đang hôn gió|hôn|mặt|mặt đang hôn gió
128535	mặt hôn|hôn|mặt
9786	mặt cười|cười|mặt|thoải mái|thư giãn
128538	mặt hôn mắt nhắm|hôn|mắt|mặt|nhắm
128537	mặt hôn mắt cười|cười|hôn|mắt|mặt
129394	mặt cười với nước mắt|biết ơn|mặt cười với nước mắt|mỉm cười|nhẹ nhõm|nước mắt|tự hào|xúc động
128523	mặt thưởng thức món ngon|cười|mặt|mặt thưởng thức món ngon|ngon|ngon tuyệt|thưởng thức
128539	mặt lè lưỡi|lưỡi|mặt|mặt lè lưỡi
128540	mặt lè lưỡi nháy mắt|lưỡi|mắt|mặt|mặt lè lưỡi nháy mắt|nháy mắt|nói đùa
129322	mặt làm trò hề|lớn|mắt|mặt làm trò hề|ngốc|nhỏ
128541	mặt thè lưỡi mắt nhắm chặt|hương vị|kinh khủng|lưỡi|mắt|mặt|mặt thè lưỡi mắt nhắm chặt
129297	mặt có tiền ở miệng|mặt|mặt có tiền ở miệng|miệng|tiền
129303	mặt ôm|mặt|ôm
129325	mặt với tay che miệng|mặt với tay che miệng|tay che miệng cười|xin lỗi
129762	mặt với cặp mắt mở to và tay che miệng|hoài nghi|kính nể|kinh ngạc|mặt với cặp mắt mở to và tay che miệng|ngạc nhiên|sợ hãi|xấu hổ
129763	mặt hé mắt nhìn trộm|mặt hé mắt nhìn trộm|nhìn chằm chằm|nhìn lén|nhìn trộm|quyến rũ
129323	mặt ra dấu suỵt|im lặng|mặt ra dấu suỵt|suỵt
129300	mặt suy nghĩ|đang suy nghĩ|mặt|mặt suy nghĩ
129761	mặt chào|chào|mặt chào|nắng|nhà binh|ok|quân đội|vâng
129296	mặt có miệng bị kéo khóa|khóa kéo|mặt|mặt có miệng bị kéo khóa|miệng
129320	mặt với lông mày rướn lên|hoài nghi|mặt với lông mày rướn lên|ngờ vực
128528	mặt trung lập|mặt|mặt ngây ra bất động|mặt trung lập|trung lập
128529	mặt vô cảm|không diễn cảm|mặt|mặt vô cảm|thản nhiên|vô cảm
128566	mặt không có miệng|ít nói|mặt|mặt không có miệng|miệng|yên lặng
129765	mặt có đường viền chấm chấm|ẩn|biến mất|chán nản|hướng nội|mặt có đường viền chấm chấm|thất vọng|vô hình
128527	mặt cười khẩy|cười khẩy|mặt|mặt cười khẩy
128530	mặt buồn|buồn|không vui|mặt
128580	mặt có mắt đu đưa|cái gì vậy|đu đưa|không quan tâm|mắt|mặt|mặt có mắt đu đưa|sao cũng được
128556	mặt nhăn nhó|mặt|mặt nhăn nhó|nhăn nhó
129317	mặt nói dối|mặt|mặt nói dối|nói dối|pinocchio
129768	mặt lắc|choáng|động đất|hốt hoảng|lắc|mặt|ngạc nhiên|rung|sốc|sửng sốt|wow
128524	mặt nhẹ nhõm|mặt|mặt nhẹ nhõm|nhẹ nhõm
128532	mặt trầm ngâm|mặt|mặt trầm ngâm|thất vọng|trầm ngâm
128554	mặt buồn ngủ|buồn|buồn ngủ|khóc|mặt|mặt buồn ngủ
129316	mặt chảy dãi|chảy dãi|mặt|mặt chảy dãi
128564	mặt đang ngủ|không quan tâm|mặt|mặt đang ngủ|mệt mỏi|ngủ|ngủ ngoan|sao cũng được|zzz
129769	mặt có túi mắt|buồn ngủ|kiệt sức|mặt có túi mắt|mệt mỏi
128567	mặt đeo khẩu trang y tế|bác sĩ|lạnh|mặt|mặt đeo khẩu trang y tế|mặt nạ|ốm
129298	mặt có miệng ngậm nhiệt kế|mặt|mặt có miệng ngậm nhiệt kế|mệt|nhiệt kế|ốm
129301	mặt đeo băng đầu|băng|đau|mặt|mặt đeo băng đầu|vết thương
129314	mặt buồn nôn|buồn nôn|mặt|mặt buồn nôn|nôn mửa
129326	mặt nôn mửa|mặt nôn mửa|nôn mửa|ốm
129319	mặt hắt hơi|cúm|hắt hơi|mặt|mặt hắt hơi|sức khỏe
129397	mặt nóng|đỏ mặt|đổ mồ hôi|mặt nóng|nóng|sốc nhiệt|sốt
129398	mặt lạnh|đóng băng|lạnh|lạnh cứng|mặt lạnh|mặt xanh|tê cóng
129396	mặt choáng váng|chếnh choáng|chóng mặt|mặt choáng váng|mắt đảo điên|miệng uốn lượn|say xỉn
128565	mặt chóng mặt|chóng mặt|mặt|mặt chóng mặt|mệt|ốm
129327	đầu nổ tung|bị sốc|đầu nổ tung|nổ
129312	mặt đội mũ cao bồi|cao bồi|mặt|mặt đội mũ cao bồi|mũ|nữ cao bồi
129395	mặt tiệc tùng|buổi tiệc|hào hứng|lễ kỷ niệm|mặt tiệc tùng|mũ|sinh nhật|sừng|tiệc tùng
129400	mặt trá hình|ẩn danh|gián điệp|kính|lông mày|mặt|mặt trá hình|mũi|người|ngụy trang|râu|ria mép
128526	mặt cười đeo kính|kính|mặt|mặt cười đeo kính|mặt trời|phong cách|sáng
129299	mặt mọt sách|bốn mắt|chuyên gia|đam mê|mặt|mặt mọt sách|mọt sách|thông minh
129488	mặt với kính một mắt|giàu có|mặt với kính một mắt|ngột ngạt|thượng lưu
128533	mặt bối rối|bối rối|mặt|mặt bối rối
129764	mặt có miệng xiên|buồn chán|hoài nghi|không chắc chắn|mặt có miệng xiên|thất vọng
128543	mặt lo lắng|lo lắng|mặt|mặt lo lắng
128577	mặt hơi cau mày|cau mày|mặt|mặt hơi cau mày
9785	mặt cau mày|cau mày|mặt|mặt buồn|mặt cau mày
128558	mặt có miệng há|mặt|mặt có miệng há|miệng|mở|thông cảm
128559	mặt làm thinh|choáng váng|làm thinh|mặt|mặt làm thinh|ngạc nhiên
128562	mặt kinh ngạc|hoàn toàn|kinh ngạc|mặt|mặt kinh ngạc|sốc
128563	mặt đỏ ửng|choáng váng|đỏ mặt|mặt|mặt đỏ ửng
129770	mặt méo|căng phồng|dễ tổn thương|hoảng loạn|lo lắng|ngạc nhiên|sốc
129402	mặt cầu xin|lòng thương|mặt cầu xin|mắt cún con|xin xỏ
129401	mặt kìm nén nước mắt|buồn|chịu đựng|giận giữ|khóc|mặt kìm nén nước mắt|tự hào
128550	mặt cau miệng há|mặt|mặt cau miệng há|miệng|mở|nhăn mặt
128551	mặt đau khổ|đau khổ|mặt|mặt đau khổ
128552	mặt sợ hãi|kinh hãi|mặt|mặt sợ hãi|sợ|sợ hãi
128560	mặt lo lắng và toát mồ hôi|lạnh|mặt|mặt lo lắng và toát mồ hôi|mặt lo lắng và toát mồ hôi mồ hôi|vội vã|xanh da trời
128549	mặt thất vọng nhưng nhẹ nhõm|mặt|mặt thất vọng nhưng nhẹ nhõm|ngạc nhiên|nhẹ nhõm|thất vọng
128546	mặt khóc|buồn|khóc|mặt|nước mắt
128557	mặt khóc to|buồn|khóc|mặt|mặt khóc to|nước mắt|thổn thức
128561	mặt la hét kinh hãi|kinh sợ|la hét|mặt|mặt la hét kinh hãi|sợ|sợ hãi
128534	mặt xấu hổ|mặt|mặt xấu hổ|xấu hổ
128547	mặt kiên nhẫn|đau đầu|kiên nhẫn|mặt|mặt kiên nhẫn|tập trung
128542	mặt thất vọng|mặt|mặt thất vọng|thất vọng
128531	mặt chán nản với mồ hôi|lạnh|mặt|mặt chán nản với mồ hôi|mồ hôi
128553	mặt kiệt sức|kiệt sức|mặt|mặt kiệt sức|mệt mỏi
128555	mặt mệt mỏi|mặt|mặt mệt mỏi|mệt mỏi
129393	mặt đang ngáp|buồn ngủ|chán|không quan tâm|mặt đang ngáp|mặt ngáp|mệt mỏi|ngáp|ngủ thôi|sao cũng được
128548	mặt có mũi đang phì hơi|chiến thắng|hân hoan|không vui|mặt|mặt có mũi đang phì hơi|tức giận
128545	mặt hờn dỗi|cơn thịnh nộ|điên|đỏ|hờn dỗi|mặt|mặt hờn dỗi|tức giận
128544	mặt giận giữ|điên|mặt|mặt giận giữ|tức giận
129324	mặt có các ký hiệu trên miệng|chửi rủa|chửi thề|mặt có các ký hiệu trên miệng|tức giận
128520	mặt cười có sừng|cười|mặt|mặt cười có sừng|sừng|truyện cổ tích|tưởng tượng
128127	mặt giận giữ có sừng|ma quỷ|mặt|mặt giận dữ có sừng|mặt giận giữ có sừng|quỷ|tiểu yêu|tưởng tượng
128128	đầu lâu|cái chết|đầu lâu|mặt|quái vật|truyện cổ tích
9760	đầu lâu xương chéo|cái chết|đầu lâu|đầu lâu xương chéo|mặt|quái vật|sọ|xương chéo
128169	đống phân|chất thải|đống phân|hài hước|khuôn mặt|phân|quái vật
129313	mặt hề|hề|mặt
128121	mặt quỷ|mặt|mặt quỷ|quái vật|quỷ ăn thịt người|sinh vật|truyện cổ tích|tưởng tượng
128122	yêu tinh|mặt|quái vật|sinh vật|truyện cổ tích|tưởng tượng|yêu tinh
128123	ma|ma|mặt|quái vật|sinh vật|truyện cổ tích|tưởng tượng
128125	người ngoài hành tinh|đĩa bay|giả tưởng|khuôn mặt|ngoài trái đất|người ngoài hành tinh|sinh vật
128126	quái vật ngoài hành tinh|đĩa bay|khuôn mặt|ngoài trái đất|người ngoài hành tinh|quái vật|quái vật ngoài hành tinh|sinh vật
129302	mặt rô-bốt|mặt|quỷ|rô-bốt
128570	mặt mèo cười tươi|con mèo|khuôn mặt|mặt mèo cười miệng há|mặt mèo cười tươi|miệng|mở ra|nụ cười
128568	mặt mèo cười tươi với hai mắt híp lại|cười|cười toét|mắt|mặt|mặt mèo cười toét mắt cười|mặt mèo cười tươi với hai mắt híp lại|mèo
128569	mặt mèo có nước mắt vui sướng|mặt|mặt mèo có nước mắt vui sướng|mèo|niềm vui|nước mắt
128571	mặt mèo cười mắt hình trái tim|con mèo|hình trái tim|khuôn mặt|mắt|mặt mèo cười mắt hình trái tim|nụ cười|thân ái
128572	mặt mèo cười gượng|châm biếm|con mèo|khuôn mặt|mặt mèo cười gượng|mỉa mai|nụ cười
128573	mặt mèo hôn mắt nhắm|con mèo|hôn|khuôn mặt|mắt|mặt mèo hôn mắt nhắm
128576	mặt mèo mệt lử|mặt|mặt mèo mệt lử|mèo|mệt mỏi|ngạc nhiên|ôi
128575	mặt mèo đang khóc|buồn|khóc|mặt|mặt mèo đang khóc|mèo|nước mắt
128574	mặt mèo hờn dỗi|hờn dỗi|mặt|mặt mèo hờn dỗi|mèo
128584	khỉ không nhìn điều xấu|cấm|điều xấu|khỉ|khỉ không nhìn điều xấu|mặt|nhìn
128585	khỉ không nghe điều xấu|cấm|điều xấu|khỉ|khỉ không nghe điều xấu|mặt|nghe
128586	khỉ không nói điều xấu|cấm|điều xấu|khỉ|khỉ không nói điều xấu|mặt|nói
128140	thư tình|lá thư|thư|thư tình|trái tim|yêu
128152	trái tim với mũi tên|mũi tên|thần tình yêu|trái tim với mũi tên
128157	trái tim với ruy băng|lễ tình yêu|ruy băng|trái tim|trái tim với ruy băng
128150	trái tim lấp lánh|bị kích thích|lấp lánh|trái tim lấp lánh
128151	trái tim lớn dần|bị kích thích|lo lắng|nhịp tim|phát triển|trái tim lớn dần
128147	trái tim đang đập|dao động|đập|nhịp tim|trái tim đang đập
128158	trái tim xoay vòng|đang quay|trái tim xoay vòng
128149	hai trái tim|hai trái tim|hẹn hò|hôn|yêu
128159	hình trang trí trái tim|hình trang trí trái tim|trái tim
10083	dấu chấm than hình trái tim đậm|cảm thán|chấm câu|dấu|dấu chấm than hình trái tim đậm
128148	trái tim tan vỡ|bị vỡ|buồn|cô đơn|trái tim tan vỡ|vỡ
10084	trái tim màu đỏ|cảm xúc|tình yêu|trái tim|trái tim màu đỏ
129655	trái tim màu hồng|dễ thương|hồng|thích|trái tim|trái tim màu hồng|yêu
129505	trái tim màu cam|màu cam|trái tim màu cam
128155	trái tim màu vàng|cảm xúc|màu vàng|trái tim|trái tim màu vàng|yêu
128154	trái tim màu lục|màu lục|trái tim màu lục
128153	trái tim màu lam|màu lam|trái tim màu lam
129653	trái tim màu xanh dương nhạt|143|cảm xúc|đặc biệt|dễ thương|thích|trái tim|trái tim màu xanh dương nhạt|xanh dương nhạt|xanh lơ|xanh mòng két|yêu
128156	trái tim màu tím|tím|trái tim tím
129294	trái tim màu nâu|màu nâu|trái tim|trái tim màu nâu
128420	trái tim màu đen|đen|điều ác|tim đen|xấu
129654	trái tim màu xám|143|bạc|cảm xúc|đặc biệt|trái tim|trái tim màu xám|xám|xám đen|yêu
129293	trái tim màu trắng|màu trắng|trái tim|trái tim màu trắng
128139	dấu nụ hôn|dấu nụ hôn|hôn|môi
128175	100 điểm|100|điểm|một trăm|toàn bộ
128162	biểu tượng giận giữ|biểu tượng giận giữ|điên|hài hước|tức giận
129775	đám mây chiến đấu|bất đồng quan điểm|cãi nhau|cãi vã|đánh nhau|náo loạn|tranh luận|vật lộn
128165	va chạm|bom|bùng nổ|hài hước|nổ|va chạm
128171	choáng váng|choáng váng|hài hước|ngôi sao
128166	giọt mồ hôi|bắn tung tóe|giọt mồ hôi|giọt nước|hài hước|mồ hôi|nước|tập thể dục
128168	lao đi|chạy|chớp nhoáng|hài hước|lao|lao đi
128371	lỗ|lỗ
128172	bong bóng lời nói|bài diễn văn|bóng|bong bóng|bong bóng lời nói|hài hước|thoại
128488	bong bóng lời nói trái|bài diễn văn|bong bóng lời nói trái|thoại
128495	bong bóng góc phải|bong bóng|bong bóng góc phải|điên|khí cầu|tức giận
128173	bong bóng suy nghĩ|bong bóng|bong bóng suy nghĩ|hài hước|khí cầu|nghĩ
128164	buồn ngủ|buồn ngủ|đang ngủ|hài hước|mệt|ngất rồi|ngủ
128075	vẫy tay|chào|chào nhé|có ai ở đó không?|đang vẫy|tay|vẫy|vẫy tay nè|xin chào
129306	mu bàn tay giơ lên|giơ lên|mu bàn tay|mu bàn tay giơ lên
128400	tay xòe ngón giơ lên|dừng|ngón tay|tay|tay xòe ngón giơ lên|xòe
9995	bàn tay giơ lên|bàn tay giơ lên|dừng lại|tay
128406	tay thần lửa|ngón tay|spock|tay|tay thần lửa|thần lửa
129777	bàn tay hướng sang bên phải|bàn tay|bàn tay hướng sang bên phải|bên phải|sang phải
129778	bàn tay hướng sang bên trái|bàn tay|bàn tay hướng sang bên trái|bên trái|sang trái
129779	bàn tay có lòng bàn tay hướng xuống|bàn tay có lòng bàn tay hướng xuống|đuổi|thả|xua|xuỵt
129780	bàn tay có lòng bàn tay hướng lên|bàn tay có lòng bàn tay hướng lên|bắt|đến|mời gọi|vẫy gọi
129783	bàn tay đẩy sang trái|bàn tay|bàn tay đẩy sang trái|chặn|chờ|đập tay|đẩy|dừng|dừng lại|sang trái|thôi|từ chối
129784	bàn tay đẩy sang phải|bàn tay|bàn tay đẩy sang phải|chặn|chờ|đập tay|đẩy|dừng|dừng lại|sang phải|thôi|từ chối
128076	bàn tay làm dấu OK|bàn tay làm dấu OK|chắc chắn rồi|được|ok|OK nha|tay|tuyệt
129292	ngón tay khum lại|cái gì|cử chỉ tay|khum lại|kiên nhẫn|mỉa mai|ngón tay|ngón tay khum lại|tay|thẩm vấn|thư giãn
129295	tay chụm|ít|số lượng nhỏ|tay chụm
9996	tay chiến thắng|chiến thắng|chữ v|tay|tay chiến thắng|v
129310	hai ngón tay bắt chéo|bàn tay|chéo|hai ngón tay bắt chéo|may mắn|ngón tay
129776	bàn tay với ngón trỏ và ngón cái bắt chéo|bàn tay với ngón trỏ và ngón cái bắt chéo|búng tay|đắt tiền|tiền bạc|tình yêu|trái tim
129311	cử chỉ yêu nhau|anh yêu em|ba ngón tay|cử chỉ yêu nhau|tay
129304	ký hiệu cặp sừng|ký hiệu cặp sừng|ngón tay|sừng|tay|tuyệt vời
129305	bàn tay gọi cho tôi|bàn tay|bàn tay gọi cho tôi|gọi điện
128072	ngón trỏ trái chỉ sang trái|chỉ|mu bàn tay|ngón tay|ngón trỏ|ngón trỏ trái chỉ sang trái|tay
128073	ngón trỏ trái chỉ sang phải|chỉ|mu bàn tay|ngón tay|ngón trỏ|ngón trỏ trái chỉ sang phải|tay
128070	ngón trỏ trái chỉ lên|chỉ|lên|ngón tay|ngón trỏ trái chỉ lên|tay|tay trái
128405	ngón giữa|ngón giữa|ngón tay|tay
128071	ngón trỏ trái chỉ xuống|mu bàn tay|ngón tay|ngón trỏ|ngón trỏ trái chỉ xuống|tay|trỏ
9757	ngón trỏ chỉ lên trên|chỉ|lên|ngón tay|ngón trỏ|ngón trỏ chỉ lên trên|tay
129781	ngón trỏ chỉ vào người xem|bạn|ngón trỏ chỉ vào người xem|trỏ
128077	dấu ra hiệu đồng ý|+1|dấu ra hiệu đồng ý|lên|ngón tay cái|tay
128078	dấu ra hiệu từ chối|-1|dấu ra hiệu từ chối|không thích|ngón tay cái|tay|xuống
9994	nắm đấm giơ lên|cú đấm|đoàn kết|nắm đấm giơ lên|nắm tay|siết chặt|tay
128074	nắm đấm|cú đấm|nắm đấm|nắm tay|siết chặt|tay
129307	nắm đấm hướng phía trái|hướng trái|nắm đấm|nắm đấm hướng phía trái
129308	nắm đấm hướng sang phải|hướng phải|nắm đấm|nắm đấm hướng sang phải
128079	vỗ tay|hai bàn tay đang vỗ|tay|vỗ tay
128588	hai bàn tay giơ lên|cử chỉ|hai bàn tay giơ lên|hoan hô|lễ kỷ niệm|nâng lên|tay
129782	hai bàn tay tạo hình trái tim|hai bàn tay tạo hình trái tim|yêu
128080	hai bàn tay đang xòe|hai bàn tay đang xòe|mở ra|tay
129330	hai bàn tay chạm vào nhau|cầu nguyện|hai bàn tay chạm vào nhau|lời cầu nguyện
129309	bắt tay|bắt tay|đồng ý|gặp mặt|rung|tay
128591	chắp tay|cảm ơn|cầu nguyện|chắp tay|hỏi|làm ơn|tay
9997	bàn tay đang viết|bàn tay đang viết|tay|viết
128133	sơn móng tay|chăm sóc|đánh bóng|làm móng tay|móng tay|mỹ phẩm|sơn móng tay
129331	tự sướng|điện thoại|máy ảnh|tự sướng
128170	bắp tay gập lại|bắp tay|bắp tay gập lại|cơ bắp|gập lại|hài hước
129470	cánh tay giả|cánh tay giả|giả|hỗ trợ|hỗ trợ tiếp cận
129471	chân giả|chân giả|giả|hỗ trợ|hỗ trợ tiếp cận
129461	Chân|chân|Chân|chân tay|đá|gập chân
129462	bàn chân|bàn chân|đá|dậm mạnh|mắt cá chân
128066	tai|âm thanh|cơ thể|nghe|tai
129467	tai đeo thiết bị trợ thính|hỗ trợ|hỗ trợ tiếp cận|nặng tai|tai đeo thiết bị trợ thính
128067	mũi|cơ thể|mũi
129504	não|não|thông minh
129728	cơ quan tim|cơ quan|cơ quan tim|giải phẫu|khoa tim mạch|màu đỏ|nhịp tim|trái tim|trái tim thật|trung tâm
129729	phổi|cơ quan|hít vào|hô hấp|hơi thở|phổi|thở|thở ra
129463	răng|nha sĩ|răng|trắng|trắng ngọc
129460	xương|bộ xương|chó|xương|xương đòn
128064	đôi mắt|đôi mắt|mắt|mặt
128065	mắt|cơ thể|mắt|một mắt
128069	lưỡi|cơ thể|lưỡi
128068	miệng|cơ thể|hôn|làm đẹp|miệng|môi
129766	cắn môi|cắn môi|hồi hộp|khó chịu|lo âu|lo lắng|sợ hãi|tán tỉnh
128118	trẻ con|trẻ con|trẻ em|trẻ sơ sinh
129490	trẻ em|giới tính chung|giới tính không xác định|trẻ|trẻ em
128102	con trai|cậu bé|con trai
128103	con gái|bím tóc|cô gái|con gái|cung hoàng đạo|trẻ|Xử Nữ
129489	người|giới tính chung|giới tính không xác định|người|người lớn
128113	người tóc vàng hoe|người tóc vàng hoe|tóc|vàng hoe
128104	đàn ông|đàn ông|người lớn
129492	người có râu|người|người đàn ông có râu|râu
128105	phụ nữ|người lớn|phụ nữ
129491	người lớn tuổi|già|giới tính không xác định|giới tính trung lập|người lớn tuổi
128116	cụ ông|cụ ông|đàn ông|đầu hói|già|người lớn
128117	cụ bà|cụ bà|già|người lớn|phụ nữ
128589	người đang cau mày|bực tức|buồn bã|cau mày|cử chỉ|khó chịu|không vui|người đang cau mày|thất vọng
128590	người đang bĩu môi|bĩu môi|cáu kỉnh|cử chỉ|hờn dỗi|người đang bĩu môi|nhăn nhó|thất vọng
128581	người ra hiệu phản đối|cấm|cử chỉ|không bao giờ|không cho phép|không đời nào|người ra hiệu phản đối|tay
128582	người ra hiệu đồng ý|cử chỉ|đồng ý|người ra hiệu đồng ý|ok|tay|thể dục
128129	người ra hiệu trợ giúp|giúp|hất tóc|mách nước|mỉa mai|nghiêm túc|người ra hiệu trợ giúp|tay|thông tin|tươi tắn|vuốt tóc
128587	người giơ cao tay|chọn tôi đi|cử chỉ|giơ tay|nâng lên|người giơ cao tay|người vui vẻ giơ cao tay|ở bên này|tay|tôi có thể giúp|tôi muốn hỏi|vui vẻ
129487	người khiếm thính|điếc|hỗ trợ tiếp cận|khiếm thính|nghe|người khiếm thính|tai
128583	người đang cúi đầu|cầu xin|cử chỉ|cúi người|hối tiếc|lấy làm tiếc|lời xin lỗi|người đang cúi đầu|tha thứ|tội nghiệp
129318	người lấy tay che mặt|hoài nghi|không tin nổi|lại nữa rồi|lòng bàn tay|mặt|người dùng tay che mặt|người lấy tay che mặt|tay che mặt|tức giận
129335	người nhún vai|ai mà biết được|có thể|hững hờ|không biết|nghi ngờ|người nhún vai|nhún vai|sao cũng được|thờ ơ
128110	cảnh sát|bắt giữ|bị tóm|cảnh sát|cảnh sát nằm vùng|công an|dừng xe|luật|sĩ quan
128373	thám tử|gián điệp|thám tử|trinh thám
128130	bảo vệ|bảo vệ|cung điện buckingham|london|mũ bảo hiểm
129399	ninja|ẩn|chiến tranh|đấu sĩ|kẻ sát nhân|kỹ năng|người|ninja|tàng hình
128119	công nhân xây dựng|công nhân|công nhân xây dựng|mũ|mũ bảo hiểm|sửa chữa|tu sửa|xây dựng
129733	người đội vương miện|cao quý|hoàng gia|người đội vương miện|quân vương|vương giả
129332	hoàng tử|cổ tích|giả tưởng|hoàng gia|hoàng tử|vua|vương miện
128120	công chúa|cổ tích|công chúa|giả tưởng|hoàng gia|hoàng hậu|vương miện
128115	người đội khăn xếp|khăn turban|khăn xếp|người đội khăn xếp
128114	người đàn ông đội mũ Trung Quốc|đàn ông|mũ|mũ Khang Hy|người đàn ông đội mũ Trung Quốc
129493	người phụ nữ quàng khăn trùm đầu|hijab|khăn trùm đầu|khăn vuông|người phụ nữ quàng khăn trùm đầu|tichel
129333	người mặc bộ vest|bộ vest|chú rể|người|người mặc bộ vest
128112	người đội khăn voan|cô dâu|cô dâu với khăn voan|cưới|khăn voan|mạng che mặt|người|người đội khăn voan
129328	người phụ nữ có thai|mang thai|người phụ nữ có thai|phụ nữ|phụ nữ mang thai
129731	người đàn ông mang bầu|bụng bầu|căng phồng|có thai|người đàn ông mang bầu|no đủ
129732	người mang bầu|bụng bầu|căng phồng|có thai|người mang bầu|no đủ
129329	cho con bú|cho bú|cho con bú|em bé|nuôi con bằng sữa mẹ|vú
128124	thiên thần nhỏ|bé con|mặt|thiên thần|thiên thần nhỏ|truyện cổ tích|tưởng tượng
127877	Ông già Noel|cha|claus|Giáng sinh|lễ kỷ niệm|Ông già Noel|Ông già Noen|santa
129334	mẹ giáng sinh|bà già Noel|giáng sinh|mẹ|mẹ giáng sinh
129464	siêu anh hùng|anh hùng|người|người dơi|nữ anh hùng|siêu anh hùng|siêu năng lực|tốt
129465	nhân vật siêu phản diện|ác|độc ác|người|nhân vật phản diện|nhân vật siêu phản diện|siêu năng lực|tội phạm|xấu xa
129497	pháp sư|bà cốt|đạo sĩ|đồng cốt|kỳ ảo|pháp sư|phép thuật|phù thủy|thần chú|thầy phù thuỷ|triệu hồi
129498	tiên|cánh tiên|kỳ ảo|Oberon|Puck|thần thoại|thần tiên|tiên|Titania
129499	ma cà rồng|bất tử|đáng sợ|Dracula|halloween|hóa trang|ma cà rồng|máu|răng nanh|siêu nhiên|xác sống
129500	người cá|chàng tiên cá|công chúa cá|đinh ba|nàng tiên cá|người cá|sinh vật biển|thần thoại|truyện cổ tích
129501	yêu ma|cổ tích|kỳ ảo|phép thuật|thần bí|tộc tiên|yêu ma|yêu tinh
129502	thần|chà đèn thần|đèn thần|điều ước|huyền bí|kỳ ảo|ma thần|thần|thần đèn
129503	xác chết sống lại|halloween|kinh dị|tận thế|xác chết sống lại|xác sống|zombie
129484	người khổng lồ độc ác|giả tưởng|người khổng lồ độc ác|quái vật|truyện cổ tích
129736	sinh vật nhiều lông|chân to|khổng lồ|người rừng|người tuyết|nhiều lông|rừng|sinh vật bí ẩn|yeti
128134	người được xoa bóp mặt|đau đầu|mặt|mát xa|người được xoa bóp mặt|thẩm mĩ viện|thư giãn|trị liệu|xoa bóp
128135	người được cắt tóc|cắt tóc|làm đẹp|người được cắt tóc|phong cách|salon|thợ cắt tóc|tỉa tóc|tiệm|tiệm cắt tóc|vẻ đẹp
128694	người đi bộ|dáng đi|đang đi bộ|đi bộ|đi bộ leo núi|đi lang thang|đi thong dong|người đi bộ|tản bộ
129485	người đứng|đang đứng|đứng|người đứng
129486	người quỳ|đang quỳ|người quỳ|quỳ|quỳ gối
127939	người chạy|chạy bộ|chạy đua maratông|chạy nhanh|đang đến|người chạy|tốc độ|vội vã
128131	người phụ nữ đang khiêu vũ|khiêu vũ|người phụ nữ đang khiêu vũ|nhảy|phụ nữ
128378	người đàn ông đang khiêu vũ|khiêu vũ|người đàn ông|người đàn ông đang khiêu vũ
128372	người đàn ông mặc vest đang bay lên|bộ đồ|đàn ông|kinh doanh|người đàn ông mặc vest đang bay lên
128111	những người đeo tai thỏ|bản sao|bạn tâm giao|bạn thân|bộ đôi|những người đeo tai thỏ|phụ nữ đeo tai thỏ|sinh đôi|tai thỏ|tiệc tùng|vũ công
129494	người ở trong phòng xông hơi|mát xa|người ở trong phòng xông hơi|người phụ nữ trong phòng xông hơi|nhà tắm hơi|phòng xông hơi|sang chảnh|spa|thư giãn
129495	người đang leo núi|leo núi|leo trèo|người đang leo núi|người leo trèo|người phụ nữ leo núi|nhà leo núi|núi
129338	người đấu kiếm|đấu kiếm|kiếm|người đánh kiếm|người đấu kiếm
127943	đua ngựa|cuộc đua|đua ngựa|ngựa|ngựa đua|người cưỡi ngựa đua
9975	người trượt tuyết|người trượt tuyết|trượt tuyết|tuyết
127938	người trượt ván tuyết|người trượt ván tuyết|trượt tuyết|tuyết|ván trượt tuyết
127948	người chơi gôn|bóng golf|gạt bóng|golf|gôn|người chơi golf|người chơi gôn|PGA|quả bóng|sân tập gôn
127940	người lướt sóng|bãi biển|biển|lướt sóng|người lướt sóng|sóng|thể thao|vận động viên lướt sóng
128675	người chèo thuyền|bè|câu cá|hồ|người chèo thuyền|sông|thuyền|thuyền có mái chèo|xuồng
127946	người bơi|ba môn phối hợp|bơi|bơi tự do|người bơi|người đàn ông bơi lội|thể thao|vận động viên bơi lội
9977	người chơi bóng|bóng rổ|cầu thủ bóng rổ|ném sọt rổ|người chơi bóng|nhồi bóng|quả bóng|vận động viên|vô địch
127947	người cử tạ|cử tạ|nâng tạ|người cử tạ|người nâng|tập luyện|tập thể dục|thanh tạ|thể hình|trọng lượng|vận động viên cử tạ
128692	người đi xe đạp|đạp xe|người đạp xe|người đi xe đạp|thể thao|vận động viên đua xe đạp|xe đạp
128693	người đi xe đạp leo núi|người đạp xe|người đi xe đạp|người đi xe đạp leo núi|núi|thể thao|vận động viên|vận động viên đua xe đạp|xe đạp
129336	người nhào lộn|hào hứng|lăng nghiêng|người nhào lộn|nhào lộn|thể dục|thể dục dụng cụ|vui vẻ
129340	người chơi vật|đấu vật|đô vật|giải đấu vật|người chơi vật|trên võ đài|vật
129341	người chơi bóng nước|bơi lội|bóng|người chơi bóng dưới nước|người chơi bóng nước|nước|thể thao dưới nước
129342	người chơi bóng ném|bắt bóng|bóng|bóng ném|lốp bóng|ném bóng|người chơi bóng ném|phát bóng|thể thao|vận động viên|vận động viên bóng ném
129337	người tung hứng|cân bằng|đa năng|đa nhiệm|giữ thăng bằng|kỹ năng|người đàn ông tung hứng|người tung hứng|tung hứng
129496	người ngồi kiết già|an lạc|bắt chéo chân|người ngồi kiết già|người ở tư thế hoa sen|thanh bình|thiền|thư giãn|yoga|yogi
128704	người đang tắm bồn|bồn tắm|người đang tắm bồn|tắm
128716	người trên giường|chợp mắt|khách sạn|mệt mỏi|ngủ|ngủ ngoan nhé|người trên giường|say giấc
128109	hai người phụ nữ nắm tay|bạn tốt nhất|cặp đôi|cặp đôi đồng tính nữ|hai người phụ nữ nắm tay|phụ nữ|tay
128107	người đàn ông và phụ nữ nắm tay|cầm|cặp đôi|đàn ông|nắm tay|người đàn ông và phụ nữ nắm tay|phụ nữ|tay
128108	hai người đàn ông nắm tay|cặp đôi|cặp đôi đồng tính nam|cặp song sinh|hai người đàn ông nắm tay|hai người đàn ông nắm tay nhau|hoàng đạo|người đàn ông|song tử
128143	nụ hôn|cặp đôi|hẹn hò|nụ hôn|yêu
128145	cặp đôi với trái tim|cặp đôi|cặp đôi với trái tim|yêu
128483	đầu người đang nói|cái đầu|đang nói|đầu người đang nói|hình bóng|khuôn mặt|nói
128100	bóng tượng bán thân|bóng|bóng tượng bán thân|tượng bán thân
128101	các bóng tượng bán thân|bóng|các bóng tượng bán thân|tượng bán thân
129730	hai người ôm nhau|cảm ơn|hai người ôm nhau|ôm|tạm biệt|tình bạn|tình yêu|xin chào
128106	gia đình|gia đình|trẻ em
128099	dấu chân|các dấu chân|chân trần|dấu chân|in dấu|quần áo
129734	dấu vân tay|danh tính|dấu vân tay|pháp y|sự an toàn
129456	tóc đỏ|tóc đỏ|tóc màu cam đỏ|tóc màu đỏ
129457	tóc xoăn|quăn|tóc xoăn|xoăn|xù
129459	tóc trắng|bạc|tóc|trắng|xám
129458	hói|cạo nhẵn|hóa trị|hói|không có tóc|trụi tóc
128053	mặt khỉ|động vật|khỉ|khuôn mặt|quả chuối
128018	khỉ|chuối|con khỉ|động vật|khỉ|quả chuối
129421	khỉ đột|động vật|khỉ đột
129447	đười ươi|động vật|đười ươi|vượn người
128054	mặt cún|cún|động vật|mặt|thú cưng
128021	chó|chó|thú cưng
129454	chó dẫn đường|chó dẫn đường|dẫn đường|hỗ trợ|hỗ trợ tiếp cận|khiếm thị|mù
128041	chó xù|chó xù|cún|động vật
128058	chó sói|chó sói|mặt|mặt chó sói
129418	cáo|cáo|động vật|mặt
129437	gấu trúc|động vật|gấu trúc|tinh nghịch|tò mò
128049	mặt mèo|động vật|mặt|mèo|thú cưng
128008	mèo|động vật|mèo|thú cưng
129409	sư tử|cung hoàng đạo|cung sư tử|mặt|mặt sư tử|sư tử
128047	mặt hổ|dã thú|động vật|hổ|mặt
128005	hổ|dã thú|động vật|hổ|sở thú
128006	báo hoa mai|báo hoa mai|con báo|động vật|động vật ăn thịt
128052	mặt ngựa|mặt|ngựa
129742	nai sừng tấm Bắc Mỹ|động vật|động vật có vú|gạc|nai sừng tấm|nai sừng tấm Bắc Mỹ|nai sừng xám
129743	con lừa|bướng bỉnh|con la|con lừa|động vật|động vật có vú|lừa thồ
128014	ngựa|cưỡi ngựa|đua|ngựa
129412	kỳ lân|kỳ lân|mặt|mặt kỳ lân
129427	ngựa vằn|ngựa vằn|sọc
129420	hươu|động vật|hươu
129452	bò rừng|bò rừng|đàn|động vật|trâu
128046	mặt bò|bò|bò cái|động vật|mặt|sữa|trang trại
128002	bò đực|bò đực|bò mộng|cung hoàng đạo|cung kim ngưu
128003	trâu nước|động vật|nước|trâu nước|vườn thú
128004	bò cái|bò cái|bò sữa|động vật|sữa|trang trại
128055	mặt lợn|động vật|lợn|mặt lợn|thịt lợn|thịt xông khói|trang trại
128022	lợn|động vật|lợn|lợn nái|thịt lợn|thịt xông khói|trang trại
128023	lợn rừng|động vật|lợn|lợn rừng
128061	mũi lợn|động vật|lợn|mặt|mõm lợn|mũi|ngửi|trang trại
128015	cừu đực|cung bạch dương|cung hoàng đạo|cừu|cừu đực
128017	cừu cái|bồng bềnh|cái|cừu|cừu non|động vật|lông cừu|nông trại
128016	dê|cung hoàng đạo|cung ma kết|dê|động vật|nông trại|sữa
128042	lạc đà|cái bướu|con lạc đà|động vật|lạc đà|sa mạc
128043	lạc đà hai bướu|cái bướu|con lạc đà|động vật|lạc đà bactrian|lạc đà hai bướu|sa mạc
129433	lạc đà không bướu|động vật|lạc đà alpaca|lạc đà guanaco|lạc đà không bướu|lạc đà vicuña|len
129426	hươu cao cổ|đốm|hươu cao cổ
128024	voi|động vật|voi
129443	voi ma mút|có lông|động vật|lớn|ngà|tuyệt chủng|voi ma mút
129423	tê giác|động vật|tê giác
129435	hà mã|động vật|hà mã
128045	mặt chuột|chuột|động vật|mặt
128001	chuột|chuột|động vật
128000	chuột cống|chuột cống|động vật
128057	mặt hamster|chuột hamster|mặt|mặt hamster|thú cưng
128048	mặt thỏ|con thỏ|động vật|mặt|thỏ|thú cưng
128007	thỏ|con thỏ|động vật|thỏ|thú cưng
128063	sóc chuột|con sóc|sóc chuột
129451	hải ly|động vật|hải ly|răng|xây đập
129428	nhím|có gai|nhím
129415	dơi|dơi|động vật|ma cà rồng
128059	gấu|động vật|gầm|gấu|gấu xám|mặt|mật ong
128040	gấu túi|con gấu|động vật|gấu túi|koala|úc
128060	mặt gấu trúc|gấu trúc|mặt|mặt gấu trúc
129445	con lười|chậm|con lười|đủng đỉnh|lười
129446	rái cá|bắt cá|nghịch ngợm|rái cá
129448	chồn hôi Mỹ|chồn hôi Mỹ|động vật|mùi hôi
129432	chuột túi|Australia|chuột túi|chuột túi con|nhảy|thú có túi
129441	con lửng|con lửng|động vật|lửng mật|quấy rầy
128062	dấu chân móng vuốt|bàn chân|chân|dấu|dấu chân móng vuốt
129411	gà tây|chim|gà tây|tạ ơn
128020	gà|chim|động vật|gà
128019	gà trống|chim|động vật|gà trống
128035	gà mới nở|ấp|gà|gà con|gà mới nở
128036	gà con|chim|gà|gà con
128037	mặt trước gà con|chim|gà|gà con|mặt trước gà con
128038	chim|chim|động vật
128039	chim cánh cụt|chim|chim cánh cụt|động vật|nam cực
128330	bồ câu|bay|bồ câu|chim|hòa bình
129413	đại bàng|chim|đại bàng
129414	vịt|chim|động vật|vịt
129442	thiên nga|chim|thiên nga|thiên nga non|vịt con xấu xí
129417	cú|chim|cú|động vật|khôn ngoan
129444	chim cưu|chim cưu|động vật|gà|gà dodo|lớn|Mauritius|tuyệt chủng
129718	lông chim|bộ lông|chim|chuyến bay|lông chim|nhẹ
129449	hồng hạc|hồng hạc|nhiệt đới|rực rỡ
129434	con công|chim|con công|công mái|phô trương|tự hào
129436	con vẹt|chim|con vẹt|cướp biển|nói chuyện|vẹt
129725	cánh|bay|bay lên|cánh|chim|hàng không|thần thoại|thiên đường|thiên thần
129727	con ngỗng|cầm điểu|chim|con gà|con ngỗng|con vịt|đàn|đàn ngỗng|động vật|kêu|khờ dại|ngây ngô
128056	ếch|ếch|mặt
128010	cá sấu|cá sấu|động vật|sở thú
128034	rùa|con rùa|động vật|rùa|rùa nước ngọt
129422	thằn lằn|bò sát|động vật|thằn lằn
128013	rắn|chòm sao xà phu|cung hoàng đạo|động vật|rắn|vật mang
128050	mặt rồng|khuôn mặt|mặt rồng|rồng|truyện cổ tích
128009	rồng|động vật|hiệp sĩ|rồng|truyện cổ tích
129429	khủng long chân thằn lằn|khủng long chân thằn lằn|khủng long to ăn cây cối|thằn lằn hai óc|uyển long
129430	khủng long bạo chúa|khủng long|khủng long bạo chúa|Khủng long bạo chúa
128051	cá voi đang phun nước|bãi biển|cá voi|đại dương|động vật|khuôn mặt|phun nước
128011	cá voi|bờ biển|cá voi|đại dương|động vật
128044	cá heo|bãi biển|cá heo|chân chèo|đại dương|động vật
129741	cá voi sát thủ|biển|cá voi|đại dương
129453	chó biển|chó biển|đại dương|động vật|hải cẩu|sư tử biển
128031	cá|cá|cung hoàng đạo|cung song ngư
128032	cá nhiệt đới|cá|cá nhiệt đới|động vật|nhiệt đới
128033	cá nóc|cá|cá bơn|cá nóc|động vật
129416	cá mập|cá|cá mập|động vật
128025	bạch tuộc|bạch tuộc|đại dương|động vật|sinh vật
128026	vỏ xoắn ốc|bãi biển|động vật|vỏ|vỏ xoắn ốc|xoắn ốc
129720	san hô|đại dương|rặng|san hô
129724	sứa|biển|bỏng|chích|động vật|không xương sống|ối|sinh vật biển|sinh vật phù du|sứa|thủy sinh|xúc tu
129408	cua|cua|cung cự giải|cung hoàng đạo
129438	tôm hùm|càng|động vật|hải sản|tôm hùm|xúp tôm cua
129424	tôm|nhỏ|thức ăn|tôm|tôm cua
129425	mực ống|động vật|mực ống|thân mềm|thức ăn
129450	hàu|hàu|lặn|ngọc trai
128012	ốc sên|động vật|ốc sên|thiên nhiên|vườn
129419	bướm|bướm|côn trùng|đẹp
128027	con bọ|bọ|côn trùng|động vật|vườn
128028	kiến|côn trùng|động vật|kiến|vườn
128029	ong mật|con ong|côn trùng|động vật|mùa xuân|ong mật
129714	bọ cánh cứng|bọ|bọ cánh cứng|côn trùng|động vật
128030	bọ rùa|bọ cánh cứng|bọ rùa|con bọ rùa|côn trùng|thiên nhiên
129431	dế|bọ|bộ cánh thẳng|châu chấu|côn trùng|dế|động vật
129715	con gián|con gián|côn trùng|động vật
128375	nhện|côn trùng|nhện
128376	mạng nhện|mạng nhện|nhện
129410	bọ cạp|bọ cạp|cung bọ cạp|cung hoàng đạo
129439	con muỗi|bệnh|con muỗi|côn trùng|đốt|muỗi|sốt|sốt rét|vi rút
129712	con ruồi|bệnh|con ruồi|côn trùng|động vật|giòi|thối rữa
129713	giun|động vật|giun|giun đất|giun đốt|ký sinh trùng|sâu
129440	vi trùng|Amip|khoa học|vi khuẩn|vi rút|vi trùng
128144	bó hoa|bó hoa|cây|hẹn hò|hoa|kỷ niệm|lãng mạn|sinh nhật|tình yêu
127800	hoa anh đào|hoa|hoa anh đào|thực vật
128174	hoa trắng|hoa|hoa trắng
129719	hoa sen|Ấn Độ|Ấn Độ giáo|hoa|hoa sen|Phật giáo|sự tinh khiết|Việt Nam
127989	nơ hoa hồng|nơ hoa hồng|thực vật
127801	hoa hồng|cây|hoa|hoa hồng|màu đỏ|sang trọng|tình yêu|valentine|vẻ đẹp
129344	hoa héo|héo|hoa
127802	hoa dâm bụt|hoa|hoa dâm bụt|thực vật
127803	hoa hướng dương|hoa|hoa hướng dương|mặt trời|thực vật
127804	hoa|bồ công anh|hoa|thực vật
127799	hoa tulip|hoa|hoa tulip|thực vật
129723	lục bình|bluebonnet|bụi hoa|cây|đậu lupin|hoa|hoa dạ lan hương|hoa len mũ xanh|hoa mõm sói|hoa oải hương|hoa tiên ông|hoa tử đinh hương|lục bình|màu chàm|mùa xuân|oải hương|tím
127793	cây non|cây giống|cây non|nảy mầm|non|thực vật
129716	cây trồng trong chậu|chậu cây|mọc|nhà|nuôi dưỡng|thực vật|trang trí|trồng trong chậu
127794	cây thường xanh|cây|cây thông|cây thường xanh|giáng sinh|rừng
127795	cây rụng lá|cây|cây rụng lá|rơi|rụng lá
127796	cây cọ|cây|cây cọ
127797	cây xương rồng|cây xương rồng|hạn hán|sa mạc|thiên nhiên|thực vật
127806	bó lúa|bó lúa|bông lúa|gạo|thực vật
127807	thảo mộc|lá cây|thảo mộc
9752	cỏ ba lá|Ai-len|cỏ ba lá|thực vật
127808	cỏ bốn lá|4|bốn|cỏ bốn lá|lá cây|thực vật
127809	lá phong|lá cây|lá phong|rụng
127810	lá rụng|lá|rụng|thực vật
127811	lá rung rinh trong gió|gió|lá cây|lá rung rinh trong gió|rung|thổi
129721	tổ trống rỗng|làm tổ|tổ trống rỗng
129722	tổ có trứng|làm tổ|tổ có trứng
127812	nấm|nấm|thực vật
129726	cây trụi lá|cằn cỗi|cây|cây chết|gỗ|hạn hán|mùa đông|nhánh cây|thân cây|trần|trụi lá
127815	chùm nho|chùm nho|hoa quả|nho
127816	dưa|dưa|hoa quả
127817	dưa hấu|dưa hấu|hoa quả
127818	quýt|hoa quả|quả cam|quýt
127819	chanh tây|chanh|chanh tây|chua|họ cam quýt|hoa quả
127820	chuối|chuối|hoa quả|kali
127821	dứa|dứa|hoa quả|nhiệt đới
129389	xoài|nhiệt đới|trái cây|xoài
127822	táo đỏ|đỏ|hoa quả|táo
127823	táo xanh|hoa quả|táo|xanh
127824	lê|hoa quả|lê
127825	đào|đào|hoa quả
127826	anh đào|anh đào|hoa quả|màu đỏ|quả mọng|thực vật|trái cây
127827	dâu tây|dâu tây|quả mọng|trái cây
129744	quả việt quất|hoa quả|màu xanh|quả mọng|quả việt quất|thực phẩm
129373	quả kiwi|hoa quả|kiwi|quả kiwi|thức ăn
127813	cà chua|cà chua|rau|thực vật
129746	ôliu|ôliu|thức ăn
129381	dừa|cây dừa|dừa|pina colada
129361	quả bơ|hoa quả|quả bơ|thức ăn
127814	cà tím|cà tím|rau|thực vật
129364	khoai tây|khoai tây|thức ăn|thực vật
129365	cà rốt|cà rốt|thức ăn|thực vật
127805	bắp ngô|bắp|ngô
127798	quả ớt|nóng|ớt|quả ớt
129745	ớt chuông|ớt|ớt chuông|rau|thức ăn
129362	dưa chuột|dưa chua|dưa chuột|thức ăn|thực vật
129388	xanh lá|cải bắp|cải thìa|cải xoăn|rau diếp|salat|xanh lá
129382	xúp lơ xanh|bông cải xanh|cải bắp dại|hoa lơ|xúp lơ xanh
129476	tỏi|gia vị|tỏi
129477	hành|gia vị|hành
129372	đậu phộng|đậu phộng|quả hạch|rau củ|thức ăn
129752	hạt đậu|cây họ đậu|hạt đậu|thận|thức ăn
127792	hạt dẻ|hạt dẻ|thực vật
129754	củ gừng|bia|củ|củ gừng|gia vị|rễ|sức khỏe|thảo mộc|tự nhiên
129755	đậu Hà Lan|đậu|đậu Hà Lan|đậu nành|quả đậu|rau|vỏ
129756	rau củ|củ cải|củ cải đường|rau|rễ|vườn
127838	bánh mì|bánh mì|bánh mì nướng|lúa mì|ngũ cốc|nhà hàng|ổ bánh mì|thực phẩm|tinh bột
129360	bánh sừng bò|bánh móng ngựa|bánh mỳ|bánh sừng bò|pháp|thức ăn
129366	bánh mì que|bánh mì que|bánh mỳ|pháp|thức ăn
129747	bánh mỳ cắt lát|arepa|bánh mì|bánh mì dẹt|bánh mỳ cắt|bánh mỳ cắt lát|lavash|pita|thực phẩm
129384	bánh quy xoắn|bánh quy xoắn|xoắn
129391	bánh mỳ vòng|bánh mỳ vòng|bánh vòng|bữa sáng|phết|tiệm bánh
129374	bánh kếp|bánh kếp|thức ăn
129479	bánh quế|bánh quế|bữa sáng|cứng cỏi|thiếu quyết đoán
129472	miếng pho mát|miếng pho mát|phô mai
127830	thịt bám xương|thịt|thịt bám xương|xương
127831	đùi gia cầm|chân|đói|đùi gà|gà|gà tây|gia cầm|xương
129385	tảng thịt|bít tết|sườn|sườn cừu|sườn lợn|tảng thịt
129363	thịt xông khói|thịt|thịt xông khói|thức ăn
127828	bánh hamburger|bánh hamburger|bánh kẹp
127839	khoai tây chiên|đồ ăn|đồ ăn nhanh|khoai tây chiên|kiểu pháp
127829	bánh pizza|bánh pizza|lát|phô mai
127789	bánh mì xúc xích|bánh mì xúc xích|xúc xích
129386	bánh mỳ kẹp|bánh mỳ|bánh mỳ kẹp
127790	bánh taco|bánh mexico|bánh taco
127791	bánh burrito|bánh burrito|bánh mexico
129748	bánh tamale|bánh tamale|cuốn|Mexico|pamonha|thực phẩm
129369	bánh mì kẹp thịt|bánh mỳ dẹt|bánh mỳ gyro|bánh mỳ kẹp thịt|đồ ăn|falafel|nhồi
129478	bánh rán nhân gà|đậu hồi|falafel|thịt viên
129370	trứng|bữa sáng|đồ ăn|trứng
127859	nấu ăn|cái chảo|chiên|nấu ăn|trứng
129368	chảo thức ăn nông|chảo|chảo thức ăn nông|nồi đất|nông|paella|thức ăn
127858	nồi thức ăn|hầm|nồi|nồi thức ăn|súp
129749	lẩu pho mai|lẩu phô mai|nấu chảy|nồi|phô mai|sô cô la|thức ăn|trượt tuyết
129379	bát và thìa|bát|bữa sáng|cháo|ngũ cốc|thìa|yến mạch
129367	salad rau xanh|salad|salad rau xanh|thức ăn|xanh
127871	bỏng ngô|bỏng ngô|phim
129480	bơ|bơ|bơ sữa
129474	muối|bình lắc|gia vị|muối
129387	thực phẩm đóng hộp|đóng hộp|hộp|thực phẩm
127857	hộp cơm bento|cơm bento|hộp|hộp cơm bento
127832	bánh gạo|bánh quy giòn|gạo|thực phẩm
127833	cơm nắm|cơm|cơm nắm|nhật bản
127834	cơm|cơm|gạo|nấu chín
127835	cơm cà ri|cà ri|cơm|cơm cà ri
127836	bát mì|bát|đũa|mỳ|mỳ ramen|nóng hổi|phở|súp|thức ăn
127837	spaghetti|nhà hàng|pasta|spaghetti|thịt viên|thức ăn
127840	khoai lang nướng|đồ ăn|khoai|khoai lang nướng|ngọt|nướng
127842	món oden|hải sản|kẹp|món oden|que|xiên
127843	sushi|sushi|thực phẩm
127844	tôm chiên|chiên|món sốt cá cua tôm|tôm|tôm hùm
127845	bánh cá có hình xoắn|bánh|bánh cá có hình xoắn|bánh ngọt|cá|xoáy
129390	bánh trung thu|bánh|bánh trung thu|lễ hội|mặt trăng|mùa thu
127841	bánh trôi Nhật Bản|bánh trôi Nhật Bản|món kiểu nhật bản|món tráng miệng|ngọt|que
129375	bánh bao|bánh bao|sủi cảo
129376	bánh quy may mắn|bánh quy may mắn|tiên tri
129377	hộp đựng đồ ăn mang đi|cái xô|đũa|giao hàng|hàu|hộp|mang đi đồ ăn
127846	kem mềm|cái kem|kem|mềm|món tráng miệng|ngọt
127847	đá bào|bào|đá bào|kem|món tráng miệng|ngọt
127848	kem|kem|món tráng miệng|ngọt
127849	bánh rán vòng|bánh rán vòng|món tráng miệng|ngọt
127850	bánh quy|bánh quy|món tráng miệng|ngọt
127874	bánh sinh nhật|bánh|bánh sinh nhật|lễ kỷ niệm|món tráng miệng|ngọt|sinh nhật|tráng miệng
127856	bánh ngọt|bánh|miếng|món tráng miệng|ngọt
129473	bánh nướng nhỏ|bánh ngọt|bánh nướng nhỏ|ngọt|tiệm bánh|tráng miệng
129383	bánh nướng|bánh|bí đỏ|bột nhào|miếng bánh|nhồi bánh|táo|thịt|trái cây
127851	thanh sô cô la|món tráng miệng|ngọt|sô cô la|thanh|thanh sô cô la
127852	kẹo|kẹo|món tráng miệng|ngọt
127853	kẹo mút|kẹo|kẹo mút|món tráng miệng|ngọt
127854	bánh trứng|bánh|bánh trứng|món tráng miệng|ngọt
127855	hũ mật ong|hũ|hũ mật ong|mật ong|ngọt
127868	bình sữa trẻ em|bình|em bé|mới sinh|sinh|sữa|trẻ sơ sinh|uống
129371	cốc sữa|cốc|đồ uống|sữa
9749	đồ uống nóng|buổi sáng|cà phê|caffeine|chai|đồ uống|nóng|nóng hổi|trà
129750	ấm trà|ấm trà|đồ uống|thực phẩm|trà|ủ
127861	tách trà không có quai|cốc|đồ uống|tách trà|tách trà không có quai|trà|uống
127862	rượu sake|chai|cốc|đồ uống|quán ba|rượu sake|uống
127870	chai rượu với nút gỗ bật ra|bật ra|chai|chai rượu với nút gỗ bật ra|đồ uống|nút gỗ|quán bar
127863	ly rượu vang|đồ uống|ly|ly rượu vang|quán ba|rượu|uống
127864	ly cocktail|cocktail|đồ uống|ly|quán bar
127865	đồ uống nhiệt đới|đồ uống|đồ uống nhiệt đới|nhiệt đới|quán bar
127866	cốc bia|bia|cốc|đồ uống|quán bar
127867	chạm cốc bia|bia|chạm cốc|chạm cốc bia|đồ uống|nước giải khát|quán ba
129346	chạm cốc|chạm cốc|chúc mừng|cốc|đồ uống|tiếng keng
129347	ly đáy phẳng|cốc|cốc vại|ly đáy phẳng|ngụm|rượu|rượu whisky
129751	đổ chất lỏng|đổ chất lỏng|đồ uống|ly thủy tinh|tràn|trống rỗng
129380	cốc và ống hút|cốc|mạch nha|nước|nước ép|ống hút|soda|uống
129483	trà sữa trân châu|bong bóng|ngọc trai|sữa|trà|trân châu
129475	hộp đồ uống|đồ uống|hộp|ngọt|nước ép|ống hút
129481	trà nhựa ruồi|đồ uống|trà nhựa ruồi
129482	viên đá|băng|đá|lạnh|viên đá
129378	đũa|đũa
127869	dĩa và dao với đĩa|dao|đĩa|dĩa và dao với đĩa|nấu nướng|nĩa
127860	dĩa và dao|ăn|ăn sáng|bữa sáng|bữa tối|bữa trưa|cho ăn|dao|dĩa|đồ ăn|đói|nấu ăn|ngon|ngon miệng|nhà hàng
129348	thìa|bộ đồ ăn|thìa
128298	dao làm bếp|dao|dao làm bếp|dụng cụ|hocho|nấu nướng|vũ khí
129753	bình đựng|bình đựng|cửa hàng|gia vị|nước sốt|thùng chứa|trống rỗng
127994	vò hai quai|Bảo Bình|bình|hoàng đạo|nấu ăn|uống|vò hai quai
127757	địa cầu thể hiện Châu Âu-Châu Phi|Châu Âu|Châu Phi|địa cầu|địa cầu thể hiện Châu Âu-Châu Phi|thế giới|trái đất
127758	địa cầu thể hiện Châu Mỹ|Châu Mỹ|địa cầu|thế giới|thể hiện|trái đất
127759	địa cầu thể hiện Châu Á-Châu Úc|Châu Á|Châu Á-Châu Úc|Châu Úc|địa cầu|thế giới|thể hiện|trái đất
127760	địa cầu có đường kinh tuyến|địa cầu|Internet|kinh tuyến|thế giới|trái đất|ttoàn thế giới|web
128506	bản đồ thế giới|bản đồ|bản đồ thế giới|thế giới
128510	bản đồ Nhật Bản|bản đồ|bản đồ Nhật Bản|nhật bản
129517	la bàn|điều hướng|định hướng|la bàn|từ tính
127956	đỉnh núi phủ tuyết|đỉnh núi phủ tuyết|lạnh|núi|tuyết
9968	núi|núi
128728	lở đất|đá|động đất|lở đất|nguy hiểm|núi|thảm họa|tuyết lở
127755	núi lửa|núi|núi lửa|phun trào|thiên nhiên
128507	núi Phú Sĩ|núi|núi Phú Sĩ|Phú Sĩ
127957	cắm trại|cắm trại
127958	bãi biển với chiếc ô|bãi biển|bãi biển với chiếc ô|ô
127964	sa mạc|sa mạc
127965	đảo hoang|đảo|hoang
127966	công viên quốc gia|công viên|công viên quốc gia
127967	sân vận động|sân vận động
127963	tòa nhà cổ điển|cổ điển|tòa nhà cổ điển
127959	công trường xây dựng|cần cẩu|công trường xây dựng|xây dựng
129521	gạch|đất sét|gạch|tường|vữa
129704	đá|đá|hòn đá|nặng|rắn|tảng đá
129717	gỗ|gỗ|gỗ xẻ|khúc gỗ
128726	túp lều|lều tròn|nhà|nhà tròn|túp lều
127960	những ngôi nhà|những ngôi nhà
127962	ngôi nhà bỏ hoang|bỏ hoang|ngôi nhà|ngôi nhà bỏ hoang
127968	ngôi nhà|ngôi nhà|nhà
127969	nhà có vườn|ngôi nhà|nhà|nhà có vườn|vườn
127970	tòa nhà văn phòng|công việc|dạng lập phương|thành phố|tòa nhà|văn phòng
127971	bưu điện Nhật Bản|bưu điện|bưu điện Nhật Bản|kiểu Nhật
127972	bưu điện|bưu điện|kiểu Châu Âu
127973	bệnh viện|bác sĩ|bệnh viện|thuốc
127974	ngân hàng|ngân hàng|tòa nhà
127976	khách sạn|khách sạn|tòa nhà
127977	khách sạn tình yêu|khách sạn|khách sạn tình yêu|tình yêu
127978	cửa hàng tiện lợi|cửa hàng|cửa hàng tiện lợi|tiện lợi
127979	trường học|tòa nhà|trường học
127980	cửa hàng bách hóa|cửa hàng|cửa hàng bách hóa
127981	nhà máy|nhà máy|tòa nhà
127983	lâu đài Nhật Bản|kiểu Nhật|lâu đài|lâu đài Nhật Bản
127984	lâu đài|kiểu Châu Âu|lâu đài
128146	đám cưới|đám cưới|lãng mạn|nhà thờ nhỏ
128508	tháp Tokyo|tháp|Tokyo
128509	Tượng Nữ thần Tự do|bức tượng|new|ny|nyc|tự do|Tượng Nữ thần Tự do
9962	nhà thờ|cầu nguyện|cây thánh giá|Đạo cơ đốc|nhà thờ|tôn giáo
128332	nhà thờ hồi giáo|hồi giáo|nhà thờ hồi giáo|thuộc hồi giáo|tôn giáo
128725	đền hindu|đền|hin đu|hin-đu|hindu
128333	giáo đường Do thái|đền|do thái|giáo đường Do thái|người do thái|tôn giáo
9961	đền thờ Nhật Bản|đền thờ|đền thờ Nhật Bản|thần đạo|tôn giáo
128331	kaaba|hồi giáo|kaaba|thuộc hồi giáo|tôn giáo
9970	đài phun nước|đài phun nước
9978	lều|cắm trại|lều
127745	có sương|có sương|thời tiết
127747	đêm có sao|đêm|đêm có sao|sao
127961	khung cảnh thành phố|khung cảnh thành phố|thành phố
127748	bình minh trên núi|bình minh|bình minh trên núi|buổi sáng|mặt trời|núi
127749	bình minh|bình minh|buổi sáng|mặt trời|thiên nhiên
127750	khung cảnh thành phố lúc chạng vạng|buổi tối|hoàng hôn|khung cảnh thành phố lúc chạng vạng|mặt trời lặn|phong cảnh|thành phố
127751	hoàng hôn|chạng vạng|hoàng hôn|mặt trời
127753	cây cầu về đêm|cầu|cây cầu về đêm|đêm
9832	suối nước nóng|hơi nước|nóng|suối|suối nước nóng
127904	ngựa đu quay|đu quay ngựa|giải trí|ngựa
128733	cầu trượt|cầu trượt|chơi|khu vui chơi
127905	vòng đu quay|bánh xe|công viên giải trí|đu quay|vòng đu quay
127906	tàu lượn siêu tốc|con lăn|công viên giải trí|tàu lao dốc|tàu lượn siêu tốc
128136	biển hiệu của thợ cắt tóc|biển hiệu của thợ cắt tóc|cắt tóc|cột|thợ cắt tóc
127914	lều rạp xiếc|lều|lều rạp xiếc|rạp xiếc
128642	đầu máy xe lửa|đầu máy xe lửa|động cơ|đường sắt|hơi nước|tàu hỏa
128643	toa tàu|điện|đường sắt|tàu điện|tàu hỏa|toa tàu|xe hơi
128644	tàu cao tốc|đường sắt|tàu cao tốc|tàu cao tốc Nhật Bản|tàu hỏa|tốc độ
128645	tàu viên đạn|đường sắt|tàu cao tốc Nhật Bản|tàu hỏa|tàu viên đạn|tốc độ|viên đạn
128646	tàu hỏa|đường sắt|tàu hỏa
128647	tàu điện ngầm|di chuyển|tàu điện|tàu điện ngầm
128648	tàu điện nhẹ|đường sắt|tàu điện nhẹ|xe cộ
128649	ga tàu|đường sắt|ga tàu|tàu hỏa
128650	xe điện|ô tô điện|xe điện
128669	đường một ray|đường một ray|xe cộ
128670	đường ray leo núi|đường ray leo núi|đường sắt|núi|toa xe
128651	tàu điện|ô tô điện|tàu điện|toa xe|xe điện
128652	xe buýt|trường học|xe buýt|xe cộ
128653	xe buýt đang tới|đang tới|xe buýt|xe buýt đang tới
128654	ô tô điện|ô tô điện|xe buýt|xe điện|xe goòng
128656	xe buýt nhỏ|xe buýt|xe buýt nhỏ|xe cộ
128657	xe cứu thương|xe cấp cứu|xe cộ|xe cứu thương
128658	xe cứu hỏa|động cơ|lửa|xe cứu hỏa|xe tải
128659	xe cảnh sát|cảnh sát|tuần tra|xe cảnh sát|xe hơi
128660	xe cảnh sát đang tới|cảnh sát|đang tới|xe cảnh sát đang tới|xe hơi
128661	taxi|lái xe|màu vàng|taxi|xe|xe cộ
128662	taxi đang tới|taxi đang tới|xe cộ
128663	ô tô|ô tô|xe cộ
128664	ô tô đang tới|đang tới|ô tô|ô tô đang tới|xe hơi
128665	xe thể thao đa dụng|giải trí|ô tô|tiện ích thể thao|xe cộ|xe thể thao đa dụng
128763	xe bán tải|nhận hàng|ô tô|vận tải|xe bán tải|xe tải
128666	xe tải giao hàng|giao hàng|xe tải|xe tải giao hàng
128667	đầu kéo rơ-moóc|di chuyển|lái xe|nối|ô tô|xe bán tải|xe cộ|xe tải
128668	máy kéo|máy kéo|xe cộ
127950	xe đua|đua xe|xe|xe đua
127949	xe máy|đua xe|xe máy
128757	xe tay ga|mô tơ|xe tay ga
129469	xe lăn tay|hỗ trợ tiếp cận|trợ năng|xe lăn tay
129468	xe lăn tự động|hỗ trợ tiếp cận|trợ năng|xe lăn tự động
128762	xe lam|túc túc|tuk tuk|xe lam
128690	xe đạp|xe cộ|xe đạp
128756	xe hẩy|đẩy|xe hẩy
128761	ván trượt|ván|ván trượt
128764	giày trượt patin|con lăn|giày trượt|giày trượt patin|thể thao|trượt patin
128655	điểm dừng xe buýt|điểm dừng xe buýt|dừng lại|xe buýt
128739	đường cao tốc|đường|đường cao tốc
128740	đường ray|đường ray|tàu hỏa
128738	thùng dầu|dầu|thùng
9981	bơm nhiên liệu|bơm|bơm nhiên liệu|diesel|gas|khí|nhiên liệu|trạm bơm
128734	bánh xe|bánh xe|hình tròn|lốp xe|xoay
128680	đèn xe cảnh sát|ánh sáng|cảnh sát|đèn hiệu|đèn xe cảnh sát|quay vòng|xe hơi
128677	đèn giao thông ngang|biển báo|đèn|đèn giao thông ngang|giao thông
128678	đèn giao thông dọc|biển báo|đèn|đèn giao thông dọc|giao thông
128721	ký hiệu dừng|bát giác|dừng|ký hiệu|ký hiệu dừng
128679	công trường|công trường|rào chắn
9875	mỏ neo|dụng cụ|mỏ neo|tàu
128735	phao cứu sinh|an toàn|cấp cứu|cứu hộ|phao cứu sinh|phao nổi|phương tiện cứu hộ
9973	thuyền buồm|biển|du thuyền|khu nghỉ dưỡng|thuyền|thuyền buồm
128758	xuồng|thuyền|xuồng
128676	xuồng cao tốc|thuyền|xuồng cao tốc
128755	tàu chở khách|hành khách|tàu chở khách|tàu thủy
9972	phà|hành khách|phà|thuyền
128741	thuyền máy|thuyền|thuyền máy
128674	tàu thủy|di chuyển|hành khách|tàu thủy|thuyền
9992	máy bay|bay|di chuyển|máy bay|phi cơ|tàu bay
128745	máy bay nhỏ|máy bay|nhỏ|tàu bay
128747	máy bay khởi hành|điểm khởi hành|khởi hành|làm thủ tục|máy bay|máy bay khởi hành|tàu bay
128748	máy bay đến nơi|đến|điểm đến|hạ cánh|máy bay|máy bay đến nơi
129666	dù|dù|dù kéo|lượn|nhảy dù
128186	cái ghế|chỗ ngồi|ghế
128641	máy bay trực thăng|máy bay trực thăng|xe cộ
128671	đường sắt trên cao|đường sắt|đường sắt trên cao|treo
128672	cáp treo trên núi|cáp|cáp treo trên núi|núi|toa trần
128673	cáp treo|cáp|cáp treo|đường xe điện|toa trần|trên không
128752	vệ tinh|vệ tinh|vũ trụ
128640	tên lửa|di chuyển|không gian|phóng|tên lửa
128760	đĩa bay|đĩa bay|người ngoài hành tinh|UFO
128718	chuông gọi phục vụ|chuông|chuông gọi phục vụ|khách sạn
129523	hành lý|đóng gói|du lịch|hành lý|vali kéo
8987	đồng hồ cát đã chảy hết|bộ định thời|cát|đồng hồ cát|đồng hồ cát đã chảy hết|đồng hồ hẹn giờ
9203	đồng hồ cát đang chảy|bộ định thời|cát|đồng hồ cát|đồng hồ cát đang chảy
8986	đồng hồ đeo tay|đồng hồ|đồng hồ đeo tay|thời gian
9200	đồng hồ báo thức|báo thức|đồng hồ|đồng hồ báo thức|muộn|thời gian
9201	đồng hồ bấm giờ|đồng hồ|đồng hồ bấm giờ|thời gian
9202	đồng hồ hẹn giờ|đồng hồ|đồng hồ hẹn giờ
128368	đồng hồ để bàn|đồng hồ|đồng hồ để bàn|thời gian
128347	mười hai giờ|00|12|12:00|đồng hồ|giờ|mười hai|mười hai giờ
128359	mười hai giờ ba mươi phút|12|12:30|ba mươi|đồng hồ|mười hai|mười hai giờ ba mươi|mười hai giờ ba mươi phút
128336	một giờ|00|1|1:00|đồng hồ|giờ|một
128348	một giờ ba mươi phút|1|1:30|ba mươi|đồng hồ|một|một giờ ba mươi phút
128337	hai giờ|00|2|2:00|đồng hồ|giờ|hai giờ
128349	hai giờ ba mươi phút|2|2:30|ba mươi|đồng hồ|hai|hai giờ ba mươi phút
128338	ba giờ|00|3|3:00|ba|đồng hồ|giờ
128350	ba giờ ba mươi phút|3|3:30|ba|ba giờ ba mươi phút|ba mươi|đồng hồ
128339	bốn giờ|00|4|4:00|bốn|đồng hồ|giờ
128351	bốn giờ ba mươi phút|4|4:30|ba mươi|bốn|bốn giờ ba mươi phút|đồng hồ
128340	năm giờ|00|5|5:00|đồng hồ|giờ|năm
128352	năm giờ ba mươi phút|5|5:30|ba mươi|đồng hồ|năm|năm giờ ba mươi phút
128341	sáu giờ|00|6|6:00|đồng hồ|giờ|sáu
128353	sáu giờ ba mươi phút|6|6:30|ba mươi|đồng hồ|sáu|sáu giờ ba mươi phút
128342	bảy giờ|00|7|7:00|bảy|đồng hồ|giờ
128354	bảy giờ ba mươi phút|7|7:30|ba mươi|bảy|bảy giờ ba mươi phút|đồng hồ
128343	tám giờ|00|8|8:00|đồng hồ|giờ|tám
128355	tám giờ ba mươi phút|8|8:30|ba mươi|đồng hồ|tám|tám giờ ba mươi phút
128344	chín giờ|00|9|9:00|chín|đồng hồ|giờ
128356	chín giờ ba mươi phút|9|9:30|ba mươi|chín|chín giờ ba mươi|chín giờ ba mươi phút|đồng hồ
128345	mười giờ|00|10|10:00|đồng hồ|giờ|mười
128357	mười giờ ba mươi phút|10|10:30|ba mươi|đồng hồ|mười|mười giờ ba mươi phút
128346	mười một giờ|00|11|11:00|đồng hồ|giờ|mười một|mười một giờ
128358	mười một giờ ba mươi phút|11|11:30|ba mươi|đồng hồ|mười một|mười một giờ ba mươi phút
127761	trăng non|bóng tối|mặt trăng|trăng non
127762	trăng lưỡi liềm đầu tháng|lưỡi liềm|mặt trăng|trăng lưỡi liềm đầu tháng|tròn dần
127763	trăng thượng huyền|mặt trăng|phần tư|trăng thượng huyền
127764	trăng khuyết|mặt trăng|trăng khuyết|tròn dần
127765	trăng tròn|mặt trăng|trăng tròn|tròn
127766	trăng khuyết cuối tháng|cuối tháng|mặt trăng|trăng khuyết|trăng khuyết cuối tháng
127767	trăng hạ huyền|mặt trăng|phần tư|trăng hạ huyền
127768	trăng lưỡi liềm cuối tháng|cuối tháng|không gian|lưỡi liềm|mặt trăng|trăng lưỡi liềm cuối tháng
127769	trăng lưỡi liềm|lưỡi liềm|mặt trăng|trăng lưỡi liềm
127770	mặt trăng non|mặt|mặt trăng|mặt trăng non
127771	trăng thượng huyền hình mặt người|mặt|phần tư|trăng|trăng thượng huyền hình mặt người
127772	trăng hạ huyền hình mặt người|mặt|mặt trăng|phần tư|trăng hạ huyền hình mặt người
127777	nhiệt kế|nhiệt kế|thời tiết
9728	mặt trời|mặt trời|nắng|nóng|sáng|thời tiết|tia
127773	khuôn mặt trăng tròn|khuôn mặt trăng tròn|mặt|mặt trăng|sáng|tròn
127774	mặt trời có hình mặt người|bãi biển|mặt|mặt trời|mặt trời có hình mặt người|sáng|thời tiết
129680	hành tinh có vành đai bao quanh|Hành tinh|hành tinh có vành đai bao quanh|sao thổ|sao Thổ|thần nông|Thần Nông|thổ tinh|Thổ tinh
11088	ngôi sao|ngôi sao|sao|thiên văn
127775	ngôi sao lấp lánh|chiếu sáng|lấp lánh|ngôi sao|ngôi sao lấp lánh|phát sáng
127776	sao băng|ngôi sao|phóng|rơi|sao băng
127756	dải ngân hà|dải ngân hà|vũ trụ
9729	đám mây|âm u|đám mây|mây|thời tiết
9925	mặt trời sau đám mây|mặt trời|mặt trời sau đám mây|mây
9928	đám mây kèm chớp và mưa|đám mây kèm chớp và mưa|đám mây với tia chớp và mưa|mây|mưa|sấm
127780	mặt trời sau đám mây nhỏ|mặt trời|mặt trời sau đám mây nhỏ|mây
127781	mặt trời sau đám mây lớn|mặt trời|mặt trời sau đám mây lớn|mây
127782	mặt trời sau đám mây mưa|mặt trời|mặt trời sau đám mây mưa|mây|mưa
127783	mây và mưa|mây|mây và mưa|mưa
127784	đám mây với tuyết|đám mây với tuyết|lạnh|mây|tuyết
127785	đám mây với tia chớp|đám mây với tia chớp|mây|sét|thời tiết
127786	lốc xoáy|cơn lốc|lốc xoáy|mây|thời tiết
127787	sương mù|mây|sương mù|thời tiết
127788	khuôn mặt gió|đám mây|gió|khuôn mặt gió|mặt|thổi
127744	hình lốc xoáy|bão|choáng váng|hình lốc xoáy|xoáy
127752	cầu vồng|cầu vồng|chuyển giới|đồng tính|lưỡng tính|mưa|thời tiết|tự nhiên
127746	ô đã đóng|chiếc ô|mưa|ô đã đóng|quần áo
9730	cái ô|cái ô|che mưa|mưa|quần áo
9748	cái ô với những giọt nước mưa|cái ô với những giọt nước mưa|chiếc ô|mưa|ô che mưa|quần áo|rơi
9969	cái ô trên mặt đất|cái ô trên mặt đất|chiếc ô|mặt trời|mưa|nắng
9889	điện cao thế|cú đánh|điện|điện cao thế|nguy hiểm|sét|tự nhiên
10052	bông tuyết|bông tuyết|lạnh|thời tiết|tuyết
9731	người tuyết|lạnh|người tuyết|tuyết
9924	người tuyết không có tuyết|lạnh|người tuyết|người tuyết không có tuyết|tuyết
9732	sao chổi|sao chổi|vũ trụ
128293	lửa|dụng cụ|lửa|ngọn lửa
128167	giọt nước|giọt nước|hài hước|lạnh|mồ hôi|rơi
127754	sóng nước|đại dương|nước|sóng
127875	đèn lồng bí ngô|đèn lồng|đèn lồng bí ngô|halloween|lễ hội|lồng|lồng đèn bí ngô
127876	cây thông noel|cây|cây thông noel|giáng sinh|lễ kỷ niệm
127878	pháo hoa|giải trí|lễ kỷ niệm|pháo hoa
127879	pháo bông|chói sáng|lễ kỷ niệm|pháo bông|pháo hoa
129512	pháo|nổ|pháo|pháo hoa|thuốc nổ
10024	ánh lấp lánh|ánh lấp lánh|kỳ diệu|lấp lánh|ngôi sao
127880	bóng bay|bóng bay|lễ kỷ niệm|sinh nhật
127881	pháo giấy buổi tiệc|buổi tiệc|lễ kỷ niệm|pháo bông sinh nhật|pháo giấy buổi tiệc
127882	bóng hoa giấy|bóng hoa giấy|bữa tiệc|lễ kỷ niệm|quả bóng
127883	cây tanabata|biểu ngữ|cây|cây tanabata|kiểu nhật bản|lễ kỷ niệm
127885	trang trí cây thông|cây thông|cây tre|kiểu nhật bản|lễ kỷ niệm|trang trí cây thông
127886	búp bê Nhật Bản|búp bê|búp bê Nhật Bản|kiểu nhật bản|lễ hội|lễ kỷ niệm
127887	cờ cá chép|cá chép|cờ cá chép|cờ dải|lễ kỷ niệm
127888	chuông gió|chuông|gió|kêu vang|lễ kỷ niệm
127889	lễ ngắm trăng|kỷ niệm|lễ kỷ niệm|lễ ngắm trăng|mặt trăng
129511	bao lì xì|bao lì xì|chúc may mắn|hồng bao|lì xì|quà tặng|tiền
127872	ruy băng|lễ kỷ niệm|ruy băng
127873	gói quà|gói quà|hộp|lễ kỷ niệm|quà|quà tặng
127895	ruy băng nhắc nhở|lễ kỷ niệm|lời nhắc|ruy băng|ruy băng nhắc nhở
127903	vé vào cửa|vào cửa|vé|vé vào cửa
127915	vé|vào cửa|vé
127894	huân chương quân đội|huân chương quân đội|huy chương|lễ kỷ niệm|quân sự
127942	cúp|chiến thắng|cúp|giải thưởng|thể thao|vô địch
127941	huy chương thể thao|chiến thắng|huy chương|huy chương thể thao|huy chương vàng|vô địch
129351	huy chương vàng|huy chương|huy chương vàng|nhất|vàng
129352	huy chương bạc|bạc|hai|huy chương|huy chương bạc
129353	huy chương đồng|ba|đồng|huy chương|huy chương đồng
9917	bóng đá|bóng đá|quả bóng|thể thao|thể thao vua|túc cầu
9918	bóng chày|bóng chày|quả bóng|thể thao
129358	bóng mềm|bao tay|bóng|bóng mềm|ném bóng dưới vai|thể thao
127936	bóng rổ|bóng rổ|quả bóng|thể thao|vòng
127952	bóng chuyền|bóng chuyền|quả bóng|trò chơi
127944	bóng bầu dục Mỹ|bóng bầu dục|bóng bầu dục Mỹ|người Mỹ|quả bóng
127945	bóng bầu dục|bóng bầu dục|bóng đá|quả bóng|thể thao
127934	quần vợt|cái vợt|quả bóng|quần vợt
129359	đĩa bay trò chơi|đĩa bay trò chơi|ném đĩa
127923	bowling|bowling|quả bóng|trò chơi
127951	trò chơi cricket|gậy đánh bóng|quả bóng|trò chơi|trò chơi cricket
127953	khúc côn cầu trên cỏ|cây gậy|khúc côn cầu trên cỏ|quả bóng|sân|trò chơi
127954	khúc côn cầu trên băng|băng|gậy|khúc côn cầu|khúc côn cầu trên băng|trận đấu
129357	bóng vợt|bóng|bóng vợt|gậy|gôn|thể thao
127955	bóng bàn|bóng bàn|gậy|quả bóng|trò chơi|vợt đánh bóng
127992	cầu lông|cầu lông|kỹ thuật ghi|trái cầu lông|trò chơi|vợt
129354	găng tay quyền anh|găng tay|găng tay quyền anh|quyền anh
129355	đồng phục võ thuật|đồng phục|đồng phục võ thuật|judo|karate|taekwondo|thể thao|võ thuật
129349	khung thành|gôn|khung thành|lưới
9971	cờ trong lỗ|cờ trong lỗ|gôn|lỗ|thể thao
9976	giày trượt băng|băng|giày trượt băng
127907	cần câu cá|cá|cần câu|cần câu cá|giải trí|thể thao
129343	mặt nạ lặn|bình dưỡng khí|bình ôxy|lặn|mặt nạ lặn|ống thở
127933	áo chạy bộ|áo chạy bộ|áo sơ mi|chạy bộ|khăn quàng vai|vận động viên
127935	ván trượt tuyết|thể thao|trượt tuyết|tuyết|ván trượt tuyết
128759	xe trượt tuyết|đi xe trượt tuyết|tuyết|xe trượt tuyết
129356	bi đá trên băng|bi đá trên băng|đá|trò chơi
127919	trúng đích|hồng tâm|mục tiêu|phi tiêu|trò chơi|trúng đích
129664	yo-yo|dao động|đồ chơi|yo-yo
129665	diều|bay|bay lên|bay lượn|diều
128299	súng nước|dụng cụ|súng|súng gắn|súng lục|súng lục ổ quay|súng nước|vũ khí
127921	bi-a 8 bóng|8|bi-a 8 bóng|bida|quả bóng|tám|trò chơi
128302	quả cầu pha lê|dụng cụ|giả tưởng|pha lê|quả bóng|quả cầu pha lê|truyện cổ tích|vận may
129668	gậy thần|gậy thần|ma thuật|phù thủy|thầy phù thủy
127918	trò chơi điện tử|giải trí|tay điều khiển|thiết bị điều khiển|trò chơi|trò chơi điện tử
128377	cần điều khiển|cần điều khiển|trò chơi|trò chơi điện tử
127920	máy giật xèng|cờ bạc|khe|máy giật xèng|trò chơi
127922	trò xúc xắc|con xúc xắc|gieo xúc xắc|trò chơi|trò xúc xắc|xúc xắc
129513	ghép hình|đầu mối|ghép hình|ghép vào nhau|mảnh|trò ghép hình
129528	gấu bông|đồ chơi|gấu bông|nhồi bông|vải lông
129669	piñata|buổi tiệc|kẹo|kỷ niệm|lễ hội|lễ kỷ niệm|người Mexico|pinata|piñata
129705	quả cầu gương|buổi tiệc|disco|khiêu vũ|long lanh|quả cầu gương|sàn nhảy
129670	búp bê matryoshka|babooshka|baboushka|babushka|búp bê|búp bê lồng|búp bê matryoshka|lồng nhau|nước Nga
9824	bộ bích|bài|bộ bài bích|bộ bích|trò chơi
9829	bộ cơ|bài|bộ bài cơ|bộ cơ|trò chơi
9830	bộ rô|bài|bộ bài rô|bộ rô|trò chơi
9827	bộ nhép|bài|bộ bài nhép|bộ nhép|trò chơi
9823	quân tốt|bịp|cờ|quân tốt|thí tốt|tốt
127183	quân phăng teo|lá bài|quân phăng teo|trò chơi
126980	mạt chược rồng đỏ|đỏ|mạt chược|mạt chược rồng đỏ|trò chơi
127924	quân bài hình hoa|hoa|kiểu nhật bản|quân bài hình hoa|thiệp|trò chơi
127917	nghệ thuật biểu diễn|biểu diễn|mặt nạ|nghệ thuật|nghệ thuật biểu diễn|nhà hát
128444	tranh trong khung|bảo tàng|khung|nghệ thuật|tranh|tranh trong khung
127912	bảng màu|bảng màu|bảo tàng|nghệ thuật|vẽ
129525	sợi chỉ|kim|may|ổng chỉ|sợi chỉ|xâu
129697	kim may|chỉ khâu|khâu|kim|may|may đo|thêu
129526	sợi|cuộn|cuộn len|đan|đan bằng kim móc|sợi
129698	nút thắt|bện|buộc|dây thừng|nút thắt|rối|xoắn
128083	kính mắt|đeo kính|kính|mắt|quần áo
128374	kính râm|bóng tối|đeo kính|kính mắt|kính râm|mắt
129405	kính bảo hộ|bảo vệ mắt|bơi|hàn|kính bảo hộ
129404	áo phòng thí nghiệm|áo phòng thí nghiệm|bác sĩ|nhà khoa học|thí nghiệm
129466	áo bảo hộ|an toàn|áo|áo bảo hộ|cứu hộ|khẩn cấp
128084	cà vạt|áo sơ mi|cà vạt|quần áo|trang trọng
128085	áo phông|áo phông|áo sơ mi|áo thun|quần áo
128086	quần bò|quần|quần áo|quần bò|quần dài
129507	khăn quàng|cổ|khăn quàng|lạnh|ủ ấm
129508	găng tay|găng tay|tay
129509	áo khoác|áo choàng|áo khoác|lạnh
129510	tất|bít tất|tất|vớ
128087	váy|mua sắm|quần áo|váy
128088	kimono|kimono|quần áo
129403	xari|đầm|quần áo|sari|trang phục|váy|xari
129649	áo tắm một mảnh|áo tắm một mảnh|bộ áo tắm
129650	quần lót|bộ đồ bơi|bộ đồ tắm|một mảnh|quần lót
129651	quần soóc|bộ đồ tắm|quần bơi|quần dài|quần lót|quần soóc
128089	áo tắm hai mảnh|áo tắm hai mảnh|bể bơi|bơi|quần áo
128090	quần áo nữ|nữ|quần áo|quần áo nữ
129709	quạt giấy|e thẹn|làm mát|múa|nóng|quạt|quạt giấy|tán tỉnh|vỗ cánh
128091	ví|đồng tiền|quần áo|tiền xu|ví
128092	túi xách|mua sắm|quần áo|túi|túi xách|ví
128093	túi cắp nách|quần áo|túi|túi cắp nách|túi nhỏ
128717	túi mua sắm|khách sạn|mua sắm|túi|túi mua sắm
127890	ba lô đi học|ba lô đi học|cặp|trường|túi
129652	dép xỏ ngón|dép|dép đi biển|dép lê|dép xỏ ngón|zōri
128094	giày nam|đàn ông|giày|giày nam|quần áo
128095	giày chạy|giày|giày chạy|giày chạy bộ|giày đế mềm|quần áo|thể thao
129406	giày leo núi|cắm trại|đi bộ đường dài|du lịch bụi|giày leo núi|giày ống
129407	giày bệt|giày bệt|giày búp bê|giày đi trong nhà|giày lười
128096	giày cao gót|giày|giày cao gót|gót chân|phụ nữ|quần áo
128097	xăng đan nữ|giày|phụ nữ|quần áo|xăng đan|xăng đan nữ
129648	giày múa balê|balê|giày múa balê|múa
128098	giày bốt nữ|bốt|giày|giày bốt nữ|phụ nữ|quần áo
129710	lược Afro Pick|Afro|chải|kiểu tóc afro|lược|pick|tóc
128081	vương miện|gia đình hoàng gia|nữ hoàng|quần áo|vua|vương miện
128082	mũ phụ nữ|cái mũ|mũ phụ nữ|phụ nữ|quần áo
127913	mũ chóp cao|cái mũ|đầu|mũ chóp cao|quần áo
127891	mũ tốt nghiệp|cái mũ|lễ kỷ niệm|mũ tốt nghiệp|quần áo|tốt nghiệp
129506	mũ lưỡi trai|mũ|mũ bóng chày|mũ lưỡi trai
129686	mũ sắt quân đội|chiến binh|mũ bảo hiểm|mũ sắt quân đội|người lính|quân đội|quân sự
9937	mũ bảo hiểm của lính cứu hộ|cái mũ|chữ thập|cứu|khuôn mặt|mũ bảo hiểm của lính cứu hộ|nón bảo hộ
128255	tràng hạt|hạt|lời cầu nguyện|quần áo|tôn giáo|tràng hạt|vòng cổ
128132	son môi|mỹ phẩm|son môi|trang điểm
128141	nhẫn|kim cương|nhẫn
128142	đá quý|đá quý|đồ nữ trang|kim cương|viên ngọc
128263	tắt loa|cái loa|im lặng|không ồn ào|tắt loa|tắt tiếng
128264	âm lượng loa thấp|âm lượng loa thấp|âm thanh|nhẹ|nhỏ
128265	âm lượng loa trung bình|âm lượng loa trung bình|âm thanh|trung bình
128266	âm lượng loa cao|âm lượng loa cao|lớn
128226	loa phát thanh|địa chỉ công cộng|loa phát thanh|loa phóng thanh|lớn
128227	loa phóng thanh|cổ vũ|loa phóng thanh
128239	kèn bưu chính|bưu chính|bưu điện|kèn|kèn bưu chính
128276	cái chuông|cái chuông|giờ nghỉ|nhà thờ
128277	chuông với dấu gạch chéo|cấm|chuông|chuông với dấu gạch chéo|im lặng|tắt tiếng
127932	khuông nhạc|bản nhạc|khuông nhạc|nhạc
127925	nốt nhạc|nhạc|nốt nhạc
127926	các nốt nhạc|các nốt nhạc|nhạc|nốt nhạc
127897	micrô phòng thu âm|micrô|micrô phòng thu âm|nhạc|phòng thu
127898	thanh trượt mức|mức|nhạc|thanh trượt|thanh trượt mức
127899	núm điều khiển|điều khiển|nhạc|núm|núm điều khiển
127908	micrô|âm thanh|hát|karaoke|micrô|nhạc
127911	tai nghe|âm thanh|tai nghe
128251	radio|radio|video
127927	kèn saxophone|kèn saxophone|nhạc|nhạc cụ
127930	kèn trumpet|kèn trumpet|nhạc|nhạc cụ
129674	kèn trombone|âm nhạc|buồn|đồng|jazz|nhạc cụ|trượt
129687	phong cầm|accordion|âm nhạc|buổi hòa nhạc|hộp bóp|nhạc cụ|phong cầm
127928	đàn ghi-ta|đàn ghi-ta|nhạc|nhạc cụ
127929	phím đàn|bàn phím|đàn piano|nhạc|nhạc cụ|phím đàn
127931	đàn violin|đàn violin|nhạc|nhạc cụ
129685	đàn banjo|âm nhạc|có dây|đàn|đàn banjo
129345	trống|dùi trống|nhạc|trống
129688	trống dài|conga|đập|nhạc cụ|nhịp|trống|trống dài
129671	maraca|âm nhạc|lắc|lục lạc|maraca|nhạc cụ|nhảy|tiệc tùng|trống
129672	sáo|âm nhạc|ban nhạc|ban nhạc diễu hành|dàn nhạc giao hưởng|máy ghi âm|nhạc|nhạc cụ|nhạc cụ hơi bằng gỗ|ống sáo|ống tiêu|sáo
129673	đàn hạc|âm nhạc|dàn nhạc|nhạc cụ|thần tình yêu|tình yêu
128241	điện thoại di động|di động|điện thoại|điện thoại di động
128242	điện thoại di động có mũi tên|di động|điện thoại|điện thoại di động có mũi tên|gọi|mũi tên|nhận
9742	điện thoại bàn|điện thoại|điện thoại bàn
128222	ống nghe điện thoại bàn|điện thoại|ống nghe|ống nghe điện thoại bàn
128223	máy nhắn tin|máy nhắn tin
128224	máy fax|fax|máy fax
128267	pin|pin
129707	pin yếu|điện tử|năng lượng thấp|pin yếu
128268	phích cắm điện|điện|phích cắm điện
128187	máy tính xách tay|cá nhân|máy tính|máy tính xách tay|pc
128421	máy tính để bàn|màn hình|máy tính|máy tính để bàn
128424	máy in|máy in|máy tính
9000	bàn phím|bàn phím|máy tính
128433	chuột máy tính|chuột máy tính|máy tính
128434	bi xoay|bi xoay|máy tính
128189	đĩa máy tính|đĩa|đĩa máy tính|đĩa mini|máy tính|quang học
128190	đĩa mềm|đĩa|máy tính|mềm
128191	đĩa quang|cd|đĩa|máy tính|quang
128192	dvd|chuẩn đĩa quang|đĩa|dvd|máy tính|quang
129518	bàn tính|bàn tính|tính toán
127909	máy quay phim|bollywood|hollywood|máy quay phim|phim|rạp chiếu phim
127902	khung hình phim|khung|khung hình phim|phim|rạp chiếu phim
128253	máy chiếu phim|máy chiếu|máy chiếu phim|phim|rạp chiếu phim|video
127916	bảng clapper|bảng clapper|diễn|phim
128250	tivi|tivi|tv|video
128247	máy ảnh|máy ảnh|video
128248	máy ảnh có đèn flash|đèn flash|máy ảnh|máy ảnh có đèn flash|video
128249	máy quay video|máy quay phim|máy quay video|video
128252	băng video|băng|vhs|video
128269	kính phóng đại nghiêng sang trái|dụng cụ|kính|kính phóng đại nghiêng sang trái|phóng đại|tìm kiếm
128270	kính lúp nghiêng sang phải|dụng cụ|kính|kính lúp nghiêng sang phải|kính phóng đại nghiêng sang phải|phóng đại|tìm kiếm
128367	nến|ánh sáng|nến
128161	bóng đèn|ánh sáng|bóng đèn|điện|hài hước|ý tưởng
128294	đèn pin|ánh sáng|đèn pin|điện|dụng cụ
127982	đèn lồng giấy màu đỏ|đèn|đèn lồng|đèn lồng giấy màu đỏ|đỏ|quán bar
129684	đèn diya|dầu|đèn|diya
128212	sổ ghi chép có bìa trang trí|bìa|sách|sổ ghi chép|sổ ghi chép có bìa trang trí|trang trí
128213	sách đóng|đóng|giáo dục|sách
128214	sách đang mở|mở|sách|sách đang mở
128215	sách màu lục|giáo dục|sách|sách màu lục|thư viện|xanh lục
128216	sách màu lam|sách|sách màu lam|xanh lam
128217	sách màu cam|màu cam|sách|sách màu cam
128218	sách|đọc|học tập|sách|thư viện|tri thức|trường học
128211	sổ ghi chép|sổ ghi chép
128210	sổ cái|sổ cái|sổ ghi chép
128195	trang bị quăn|quăn|tài liệu|trang|trang bị quăn
128220	cuộn sách|cuộn giấy|cuộn sách|giấy
128196	trang hướng lên trên|tài liệu|trang|trang hướng lên trên
128240	báo|báo|tạp chí|tin tức
128478	tờ báo được cuộn tròn|báo|báo giấy|cuộn|tạp chí|tờ báo được cuộn tròn
128209	tab dấu trang|đánh dấu|dấu trang|tab|tab dấu trang
128278	đánh dấu trang|đánh dấu|đánh dấu trang
127991	nhãn|nhãn
129689	đồng tiền|bạc|đô la|đồng tiền|euro|giàu|kho báu|kim loại|tiền|vàng
128176	túi tiền|đô la|tiền|túi
129678	rương báu|bạc|chiến lợi phẩm|đá quý|đồ trang sức|đồ vật có giá trị|giải thưởng|sự giàu có|tiền|vàng
128180	tiền giấy yên|hoá đơn|tiền|tiền giấy|tiền giấy yên|tiền tệ|yên
128181	tiền giấy đô la|đô la|hoá đơn|tiền|tiền giấy|tiền giấy đô la|tiền tệ
128182	tiền giấy euro|euro|hoá đơn|tiền|tiền giấy|tiền giấy euro|tiền tệ
128183	tiền giấy bảng|bảng|hoá đơn|tiền|tiền giấy|tiền giấy bảng|tiền tệ
128184	tiền có cánh|bay|cánh|đô la|tiền có cánh|tiền giấy
128179	thẻ tín dụng|ngân hàng|thanh toán|thẻ|thẻ tín dụng|tiền|tín dụng
129534	biên nhận|biên nhận|chứng từ|ghi sổ sách|giấy tờ chứng thực|hóa đơn|kế toán
128185	biểu đồ đồng yên tăng|biểu đồ|biểu đồ đồng yên tăng|tăng|tiền|yên
9993	phong bì|email|phong bì|thư
128231	email|email|thư
128232	phong bì thư đến|email|nhận|phong bì|phong bì thư đến|thư|thư đến
128233	phong bì với mũi tên|email|mũi tên|phong bì|phong bì với mũi tên|thư đi
128228	khay thư đi|đã gửi|hộp|hộp thư đi|khay|khay thư đi|thư
128229	khay thư đến|hộp|hộp thư đến|khay|khay thư đến|nhận|thư
128230	gói|bưu kiện|gói|hộp
128235	hộp thư được đóng với lá cờ đứng|đóng|hòm thư|hộp thư|hộp thư được đóng với lá cờ đứng|thư
128234	hộp thư được đóng với lá cờ nằm ngang|đóng|hòm thư|hộp thư|hộp thư được đóng với lá cờ nằm ngang|nằm ngang|thư
128236	hộp thư được mở với lá cờ đứng|hòm thư|hộp thư|hộp thư được mở với lá cờ đứng|mở|thư
128237	hộp thư được mở với lá cờ nằm ngang|hòm thư|hộp thư|hộp thư được mở với lá cờ nằm ngang|mở|nằm ngang|thư
128238	hòm thư|hòm thư|hộp thư|thư
128499	hòm phiếu với lá phiếu|hòm phiếu với lá phiếu|lá phiếu|thùng phiếu
9999	bút chì|bút chì|văn phòng phẩm
10002	ngòi bút đen|bút|bút mực|ngòi|ngòi bút đen
128395	bút máy|bút|máy
128394	bút|bút|bút bi
128396	cọ vẽ tranh|cọ vẽ tranh|tranh vẽ
128397	bút sáp màu|bút sáp màu
128221	sổ ghi nhớ|bút chì|sổ ghi nhớ
128188	cặp tài liệu|cặp tài liệu|văn phòng
128193	thư mục tệp|tệp|thư mục|thư mục tệp
128194	thư mục tệp mở|mở|tệp|thư mục|thư mục tệp mở
128450	dụng cụ chia chỉ mục thẻ|chỉ mục|dụng cụ chia|dụng cụ chia chỉ mục thẻ|thẻ
128197	lịch|lịch|ngày
128198	quyển lịch bloc|lịch|quyển lịch bloc
128466	sổ ghi chú gáy xoắn|gáy xoắn|ghi chú|sổ|sổ ghi chú gáy xoắn
128467	lịch gáy xoắn|gáy xoắn|lịch|lịch gáy xoắn
128199	chỉ mục thẻ|chỉ mục|chỉ mục thẻ|hộp danh thiếp|thẻ
128200	biểu đồ tăng|biểu đồ|biểu đồ tăng|đồ thị|tăng lên|tăng trưởng|xu hướng
128201	biểu đồ giảm|biểu đồ|biểu đồ giảm|đồ thị|xu hướng|xuống
128202	biểu đồ thanh|biểu đồ|biểu đồ thanh|đồ thị|thanh
128203	bảng ghi nhớ|bảng ghi nhớ|ghi chú|việc cần làm
128204	đinh ghim|cái ghim|đinh ghim
128205	đinh ghim hình tròn|đinh ghim|đinh ghim hình tròn|ghim
128206	kẹp giấy|kẹp giấy
128391	kẹp giấy được nối|kẹp giấy|kẹp giấy được nối|nối
128207	thước thẳng|cạnh thẳng|thước kẻ|thước thẳng|toán
128208	thước tam giác|bộ|tam giác|thước kẻ|thước tam giác
9986	kéo|cắt|dụng cụ|kéo
128451	hộp đựng hồ sơ|hộp|hộp đựng hồ sơ|tệp|thẻ
128452	tủ hồ sơ|tệp|tủ|tủ hồ sơ
128465	sọt rác|sọt rác
128274	khóa|đóng|khóa|riêng tư
128275	mở khóa|khóa|mở
128271	khóa với bút|bút|khóa|khóa với bút|mực|ngòi bút|riêng tư
128272	khóa với chìa|bảo mật|chìa|đóng|khóa|khóa với chìa
128273	chìa khóa|chìa khóa|khóa|mật khẩu
128477	chìa khóa cũ|chìa khóa|chìa khóa cũ|cũ|đầu mối|khóa
128296	búa|búa|dụng cụ|sửa chữa
129683	rìu|bổ|bổ đôi|chặt|chém|gỗ|rìu|rìu nhỏ
9935	búa chim|búa|búa chim|dụng cụ|khai mỏ
9874	búa và búa chim|búa|búa chim|búa và búa chim|dụng cụ
128736	búa và cờ lê|búa|búa và cờ lê|chìa vặn|cờ lê|dụng cụ
128481	dao găm|dao|dao găm|nguy hiểm|vũ khí
9876	kiếm bắt chéo|bắt chéo|kiếm|kiếm bắt chéo|vũ khí
128163	bom|bom|hài hước|nguy hiểm|nổ
129667	bumơrang|australia|bật lại|boomerang|bumơrang|dội lại|thổ dân|vũ khí
127993	cung tên|cung|cung hoàng đạo|cung tên|cung thủ|mũi tên|Nhân Mã
128737	cái khiên|cái khiên|vũ khí
129690	cưa mộc|cắt|cưa|cưa mộc|dụng cụ|gỗ xẻ|thợ mộc
128295	cờ lê|chìa vặn|cờ lê|dụng cụ
129691	tua vít|bắt vít|đầu phẳng|dụng cụ|tua vít
128297	đai ốc và bu lông|bu lông|đai ốc|đai ốc và bu lông|dụng cụ
9881	bánh răng|bánh răng|dụng cụ
128476	cái kẹp|cái kẹp|cặp|dụng cụ|nén
9878	cân thăng bằng|cân|cân thăng bằng|công lý|cung hoàng đạo|thăng bằng|Thiên Bình
129455	gậy dò đường|gậy dò đường|hỗ trợ tiếp cận|khiếm thị|mù
128279	mắt xích|mắt xích
9939	dây xích|dây xích|xích
129693	móc|bắt|bẫy|cái móc|điểm bán hàng|đường cong|móc
129520	hộp dụng cụ|cơ khí|dụng cụ|hòm|hộp dụng cụ|thợ máy
129522	nam châm|âm dương|chữ u|móng ngựa|nam châm|sức hút|từ tính
129692	thang|bậc thang|leo trèo|nấc|thang
129679	xẻng|đào|lỗ|thuổng|xẻng|xúc
9879	bình chưng cất|bình chưng cất|dụng cụ|hóa học
129514	ống nghiệm|hóa học|khoa học|nhà hóa học|ống nghiệm|phòng thí nghiệm|thí nghiệm
129515	đĩa petri|đĩa petri|nhà sinh vật học|nuôi cấy|phòng thí nghiệm|sinh vật học|vi khuẩn
129516	adn|adn|di truyền|gien|nhà sinh vật học|sự sống|tiến hóa
128300	kính hiển vi|dụng cụ|khoa học|kính hiển vi|kính hiển vị|thí nghiệm
128301	kính viễn vọng|dụng cụ|khoa học|kính viễn vọng
128225	ăng-ten vệ tinh|ăng-ten|ăng-ten vệ tinh|đĩa|vệ tinh
128137	ống tiêm|bệnh|kim|ống tiêm|thuốc|tiêm|vắc-xin
129656	giọt máu|chấn thương|chu kỳ kinh nguyệt|giọt máu|hiến máu|thuốc|y tế
128138	viên thuốc|bác sĩ|bệnh|thuốc|viên thuốc|vitamin
129657	băng dính|băng dán y tế|băng dính|băng vết thương
129660	nạng|đau|gậy|gậy chống|hỗ trợ di chuyển|khuyết tật|nạng
129658	ống nghe|bác sĩ|ống nghe|tim|y tế
129659	x-quang|bác sĩ|bộ xương|x-quang|xương|y tế
128682	cửa|cửa|cửa sau|cửa trước
128727	thang máy|kéo lên|khả năng tiếp cận|nhấc|thang máy
129694	gương|gương|gương phản xạ|phản ánh|phản chiếu|phản xạ|trang điểm
129695	cửa sổ|cửa sổ|không khí trong lành|khung|mở|trong suốt|xem
128719	giường|giường|khách sạn|ngủ
128715	ghế dài và đèn|đèn|đi văng|ghế dài và đèn|khách sạn
129681	ghế|chỗ ngồi|ghế|ngồi
128701	bồn cầu|bệ xí|bồn cầu
129696	dụng cụ thông tắc|dụng cụ thông tắc|hút|lực cốc|nhà vệ sinh|thợ sửa ống nước
128703	vòi hoa sen|nước|vòi hoa sen
128705	bồn tắm|bồn tắm|tắm
129700	bẫy chuột|bẫy|bẩy|bẫy chuột|mồi|pho mát
129682	dao cạo|cạo râu|dao cạo|dao cạo râu|sắc
129524	chai sữa dưỡng da|chai sữa dưỡng da|dầu gội|kem chống nắng|kem dưỡng ẩm|sữa dưỡng da
129527	ghim băng|chất thải|ghim băng|tã
129529	cây chổi|cây chổi|làm sạch|phù thủy|quét|quét dọn
129530	cái giỏ|cái giỏ|dã ngoại|giặt ủi|trồng trọt
129531	cuộn giấy|cuộn giấy|giấy toilet|giấy vệ sinh
129699	xô|thùng|thùng to|xô
129532	xà phòng|bánh|tắm|vệ sinh|xà phòng|xà phòng bánh|xát xà phòng
129767	bong bóng|bong bóng|dưới nước|ợ hơi|sạch sẽ|xà phòng
129701	bàn chải răng|bàn chải|bàn chải răng|nha khoa|phòng tắm|răng|sạch sẽ|vệ sinh
129533	bọt biển|bọt biển|hấp thụ|hút|làm sạch|vệ sinh|xốp
129519	bình chữa cháy|bình chữa cháy|chữa cháy|cứu hỏa|dập|dập tắt|lửa
128722	xe mua hàng|mua hàng|xe đẩy|xe mua hàng
128684	thuốc lá|hút thuốc|thuốc lá
9904	quan tài|cái chết|quan tài
129702	bia mộ|an nghỉ|bia mộ|mộ|nghĩa địa|nghĩa trang
9905	bình đựng tro cốt|bình đựng di cốt|bình đựng tro cốt|cái chết|tang lễ
129535	bùa may mắn nazar|bùa|bùa may mắn nazar|hạt|mắt ác|mê hoặc|nhìn
129708	hamsa|bùa hộ mệnh|Fatima|hamsa|Mary|Miriam|sự bảo vệ|tay
128511	tượng moai|bức tượng|khuôn mặt|tượng moai|tượng moyai
129703	bảng hiệu|bảng|bảng hiệu|biển hiệu|cọc|phản đối|thẻ|thể hiện|thông báo
129706	thẻ nhận dạng|bảo mật|căn cước công dân|cccd|chứng minh nhân dân|cmnd|giấy phép|thẻ nhận dạng
127975	ký hiệu ATM|atm|ký hiệu ATM|máy rút tiền|ngân hàng|tự động
128686	ký hiệu bỏ rác vào thùng|ký hiệu bỏ rác vào thùng|thùng rác|xả rác
128688	nước uống|nước|uống|uống được
9855	biểu tượng xe lăn|biểu tượng xe lăn|lối vào|người khuyết tật|xe lăn
128697	nhà vệ sinh nam|nam|nhà vệ sinh|nhà vệ sinh nam|phòng vệ sinh|wc
128698	nhà vệ sinh nữ|nhà vệ sinh|nhà vệ sinh nữ|nữ|phòng vệ sinh|wc
128699	nhà vệ sinh|nhà vệ sinh|phòng vệ sinh|wc
128700	biểu tượng trẻ em|biểu tượng trẻ em|thay đồ|trẻ em
128702	WC|nhà vệ sinh|nước|phòng vệ sinh|wc|WC
128706	kiểm soát hộ chiếu|hộ chiếu|kiểm soát|kiểm soát hộ chiếu
128707	hải quan|hải quan
128708	nơi nhận hành lý|hành lý|nhận|nơi nhận hành lý
128709	hành lý bỏ quên|hành lý|hành lý bỏ quên|tủ khóa
9888	cảnh báo|cảnh báo|thận trọng
128696	qua đường cho trẻ em|cho người đi bộ|đi qua|giao thông|qua đường cho trẻ em|trẻ em
9940	cấm vào|cấm|cấm vào|giao thông|không cho phép|lối vào
128683	bị cấm|bị cấm|cấm|không|không có|lối vào
128691	cấm xe đạp|bị cấm|bị nghiêm cấm|cấm xe đạp|không|xe đạp
128685	cấm hút thuốc|bị cấm|bị nghiêm cấm|cấm hút thuốc|hút thuốc|không
128687	cấm xả rác|bị cấm|bị nghiêm cấm|cấm xả rác|không|xả rác
128689	nước không uống được|không dùng để uống|không uống được|nước|nước không uống được
128695	cấm người đi bộ|cấm|cấm người đi bộ|không|không cho phép|không có|người đi bộ
128245	cấm điện thoại di động|cấm|cấm điện thoại di động|di động|điện thoại|điện thoại di động|không
128286	cấm người dưới 18 tuổi|18|cấm|cấm người dưới 18 tuổi|giới hạn độ tuổi|mười tám|vị thành niên
9762	phóng xạ|ký hiệu|phóng xạ
9763	nguy hiểm sinh học|ký hiệu|nguy hiểm sinh học
11014	mũi tên lên|bắc|chính|hướng|mũi tên|mũi tên lên
8599	mũi tên lên bên phải|đông bắc|hướng|mũi tên|mũi tên lên bên phải|nhiều hướng
10145	mũi tên phải|chính|đông|hướng|mũi tên|mũi tên phải
8600	mũi tên xuống bên phải|đông nam|hướng|mũi tên|mũi tên xuống bên phải|nhiều hướng
11015	mũi tên xuống|chính|hướng|mũi tên|mũi tên xuống|nam|xuống
8601	mũi tên xuống bên trái|hướng|mũi tên|mũi tên xuống bên trái|nhiều hướng|tây nam
11013	mũi tên trái|chiều hướng|chính|hướng tây|mũi tên|mũi tên trái|tây
8598	mũi tên lên bên trái|hướng|mũi tên|mũi tên lên bên trái|nhiều hướng|tây bắc
8597	mũi tên lên xuống|mũi tên|mũi tên hai chiều|mũi tên hai hướng|mũi tên lên xuống
8596	mũi tên trái phải|mũi tên|mũi tên hai chiều|mũi tên hai hướng|mũi tên trái phải
8622	mũi tên trái phải có dấu gạch chéo|mũi tên trái phải có dấu gạch chéo
8617	mũi tên phải cong sang trái|mũi tên|mũi tên phải cong sang trái
8618	mũi tên trái cong sang phải|mũi tên|mũi tên trái cong sang phải
10548	mũi tên phải cong lên|mũi tên|mũi tên phải cong lên
10549	mũi tên phải cong xuống|mũi tên|mũi tên phải cong xuống|xuống
128259	mũi tên thẳng đứng theo chiều kim đồng hồ|chiều kim đồng hồ|mũi tên|mũi tên thẳng đứng theo chiều kim đồng hồ|tải lại
128260	nút mũi tên ngược chiều kim đồng hồ|làm mới|mũi tên|ngược chiều kim đồng|nút mũi tên ngược chiều kim đồng hồ|tua lại
128281	mũi tên BACK|back|mũi tên|mũi tên BACK
128282	mũi tên END|end|mũi tên|mũi tên END
128283	mũi tên ON!|dấu|mũi tên|mũi tên ON!|on
128284	mũi tên SOON|mũi tên|mũi tên SOON|soon
128285	mũi tên TOP|lên|mũi tên|mũi tên TOP|top
128720	nơi thờ phụng|nơi thờ phụng|tôn giáo|tôn sùng
9883	biểu tượng nguyên tử|biểu tượng nguyên tử|người vô thần|nguyên tử
128329	om|hindu|om|tôn giáo
10017	ngôi sao sáu cánh|david|do thái|ngôi sao|ngôi sao sáu cánh|người do thái|tôn giáo
9784	pháp luân|bánh xe|đạo phật|pháp|pháp luân|phật giáo|tôn giáo
9775	âm dương|âm|đạo|dương|người theo đạo|tôn giáo
10013	thánh giá la-tinh|chữ thập|cơ đốc|thánh giá la-tinh|tôn giáo
9766	thập giá chính thống giáo|cơ đốc|thập giá|thập giá chính thống giáo|tôn giáo
9770	sao và trăng lưỡi liềm|hồi giáo|người theo đạo hồi|sao và trăng lưỡi liềm|tôn giáo
9774	biểu tượng hòa bình|biểu tượng hòa bình|hòa bình
128334	cây đèn menorah|cây đèn menorah|cây đèn nến|giá đỡ nến|tôn giáo
128303	ngôi sao sáu cánh có dấu chấm|may mắn|ngôi sao|ngôi sao sáu cánh có dấu chấm
129711	biểu tượng khanda|biểu tượng khanda|Deg Tegh Fateh|đức tin|Khalsa|Sikh|Sikh giáo|tôn giáo
9800	Bạch Dương|Bạch Dương|chòm sao|chòm sao Bạch Dương|cung hoàng đạo|cừu đực|lá số tử vi
9801	Kim Ngưu|bò đực|chòm sao|cung hoàng đạo|Kim Ngưu|lá số tử vi
9802	Song Tử|cung hoàng đạo|lá số tử vi|song sinh|Song Tử
9803	Cự Giải|con cua|Cự Giải|cung hoàng đạo|lá số tử vi
9804	Sư Tử|cung hoàng đạo|lá số tử vi|sư tử|Sư Tử
9805	Xử Nữ|cung hoàng đạo|lá số tử vi|Xử Nữ
9806	Thiên Bình|cân|cân đối|công bằng|cung hoàng đạo|lá số tử vi|Thiên Bình
9807	Bọ Cạp|bọ cạp|Bọ Cạp|cung bọ cạp|cung hoàng đạo|lá số tử vi|Thiên Yết
9808	Nhân Mã|cung hoàng đạo|lá số tử vi|người bắn cung|Nhân Mã
9809	Ma Kết|con dê|cung hoàng đạo|lá số tử vi|Ma Kết
9810	Bảo Bình|Bảo Bình|cung hoàng đạo|lá số tử vi|người mang|nước
9811	Song Ngư|con cá|cung hoàng đạo|lá số tử vi|Song Ngư
9934	Xà Phu|con rắn|cung hoàng đạo|người mang|rắn|Xà Phu
128256	nút xáo trộn bài|bắt chéo|mũi tên|nút xáo trộn bài
128257	nút lặp lại|chiều kim đồng hồ|lặp lại|mũi tên|nút lặp lại
128258	nút lặp lại một lần|chiều kim đồng hồ|một lần|mũi tên|nút lặp lại một lần
9654	nút phát|bên phải|mũi tên|nút phát|phát|tam giác
9193	nút tua đi nhanh|kép|mũi tên|mũi tên kép|nhanh|nút tua đi nhanh|phía trước|tua đi
9197	nút bài tiếp theo|bài tiếp theo|cảnh tiếp theo|mũi tên|nút bài tiếp theo|tam giác
9199	nút phát hoặc tạm dừng|bên phải|mũi tên|nút phát hoặc tạm dừng|phát|tạm dừng|tam giác
9664	nút tua lại|mũi tên|nút tua lại|tam giác|trái|tua lại
9194	nút tua lại nhanh|kép|mũi tên|mũi tên kép|nút tua lại nhanh|tua lại
9198	nút bài trước|bài trước|cảnh trước|mũi tên|nút bài cuối cùng|nút bài trước|tam giác
128316	nút đi lên|đỏ|mũi tên|nút|nút đi lên
9195	nút lên nhanh|kép|mũi tên|mũi tên kép|nút lên nhanh
128317	nút đi xuống|đỏ|mũi tên|nút|nút đi xuống|xuống
9196	nút xuống nhanh|kép|mũi tên|mũi tên kép|nút xuống nhanh|xuống
9208	nút tạm dừng|dọc|kép|nút tạm dừng|tạm dừng|thanh
9209	nút dừng|dừng|hình vuông|nút dừng
9210	nút ghi|ghi lại|hình tròn|nút ghi
9167	nút tháo|nút tháo|tháo
127910	rạp chiếu phim|bộ phim|máy ảnh|máy quay|phim ảnh|rạp chiếu phim
128261	nút mờ|độ sáng|mờ|nút mờ|thấp
128262	nút sáng|độ sáng|nút sáng|sáng
128246	vạch ăng-ten|ăng-ten|di động|điện thoại|vạch
128732	không dây|băng thông rộng|bộ định tuyến|điện thoại thông minh|hotspot|internet|kết nối|không dây|mạng|mạng lan|máy tính|wifi
128243	chế độ rung|chế độ|chế độ rung|di động|điện thoại|điện thoại di động|rung
128244	tắt điện thoại di động|di động|điện thoại|tắt|tắt điện thoại di động
9792	ký hiệu nữ|ký hiệu nữ|phụ nữ
9794	ký hiệu nam|đàn ông|ký hiệu nam
9895	biểu tượng chuyển giới|biểu tượng chuyển giới|người chuyển giới
10006	dấu nhân|×|dấu|hủy|nhân|x
10133	cộng|+|cộng|dấu|toán
10134	trừ|-|−|dấu|toán|trừ
10135	dấu chia|÷|chia|dấu|toán
129008	dấu bằng đậm|bằng|dấu bằng đậm|toán
9854	vô cực|mãi mãi|toàn cầu|vô cực|vô tận
8252	hai dấu chấm than|chấm câu|chấm than|dấu|hai dấu chấm than
8265	dấu chấm than và dấu chấm hỏi|chấm câu|chấm hỏi|chấm than|dấu|dấu chấm than và dấu chấm hỏi
10067	dấu chấm hỏi|chấm câu|dấu|dấu chấm hỏi|hỏi
10068	dấu chấm hỏi màu trắng|chấm|chấm câu|dấu chấm hỏi màu trắng|dấu hỏi|mờ
10069	dấu chấm than màu trắng|cảm thán|chấm|chấm than|dấu|dấu chấm than màu trắng|mờ
10071	dấu chấm than đỏ|!|cảm thán|chấm|chấm than|dấu|dấu chấm than|dấu chấm than đỏ
12336	dấu gạch ngang lượn sóng|dấu|dấu gạch ngang|dấu gạch ngang lượn sóng|lượn sóng
128177	đổi tiền|đổi tiền|ngân hàng|tiền|tiền tệ
128178	ký hiệu đô la đậm|đô la|ký hiệu đô la đậm|tiền|tiền tệ
9877	biểu tượng y tế|biểu tượng y tế|cán bộ|rắn thần|y học
9851	biểu tượng tái chế|biểu tượng tái chế|tái chế
9884	hoa diên vĩ|hiệp sĩ|hoa bách hợp|hoa diên vĩ
128305	biểu tượng đinh ba|biểu tượng|biểu tượng đinh ba|công cụ|đinh ba|neo|tàu
128219	thẻ tên|tên|thẻ
128304	ký hiệu của Nhật cho người mới bắt đầu|hình V|ký hiệu của Nhật cho người mới bắt đầu|lá|người mới bắt đầu|Nhật
11093	vòng tròn lớn đậm|o|vòng tròn|vòng tròn lớn đậm
9989	dấu chọn đậm màu trắng|✓|chọn|dấu|dấu chọn đậm màu trắng|dấu tích|nút
9745	hộp kiểm có dấu chọn|✓|chọn|dấu tích|hoàn thành|hộp|hộp kiểm có dấu chọn
10004	dấu chọn|✓|chọn|dấu|dấu kiểm|dấu tích
10060	dấu gạch chéo|dấu|dấu gạch chéo|hủy|nhân|x
10062	nút dấu gạch chéo|dấu|dấu nhân|hình vuông|nút dấu gạch chéo
10160	vòng lặp|cong|vòng lặp
10175	vòng lặp đôi|cong|kép|vòng lặp|vòng lặp đôi|vòng lặp kép
12349	ký hiệu thay đổi luân phiên|ký hiệu|ký hiệu thay đổi luân phiên|thay đổi luân phiên
10035	dấu hoa thị tám cánh|dấu hoa thị|dấu hoa thị tám cánh
10036	ngôi sao tám cánh|ngôi sao|ngôi sao tám cánh
10055	lấp lánh|lấp lánh
169	bản quyền|bản quyền
174	đã đăng ký|đã đăng ký
8482	nhãn hiệu|dấu|nhãn hiệu|tm
129759	bắn tung tóe|bắn tung tóe|ngày lễ|sơn|tràn|vết ố
128288	nhập chữ hoa la tinh|ABCD|chữ|chữ hoa|la tinh|nhập|nhập chữ hoa la tinh
128289	nhập chữ thường la tinh|abcd|chữ|chữ thường|la tinh|nhập|nhập chữ thường la tinh
128290	nhập số|1234|nhập|số
128291	nhập biểu tượng|〒♪&%|nhập|nhập biểu tượng
128292	nhập chữ cái la tinh|abc|bảng chữ cái|chữ cái|la tinh|nhập|nhập chữ cái la tinh
127344	nút A (nhóm máu)|a|nhóm máu|nhóm máu A|nút A (nhóm máu)
127374	nút AB (nhóm máu)|ab|nhóm máu|nhóm máu AB|nút AB (nhóm máu)
127345	nút B (nhóm máu)|b|nhóm máu|nhóm máu B|nút B (nhóm máu)
127377	nút CL|cl|nút CL
127378	nút COOL|cool|mát|nút COOL
127379	nút FREE|free|nút FREE
8505	thông tin|i|thông tin
127380	nút ID|danh tính|id|nút ID
9410	chữ M trong vòng tròn|chữ M trong vòng tròn|m|vòng tròn
127381	nút NEW|mới|new|nút NEW
127382	nút NG|ng|nút NG
127358	nút O (nhóm máu)|nhóm máu|nhóm máu O|nút O|nút O (nhóm máu)|o
127383	nút OK|nút OK|ok
127359	nút P|đỗ xe|nút P
127384	nút SOS|nút SOS|sos|trợ giúp
127385	nút UP!|dấu|nút UP!|up
127386	nút VS|đấu với|nút VS|vs
127489	nút Tiếng Nhật “tại đây”|“tại đây”|katakana|nút Tiếng Nhật “tại đây”|Tiếng Nhật
127490	nút Tiếng Nhật “phí dịch vụ”|“phí dịch vụ”|katakana|nút Tiếng Nhật “phí dịch vụ”|Tiếng Nhật
127543	nút Tiếng Nhật “số tiền hàng tháng”|“số tiền hàng tháng”|chữ tượng hình|nút Tiếng Nhật “số tiền hàng tháng”|Tiếng Nhật
127542	nút Tiếng Nhật “không miễn phí”|“không miễn phí”|chữ tượng hình|nút Tiếng Nhật “không miễn phí”|Tiếng Nhật
127535	nút Tiếng Nhật “đặt trước”|“đặt trước”|chữ tượng hình|nút Tiếng Nhật “đặt trước”|Tiếng Nhật
127568	nút Tiếng Nhật “mặc cả”|“mặc cả”|chữ tượng hình|nút Tiếng Nhật “mặc cả”|Tiếng Nhật
127545	nút Tiếng Nhật “giảm giá”|“giảm giá”|chữ tượng hình|nút Tiếng Nhật “giảm giá”|Tiếng Nhật
127514	nút Tiếng Nhật “miễn phí”|“miễn phí”|chữ tượng hình|nút Tiếng Nhật “miễn phí”|Tiếng Nhật
127538	nút Tiếng Nhật “bị cấm”|“bị cấm”|chữ tượng hình|nút Tiếng Nhật “bị cấm”|Tiếng Nhật
127569	nút Tiếng Nhật “có thể chấp nhận”|“có thể chấp nhận”|chữ tượng hình|nút Tiếng Nhật “có thể chấp nhận”|Tiếng Nhật
127544	nút Tiếng Nhật “đơn xin”|“đơn xin”|chữ tượng hình|nút Tiếng Nhật “đơn xin”|Tiếng Nhật
127540	nút Tiếng Nhật “vượt cấp”|“vượt cấp”|chữ tượng hình|nút Tiếng Nhật “vượt cấp”|Tiếng Nhật
127539	nút Tiếng Nhật “còn trống”|“còn trống”|chữ tượng hình|nút Tiếng Nhật “còn trống”|Tiếng Nhật
12951	nút Tiếng Nhật “chúc mừng”|“chúc mừng”|"chúc mừng" bằng tiếng Nhật|chữ tượng hình|nút Tiếng Nhật “chúc mừng”|Tiếng Nhật
12953	nút Tiếng Nhật “bí mật”|“bí mật”|chữ tượng hình|nút "bí mật" tiếng Nhật|nút Tiếng Nhật “bí mật”|Tiếng Nhật
127546	nút Tiếng Nhật “mở cửa kinh doanh”|“mở cửa kinh doanh”|chữ tượng hình|nút Tiếng Nhật “mở cửa kinh doanh”|Tiếng Nhật
127541	nút "hết phòng" bằng tiếng Nhật|“hết phòng”|chữ tượng hình|nút "hết phòng" bằng tiếng Nhật|nút Tiếng Nhật “hết phòng”|Tiếng Nhật
128308	hình tròn màu đỏ|đỏ|hình học|hình tròn|hình tròn màu đỏ
128992	hình tròn màu cam|da cam|hình tròn|hình tròn màu cam|màu cam|vòng tròn
128993	hình tròn màu vàng|hình tròn|hình tròn màu vàng|màu vàng|vòng tròn
128994	hình tròn màu xanh lá cây|hình tròn|hình tròn màu xanh lá cây|màu xanh lá cây|vòng tròn|xanh lá|xanh lục
128309	hình tròn màu lam|hình học|hình tròn|hình tròn màu lam|màu lam
128995	hình tròn màu tím|hình tròn|hình tròn màu tím|màu tím|tía|vòng tròn
128996	hình tròn màu nâu|hình tròn|hình tròn màu nâu|màu nâu|vòng tròn
9899	hình tròn màu đen|hình học|hình tròn|hình tròn màu đen
9898	hình tròn màu trắng|hình học|hình tròn|hình tròn màu trắng
128997	hình vuông màu đỏ|hình vuông|hình vuông màu đỏ|màu đỏ|ô vuông
128999	hình vuông màu cam|da cam|hình vuông|hình vuông màu cam|màu cam|ô vuông
129000	hình vuông màu vàng|hình vuông|hình vuông màu vàng|màu vàng|ô vuông
129001	hình vuông màu xanh lá cây|hình vuông|hình vuông màu xanh lá cây|màu xanh lá cây|ô vuông|xanh lá|xanh lục
128998	hình vuông màu xanh da trời|hình vuông|hình vuông màu xanh da trời|màu lam|màu xanh da trời|ô vuông
129002	hình vuông màu tím|hình vuông|hình vuông màu tím|màu tía|màu tím|ô vuông
129003	hình vuông màu nâu|hình vuông|hình vuông màu nâu|màu nâu|ô vuông
11035	hình vuông lớn màu đen|hình học|hình vuông|hình vuông lớn màu đen
11036	hình vuông lớn màu trắng|hình học|hình vuông|hình vuông lớn màu trắng
9724	hình vuông trung bình màu đen|hình học|hình vuông|hình vuông trung bình màu đen
9723	hình vuông trung bình màu trắng|hình học|hình vuông|hình vuông trung bình màu trắng
9726	hình vuông nhỏ vừa màu đen|hình học|hình vuông|hình vuông nhỏ vừa màu đen
9725	hình vuông nhỏ vừa màu trắng|hình học|hình vuông|hình vuông nhỏ vừa màu trắng
9642	hình vuông nhỏ màu đen|hình học|hình màu đen|hình vuông|hình vuông màu đen|hình vuông nhỏ màu đen
9643	hình vuông nhỏ màu trắng|hình học|hình màu trắng|hình vuông|hình vuông màu trắng|hình vuông nhỏ màu trắng
128310	hình thoi lớn màu cam|hình học|hình thoi|hình thoi lớn màu cam|màu cam
128311	hình thoi lớn màu lam|hình học|hình thoi|hình thoi lớn màu lam|màu lam
128312	hình thoi nhỏ màu cam|hình học|hình thoi|hình thoi nhỏ màu cam|màu cam
128313	hình thoi nhỏ màu lam|hình học|hình thoi|hình thoi nhỏ màu lam|màu lam
128314	tam giác màu đỏ trỏ lên trên|hình học|màu đỏ|tam giác màu đỏ trỏ lên trên
128315	tam giác màu đỏ trỏ xuống dưới|đỏ|hình học|tam giác màu đỏ trỏ xuống dưới|xuống
128160	hình thoi có dấu chấm|bên trong|hài hước|hình học|hình thoi|hình thoi có chấm|hình thoi có dấu chấm
128280	nút radio|hình học|nút|radio
128307	nút hình vuông màu trắng|hình học|hình vuông|mờ|nút|nút hình vuông màu trắng
128306	nút hình vuông màu đen|hình học|hình vuông|nút|nút hình vuông màu đen
127937	cờ ô vuông|ca rô|chiến thắng|cờ ô vuông|cuộc đua|thể thao
128681	cờ tam giác|cờ|cờ tam giác|đánh dấu|xây dựng
127884	cờ bắt chéo|bắt chéo|cờ bắt chéo|gạch chéo|kiểu nhật bản|lễ kỷ niệm
127988	cờ đen|cờ đen|vẫy
127987	cờ trắng|cờ trắng|vẫy
162	xu|cent|xu
36	đô la|đô la|peso|tiền|USD
163	bảng Anh|bảng Anh|EGP|GBP|tiền tệ
165	Yên Nhật|CNY|JPY|nhân dân tệ|tiền tệ|Yên Nhật
8354	cruzeiro|BRB|cruzeiro|tiền tệ
8355	đồng franc Pháp|đồng franc|đồng franc Pháp|tiền tệ
8356	lira|lira|tiền tệ
8357	mill|mil|mill
8361	won|KPW|KRW|won
8364	euro|EUR|euro|tiền tệ
8368	xu Đức|pfennig|tiền tệ|xu Đức
8369	peso|peso
8371	austral|ARA|austral|tiền tệ
8374	đồng livre|đồng livre|tiền tệ
8375	đồng spesmilo|đồng spesmilo|tiền tệ
8377	rupee Ấn Độ|rupee|rupee Ấn Độ|tiền tệ
8381	rúp|rúp|tiền tệ
8383	bitcoin|bitcoin|BTC
48	mũ phím: 0|0|không|mũ phím
49	mũ phím: 1|1|một|mũ phím
50	mũ phím: 2|2|hai|mũ phím
51	mũ phím: 3|3|ba|mũ phím
52	mũ phím: 4|4|bốn|mũ phím
53	mũ phím: 5|5|mũ phím|năm
54	mũ phím: 6|6|mũ phím|sáu
55	mũ phím: 7|7|bảy|mũ phím
56	mũ phím: 8|8|mũ phím|tám
57	mũ phím: 9|9|chín|mũ phím
185	mũ một|một|mũ
178	mũ hai|bình phương|hai|mũ hai|số mũ
179	mũ ba|ba|lũy thừa ba|mũ ba|số mũ
8360	rupee|rupee|tiền tệ
181	ký hiệu micro|đo lường|ký hiệu micro
65020	rial|rial|tiền tệ
