aa	af:Afar	af-NA:Afar	am:አፋርኛ	ar:الأفارية	ar-AE:الأفارية	ar-BH:الأفارية	ar-DJ:الأفارية	ar-DZ:الأفارية	ar-EG:الأفارية	ar-EH:الأفارية	ar-ER:الأفارية	ar-IL:الأفارية	ar-IQ:الأفارية	ar-JO:الأفارية	ar-KM:الأفارية	ar-KW:الأفارية	ar-LB:الأفارية	ar-LY:الأفارية	ar-MA:الأفارية	ar-MR:الأفارية
ab	ab:Аԥсшәа	af:Abkasies	af-NA:Abkasies	am:አብሐዚኛ	ar:الأبخازية	ar-AE:الأبخازية	ar-BH:الأبخازية	ar-DJ:الأبخازية	ar-DZ:الأبخازية	ar-EG:الأبخازية	ar-EH:الأبخازية	ar-ER:الأبخازية	ar-IL:الأبخازية	ar-IQ:الأبخازية	ar-JO:الأبخازية	ar-KM:الأبخازية	ar-KW:الأبخازية	ar-LB:الأبخازية	ar-LY:الأبخازية	ar-MA:الأبخازية
ace	af:Atsjenees	af-NA:Atsjenees	am:አቻይንኛ	ar:الأتشينيزية	ar-AE:الأتشينيزية	ar-BH:الأتشينيزية	ar-DJ:الأتشينيزية	ar-DZ:الأتشينيزية	ar-EG:الأتشينيزية	ar-EH:الأتشينيزية	ar-ER:الأتشينيزية	ar-IL:الأتشينيزية	ar-IQ:الأتشينيزية	ar-JO:الأتشينيزية	ar-KM:الأتشينيزية	ar-KW:الأتشينيزية	ar-LB:الأتشينيزية	ar-LY:الأتشينيزية	ar-MA:الأتشينيزية	ar-MR:الأتشينيزية
ach	af:Akoli	af-NA:Akoli	am:አኮሊኛ	ar:الأكولية	ar-AE:الأكولية	ar-BH:الأكولية	ar-DJ:الأكولية	ar-DZ:الأكولية	ar-EG:الأكولية	ar-EH:الأكولية	ar-ER:الأكولية	ar-IL:الأكولية	ar-IQ:الأكولية	ar-JO:الأكولية	ar-KM:الأكولية	ar-KW:الأكولية	ar-LB:الأكولية	ar-LY:الأكولية	ar-MA:الأكولية	ar-MR:الأكولية
ada	af:Adangme	af-NA:Adangme	am:አዳንግሜ	ar:الأدانجمية	ar-AE:الأدانجمية	ar-BH:الأدانجمية	ar-DJ:الأدانجمية	ar-DZ:الأدانجمية	ar-EG:الأدانجمية	ar-EH:الأدانجمية	ar-ER:الأدانجمية	ar-IL:الأدانجمية	ar-IQ:الأدانجمية	ar-JO:الأدانجمية	ar-KM:الأدانجمية	ar-KW:الأدانجمية	ar-LB:الأدانجمية	ar-LY:الأدانجمية	ar-MA:الأدانجمية	ar-MR:الأدانجمية
ady	af:Adyghe	af-NA:Adyghe	am:አድይግሄ	ar:الأديغة	ar-AE:الأديغة	ar-BH:الأديغة	ar-DJ:الأديغة	ar-DZ:الأديغة	ar-EG:الأديغة	ar-EH:الأديغة	ar-ER:الأديغة	ar-IL:الأديغة	ar-IQ:الأديغة	ar-JO:الأديغة	ar-KM:الأديغة	ar-KW:الأديغة	ar-LB:الأديغة	ar-LY:الأديغة	ar-MA:الأديغة	ar-MR:الأديغة
ae	am:አቬስታን	ar:الأفستية	ar-AE:الأفستية	ar-BH:الأفستية	ar-DJ:الأفستية	ar-DZ:الأفستية	ar-EG:الأفستية	ar-EH:الأفستية	ar-ER:الأفستية	ar-IL:الأفستية	ar-IQ:الأفستية	ar-JO:الأفستية	ar-KM:الأفستية	ar-KW:الأفستية	ar-LB:الأفستية	ar-LY:الأفستية	ar-MA:الأفستية	ar-MR:الأفستية	ar-OM:الأفستية	ar-PS:الأفستية
aeb	ast:árabe de Túnez	br:arabeg Tunizia	cs:arabština (tuniská)	cy:Arabeg Tunisia	de:Tunesisches Arabisch	de-AT:Tunesisches Arabisch	de-BE:Tunesisches Arabisch	de-CH:Tunesisches Arabisch	de-IT:Tunesisches Arabisch	de-LI:Tunesisches Arabisch	de-LU:Tunesisches Arabisch	en:Tunisian Arabic	en-001:Tunisian Arabic	en-150:Tunisian Arabic	en-AE:Tunisian Arabic	en-AG:Tunisian Arabic	en-AI:Tunisian Arabic	en-AS:Tunisian Arabic	en-AT:Tunisian Arabic	en-AU:Tunisian Arabic
af	af:Afrikaans	af-NA:Afrikaans	ak:Afrikaans	am:አፍሪካንኛ	ar:الأفريقانية	ar-AE:الأفريقانية	ar-BH:الأفريقانية	ar-DJ:الأفريقانية	ar-DZ:الأفريقانية	ar-EG:الأفريقانية	ar-EH:الأفريقانية	ar-ER:الأفريقانية	ar-IL:الأفريقانية	ar-IQ:الأفريقانية	ar-JO:الأفريقانية	ar-KM:الأفريقانية	ar-KW:الأفريقانية	ar-LB:الأفريقانية	ar-LY:الأفريقانية	ar-MA:الأفريقانية
afh	am:አፍሪሂሊ	ar:الأفريهيلية	ar-AE:الأفريهيلية	ar-BH:الأفريهيلية	ar-DJ:الأفريهيلية	ar-DZ:الأفريهيلية	ar-EG:الأفريهيلية	ar-EH:الأفريهيلية	ar-ER:الأفريهيلية	ar-IL:الأفريهيلية	ar-IQ:الأفريهيلية	ar-JO:الأفريهيلية	ar-KM:الأفريهيلية	ar-KW:الأفريهيلية	ar-LB:الأفريهيلية	ar-LY:الأفريهيلية	ar-MA:الأفريهيلية	ar-MR:الأفريهيلية	ar-OM:الأفريهيلية	ar-PS:الأفريهيلية
agq	af:Aghem	af-NA:Aghem	agq:Aghem	am:አገም	ar:الأغم	ar-AE:الأغم	ar-BH:الأغم	ar-DJ:الأغم	ar-DZ:الأغم	ar-EG:الأغم	ar-EH:الأغم	ar-ER:الأغم	ar-IL:الأغم	ar-IQ:الأغم	ar-JO:الأغم	ar-KM:الأغم	ar-KW:الأغم	ar-LB:الأغم	ar-LY:الأغم	ar-MA:الأغم
ain	af:Ainu	af-NA:Ainu	am:አይኑ	ar:الآينوية	ar-AE:الآينوية	ar-BH:الآينوية	ar-DJ:الآينوية	ar-DZ:الآينوية	ar-EG:الآينوية	ar-EH:الآينوية	ar-ER:الآينوية	ar-IL:الآينوية	ar-IQ:الآينوية	ar-JO:الآينوية	ar-KM:الآينوية	ar-KW:الآينوية	ar-LB:الآينوية	ar-LY:الآينوية	ar-MA:الآينوية	ar-MR:الآينوية
ak	af:Akan	af-NA:Akan	agq:Akan	ak:Akan	am:አካንኛ	ar:الأكانية	ar-AE:الأكانية	ar-BH:الأكانية	ar-DJ:الأكانية	ar-DZ:الأكانية	ar-EG:الأكانية	ar-EH:الأكانية	ar-ER:الأكانية	ar-IL:الأكانية	ar-IQ:الأكانية	ar-JO:الأكانية	ar-KM:الأكانية	ar-KW:الأكانية	ar-LB:الأكانية	ar-LY:الأكانية
akk	am:አካዲያን	ar:الأكادية	ar-AE:الأكادية	ar-BH:الأكادية	ar-DJ:الأكادية	ar-DZ:الأكادية	ar-EG:الأكادية	ar-EH:الأكادية	ar-ER:الأكادية	ar-IL:الأكادية	ar-IQ:الأكادية	ar-JO:الأكادية	ar-KM:الأكادية	ar-KW:الأكادية	ar-LB:الأكادية	ar-LY:الأكادية	ar-MA:الأكادية	ar-MR:الأكادية	ar-OM:الأكادية	ar-PS:الأكادية
akz	am:አላባማ	ast:alabama	br:alabamaeg	ca:alabama	ca-AD:alabama	ca-ES-valencia:alabama	ca-FR:alabama	ca-IT:alabama	cs:alabamština	cy:Alabamäeg	de:Alabama	de-AT:Alabama	de-BE:Alabama	de-CH:Alabama	de-IT:Alabama	de-LI:Alabama	de-LU:Alabama	en:Alabama	en-001:Alabama	en-150:Alabama
ale	af:Aleut	af-NA:Aleut	am:አልዩት	ar:الأليوتية	ar-AE:الأليوتية	ar-BH:الأليوتية	ar-DJ:الأليوتية	ar-DZ:الأليوتية	ar-EG:الأليوتية	ar-EH:الأليوتية	ar-ER:الأليوتية	ar-IL:الأليوتية	ar-IQ:الأليوتية	ar-JO:الأليوتية	ar-KM:الأليوتية	ar-KW:الأليوتية	ar-LB:الأليوتية	ar-LY:الأليوتية	ar-MA:الأليوتية	ar-MR:الأليوتية
aln	ast:gheg d’Albania	br:gegeg	ca:albanès geg	ca-AD:albanès geg	ca-ES-valencia:albanès geg	ca-FR:albanès geg	ca-IT:albanès geg	cs:albánština (Gheg)	cy:Ghegeg Albania	de:Gegisch	de-AT:Gegisch	de-BE:Gegisch	de-CH:Gegisch	de-IT:Gegisch	de-LI:Gegisch	de-LU:Gegisch	en:Gheg Albanian	en-001:Gheg Albanian	en-150:Gheg Albanian	en-AE:Gheg Albanian
alt	af:Suid-Altai	af-NA:Suid-Altai	am:ደቡባዊ አልታይ	ar:الألطائية الجنوبية	ar-AE:الألطائية الجنوبية	ar-BH:الألطائية الجنوبية	ar-DJ:الألطائية الجنوبية	ar-DZ:الألطائية الجنوبية	ar-EG:الألطائية الجنوبية	ar-EH:الألطائية الجنوبية	ar-ER:الألطائية الجنوبية	ar-IL:الألطائية الجنوبية	ar-IQ:الألطائية الجنوبية	ar-JO:الألطائية الجنوبية	ar-KM:الألطائية الجنوبية	ar-KW:الألطائية الجنوبية	ar-LB:الألطائية الجنوبية	ar-LY:الألطائية الجنوبية	ar-MA:الألطائية الجنوبية	ar-MR:الألطائية الجنوبية
am	af:Amharies	af-NA:Amharies	agq:Àmalì	ak:Amariki	am:አማርኛ	ar:الأمهرية	ar-AE:الأمهرية	ar-BH:الأمهرية	ar-DJ:الأمهرية	ar-DZ:الأمهرية	ar-EG:الأمهرية	ar-EH:الأمهرية	ar-ER:الأمهرية	ar-IL:الأمهرية	ar-IQ:الأمهرية	ar-JO:الأمهرية	ar-KM:الأمهرية	ar-KW:الأمهرية	ar-LB:الأمهرية	ar-LY:الأمهرية
an	af:Aragonees	af-NA:Aragonees	am:አራጎንስ	an:aragonés	ar:الأراغونية	ar-AE:الأراغونية	ar-BH:الأراغونية	ar-DJ:الأراغونية	ar-DZ:الأراغونية	ar-EG:الأراغونية	ar-EH:الأراغونية	ar-ER:الأراغونية	ar-IL:الأراغونية	ar-IQ:الأراغونية	ar-JO:الأراغونية	ar-KM:الأراغونية	ar-KW:الأراغونية	ar-LB:الأراغونية	ar-LY:الأراغونية	ar-MA:الأراغونية
ang	ar:الإنجليزية القديمة	ar-AE:الإنجليزية القديمة	ar-BH:الإنجليزية القديمة	ar-DJ:الإنجليزية القديمة	ar-DZ:الإنجليزية القديمة	ar-EG:الإنجليزية القديمة	ar-EH:الإنجليزية القديمة	ar-ER:الإنجليزية القديمة	ar-IL:الإنجليزية القديمة	ar-IQ:الإنجليزية القديمة	ar-JO:الإنجليزية القديمة	ar-KM:الإنجليزية القديمة	ar-KW:الإنجليزية القديمة	ar-LB:الإنجليزية القديمة	ar-LY:الإنجليزية القديمة	ar-MA:الإنجليزية القديمة	ar-MR:الإنجليزية القديمة	ar-OM:الإنجليزية القديمة	ar-PS:الإنجليزية القديمة	ar-QA:الإنجليزية القديمة
ann	af:Obolo	af-NA:Obolo	am:ኦቦሎ	ann:Obolo	ar:أوبلو	ar-AE:أوبلو	ar-BH:أوبلو	ar-DJ:أوبلو	ar-DZ:أوبلو	ar-EG:أوبلو	ar-EH:أوبلو	ar-ER:أوبلو	ar-IL:أوبلو	ar-IQ:أوبلو	ar-JO:أوبلو	ar-KM:أوبلو	ar-KW:أوبلو	ar-LB:أوبلو	ar-LY:أوبلو	ar-MA:أوبلو
anp	af:Angika	af-NA:Angika	am:አንጊካ	ar:الأنجيكا	ar-AE:الأنجيكا	ar-BH:الأنجيكا	ar-DJ:الأنجيكا	ar-DZ:الأنجيكا	ar-EG:الأنجيكا	ar-EH:الأنجيكا	ar-ER:الأنجيكا	ar-IL:الأنجيكا	ar-IQ:الأنجيكا	ar-JO:الأنجيكا	ar-KM:الأنجيكا	ar-KW:الأنجيكا	ar-LB:الأنجيكا	ar-LY:الأنجيكا	ar-MA:الأنجيكا	ar-MR:الأنجيكا
apc	apc:العامية	ba:левант ғәрәп	bal-Latn:Latwiái Arabi	blo:gjakalaŋ kagɩlaarɩbuja	cv:левант арап чӗлхи	eo:araba levantenia	et:Levandi araabia	fi:urduni	gd:Arabais Levantach	hu:levantei arab	ia:arabe levantin	ig:apcc	kk:араб тілі (леватин)	kk-Arab:شامي ءتىلى	kk-Cyrl:араб тілі (леватин)	kk-KZ:араб тілі (леватин)	ku:erebîya bakurê Şamê	ku-Latn:erebîya bakurê Şamê	ku-Latn-IQ:erebîya bakurê Şamê	ku-Latn-SY:erebîya bakurê Şamê
ar	af:Arabies	af-NA:Arabies	agq:Àlabì	ak:Arabeke	am:ዓረብኛ	ar:العربية	ar-AE:العربية	ar-BH:العربية	ar-DJ:العربية	ar-DZ:العربية	ar-EG:العربية	ar-EH:العربية	ar-ER:العربية	ar-IL:العربية	ar-IQ:العربية	ar-JO:العربية	ar-KM:العربية	ar-KW:العربية	ar-LB:العربية	ar-LY:العربية
ar-001	af:Moderne Standaardarabies	af-NA:Moderne Standaardarabies	ak:Arabeke Kasa Nhyehyɛeɛ Foforɔ	am:ዘመናዊ መደበኛ ዓረብኛ	ar:العربية الفصحى الحديثة	ar-AE:العربية الفصحى الحديثة	ar-BH:العربية الفصحى الحديثة	ar-DJ:العربية الفصحى الحديثة	ar-DZ:العربية الفصحى الحديثة	ar-EG:العربية الفصحى الحديثة	ar-EH:العربية الفصحى الحديثة	ar-ER:العربية الفصحى الحديثة	ar-IL:العربية الفصحى الحديثة	ar-IQ:العربية الفصحى الحديثة	ar-JO:العربية الفصحى الحديثة	ar-KM:العربية الفصحى الحديثة	ar-KW:العربية الفصحى الحديثة	ar-LB:العربية الفصحى الحديثة	ar-LY:العربية الفصحى الحديثة	ar-MA:العربية الفصحى الحديثة
arc	af:Aramees	af-NA:Aramees	am:አራማይክ	ar:الآرامية	ar-AE:الآرامية	ar-BH:الآرامية	ar-DJ:الآرامية	ar-DZ:الآرامية	ar-EG:الآرامية	ar-EH:الآرامية	ar-ER:الآرامية	ar-IL:الآرامية	ar-IQ:الآرامية	ar-JO:الآرامية	ar-KM:الآرامية	ar-KW:الآرامية	ar-LB:الآرامية	ar-LY:الآرامية	ar-MA:الآرامية	ar-MR:الآرامية
arn	af:Mapuche	af-NA:Mapuche	am:ማፑቼ	ar:المابودونغونية	ar-AE:المابودونغونية	ar-BH:المابودونغونية	ar-DJ:المابودونغونية	ar-DZ:المابودونغونية	ar-EG:المابودونغونية	ar-EH:المابودونغونية	ar-ER:المابودونغونية	ar-IL:المابودونغونية	ar-IQ:المابودونغونية	ar-JO:المابودونغونية	ar-KM:المابودونغونية	ar-KW:المابودونغونية	ar-LB:المابودونغونية	ar-LY:المابودونجونية	ar-MA:المابودونغونية	ar-MR:المابودونغونية
aro	am:አራኦና	ast:araona	br:araona	ca:araona	ca-AD:araona	ca-ES-valencia:araona	ca-FR:araona	ca-IT:araona	cs:araonština	cy:Araonaeg	de:Araona	de-AT:Araona	de-BE:Araona	de-CH:Araona	de-IT:Araona	de-LI:Araona	de-LU:Araona	en:Araona	en-001:Araona	en-150:Araona
arp	af:Arapaho	af-NA:Arapaho	am:አራፓሆ	ar:الأراباهو	ar-AE:الأراباهو	ar-BH:الأراباهو	ar-DJ:الأراباهو	ar-DZ:الأراباهو	ar-EG:الأراباهو	ar-EH:الأراباهو	ar-ER:الأراباهو	ar-IL:الأراباهو	ar-IQ:الأراباهو	ar-JO:الأراباهو	ar-KM:الأراباهو	ar-KW:الأراباهو	ar-LB:الأراباهو	ar-LY:الأراباهو	ar-MA:الأراباهو	ar-MR:الأراباهو
arq	am:የአልጄሪያ ዓረብኛ	ast:árabe d’Arxelia	br:arabeg Aljeria	cs:arabština (alžírská)	cy:Arabeg Algeria	de:Algerisches Arabisch	de-AT:Algerisches Arabisch	de-BE:Algerisches Arabisch	de-CH:Algerisches Arabisch	de-IT:Algerisches Arabisch	de-LI:Algerisches Arabisch	de-LU:Algerisches Arabisch	en:Algerian Arabic	en-001:Algerian Arabic	en-150:Algerian Arabic	en-AE:Algerian Arabic	en-AG:Algerian Arabic	en-AI:Algerian Arabic	en-AS:Algerian Arabic	en-AT:Algerian Arabic
ars	af:Najdi-Arabies	af-NA:Najdi-Arabies	am:ናጅዲ አረብኛ	ar:اللهجة النجدية	ar-AE:اللهجة النجدية	ar-BH:اللهجة النجدية	ar-DJ:اللهجة النجدية	ar-DZ:اللهجة النجدية	ar-EG:اللهجة النجدية	ar-EH:اللهجة النجدية	ar-ER:اللهجة النجدية	ar-IL:اللهجة النجدية	ar-IQ:اللهجة النجدية	ar-JO:اللهجة النجدية	ar-KM:اللهجة النجدية	ar-KW:اللهجة النجدية	ar-LB:اللهجة النجدية	ar-LY:اللهجة النجدية	ar-MA:اللهجة النجدية	ar-MR:اللهجة النجدية
arw	am:አራዋክ	ar:الأراواكية	ar-AE:الأراواكية	ar-BH:الأراواكية	ar-DJ:الأراواكية	ar-DZ:الأراواكية	ar-EG:الأراواكية	ar-EH:الأراواكية	ar-ER:الأراواكية	ar-IL:الأراواكية	ar-IQ:الأراواكية	ar-JO:الأراواكية	ar-KM:الأراواكية	ar-KW:الأراواكية	ar-LB:الأراواكية	ar-LY:الأراواكية	ar-MA:الأراواكية	ar-MR:الأراواكية	ar-OM:الأراواكية	ar-PS:الأراواكية
ary	ast:árabe de Marruecos	br:arabeg Maroko	cs:arabština (marocká)	cy:Arabeg Moroco	de:Marokkanisches Arabisch	de-AT:Marokkanisches Arabisch	de-BE:Marokkanisches Arabisch	de-CH:Marokkanisches Arabisch	de-IT:Marokkanisches Arabisch	de-LI:Marokkanisches Arabisch	de-LU:Marokkanisches Arabisch	en:Moroccan Arabic	en-001:Moroccan Arabic	en-150:Moroccan Arabic	en-AE:Moroccan Arabic	en-AG:Moroccan Arabic	en-AI:Moroccan Arabic	en-AS:Moroccan Arabic	en-AT:Moroccan Arabic	en-AU:Moroccan Arabic
arz	ast:árabe d’Exiptu	br:arabeg Egipt	ca:àrab egipci	ca-AD:àrab egipci	ca-ES-valencia:àrab egipci	ca-FR:àrab egipci	ca-IT:àrab egipci	cs:arabština (egyptská)	cy:Arabeg yr Aifft	de:Ägyptisches Arabisch	de-AT:Ägyptisches Arabisch	de-BE:Ägyptisches Arabisch	de-CH:Ägyptisches Arabisch	de-IT:Ägyptisches Arabisch	de-LI:Ägyptisches Arabisch	de-LU:Ägyptisches Arabisch	en:Egyptian Arabic	en-001:Egyptian Arabic	en-150:Egyptian Arabic	en-AE:Egyptian Arabic
as	af:Assamees	af-NA:Assamees	ak:Asamese	am:አሳሜዝ	ar:الأسامية	ar-AE:الأسامية	ar-BH:الأسامية	ar-DJ:الأسامية	ar-DZ:الأسامية	ar-EG:الأسامية	ar-EH:الأسامية	ar-ER:الأسامية	ar-IL:الأسامية	ar-IQ:الأسامية	ar-JO:الأسامية	ar-KM:الأسامية	ar-KW:الأسامية	ar-LB:الأسامية	ar-LY:الأسامية	ar-MA:الأسامية
asa	af:Asu	af-NA:Asu	am:አሱ	ar:الآسو	ar-AE:الآسو	ar-BH:الآسو	ar-DJ:الآسو	ar-DZ:الآسو	ar-EG:الآسو	ar-EH:الآسو	ar-ER:الآسو	ar-IL:الآسو	ar-IQ:الآسو	ar-JO:الآسو	ar-KM:الآسو	ar-KW:الآسو	ar-LB:الآسو	ar-LY:الآسو	ar-MA:الآسو	ar-MR:الآسو
ase	am:የአሜሪካ የምልክት ቋንቋ	ast:llingua de signos americana	br:yezh sinoù Amerika	ca:llengua de signes americana	ca-AD:llengua de signes americana	ca-ES-valencia:llengua de signes americana	ca-FR:llengua de signes americana	ca-IT:llengua de signes americana	cs:znaková řeč (americká)	cy:Iaith Arwyddion America	de:Amerikanische Gebärdensprache	de-AT:Amerikanische Gebärdensprache	de-BE:Amerikanische Gebärdensprache	de-CH:Amerikanische Gebärdensprache	de-IT:Amerikanische Gebärdensprache	de-LI:Amerikanische Gebärdensprache	de-LU:Amerikanische Gebärdensprache	en:American Sign Language	en-001:American Sign Language	en-150:American Sign Language
ast	af:Asturies	af-NA:Asturies	ak:Asturiani	am:አስቱሪያንኛ	ar:الأسترية	ar-AE:الأسترية	ar-BH:الأسترية	ar-DJ:الأسترية	ar-DZ:الأسترية	ar-EG:الأسترية	ar-EH:الأسترية	ar-ER:الأسترية	ar-IL:الأسترية	ar-IQ:الأسترية	ar-JO:الأسترية	ar-KM:الأسترية	ar-KW:الأسترية	ar-LB:الأسترية	ar-LY:الأسترية	ar-MA:الأسترية
atj	af:Atikamekw	af-NA:Atikamekw	am:አቲካምከው	ar:الأتيكاميكو	ar-AE:الأتيكاميكو	ar-BH:الأتيكاميكو	ar-DJ:الأتيكاميكو	ar-DZ:الأتيكاميكو	ar-EG:الأتيكاميكو	ar-EH:الأتيكاميكو	ar-ER:الأتيكاميكو	ar-IL:الأتيكاميكو	ar-IQ:الأتيكاميكو	ar-JO:الأتيكاميكو	ar-KM:الأتيكاميكو	ar-KW:الأتيكاميكو	ar-LB:الأتيكاميكو	ar-LY:الأتيكاميكو	ar-MA:الأتيكاميكو	ar-MR:الأتيكاميكو
av	af:Avaries	af-NA:Avaries	am:አቫሪክ	ar:الأوارية	ar-AE:الأوارية	ar-BH:الأوارية	ar-DJ:الأوارية	ar-DZ:الأوارية	ar-EG:الأوارية	ar-EH:الأوارية	ar-ER:الأوارية	ar-IL:الأوارية	ar-IQ:الأوارية	ar-JO:الأوارية	ar-KM:الأوارية	ar-KW:الأوارية	ar-LB:الأوارية	ar-LY:الأوارية	ar-MA:الأوارية	ar-MR:الأوارية
avk	ast:kotava	cs:kotava	de:Kotava	de-AT:Kotava	de-BE:Kotava	de-CH:Kotava	de-IT:Kotava	de-LI:Kotava	de-LU:Kotava	en:Kotava	en-001:Kotava	en-150:Kotava	en-AE:Kotava	en-AG:Kotava	en-AI:Kotava	en-AS:Kotava	en-AT:Kotava	en-AU:Kotava	en-BB:Kotava	en-BE:Kotava
awa	af:Awadhi	af-NA:Awadhi	am:አዋድሂ	ar:الأوادية	ar-AE:الأوادية	ar-BH:الأوادية	ar-DJ:الأوادية	ar-DZ:الأوادية	ar-EG:الأوادية	ar-EH:الأوادية	ar-ER:الأوادية	ar-IL:الأوادية	ar-IQ:الأوادية	ar-JO:الأوادية	ar-KM:الأوادية	ar-KW:الأوادية	ar-LB:الأوادية	ar-LY:الأوادية	ar-MA:الأوادية	ar-MR:الأوادية
ay	af:Aymara	af-NA:Aymara	am:አያማርኛ	ar:الأيمارا	ar-AE:الأيمارا	ar-BH:الأيمارا	ar-DJ:الأيمارا	ar-DZ:الأيمارا	ar-EG:الأيمارا	ar-EH:الأيمارا	ar-ER:الأيمارا	ar-IL:الأيمارا	ar-IQ:الأيمارا	ar-JO:الأيمارا	ar-KM:الأيمارا	ar-KW:الأيمارا	ar-LB:الأيمارا	ar-LY:الأيمارا	ar-MA:الأيمارا	ar-MR:الأيمارا
az	af:Azerbeidjans	af-NA:Azerbeidjans	ak:Asabegyanni	am:አዘርባጃንኛ	ar:الأذربيجانية	ar-AE:الأذربيجانية	ar-BH:الأذربيجانية	ar-DJ:الأذربيجانية	ar-DZ:الأذربيجانية	ar-EG:الأذربيجانية	ar-EH:الأذربيجانية	ar-ER:الأذربيجانية	ar-IL:الأذربيجانية	ar-IQ:الأذربيجانية	ar-JO:الأذربيجانية	ar-KM:الأذربيجانية	ar-KW:الأذربيجانية	ar-LB:الأذربيجانية	ar-LY:الأذربيجانية	ar-MA:الأذربيجانية
az-Arab	az:cənubi azərbaycan	az-Arab:تۆرکجه	az-Arab-IQ:تۆرکجه	az-Arab-TR:تۆرکجه	az-Latn:cənubi azərbaycan	ckb:ئازەربایجانی باشووری	ckb-IR:ئازەربایجانی باشووری	cy:Aserbaijaneg Deheuol	fa:ترکی آذری جنوبی	fa-AF:ترکی آذری جنوبی	hr:južnoazerbajdžanski	hr-BA:južnoazerbajdžanski	kgp:aseri sur	ksh:Södasserbaidschahnesch	lrc:آذأری ھارگە	lrc-IQ:آذأری ھارگە	lv:dienvidazerbaidžāņu	mzn:جنوبی آذری ترکی	pt:azeri sul	pt-AO:azeri sul
ba	af:Baskir	af-NA:Baskir	am:ባስኪርኛ	ar:الباشكيرية	ar-AE:الباشكيرية	ar-BH:الباشكيرية	ar-DJ:الباشكيرية	ar-DZ:الباشكيرية	ar-EG:الباشكيرية	ar-EH:الباشكيرية	ar-ER:الباشكيرية	ar-IL:الباشكيرية	ar-IQ:الباشكيرية	ar-JO:الباشكيرية	ar-KM:الباشكيرية	ar-KW:الباشكيرية	ar-LB:الباشكيرية	ar-LY:الباشكيرية	ar-MA:الباشكيرية	ar-MR:الباشكيرية
bal	af:Baloetsji	af-NA:Baloetsji	ak:Balukyi	am:ባሉቺ	ar:البلوشية	ar-AE:البلوشية	ar-BH:البلوشية	ar-DJ:البلوشية	ar-DZ:البلوشية	ar-EG:البلوشية	ar-EH:البلوشية	ar-ER:البلوشية	ar-IL:البلوشية	ar-IQ:البلوشية	ar-JO:البلوشية	ar-KM:البلوشية	ar-KW:البلوشية	ar-LB:البلوشية	ar-LY:البلوشية	ar-MA:البلوشية
bal-Latn	bal-Latn:Balóchi (Látin)
ban	af:Balinees	af-NA:Balinees	am:ባሊኔስ	ar:البالينية	ar-AE:البالينية	ar-BH:البالينية	ar-DJ:البالينية	ar-DZ:البالينية	ar-EG:البالينية	ar-EH:البالينية	ar-ER:البالينية	ar-IL:البالينية	ar-IQ:البالينية	ar-JO:البالينية	ar-KM:البالينية	ar-KW:البالينية	ar-LB:البالينية	ar-LY:البالينية	ar-MA:البالينية	ar-MR:البالينية
bar	am:ባቫሪያን	ast:bávaru	br:bavarieg	ca:bavarès	ca-AD:bavarès	ca-ES-valencia:bavarès	ca-FR:bavarès	ca-IT:bavarès	cs:bavorština	de:Bairisch	de-AT:Bairisch	de-BE:Bairisch	de-CH:Bairisch	de-IT:Bairisch	de-LI:Bairisch	de-LU:Bairisch	en:Bavarian	en-001:Bavarian	en-150:Bavarian	en-AE:Bavarian
bas	af:Basaa	af-NA:Basaa	am:ባሳ	ar:الباسا	ar-AE:الباسا	ar-BH:الباسا	ar-DJ:الباسا	ar-DZ:الباسا	ar-EG:الباسا	ar-EH:الباسا	ar-ER:الباسا	ar-IL:الباسا	ar-IQ:الباسا	ar-JO:الباسا	ar-KM:الباسا	ar-KW:الباسا	ar-LB:الباسا	ar-LY:الباسا	ar-MA:الباسا	ar-MR:الباسا
bax	am:ባሙን	ar:بامن	ar-AE:بامن	ar-BH:بامن	ar-DJ:بامن	ar-DZ:بامن	ar-EG:بامن	ar-EH:بامن	ar-ER:بامن	ar-IL:بامن	ar-IQ:بامن	ar-JO:بامن	ar-KM:بامن	ar-KW:بامن	ar-LB:بامن	ar-LY:بامن	ar-MA:بامن	ar-MR:بامن	ar-OM:بامن	ar-PS:بامن
bbc	am:ባታካ ቶባ	ast:batak toba	cs:batak toba	de:Batak Toba	de-AT:Batak Toba	de-BE:Batak Toba	de-CH:Batak Toba	de-IT:Batak Toba	de-LI:Batak Toba	de-LU:Batak Toba	en:Batak Toba	en-001:Batak Toba	en-150:Batak Toba	en-AE:Batak Toba	en-AG:Batak Toba	en-AI:Batak Toba	en-AS:Batak Toba	en-AT:Batak Toba	en-AU:Batak Toba	en-BB:Batak Toba
bbj	ar:لغة الغومالا	ar-AE:لغة الغومالا	ar-BH:لغة الغومالا	ar-DJ:لغة الغومالا	ar-DZ:لغة الغومالا	ar-EG:لغة الغومالا	ar-EH:لغة الغومالا	ar-ER:لغة الغومالا	ar-IL:لغة الغومالا	ar-IQ:لغة الغومالا	ar-JO:لغة الغومالا	ar-KM:لغة الغومالا	ar-KW:لغة الغومالا	ar-LB:لغة الغومالا	ar-LY:لغة الغومالا	ar-MA:لغة الغومالا	ar-MR:لغة الغومالا	ar-OM:لغة الغومالا	ar-PS:لغة الغومالا	ar-QA:لغة الغومالا
be	af:Belarussies	af-NA:Belarussies	agq:Bɛ̀làlusàn	ak:Belarus kasa	am:ቤላራሻኛ	ar:البيلاروسية	ar-AE:البيلاروسية	ar-BH:البيلاروسية	ar-DJ:البيلاروسية	ar-DZ:البيلاروسية	ar-EG:البيلاروسية	ar-EH:البيلاروسية	ar-ER:البيلاروسية	ar-IL:البيلاروسية	ar-IQ:البيلاروسية	ar-JO:البيلاروسية	ar-KM:البيلاروسية	ar-KW:البيلاروسية	ar-LB:البيلاروسية	ar-LY:البيلاروسية
bej	am:ቤጃ	ar:البيجا	ar-AE:البيجا	ar-BH:البيجا	ar-DJ:البيجا	ar-DZ:البيجا	ar-EG:البيجا	ar-EH:البيجا	ar-ER:البيجا	ar-IL:البيجا	ar-IQ:البيجا	ar-JO:البيجا	ar-KM:البيجا	ar-KW:البيجا	ar-LB:البيجا	ar-LY:البيجا	ar-MA:البيجا	ar-MR:البيجا	ar-OM:البيجا	ar-PS:البيجا
bem	af:Bemba	af-NA:Bemba	am:ቤምባ	ar:البيمبا	ar-AE:البيمبا	ar-BH:البيمبا	ar-DJ:البيمبا	ar-DZ:البيمبا	ar-EG:البيمبا	ar-EH:البيمبا	ar-ER:البيمبا	ar-IL:البيمبا	ar-IQ:البيمبا	ar-JO:البيمبا	ar-KM:البيمبا	ar-KW:البيمبا	ar-LB:البيمبا	ar-LY:البيمبا	ar-MA:البيمبا	ar-MR:البيمبا
bew	am:ቤታዊ	ast:betawi	ba:бетави	bal-Latn:Betawi	blo:Betawii kagɩja	cs:batavština	cv:батав чӗлхи	de:Betawi	de-AT:Betawi	de-BE:Betawi	de-CH:Betawi	de-IT:Betawi	de-LI:Betawi	de-LU:Betawi	en:Betawi	en-001:Betawi	en-150:Betawi	en-AE:Betawi	en-AG:Betawi	en-AI:Betawi
bez	af:Bena	af-NA:Bena	am:ቤና	ar:بينا	ar-AE:بينا	ar-BH:بينا	ar-DJ:بينا	ar-DZ:بينا	ar-EG:بينا	ar-EH:بينا	ar-ER:بينا	ar-IL:بينا	ar-IQ:بينا	ar-JO:بينا	ar-KM:بينا	ar-KW:بينا	ar-LB:بينا	ar-LY:بينا	ar-MA:بينا	ar-MR:بينا
bfd	am:ባፉት	ar:لغة البافوت	ar-AE:لغة البافوت	ar-BH:لغة البافوت	ar-DJ:لغة البافوت	ar-DZ:لغة البافوت	ar-EG:لغة البافوت	ar-EH:لغة البافوت	ar-ER:لغة البافوت	ar-IL:لغة البافوت	ar-IQ:لغة البافوت	ar-JO:لغة البافوت	ar-KM:لغة البافوت	ar-KW:لغة البافوت	ar-LB:لغة البافوت	ar-LY:لغة البافوت	ar-MA:لغة البافوت	ar-MR:لغة البافوت	ar-OM:لغة البافوت	ar-PS:لغة البافوت
bfq	am:ባዳጋ	ast:badaga	ca:badaga	ca-AD:badaga	ca-ES-valencia:badaga	ca-FR:badaga	ca-IT:badaga	cs:badagština	cy:Badaga	de:Badaga	de-AT:Badaga	de-BE:Badaga	de-CH:Badaga	de-IT:Badaga	de-LI:Badaga	de-LU:Badaga	en:Badaga	en-001:Badaga	en-150:Badaga	en-AE:Badaga
bg	af:Bulgaars	af-NA:Bulgaars	agq:Bùugɨlìa	ak:Bɔlgeria kasa	am:ቡልጋሪኛ	ar:البلغارية	ar-AE:البلغارية	ar-BH:البلغارية	ar-DJ:البلغارية	ar-DZ:البلغارية	ar-EG:البلغارية	ar-EH:البلغارية	ar-ER:البلغارية	ar-IL:البلغارية	ar-IQ:البلغارية	ar-JO:البلغارية	ar-KM:البلغارية	ar-KW:البلغارية	ar-LB:البلغارية	ar-LY:البلغارية
bgc	af:Haryanvi	af-NA:Haryanvi	ak:Harianvi	am:ሃርያንቪኛ	ar:الهارينفية	ar-AE:الهارينفية	ar-BH:الهارينفية	ar-DJ:الهارينفية	ar-DZ:الهارينفية	ar-EG:الهارينفية	ar-EH:الهارينفية	ar-ER:الهارينفية	ar-IL:الهارينفية	ar-IQ:الهارينفية	ar-JO:الهارينفية	ar-KM:الهارينفية	ar-KW:الهارينفية	ar-LB:الهارينفية	ar-LY:الهارينفية	ar-MA:الهارينفية
bgn	af:Wes-Balochi	af-NA:Wes-Balochi	am:የምዕራብ ባሎቺ	ar:البلوشية الغربية	ar-AE:البلوشية الغربية	ar-BH:البلوشية الغربية	ar-DJ:البلوشية الغربية	ar-DZ:البلوشية الغربية	ar-EG:البلوشية الغربية	ar-EH:البلوشية الغربية	ar-ER:البلوشية الغربية	ar-IL:البلوشية الغربية	ar-IQ:البلوشية الغربية	ar-JO:البلوشية الغربية	ar-KM:البلوشية الغربية	ar-KW:البلوشية الغربية	ar-LB:البلوشية الغربية	ar-LY:البلوشية الغربية	ar-MA:البلوشية الغربية	ar-MR:البلوشية الغربية
bho	af:Bhojpuri	af-NA:Bhojpuri	ak:Bopuri	am:ቦጅፑሪ	ar:البهوجبورية	ar-AE:البهوجبورية	ar-BH:البهوجبورية	ar-DJ:البهوجبورية	ar-DZ:البهوجبورية	ar-EG:البهوجبورية	ar-EH:البهوجبورية	ar-ER:البهوجبورية	ar-IL:البهوجبورية	ar-IQ:البهوجبورية	ar-JO:البهوجبورية	ar-KM:البهوجبورية	ar-KW:البهوجبورية	ar-LB:البهوجبورية	ar-LY:البهوجبورية	ar-MA:البهوجبورية
bi	af:Bislama	af-NA:Bislama	am:ቢስላምኛ	ar:البيسلامية	ar-AE:البيسلامية	ar-BH:البيسلامية	ar-DJ:البيسلامية	ar-DZ:البيسلامية	ar-EG:البيسلامية	ar-EH:البيسلامية	ar-ER:البيسلامية	ar-IL:البيسلامية	ar-IQ:البيسلامية	ar-JO:البيسلامية	ar-KM:البيسلامية	ar-KW:البيسلامية	ar-LB:البيسلامية	ar-LY:البيسلامية	ar-MA:البيسلامية	ar-MR:البيسلامية
bik	am:ቢኮል	ar:البيكولية	ar-AE:البيكولية	ar-BH:البيكولية	ar-DJ:البيكولية	ar-DZ:البيكولية	ar-EG:البيكولية	ar-EH:البيكولية	ar-ER:البيكولية	ar-IL:البيكولية	ar-IQ:البيكولية	ar-JO:البيكولية	ar-KM:البيكولية	ar-KW:البيكولية	ar-LB:البيكولية	ar-LY:البيكولية	ar-MA:البيكولية	ar-MR:البيكولية	ar-OM:البيكولية	ar-PS:البيكولية
bin	af:Bini	af-NA:Bini	am:ቢኒ	ar:البينية	ar-AE:البينية	ar-BH:البينية	ar-DJ:البينية	ar-DZ:البينية	ar-EG:البينية	ar-EH:البينية	ar-ER:البينية	ar-IL:البينية	ar-IQ:البينية	ar-JO:البينية	ar-KM:البينية	ar-KW:البينية	ar-LB:البينية	ar-LY:البينية	ar-MA:البينية	ar-MR:البينية
bjn	am:ባንጃር	ast:banjar	cs:bandžarština	de:Banjaresisch	de-AT:Banjaresisch	de-BE:Banjaresisch	de-CH:Banjaresisch	de-IT:Banjaresisch	de-LI:Banjaresisch	de-LU:Banjaresisch	en:Banjar	en-001:Banjar	en-150:Banjar	en-AE:Banjar	en-AG:Banjar	en-AI:Banjar	en-AS:Banjar	en-AT:Banjar	en-AU:Banjar	en-BB:Banjar
bkm	ar:لغة الكوم	ar-AE:لغة الكوم	ar-BH:لغة الكوم	ar-DJ:لغة الكوم	ar-DZ:لغة الكوم	ar-EG:لغة الكوم	ar-EH:لغة الكوم	ar-ER:لغة الكوم	ar-IL:لغة الكوم	ar-IQ:لغة الكوم	ar-JO:لغة الكوم	ar-KM:لغة الكوم	ar-KW:لغة الكوم	ar-LB:لغة الكوم	ar-LY:لغة الكوم	ar-MA:لغة الكوم	ar-MR:لغة الكوم	ar-OM:لغة الكوم	ar-PS:لغة الكوم	ar-QA:لغة الكوم
bla	af:Siksika	af-NA:Siksika	am:ሲክሲካ	ar:السيكسيكية	ar-AE:السيكسيكية	ar-BH:السيكسيكية	ar-DJ:السيكسيكية	ar-DZ:السيكسيكية	ar-EG:السيكسيكية	ar-EH:السيكسيكية	ar-ER:السيكسيكية	ar-IL:السيكسيكية	ar-IQ:السيكسيكية	ar-JO:السيكسيكية	ar-KM:السيكسيكية	ar-KW:السيكسيكية	ar-LB:السيكسيكية	ar-LY:السيكسيكية	ar-MA:السيكسيكية	ar-MR:السيكسيكية
blo	af:Anii	af-NA:Anii	ak:Anii	am:አኒኛ	ar:الآنية	ar-AE:الآنية	ar-BH:الآنية	ar-DJ:الآنية	ar-DZ:الآنية	ar-EG:الآنية	ar-EH:الآنية	ar-ER:الآنية	ar-IL:الآنية	ar-IQ:الآنية	ar-JO:الآنية	ar-KM:الآنية	ar-KW:الآنية	ar-LB:الآنية	ar-LY:الآنية	ar-MA:الآنية
blt	ba:тай дам	bal-Latn:Tái Dam	blo:Taii Ɖam kagɩja	blt:ꪼꪕꪒꪾ	cv:тай-дам чӗлхи	en:Tai Dam	en-001:Tai Dam	en-150:Tai Dam	en-AE:Tai Dam	en-AG:Tai Dam	en-AI:Tai Dam	en-AS:Tai Dam	en-AT:Tai Dam	en-AU:Tai Dam	en-BB:Tai Dam	en-BE:Tai Dam	en-BI:Tai Dam	en-BM:Tai Dam	en-BS:Tai Dam	en-BW:Tai Dam
bm	af:Bambara	af-NA:Bambara	am:ባምባርኛ	ar:البامبارا	ar-AE:البامبارا	ar-BH:البامبارا	ar-DJ:البامبارا	ar-DZ:البامبارا	ar-EG:البامبارا	ar-EH:البامبارا	ar-ER:البامبارا	ar-IL:البامبارا	ar-IQ:البامبارا	ar-JO:البامبارا	ar-KM:البامبارا	ar-KW:البامبارا	ar-LB:البامبارا	ar-LY:البامبارا	ar-MA:البامبارا	ar-MR:البامبارا
bn	af:Bengaals	af-NA:Bengaals	agq:Bɨ̀ŋgalì	ak:Bengali kasa	am:ቤንጋሊኛ	ar:البنغالية	ar-AE:البنغالية	ar-BH:البنغالية	ar-DJ:البنغالية	ar-DZ:البنغالية	ar-EG:البنغالية	ar-EH:البنغالية	ar-ER:البنغالية	ar-IL:البنغالية	ar-IQ:البنغالية	ar-JO:البنغالية	ar-KM:البنغالية	ar-KW:البنغالية	ar-LB:البنغالية	ar-LY:البنغالية
bo	af:Tibettaans	af-NA:Tibettaans	am:ቲቤታንኛ	ar:التبتية	ar-AE:التبتية	ar-BH:التبتية	ar-DJ:التبتية	ar-DZ:التبتية	ar-EG:التبتية	ar-EH:التبتية	ar-ER:التبتية	ar-IL:التبتية	ar-IQ:التبتية	ar-JO:التبتية	ar-KM:التبتية	ar-KW:التبتية	ar-LB:التبتية	ar-LY:التبتية	ar-MA:التبتية	ar-MR:التبتية
bpy	am:ቢሹንፑሪያ	ast:bishnupriya	cs:bišnuprijskomanipurština	de:Bishnupriya	de-AT:Bishnupriya	de-BE:Bishnupriya	de-CH:Bishnupriya	de-IT:Bishnupriya	de-LI:Bishnupriya	de-LU:Bishnupriya	en:Bishnupriya	en-001:Bishnupriya	en-150:Bishnupriya	en-AE:Bishnupriya	en-AG:Bishnupriya	en-AI:Bishnupriya	en-AS:Bishnupriya	en-AT:Bishnupriya	en-AU:Bishnupriya	en-BB:Bishnupriya
bqi	am:ባክህቲያሪ	ast:bakhtiari	ba:бәхтиәр	blo:Baktiyarii kagɩja	cs:bachtijárština	cv:бахтияр чӗлхи	de:Bachtiarisch	de-AT:Bachtiarisch	de-BE:Bachtiarisch	de-CH:Bachtiarisch	de-IT:Bachtiarisch	de-LI:Bachtiarisch	de-LU:Bachtiarisch	en:Bakhtiari	en-001:Bakhtiari	en-150:Bakhtiari	en-AE:Bakhtiari	en-AG:Bakhtiari	en-AI:Bakhtiari	en-AS:Bakhtiari
br	af:Bretons	af-NA:Bretons	ak:Britenni	am:ብሬቶንኛ	ar:البريتونية	ar-AE:البريتونية	ar-BH:البريتونية	ar-DJ:البريتونية	ar-DZ:البريتونية	ar-EG:البريتونية	ar-EH:البريتونية	ar-ER:البريتونية	ar-IL:البريتونية	ar-IQ:البريتونية	ar-JO:البريتونية	ar-KM:البريتونية	ar-KW:البريتونية	ar-LB:البريتونية	ar-LY:البريتونية	ar-MA:البريتونية
bra	am:ብራጅ	ar:البراجية	ar-AE:البراجية	ar-BH:البراجية	ar-DJ:البراجية	ar-DZ:البراجية	ar-EG:البراجية	ar-EH:البراجية	ar-ER:البراجية	ar-IL:البراجية	ar-IQ:البراجية	ar-JO:البراجية	ar-KM:البراجية	ar-KW:البراجية	ar-LB:البراجية	ar-LY:البراجية	ar-MA:البراجية	ar-MR:البراجية	ar-OM:البراجية	ar-PS:البراجية
brh	am:ብራሁዪ	ast:brahui	br:brahweg	ca:brahui	ca-AD:brahui	ca-ES-valencia:brahui	ca-FR:brahui	ca-IT:brahui	cs:brahujština	cy:Brahui	de:Brahui	de-AT:Brahui	de-BE:Brahui	de-CH:Brahui	de-IT:Brahui	de-LI:Brahui	de-LU:Brahui	en:Brahui	en-001:Brahui	en-150:Brahui
brx	af:Bodo	af-NA:Bodo	ak:Bodo	am:ቦዶ	ar:البودو	ar-AE:البودو	ar-BH:البودو	ar-DJ:البودو	ar-DZ:البودو	ar-EG:البودو	ar-EH:البودو	ar-ER:البودو	ar-IL:البودو	ar-IQ:البودو	ar-JO:البودو	ar-KM:البودو	ar-KW:البودو	ar-LB:البودو	ar-LY:البودو	ar-MA:البودو
bs	af:Bosnies	af-NA:Bosnies	ak:Bosniani	am:ቦስኒያንኛ	ar:البوسنية	ar-AE:البوسنية	ar-BH:البوسنية	ar-DJ:البوسنية	ar-DZ:البوسنية	ar-EG:البوسنية	ar-EH:البوسنية	ar-ER:البوسنية	ar-IL:البوسنية	ar-IQ:البوسنية	ar-JO:البوسنية	ar-KM:البوسنية	ar-KW:البوسنية	ar-LB:البوسنية	ar-LY:البوسنية	ar-MA:البوسنية
bss	am:አኮስ	ar:أكوس	ar-AE:أكوس	ar-BH:أكوس	ar-DJ:أكوس	ar-DZ:أكوس	ar-EG:أكوس	ar-EH:أكوس	ar-ER:أكوس	ar-IL:أكوس	ar-IQ:أكوس	ar-JO:أكوس	ar-KM:أكوس	ar-KW:أكوس	ar-LB:أكوس	ar-LY:أكوس	ar-MA:أكوس	ar-MR:أكوس	ar-OM:أكوس	ar-PS:أكوس
bua	am:ቡሪያት	ar:البرياتية	ar-AE:البرياتية	ar-BH:البرياتية	ar-DJ:البرياتية	ar-DZ:البرياتية	ar-EG:البرياتية	ar-EH:البرياتية	ar-ER:البرياتية	ar-IL:البرياتية	ar-IQ:البرياتية	ar-JO:البرياتية	ar-KM:البرياتية	ar-KW:البرياتية	ar-LB:البرياتية	ar-LY:البرياتية	ar-MA:البرياتية	ar-MR:البرياتية	ar-OM:البرياتية	ar-PS:البرياتية
bug	af:Buginees	af-NA:Buginees	am:ቡጊኔዝ	ar:البجينيزية	ar-AE:البجينيزية	ar-BH:البجينيزية	ar-DJ:البجينيزية	ar-DZ:البجينيزية	ar-EG:البجينيزية	ar-EH:البجينيزية	ar-ER:البجينيزية	ar-IL:البجينيزية	ar-IQ:البجينيزية	ar-JO:البجينيزية	ar-KM:البجينيزية	ar-KW:البجينيزية	ar-LB:البجينيزية	ar-LY:البجينيزية	ar-MA:البجينيزية	ar-MR:البجينيزية
bum	am:ቡሉ	ar:لغة البولو	ar-AE:لغة البولو	ar-BH:لغة البولو	ar-DJ:لغة البولو	ar-DZ:لغة البولو	ar-EG:لغة البولو	ar-EH:لغة البولو	ar-ER:لغة البولو	ar-IL:لغة البولو	ar-IQ:لغة البولو	ar-JO:لغة البولو	ar-KM:لغة البولو	ar-KW:لغة البولو	ar-LB:لغة البولو	ar-LY:لغة البولو	ar-MA:لغة البولو	ar-MR:لغة البولو	ar-OM:لغة البولو	ar-PS:لغة البولو
byn	af:Blin	af-NA:Blin	am:ብሊን	ar:البلينية	ar-AE:البلينية	ar-BH:البلينية	ar-DJ:البلينية	ar-DZ:البلينية	ar-EG:البلينية	ar-EH:البلينية	ar-ER:البلينية	ar-IL:البلينية	ar-IQ:البلينية	ar-JO:البلينية	ar-KM:البلينية	ar-KW:البلينية	ar-LB:البلينية	ar-LY:البلينية	ar-MA:البلينية	ar-MR:البلينية
byv	ar:لغة الميدومبا	ar-AE:لغة الميدومبا	ar-BH:لغة الميدومبا	ar-DJ:لغة الميدومبا	ar-DZ:لغة الميدومبا	ar-EG:لغة الميدومبا	ar-EH:لغة الميدومبا	ar-ER:لغة الميدومبا	ar-IL:لغة الميدومبا	ar-IQ:لغة الميدومبا	ar-JO:لغة الميدومبا	ar-KM:لغة الميدومبا	ar-KW:لغة الميدومبا	ar-LB:لغة الميدومبا	ar-LY:لغة الميدومبا	ar-MA:لغة الميدومبا	ar-MR:لغة الميدومبا	ar-OM:لغة الميدومبا	ar-PS:لغة الميدومبا	ar-QA:لغة الميدومبا
ca	af:Katalaans	af-NA:Katalaans	ak:Katalan	am:ካታላንኛ	ar:الكتالانية	ar-AE:الكتالانية	ar-BH:الكتالانية	ar-DJ:الكتالانية	ar-DZ:الكتالانية	ar-EG:الكتالانية	ar-EH:الكتالانية	ar-ER:الكتالانية	ar-IL:الكتالانية	ar-IQ:الكتالانية	ar-JO:الكتالانية	ar-KM:الكتالانية	ar-KW:الكتالانية	ar-LB:الكتالانية	ar-LY:الكتالانية	ar-MA:الكتالانية
cad	am:ካዶ	ar:الكادو	ar-AE:الكادو	ar-BH:الكادو	ar-DJ:الكادو	ar-DZ:الكادو	ar-EG:الكادو	ar-EH:الكادو	ar-ER:الكادو	ar-IL:الكادو	ar-IQ:الكادو	ar-JO:الكادو	ar-KM:الكادو	ar-KW:الكادو	ar-LB:الكادو	ar-LY:الكادو	ar-MA:الكادو	ar-MR:الكادو	ar-OM:الكادو	ar-PS:الكادو
car	am:ካሪብ	ar:الكاريبية	ar-AE:الكاريبية	ar-BH:الكاريبية	ar-DJ:الكاريبية	ar-DZ:الكاريبية	ar-EG:الكاريبية	ar-EH:الكاريبية	ar-ER:الكاريبية	ar-IL:الكاريبية	ar-IQ:الكاريبية	ar-JO:الكاريبية	ar-KM:الكاريبية	ar-KW:الكاريبية	ar-LB:الكاريبية	ar-LY:الكاريبية	ar-MA:الكاريبية	ar-MR:الكاريبية	ar-OM:الكاريبية	ar-PS:الكاريبية
cay	af:Cayuga	af-NA:Cayuga	am:ካዩጋ	ar:الكايوجية	ar-AE:الكايوجية	ar-BH:الكايوجية	ar-DJ:الكايوجية	ar-DZ:الكايوجية	ar-EG:الكايوجية	ar-EH:الكايوجية	ar-ER:الكايوجية	ar-IL:الكايوجية	ar-IQ:الكايوجية	ar-JO:الكايوجية	ar-KM:الكايوجية	ar-KW:الكايوجية	ar-LB:الكايوجية	ar-LY:الكايوجية	ar-MA:الكايوجية	ar-MR:الكايوجية
cch	am:አትሳም	ar:الأتسام	ar-AE:الأتسام	ar-BH:الأتسام	ar-DJ:الأتسام	ar-DZ:الأتسام	ar-EG:الأتسام	ar-EH:الأتسام	ar-ER:الأتسام	ar-IL:الأتسام	ar-IQ:الأتسام	ar-JO:الأتسام	ar-KM:الأتسام	ar-KW:الأتسام	ar-LB:الأتسام	ar-LY:الأتسام	ar-MA:الأتسام	ar-MR:الأتسام	ar-OM:الأتسام	ar-PS:الأتسام
ccp	af:Tsjaakma	af-NA:Tsjaakma	am:ቻክማ	ar:تشاكما	ar-AE:تشاكما	ar-BH:تشاكما	ar-DJ:تشاكما	ar-DZ:تشاكما	ar-EG:تشاكما	ar-EH:تشاكما	ar-ER:تشاكما	ar-IL:تشاكما	ar-IQ:تشاكما	ar-JO:تشاكما	ar-KM:تشاكما	ar-KW:تشاكما	ar-LB:تشاكما	ar-LY:تشاكما	ar-MA:تشاكما	ar-MR:تشاكما
ce	af:Tsjetsjeens	af-NA:Tsjetsjeens	am:ችችን	ar:الشيشانية	ar-AE:الشيشانية	ar-BH:الشيشانية	ar-DJ:الشيشانية	ar-DZ:الشيشانية	ar-EG:الشيشانية	ar-EH:الشيشانية	ar-ER:الشيشانية	ar-IL:الشيشانية	ar-IQ:الشيشانية	ar-JO:الشيشانية	ar-KM:الشيشانية	ar-KW:الشيشانية	ar-LB:الشيشانية	ar-LY:الشيشانية	ar-MA:الشيشانية	ar-MR:الشيشانية
ceb	af:Cebuano	af-NA:Cebuano	ak:Kebuano	am:ሴብዋኖ	ar:السيبيوانية	ar-AE:السيبيوانية	ar-BH:السيبيوانية	ar-DJ:السيبيوانية	ar-DZ:السيبيوانية	ar-EG:السيبيوانية	ar-EH:السيبيوانية	ar-ER:السيبيوانية	ar-IL:السيبيوانية	ar-IQ:السيبيوانية	ar-JO:السيبيوانية	ar-KM:السيبيوانية	ar-KW:السيبيوانية	ar-LB:السيبيوانية	ar-LY:السيبيوانية	ar-MA:السيبيوانية
cgg	af:Kiga	af-NA:Kiga	am:ቺጋኛ	ar:تشيغا	ar-AE:تشيغا	ar-BH:تشيغا	ar-DJ:تشيغا	ar-DZ:تشيغا	ar-EG:تشيغا	ar-EH:تشيغا	ar-ER:تشيغا	ar-IL:تشيغا	ar-IQ:تشيغا	ar-JO:تشيغا	ar-KM:تشيغا	ar-KW:تشيغا	ar-LB:تشيغا	ar-LY:تشيغا	ar-MA:تشيغا	ar-MR:تشيغا
ch	af:Chamorro	af-NA:Chamorro	am:ቻሞሮ	ar:التشامورو	ar-AE:التشامورو	ar-BH:التشامورو	ar-DJ:التشامورو	ar-DZ:التشامورو	ar-EG:التشامورو	ar-EH:التشامورو	ar-ER:التشامورو	ar-IL:التشامورو	ar-IQ:التشامورو	ar-JO:التشامورو	ar-KM:التشامورو	ar-KW:التشامورو	ar-LB:التشامورو	ar-LY:التشامورو	ar-MA:التشامورو	ar-MR:التشامورو
chb	am:ቺብቻ	ar:التشيبشا	ar-AE:التشيبشا	ar-BH:التشيبشا	ar-DJ:التشيبشا	ar-DZ:التشيبشا	ar-EG:التشيبشا	ar-EH:التشيبشا	ar-ER:التشيبشا	ar-IL:التشيبشا	ar-IQ:التشيبشا	ar-JO:التشيبشا	ar-KM:التشيبشا	ar-KW:التشيبشا	ar-LB:التشيبشا	ar-LY:التشيبشا	ar-MA:التشيبشا	ar-MR:التشيبشا	ar-OM:التشيبشا	ar-PS:التشيبشا
chg	am:ቻጋታይ	ar:التشاجاتاي	ar-AE:التشاجاتاي	ar-BH:التشاجاتاي	ar-DJ:التشاجاتاي	ar-DZ:التشاجاتاي	ar-EG:التشاجاتاي	ar-EH:التشاجاتاي	ar-ER:التشاجاتاي	ar-IL:التشاجاتاي	ar-IQ:التشاجاتاي	ar-JO:التشاجاتاي	ar-KM:التشاجاتاي	ar-KW:التشاجاتاي	ar-LB:التشاجاتاي	ar-LY:التشاجاتاي	ar-MA:التشاجاتاي	ar-MR:التشاجاتاي	ar-OM:التشاجاتاي	ar-PS:التشاجاتاي
chk	af:Chuukees	af-NA:Chuukees	am:ቹክስ	ar:التشكيزية	ar-AE:التشكيزية	ar-BH:التشكيزية	ar-DJ:التشكيزية	ar-DZ:التشكيزية	ar-EG:التشكيزية	ar-EH:التشكيزية	ar-ER:التشكيزية	ar-IL:التشكيزية	ar-IQ:التشكيزية	ar-JO:التشكيزية	ar-KM:التشكيزية	ar-KW:التشكيزية	ar-LB:التشكيزية	ar-LY:التشكيزية	ar-MA:التشكيزية	ar-MR:التشكيزية
chm	af:Mari	af-NA:Mari	am:ማሪ	ar:الماري	ar-AE:الماري	ar-BH:الماري	ar-DJ:الماري	ar-DZ:الماري	ar-EG:الماري	ar-EH:الماري	ar-ER:الماري	ar-IL:الماري	ar-IQ:الماري	ar-JO:الماري	ar-KM:الماري	ar-KW:الماري	ar-LB:الماري	ar-LY:الماري	ar-MA:الماري	ar-MR:الماري
chn	am:ቺኑክ ጃርጎን	ar:الشينوك جارجون	ar-AE:الشينوك جارجون	ar-BH:الشينوك جارجون	ar-DJ:الشينوك جارجون	ar-DZ:الشينوك جارجون	ar-EG:الشينوك جارجون	ar-EH:الشينوك جارجون	ar-ER:الشينوك جارجون	ar-IL:الشينوك جارجون	ar-IQ:الشينوك جارجون	ar-JO:الشينوك جارجون	ar-KM:الشينوك جارجون	ar-KW:الشينوك جارجون	ar-LB:الشينوك جارجون	ar-LY:الشينوك جارجون	ar-MA:الشينوك جارجون	ar-MR:الشينوك جارجون	ar-OM:الشينوك جارجون	ar-PS:الشينوك جارجون
cho	af:Choctaw	af-NA:Choctaw	am:ቾክታዋ	ar:الشوكتو	ar-AE:الشوكتو	ar-BH:الشوكتو	ar-DJ:الشوكتو	ar-DZ:الشوكتو	ar-EG:الشوكتو	ar-EH:الشوكتو	ar-ER:الشوكتو	ar-IL:الشوكتو	ar-IQ:الشوكتو	ar-JO:الشوكتو	ar-KM:الشوكتو	ar-KW:الشوكتو	ar-LB:الشوكتو	ar-LY:الشوكتو	ar-MA:الشوكتو	ar-MR:الشوكتو
chp	af:Chipewyan	af-NA:Chipewyan	am:ቺፔውያን	ar:الشيباوايان	ar-AE:الشيباوايان	ar-BH:الشيباوايان	ar-DJ:الشيباوايان	ar-DZ:الشيباوايان	ar-EG:الشيباوايان	ar-EH:الشيباوايان	ar-ER:الشيباوايان	ar-IL:الشيباوايان	ar-IQ:الشيباوايان	ar-JO:الشيباوايان	ar-KM:الشيباوايان	ar-KW:الشيباوايان	ar-LB:الشيباوايان	ar-LY:الشيباوايان	ar-MA:الشيباوايان	ar-MR:الشيباوايان
chr	af:Cherokees	af-NA:Cherokees	ak:Kiroki	am:ቼሮኬኛ	ar:الشيروكي	ar-AE:الشيروكي	ar-BH:الشيروكي	ar-DJ:الشيروكي	ar-DZ:الشيروكي	ar-EG:الشيروكي	ar-EH:الشيروكي	ar-ER:الشيروكي	ar-IL:الشيروكي	ar-IQ:الشيروكي	ar-JO:الشيروكي	ar-KM:الشيروكي	ar-KW:الشيروكي	ar-LB:الشيروكي	ar-LY:الشيروكي	ar-MA:الشيروكي
chy	af:Cheyennees	af-NA:Cheyennees	am:ችዬኔ	ar:الشايان	ar-AE:الشايان	ar-BH:الشايان	ar-DJ:الشايان	ar-DZ:الشايان	ar-EG:الشايان	ar-EH:الشايان	ar-ER:الشايان	ar-IL:الشايان	ar-IQ:الشايان	ar-JO:الشايان	ar-KM:الشايان	ar-KW:الشايان	ar-LB:الشايان	ar-LY:الشايان	ar-MA:الشايان	ar-MR:الشايان
cic	ba:чикасо	bal-Latn:Chekkásaw	blo:Shikasawʊ kagɩja	cic:Chikashshanompaʼ	cs:čikasavština	cv:чикасав чӗлхи	en:Chickasaw	en-001:Chickasaw	en-150:Chickasaw	en-AE:Chickasaw	en-AG:Chickasaw	en-AI:Chickasaw	en-AS:Chickasaw	en-AT:Chickasaw	en-AU:Chickasaw	en-BB:Chickasaw	en-BE:Chickasaw	en-BI:Chickasaw	en-BM:Chickasaw	en-BS:Chickasaw
ckb	af:Sorani	af-NA:Sorani	am:የሶራኒ ኩርድኛ	ar:السورانية الكردية	ar-AE:السورانية الكردية	ar-BH:السورانية الكردية	ar-DJ:السورانية الكردية	ar-DZ:السورانية الكردية	ar-EG:السورانية الكردية	ar-EH:السورانية الكردية	ar-ER:السورانية الكردية	ar-IL:السورانية الكردية	ar-IQ:السورانية الكردية	ar-JO:السورانية الكردية	ar-KM:السورانية الكردية	ar-KW:السورانية الكردية	ar-LB:السورانية الكردية	ar-LY:السورانية الكردية	ar-MA:السورانية الكردية	ar-MR:السورانية الكردية
ckb-menu-core	en:Kurdish	en-001:Kurdish	en-150:Kurdish	en-AE:Kurdish	en-AG:Kurdish	en-AI:Kurdish	en-AS:Kurdish	en-AT:Kurdish	en-AU:Kurdish	en-BB:Kurdish	en-BE:Kurdish	en-BI:Kurdish	en-BM:Kurdish	en-BS:Kurdish	en-BW:Kurdish	en-BZ:Kurdish	en-CA:Kurdish	en-CC:Kurdish	en-CH:Kurdish	en-CK:Kurdish
ckb-menu-extension	en:Central	en-001:Central	en-150:Central	en-AE:Central	en-AG:Central	en-AI:Central	en-AS:Central	en-AT:Central	en-AU:Central	en-BB:Central	en-BE:Central	en-BI:Central	en-BM:Central	en-BS:Central	en-BW:Central	en-BZ:Central	en-CA:Central	en-CC:Central	en-CH:Central	en-CK:Central
clc	af:Tzilkotin	af-NA:Tzilkotin	am:ቺልኮቲን	ar:تسيلكوتين	ar-AE:تسيلكوتين	ar-BH:تسيلكوتين	ar-DJ:تسيلكوتين	ar-DZ:تسيلكوتين	ar-EG:تسيلكوتين	ar-EH:تسيلكوتين	ar-ER:تسيلكوتين	ar-IL:تسيلكوتين	ar-IQ:تسيلكوتين	ar-JO:تسيلكوتين	ar-KM:تسيلكوتين	ar-KW:تسيلكوتين	ar-LB:تسيلكوتين	ar-LY:تسيلكوتين	ar-MA:تسيلكوتين	ar-MR:تسيلكوتين
co	af:Korsikaans	af-NA:Korsikaans	am:ኮርሲካኛ	ar:الكورسيكية	ar-AE:الكورسيكية	ar-BH:الكورسيكية	ar-DJ:الكورسيكية	ar-DZ:الكورسيكية	ar-EG:الكورسيكية	ar-EH:الكورسيكية	ar-ER:الكورسيكية	ar-IL:الكورسيكية	ar-IQ:الكورسيكية	ar-JO:الكورسيكية	ar-KM:الكورسيكية	ar-KW:الكورسيكية	ar-LB:الكورسيكية	ar-LY:الكورسيكية	ar-MA:الكورسيكية	ar-MR:الكورسيكية
cop	af:Kopties	af-NA:Kopties	am:ኮፕቲክ	ar:القبطية	ar-AE:القبطية	ar-BH:القبطية	ar-DJ:القبطية	ar-DZ:القبطية	ar-EG:القبطية	ar-EH:القبطية	ar-ER:القبطية	ar-IL:القبطية	ar-IQ:القبطية	ar-JO:القبطية	ar-KM:القبطية	ar-KW:القبطية	ar-LB:القبطية	ar-LY:القبطية	ar-MA:القبطية	ar-MR:القبطية
cps	am:ካፒዝኖን	ast:capiznon	cs:kapiznonština	de:Capiznon	de-AT:Capiznon	de-BE:Capiznon	de-CH:Capiznon	de-IT:Capiznon	de-LI:Capiznon	de-LU:Capiznon	en:Capiznon	en-001:Capiznon	en-150:Capiznon	en-AE:Capiznon	en-AG:Capiznon	en-AI:Capiznon	en-AS:Capiznon	en-AT:Capiznon	en-AU:Capiznon	en-BB:Capiznon
cr	am:ክሪ	ar:الكرى	ar-AE:الكرى	ar-BH:الكرى	ar-DJ:الكرى	ar-DZ:الكرى	ar-EG:الكرى	ar-EH:الكرى	ar-ER:الكرى	ar-IL:الكرى	ar-IQ:الكرى	ar-JO:الكرى	ar-KM:الكرى	ar-KW:الكرى	ar-LB:الكرى	ar-LY:الكرى	ar-MA:الكرى	ar-MR:الكرى	ar-OM:الكرى	ar-PS:الكرى
crg	af:Michif	af-NA:Michif	am:ሚቺፍ	ar:الميتشيف	ar-AE:الميتشيف	ar-BH:الميتشيف	ar-DJ:الميتشيف	ar-DZ:الميتشيف	ar-EG:الميتشيف	ar-EH:الميتشيف	ar-ER:الميتشيف	ar-IL:الميتشيف	ar-IQ:الميتشيف	ar-JO:الميتشيف	ar-KM:الميتشيف	ar-KW:الميتشيف	ar-LB:الميتشيف	ar-LY:الميتشيف	ar-MA:الميتشيف	ar-MR:الميتشيف
crh	am:ክሪሚያን ተርኪሽ	ar:لغة تتار القرم	ar-AE:لغة تتار القرم	ar-BH:لغة تتار القرم	ar-DJ:لغة تتار القرم	ar-DZ:لغة تتار القرم	ar-EG:لغة تتار القرم	ar-EH:لغة تتار القرم	ar-ER:لغة تتار القرم	ar-IL:لغة تتار القرم	ar-IQ:لغة تتار القرم	ar-JO:لغة تتار القرم	ar-KM:لغة تتار القرم	ar-KW:لغة تتار القرم	ar-LB:لغة تتار القرم	ar-LY:لغة تتار القرم	ar-MA:لغة تتار القرم	ar-MR:لغة تتار القرم	ar-OM:لغة تتار القرم	ar-PS:لغة تتار القرم
crj	af:Suidoos-Cree	af-NA:Suidoos-Cree	am:ደቡብ ምዕራባዊ ክሪ	ar:الكري الجنوب شرقية	ar-AE:الكري الجنوب شرقية	ar-BH:الكري الجنوب شرقية	ar-DJ:الكري الجنوب شرقية	ar-DZ:الكري الجنوب شرقية	ar-EG:الكري الجنوب شرقية	ar-EH:الكري الجنوب شرقية	ar-ER:الكري الجنوب شرقية	ar-IL:الكري الجنوب شرقية	ar-IQ:الكري الجنوب شرقية	ar-JO:الكري الجنوب شرقية	ar-KM:الكري الجنوب شرقية	ar-KW:الكري الجنوب شرقية	ar-LB:الكري الجنوب شرقية	ar-LY:الكري الجنوب شرقية	ar-MA:الكري الجنوب شرقية	ar-MR:الكري الجنوب شرقية
crk	af:Laagvlakte-Cree	af-NA:Laagvlakte-Cree	am:ፕላይንስ ክሪ	ar:البلينز-كري	ar-AE:البلينز-كري	ar-BH:البلينز-كري	ar-DJ:البلينز-كري	ar-DZ:البلينز-كري	ar-EG:البلينز-كري	ar-EH:البلينز-كري	ar-ER:البلينز-كري	ar-IL:البلينز-كري	ar-IQ:البلينز-كري	ar-JO:البلينز-كري	ar-KM:البلينز-كري	ar-KW:البلينز-كري	ar-LB:البلينز-كري	ar-LY:البلينز-كري	ar-MA:البلينز-كري	ar-MR:البلينز-كري
crl	af:Noordoos-Cree	af-NA:Noordoos-Cree	am:ሰሜን ምስራቃዊ ክሪ	ar:الكري شمال الشرقية	ar-AE:الكري شمال الشرقية	ar-BH:الكري شمال الشرقية	ar-DJ:الكري شمال الشرقية	ar-DZ:الكري شمال الشرقية	ar-EG:الكري شمال الشرقية	ar-EH:الكري شمال الشرقية	ar-ER:الكري شمال الشرقية	ar-IL:الكري شمال الشرقية	ar-IQ:الكري شمال الشرقية	ar-JO:الكري شمال الشرقية	ar-KM:الكري شمال الشرقية	ar-KW:الكري شمال الشرقية	ar-LB:الكري شمال الشرقية	ar-LY:الكري شمال الشرقية	ar-MA:الكري شمال الشرقية	ar-MR:الكري شمال الشرقية
crm	af:Moose Cree	af-NA:Moose Cree	am:ሙዝ ክሪ	ar:الموس-كري	ar-AE:الموس-كري	ar-BH:الموس-كري	ar-DJ:الموس-كري	ar-DZ:الموس-كري	ar-EG:الموس-كري	ar-EH:الموس-كري	ar-ER:الموس-كري	ar-IL:الموس-كري	ar-IQ:الموس-كري	ar-JO:الموس-كري	ar-KM:الموس-كري	ar-KW:الموس-كري	ar-LB:الموس-كري	ar-LY:الموس-كري	ar-MA:الموس-كري	ar-MR:الموس-كري
crr	af:Carolina-Algonkin	af-NA:Carolina-Algonkin	am:ካሮሊና አልጎንክዊያን	ar:الألغونكوية كارولينا	ar-AE:الألغونكوية كارولينا	ar-BH:الألغونكوية كارولينا	ar-DJ:الألغونكوية كارولينا	ar-DZ:الألغونكوية كارولينا	ar-EG:الألغونكوية كارولينا	ar-EH:الألغونكوية كارولينا	ar-ER:الألغونكوية كارولينا	ar-IL:الألغونكوية كارولينا	ar-IQ:الألغونكوية كارولينا	ar-JO:الألغونكوية كارولينا	ar-KM:الألغونكوية كارولينا	ar-KW:الألغونكوية كارولينا	ar-LB:الألغونكوية كارولينا	ar-LY:الألغونكوية كارولينا	ar-MA:الألغونكوية كارولينا	ar-MR:الألغونكوية كارولينا
crs	af:Seselwa Franskreools	af-NA:Seselwa Franskreools	am:ሰሰላዊ ክሬኦሊ ፈረንሳይኛ	ar:الفرنسية الكريولية السيشيلية	ar-AE:الفرنسية الكريولية السيشيلية	ar-BH:الفرنسية الكريولية السيشيلية	ar-DJ:الفرنسية الكريولية السيشيلية	ar-DZ:الفرنسية الكريولية السيشيلية	ar-EG:الفرنسية الكريولية السيشيلية	ar-EH:الفرنسية الكريولية السيشيلية	ar-ER:الفرنسية الكريولية السيشيلية	ar-IL:الفرنسية الكريولية السيشيلية	ar-IQ:الفرنسية الكريولية السيشيلية	ar-JO:الفرنسية الكريولية السيشيلية	ar-KM:الفرنسية الكريولية السيشيلية	ar-KW:الفرنسية الكريولية السيشيلية	ar-LB:الفرنسية الكريولية السيشيلية	ar-LY:الفرنسية الكريولية السيشيلية	ar-MA:الفرنسية الكريولية السيشيلية	ar-MR:الفرنسية الكريولية السيشيلية
cs	af:Tsjeggies	af-NA:Tsjeggies	agq:Chɛ̂	ak:Kyɛk kasa	am:ቼክኛ	ar:التشيكية	ar-AE:التشيكية	ar-BH:التشيكية	ar-DJ:التشيكية	ar-DZ:التشيكية	ar-EG:التشيكية	ar-EH:التشيكية	ar-ER:التشيكية	ar-IL:التشيكية	ar-IQ:التشيكية	ar-JO:التشيكية	ar-KM:التشيكية	ar-KW:التشيكية	ar-LB:التشيكية	ar-LY:التشيكية
csb	ar:الكاشبايان	ar-AE:الكاشبايان	ar-BH:الكاشبايان	ar-DJ:الكاشبايان	ar-DZ:الكاشبايان	ar-EG:الكاشبايان	ar-EH:الكاشبايان	ar-ER:الكاشبايان	ar-IL:الكاشبايان	ar-IQ:الكاشبايان	ar-JO:الكاشبايان	ar-KM:الكاشبايان	ar-KW:الكاشبايان	ar-LB:الكاشبايان	ar-LY:الكاشبايان	ar-MA:الكاشبايان	ar-MR:الكاشبايان	ar-OM:الكاشبايان	ar-PS:الكاشبايان	ar-QA:الكاشبايان
csw	af:Swampy Cree	af-NA:Swampy Cree	ak:Tadeɛm Kreefoɔ Kasa	am:ስዋምፒ ክሪ	ar:السوامبي-كري	ar-AE:السوامبي-كري	ar-BH:السوامبي-كري	ar-DJ:السوامبي-كري	ar-DZ:السوامبي-كري	ar-EG:السوامبي-كري	ar-EH:السوامبي-كري	ar-ER:السوامبي-كري	ar-IL:السوامبي-كري	ar-IQ:السوامبي-كري	ar-JO:السوامبي-كري	ar-KM:السوامبي-كري	ar-KW:السوامبي-كري	ar-LB:السوامبي-كري	ar-LY:السوامبي-كري	ar-MA:السوامبي-كري
cu	af:Kerkslawies	af-NA:Kerkslawies	am:ቸርች ስላቪክ	ar:سلافية كنسية	ar-AE:سلافية كنسية	ar-BH:سلافية كنسية	ar-DJ:سلافية كنسية	ar-DZ:سلافية كنسية	ar-EG:سلافية كنسية	ar-EH:سلافية كنسية	ar-ER:سلافية كنسية	ar-IL:سلافية كنسية	ar-IQ:سلافية كنسية	ar-JO:سلافية كنسية	ar-KM:سلافية كنسية	ar-KW:سلافية كنسية	ar-LB:سلافية كنسية	ar-LY:سلافية كنسية	ar-MA:سلافية كنسية	ar-MR:سلافية كنسية
cv	af:Chuvash	af-NA:Chuvash	ak:Kyuvahyi	am:ቹቫሽኛ	ar:التشوفاشي	ar-AE:التشوفاشي	ar-BH:التشوفاشي	ar-DJ:التشوفاشي	ar-DZ:التشوفاشي	ar-EG:التشوفاشي	ar-EH:التشوفاشي	ar-ER:التشوفاشي	ar-IL:التشوفاشي	ar-IQ:التشوفاشي	ar-JO:التشوفاشي	ar-KM:التشوفاشي	ar-KW:التشوفاشي	ar-LB:التشوفاشي	ar-LY:التشوفاشي	ar-MA:التشوفاشي
cy	af:Wallies	af-NA:Wallies	ak:Wɛɛhye Kasa	am:ዌልሽ	ar:الويلزية	ar-AE:الويلزية	ar-BH:الويلزية	ar-DJ:الويلزية	ar-DZ:الويلزية	ar-EG:الويلزية	ar-EH:الويلزية	ar-ER:الويلزية	ar-IL:الويلزية	ar-IQ:الويلزية	ar-JO:الويلزية	ar-KM:الويلزية	ar-KW:الويلزية	ar-LB:الويلزية	ar-LY:الويلزية	ar-MA:الويلزية
da	af:Deens	af-NA:Deens	ak:Dane kasa	am:ዴኒሽ	ar:الدانمركية	ar-AE:الدانمركية	ar-BH:الدانمركية	ar-DJ:الدانمركية	ar-DZ:الدانمركية	ar-EG:الدنماركية	ar-EH:الدانمركية	ar-ER:الدانمركية	ar-IL:الدانمركية	ar-IQ:الدانمركية	ar-JO:الدانمركية	ar-KM:الدانمركية	ar-KW:الدانمركية	ar-LB:الدانمركية	ar-LY:الدانمركية	ar-MA:الدانمركية
dak	af:Dakotaans	af-NA:Dakotaans	am:ዳኮታ	ar:الداكوتا	ar-AE:الداكوتا	ar-BH:الداكوتا	ar-DJ:الداكوتا	ar-DZ:الداكوتا	ar-EG:الداكوتا	ar-EH:الداكوتا	ar-ER:الداكوتا	ar-IL:الداكوتا	ar-IQ:الداكوتا	ar-JO:الداكوتا	ar-KM:الداكوتا	ar-KW:الداكوتا	ar-LB:الداكوتا	ar-LY:الداكوتا	ar-MA:الداكوتا	ar-MR:الداكوتا
dar	af:Dakota	af-NA:Dakota	am:ዳርግዋ	ar:الدارجوا	ar-AE:الدارجوا	ar-BH:الدارجوا	ar-DJ:الدارجوا	ar-DZ:الدارجوا	ar-EG:الدارجوا	ar-EH:الدارجوا	ar-ER:الدارجوا	ar-IL:الدارجوا	ar-IQ:الدارجوا	ar-JO:الدارجوا	ar-KM:الدارجوا	ar-KW:الدارجوا	ar-LB:الدارجوا	ar-LY:الدارجوا	ar-MA:الدارجوا	ar-MR:الدارجوا
dav	af:Taita	af-NA:Taita	am:ታይታ	ar:تيتا	ar-AE:تيتا	ar-BH:تيتا	ar-DJ:تيتا	ar-DZ:تيتا	ar-EG:تيتا	ar-EH:تيتا	ar-ER:تيتا	ar-IL:تيتا	ar-IQ:تيتا	ar-JO:تيتا	ar-KM:تيتا	ar-KW:تيتا	ar-LB:تيتا	ar-LY:تيتا	ar-MA:تيتا	ar-MR:تيتا
de	af:Duits	af-NA:Duits	agq:Dzamɛ̀	ak:Gyaaman	am:ጀርመንኛ	ar:الألمانية	ar-AE:الألمانية	ar-BH:الألمانية	ar-DJ:الألمانية	ar-DZ:الألمانية	ar-EG:الألمانية	ar-EH:الألمانية	ar-ER:الألمانية	ar-IL:الألمانية	ar-IQ:الألمانية	ar-JO:الألمانية	ar-KM:الألمانية	ar-KW:الألمانية	ar-LB:الألمانية	ar-LY:الألمانية
de-AT	ak:Ɔstria Gyaaman	am:የኦስትሪያ ጀርመንኛ	ar:الألمانية النمساوية	ar-AE:الألمانية النمساوية	ar-BH:الألمانية النمساوية	ar-DJ:الألمانية النمساوية	ar-DZ:الألمانية النمساوية	ar-EG:الألمانية النمساوية	ar-EH:الألمانية النمساوية	ar-ER:الألمانية النمساوية	ar-IL:الألمانية النمساوية	ar-IQ:الألمانية النمساوية	ar-JO:الألمانية النمساوية	ar-KM:الألمانية النمساوية	ar-KW:الألمانية النمساوية	ar-LB:الألمانية النمساوية	ar-LY:الألمانية النمساوية	ar-MA:الألمانية النمساوية	ar-MR:الألمانية النمساوية	ar-OM:الألمانية النمساوية
de-CH	ak:Swisalande Gyaaman	am:የስዊዝ ከፍተኛ ጀርመንኛ	as:ছুইচ হাই জাৰ্মান	ast:altualemán de Suiza	az-Cyrl:Исвечрә јүксәк алманҹасы	ba:немец (Швейцария)	be:швейцарская літаратурная нямецкая	be-tarask:швейцарская літаратурная нямецкая	bgn:سویسین جرمنی	bgn-AE:سویسین جرمنی	bgn-AF:سویسین جرمنی	bgn-IR:سویسین جرمنی	bgn-OM:سویسین جرمنی	br:alamaneg uhel Suis	brx:सुइस गोजौ जार्मान	bs:visoki njemački (Švicarska)	bs-Cyrl:високи њемачки (Швицарска)	bs-Latn:visoki njemački (Švicarska)	ca:alemany estàndard suís	ca-AD:alemany estàndard suís
del	am:ዳላዌር	ar:الديلوير	ar-AE:الديلوير	ar-BH:الديلوير	ar-DJ:الديلوير	ar-DZ:الديلوير	ar-EG:الديلوير	ar-EH:الديلوير	ar-ER:الديلوير	ar-IL:الديلوير	ar-IQ:الديلوير	ar-JO:الديلوير	ar-KM:الديلوير	ar-KW:الديلوير	ar-LB:الديلوير	ar-LY:الديلوير	ar-MA:الديلوير	ar-MR:الديلوير	ar-OM:الديلوير	ar-PS:الديلوير
den	ar:السلافية	ar-AE:السلافية	ar-BH:السلافية	ar-DJ:السلافية	ar-DZ:السلافية	ar-EG:السلافية	ar-EH:السلافية	ar-ER:السلافية	ar-IL:السلافية	ar-IQ:السلافية	ar-JO:السلافية	ar-KM:السلافية	ar-KW:السلافية	ar-LB:السلافية	ar-LY:السلافية	ar-MA:السلافية	ar-MR:السلافية	ar-OM:السلافية	ar-PS:السلافية	ar-QA:السلافية
dgr	af:Dogrib	af-NA:Dogrib	am:ዶግሪብ	ar:الدوجريب	ar-AE:الدوجريب	ar-BH:الدوجريب	ar-DJ:الدوجريب	ar-DZ:الدوجريب	ar-EG:الدوجريب	ar-EH:الدوجريب	ar-ER:الدوجريب	ar-IL:الدوجريب	ar-IQ:الدوجريب	ar-JO:الدوجريب	ar-KM:الدوجريب	ar-KW:الدوجريب	ar-LB:الدوجريب	ar-LY:الدوجريب	ar-MA:الدوجريب	ar-MR:الدوجريب
din	am:ዲንካ	ar:الدنكا	ar-AE:الدنكا	ar-BH:الدنكا	ar-DJ:الدنكا	ar-DZ:الدنكا	ar-EG:الدنكا	ar-EH:الدنكا	ar-ER:الدنكا	ar-IL:الدنكا	ar-IQ:الدنكا	ar-JO:الدنكا	ar-KM:الدنكا	ar-KW:الدنكا	ar-LB:الدنكا	ar-LY:الدنكا	ar-MA:الدنكا	ar-MR:الدنكا	ar-OM:الدنكا	ar-PS:الدنكا
dje	af:Zarma	af-NA:Zarma	am:ዛርማኛ	ar:الزارمية	ar-AE:الزارمية	ar-BH:الزارمية	ar-DJ:الزارمية	ar-DZ:الزارمية	ar-EG:الزارمية	ar-EH:الزارمية	ar-ER:الزارمية	ar-IL:الزارمية	ar-IQ:الزارمية	ar-JO:الزارمية	ar-KM:الزارمية	ar-KW:الزارمية	ar-LB:الزارمية	ar-LY:الزارمية	ar-MA:الزارمية	ar-MR:الزارمية
doi	af:Dogri	af-NA:Dogri	ak:Dɔgri	am:ዶግሪ	ar:الدوجرية	ar-AE:الدوجرية	ar-BH:الدوجرية	ar-DJ:الدوجرية	ar-DZ:الدوجرية	ar-EG:الدوجرية	ar-EH:الدوجرية	ar-ER:الدوجرية	ar-IL:الدوجرية	ar-IQ:الدوجرية	ar-JO:الدوجرية	ar-KM:الدوجرية	ar-KW:الدوجرية	ar-LB:الدوجرية	ar-LY:الدوجرية	ar-MA:الدوجرية
dsb	af:Nedersorbies	af-NA:Nedersorbies	ak:Sɔɔbia a ɛwɔ fam	am:የታችኛው ሶርቢያኛ	ar:صوربيا السفلى	ar-AE:صوربيا السفلى	ar-BH:صوربيا السفلى	ar-DJ:صوربيا السفلى	ar-DZ:صوربيا السفلى	ar-EG:صوربيا السفلى	ar-EH:صوربيا السفلى	ar-ER:صوربيا السفلى	ar-IL:صوربيا السفلى	ar-IQ:صوربيا السفلى	ar-JO:صوربيا السفلى	ar-KM:صوربيا السفلى	ar-KW:صوربيا السفلى	ar-LB:صوربيا السفلى	ar-LY:صوربيا السفلى	ar-MA:صوربيا السفلى
dtp	am:ሴንተራል ዱሰን	ast:dusun central	cs:kadazandusunština	de:Zentral-Dusun	de-AT:Zentral-Dusun	de-BE:Zentral-Dusun	de-CH:Zentral-Dusun	de-IT:Zentral-Dusun	de-LI:Zentral-Dusun	de-LU:Zentral-Dusun	en:Central Dusun	en-001:Central Dusun	en-150:Central Dusun	en-AE:Central Dusun	en-AG:Central Dusun	en-AI:Central Dusun	en-AS:Central Dusun	en-AT:Central Dusun	en-AU:Central Dusun	en-BB:Central Dusun
dua	af:Duala	af-NA:Duala	am:ዱዋላኛ	ar:الديولا	ar-AE:الديولا	ar-BH:الديولا	ar-DJ:الديولا	ar-DZ:الديولا	ar-EG:الديولا	ar-EH:الديولا	ar-ER:الديولا	ar-IL:الديولا	ar-IQ:الديولا	ar-JO:الديولا	ar-KM:الديولا	ar-KW:الديولا	ar-LB:الديولا	ar-LY:الديولا	ar-MA:الديولا	ar-MR:الديولا
dum	ar:الهولندية الوسطى	ar-AE:الهولندية الوسطى	ar-BH:الهولندية الوسطى	ar-DJ:الهولندية الوسطى	ar-DZ:الهولندية الوسطى	ar-EG:الهولندية الوسطى	ar-EH:الهولندية الوسطى	ar-ER:الهولندية الوسطى	ar-IL:الهولندية الوسطى	ar-IQ:الهولندية الوسطى	ar-JO:الهولندية الوسطى	ar-KM:الهولندية الوسطى	ar-KW:الهولندية الوسطى	ar-LB:الهولندية الوسطى	ar-LY:الهولندية الوسطى	ar-MA:الهولندية الوسطى	ar-MR:الهولندية الوسطى	ar-OM:الهولندية الوسطى	ar-PS:الهولندية الوسطى	ar-QA:الهولندية الوسطى
dv	af:Divehi	af-NA:Divehi	am:ዲቬሂ	ar:المالديفية	ar-AE:المالديفية	ar-BH:المالديفية	ar-DJ:المالديفية	ar-DZ:المالديفية	ar-EG:المالديفية	ar-EH:المالديفية	ar-ER:المالديفية	ar-IL:المالديفية	ar-IQ:المالديفية	ar-JO:المالديفية	ar-KM:المالديفية	ar-KW:المالديفية	ar-LB:المالديفية	ar-LY:المالديفية	ar-MA:المالديفية	ar-MR:المالديفية
dyo	af:Jola-Fonyi	af-NA:Jola-Fonyi	am:ጆላ-ፎንዪ	ar:جولا فونيا	ar-AE:جولا فونيا	ar-BH:جولا فونيا	ar-DJ:جولا فونيا	ar-DZ:جولا فونيا	ar-EG:جولا فونيا	ar-EH:جولا فونيا	ar-ER:جولا فونيا	ar-IL:جولا فونيا	ar-IQ:جولا فونيا	ar-JO:جولا فونيا	ar-KM:جولا فونيا	ar-KW:جولا فونيا	ar-LB:جولا فونيا	ar-LY:جولا فونيا	ar-MA:جولا فونيا	ar-MR:جولا فونيا
dyu	am:ድዩላ	ar:الدايلا	ar-AE:الدايلا	ar-BH:الدايلا	ar-DJ:الدايلا	ar-DZ:الدايلا	ar-EG:الدايلا	ar-EH:الدايلا	ar-ER:الدايلا	ar-IL:الدايلا	ar-IQ:الدايلا	ar-JO:الدايلا	ar-KM:الدايلا	ar-KW:الدايلا	ar-LB:الدايلا	ar-LY:الدايلا	ar-MA:الدايلا	ar-MR:الدايلا	ar-OM:الدايلا	ar-PS:الدايلا
dz	af:Dzongkha	af-NA:Dzongkha	am:ድዞንግኻኛ	ar:دزونكا	ar-AE:دزونكا	ar-BH:دزونكا	ar-DJ:دزونكا	ar-DZ:دزونكا	ar-EG:دزونكا	ar-EH:دزونكا	ar-ER:دزونكا	ar-IL:دزونكا	ar-IQ:دزونكا	ar-JO:دزونكا	ar-KM:دزونكا	ar-KW:دزونكا	ar-LB:دزونكا	ar-LY:دزونكا	ar-MA:دزونكا	ar-MR:دزونكا
dzg	af:Dazaga	af-NA:Dazaga	am:ዳዛጋ	ar:القرعانية	ar-AE:القرعانية	ar-BH:القرعانية	ar-DJ:القرعانية	ar-DZ:القرعانية	ar-EG:القرعانية	ar-EH:القرعانية	ar-ER:القرعانية	ar-IL:القرعانية	ar-IQ:القرعانية	ar-JO:القرعانية	ar-KM:القرعانية	ar-KW:القرعانية	ar-LB:القرعانية	ar-LY:القرعانية	ar-MA:القرعانية	ar-MR:القرعانية
ebu	af:Embu	af-NA:Embu	am:ኢምቡ	ar:إمبو	ar-AE:إمبو	ar-BH:إمبو	ar-DJ:إمبو	ar-DZ:إمبو	ar-EG:إمبو	ar-EH:إمبو	ar-ER:إمبو	ar-IL:إمبو	ar-IQ:إمبو	ar-JO:إمبو	ar-KM:إمبو	ar-KW:إمبو	ar-LB:إمبو	ar-LY:إمبو	ar-MA:إمبو	ar-MR:إمبو
ee	af:Ewe	af-NA:Ewe	ak:Ayigbe	am:ኢዊ	ar:الإيوي	ar-AE:الإيوي	ar-BH:الإيوي	ar-DJ:الإيوي	ar-DZ:الإيوي	ar-EG:الإيوي	ar-EH:الإيوي	ar-ER:الإيوي	ar-IL:الإيوي	ar-IQ:الإيوي	ar-JO:الإيوي	ar-KM:الإيوي	ar-KW:الإيوي	ar-LB:الإيوي	ar-LY:الإيوي	ar-MA:الإيوي
efi	af:Efik	af-NA:Efik	am:ኤፊክ	ar:الإفيك	ar-AE:الإفيك	ar-BH:الإفيك	ar-DJ:الإفيك	ar-DZ:الإفيك	ar-EG:الإفيك	ar-EH:الإفيك	ar-ER:الإفيك	ar-IL:الإفيك	ar-IQ:الإفيك	ar-JO:الإفيك	ar-KM:الإفيك	ar-KW:الإفيك	ar-LB:الإفيك	ar-LY:الإفيك	ar-MA:الإفيك	ar-MR:الإفيك
egl	ast:emilianu	ca:emilià	ca-AD:emilià	ca-ES-valencia:emilià	ca-FR:emilià	ca-IT:emilià	cs:emilijština	de:Emilianisch	de-AT:Emilianisch	de-BE:Emilianisch	de-CH:Emilianisch	de-IT:Emilianisch	de-LI:Emilianisch	de-LU:Emilianisch	en:Emilian	en-001:Emilian	en-150:Emilian	en-AE:Emilian	en-AG:Emilian	en-AI:Emilian
egy	af:Antieke Egipties	af-NA:Antieke Egipties	am:የጥንታዊ ግብጽኛ	ar:المصرية القديمة	ar-AE:المصرية القديمة	ar-BH:المصرية القديمة	ar-DJ:المصرية القديمة	ar-DZ:المصرية القديمة	ar-EG:المصرية القديمة	ar-EH:المصرية القديمة	ar-ER:المصرية القديمة	ar-IL:المصرية القديمة	ar-IQ:المصرية القديمة	ar-JO:المصرية القديمة	ar-KM:المصرية القديمة	ar-KW:المصرية القديمة	ar-LB:المصرية القديمة	ar-LY:المصرية القديمة	ar-MA:المصرية القديمة	ar-MR:المصرية القديمة
eka	af:Ekajuk	af-NA:Ekajuk	am:ኤካጁክ	ar:الإكاجك	ar-AE:الإكاجك	ar-BH:الإكاجك	ar-DJ:الإكاجك	ar-DZ:الإكاجك	ar-EG:الإكاجك	ar-EH:الإكاجك	ar-ER:الإكاجك	ar-IL:الإكاجك	ar-IQ:الإكاجك	ar-JO:الإكاجك	ar-KM:الإكاجك	ar-KW:الإكاجك	ar-LB:الإكاجك	ar-LY:الإكاجك	ar-MA:الإكاجك	ar-MR:الإكاجك
el	af:Grieks	af-NA:Grieks	agq:Gɨ̀lêʔ	ak:Greek kasa	am:ግሪክኛ	ar:اليونانية	ar-AE:اليونانية	ar-BH:اليونانية	ar-DJ:اليونانية	ar-DZ:اليونانية	ar-EG:اليونانية	ar-EH:اليونانية	ar-ER:اليونانية	ar-IL:اليونانية	ar-IQ:اليونانية	ar-JO:اليونانية	ar-KM:اليونانية	ar-KW:اليونانية	ar-LB:اليونانية	ar-LY:اليونانية
elx	ar:الإمايت	ar-AE:الإمايت	ar-BH:الإمايت	ar-DJ:الإمايت	ar-DZ:الإمايت	ar-EG:الإمايت	ar-EH:الإمايت	ar-ER:الإمايت	ar-IL:الإمايت	ar-IQ:الإمايت	ar-JO:الإمايت	ar-KM:الإمايت	ar-KW:الإمايت	ar-LB:الإمايت	ar-LY:الإمايت	ar-MA:الإمايت	ar-MR:الإمايت	ar-OM:الإمايت	ar-PS:الإمايت	ar-QA:الإمايت
en	af:Engels	af-NA:Engels	agq:Kɨŋgele	ak:Borɔfo	am:እንግሊዝኛ	ar:الإنجليزية	ar-AE:الإنجليزية	ar-BH:الإنجليزية	ar-DJ:الإنجليزية	ar-DZ:الإنجليزية	ar-EG:الإنجليزية	ar-EH:الإنجليزية	ar-ER:الإنجليزية	ar-IL:الإنجليزية	ar-IQ:الإنجليزية	ar-JO:الإنجليزية	ar-KM:الإنجليزية	ar-KW:الإنجليزية	ar-LB:الإنجليزية	ar-LY:الإنجليزية
en-AU	am:የአውስትራሊያ እንግሊዝኛ	as:অষ্ট্ৰেলিয়ান ইংৰাজী	ast:inglés d’Australia	az:Avstraliya ingiliscəsi	az-Cyrl:Австралија инҝилисҹәси	az-Latn:Avstraliya ingiliscəsi	ba:инглиз (Австралия)	be:аўстралійская англійская	be-tarask:аўстралійская англійская	bg:австралийски английски	bgn:استرالیاین انگریزی	bgn-AE:استرالیاین انگریزی	bgn-AF:استرالیاین انگریزی	bgn-IR:استرالیاین انگریزی	bgn-OM:استرالیاین انگریزی	br:saozneg Aostralia	brx:अस्ट्रेलियानि इंराजी	ca:anglès australià	ca-AD:anglès australià	ca-ES-valencia:anglès australià
en-CA	am:የካናዳ እንግሊዝኛ	as:কানাডিয়ান ইংৰাজী	ast:inglés de Canadá	az:Kanada ingiliscəsi	az-Cyrl:Канада инҝилисҹәси	az-Latn:Kanada ingiliscəsi	ba:инглиз (Канада)	bal-Latn:Engrézi (Kaynadhá)	be:канадская англійская	be-tarask:канадская англійская	bg:канадски английски	bgn:کاناڈاین انگریزی	bgn-AE:کاناڈاین انگریزی	bgn-AF:کاناڈاین انگریزی	bgn-IR:کاناڈاین انگریزی	bgn-OM:کاناڈاین انگریزی	bo:དབྱིན་ཇིའི་སྐད། (ཁེ་ན་ཌ་)	bo-IN:དབྱིན་ཇིའི་སྐད། (ཁེ་ན་ཌ་)	br:saozneg Kanada	brx:कानाडानि इंराजी
en-GB	ak:Ngresi Borɔfo	am:የብሪቲሽ እንግሊዝኛ	as:ব্ৰিটিছ ইংৰাজী	ast:inglés de Gran Bretaña	az:Britaniya ingiliscəsi	az-Cyrl:Британија инҝилисҹәси	az-Latn:Britaniya ingiliscəsi	ba:инглиз (Британия)	be:брытанская англійская	be-tarask:брытанская англійская	bg:британски английски	bgn:بریتانیاین انگریزی	bgn-AE:بریتانیاین انگریزی	bgn-AF:بریتانیاین انگریزی	bgn-IR:بریتانیاین انگریزی	bgn-OM:بریتانیاین انگریزی	bo:དབྱིན་ཇིའི་སྐད། (དབྱིན་ལན་)	bo-IN:དབྱིན་ཇིའི་སྐད། (དབྱིན་ལན་)	br:saozneg Breizh-Veur	brx:ब्रिटिश इंराजी
en-US	ak:Amɛrika Borɔfo	am:የአሜሪካ እንግሊዝኛ	as:আমেৰিকান ইংৰাজী	ast:inglés d’Estaos Xuníos	az:Amerika ingiliscəsi	az-Cyrl:Америка инҝилисҹәси	az-Latn:Amerika ingiliscəsi	ba:инглиз (АҠШ)	be:амерыканская англійская	be-tarask:амерыканская англійская	bg:американски английски	bgn:امریکاین انگریزی	bgn-AE:امریکاین انگریزی	bgn-AF:امریکاین انگریزی	bgn-IR:امریکاین انگریزی	bgn-OM:امریکاین انگریزی	blo:gɛɛshɩ (Ganɔ gaɖɔŋkɔnɔ kabʊtǝna Amalɩka nɩ)	bo:དབྱིན་ཇིའི་སྐད། (ཨ་རི་)	bo-IN:དབྱིན་ཇིའི་སྐད། (ཨ་རི་)	br:saozneg Amerika
enm	ar:الإنجليزية الوسطى	ar-AE:الإنجليزية الوسطى	ar-BH:الإنجليزية الوسطى	ar-DJ:الإنجليزية الوسطى	ar-DZ:الإنجليزية الوسطى	ar-EG:الإنجليزية الوسطى	ar-EH:الإنجليزية الوسطى	ar-ER:الإنجليزية الوسطى	ar-IL:الإنجليزية الوسطى	ar-IQ:الإنجليزية الوسطى	ar-JO:الإنجليزية الوسطى	ar-KM:الإنجليزية الوسطى	ar-KW:الإنجليزية الوسطى	ar-LB:الإنجليزية الوسطى	ar-LY:الإنجليزية الوسطى	ar-MA:الإنجليزية الوسطى	ar-MR:الإنجليزية الوسطى	ar-OM:الإنجليزية الوسطى	ar-PS:الإنجليزية الوسطى	ar-QA:الإنجليزية الوسطى
eo	af:Esperanto	af-NA:Esperanto	ak:Esperanto	am:ኤስፐራንቶ	ar:الإسبرانتو	ar-AE:الإسبرانتو	ar-BH:الإسبرانتو	ar-DJ:الإسبرانتو	ar-DZ:الإسبرانتو	ar-EG:الإسبرانتو	ar-EH:الإسبرانتو	ar-ER:الإسبرانتو	ar-IL:الإسبرانتو	ar-IQ:الإسبرانتو	ar-JO:الإسبرانتو	ar-KM:الإسبرانتو	ar-KW:الإسبرانتو	ar-LB:الإسبرانتو	ar-LY:الإسبرانتو	ar-MA:الإسبرانتو
es	af:Spaans	af-NA:Spaans	agq:Sɨ̀kpanìs	ak:Spain kasa	am:ስፓኒሽ	ar:الإسبانية	ar-AE:الإسبانية	ar-BH:الإسبانية	ar-DJ:الإسبانية	ar-DZ:الإسبانية	ar-EG:الإسبانية	ar-EH:الإسبانية	ar-ER:الإسبانية	ar-IL:الإسبانية	ar-IQ:الإسبانية	ar-JO:الإسبانية	ar-KM:الإسبانية	ar-KW:الإسبانية	ar-LB:الإسبانية	ar-LY:الإسبانية
es-419	am:የላቲን አሜሪካ ስፓኒሽ	ar:الإسبانية أمريكا اللاتينية	ar-AE:الإسبانية أمريكا اللاتينية	ar-BH:الإسبانية أمريكا اللاتينية	ar-DJ:الإسبانية أمريكا اللاتينية	ar-DZ:الإسبانية أمريكا اللاتينية	ar-EG:الإسبانية أمريكا اللاتينية	ar-EH:الإسبانية أمريكا اللاتينية	ar-ER:الإسبانية أمريكا اللاتينية	ar-IL:الإسبانية أمريكا اللاتينية	ar-IQ:الإسبانية أمريكا اللاتينية	ar-JO:الإسبانية أمريكا اللاتينية	ar-KM:الإسبانية أمريكا اللاتينية	ar-KW:الإسبانية أمريكا اللاتينية	ar-LB:الإسبانية أمريكا اللاتينية	ar-LY:الإسبانية أمريكا اللاتينية	ar-MA:الإسبانية أمريكا اللاتينية	ar-MR:الإسبانية أمريكا اللاتينية	ar-OM:الإسبانية أمريكا اللاتينية	ar-PS:الإسبانية أمريكا اللاتينية
es-ES	am:የአውሮፓ ስፓኒሽ	ar:الإسبانية الأوروبية	ar-AE:الإسبانية الأوروبية	ar-BH:الإسبانية الأوروبية	ar-DJ:الإسبانية الأوروبية	ar-DZ:الإسبانية الأوروبية	ar-EG:الإسبانية الأوروبية	ar-EH:الإسبانية الأوروبية	ar-ER:الإسبانية الأوروبية	ar-IL:الإسبانية الأوروبية	ar-IQ:الإسبانية الأوروبية	ar-JO:الإسبانية الأوروبية	ar-KM:الإسبانية الأوروبية	ar-KW:الإسبانية الأوروبية	ar-LB:الإسبانية الأوروبية	ar-LY:الإسبانية الأوروبية	ar-MA:الإسبانية الأوروبية	ar-MR:الإسبانية الأوروبية	ar-OM:الإسبانية الأوروبية	ar-PS:الإسبانية الأوروبية
es-MX	am:የሜክሲኮ ስፓኒሽ	ar:الإسبانية المكسيكية	ar-AE:الإسبانية المكسيكية	ar-BH:الإسبانية المكسيكية	ar-DJ:الإسبانية المكسيكية	ar-DZ:الإسبانية المكسيكية	ar-EG:الإسبانية المكسيكية	ar-EH:الإسبانية المكسيكية	ar-ER:الإسبانية المكسيكية	ar-IL:الإسبانية المكسيكية	ar-IQ:الإسبانية المكسيكية	ar-JO:الإسبانية المكسيكية	ar-KM:الإسبانية المكسيكية	ar-KW:الإسبانية المكسيكية	ar-LB:الإسبانية المكسيكية	ar-LY:الإسبانية المكسيكية	ar-MA:الإسبانية المكسيكية	ar-MR:الإسبانية المكسيكية	ar-OM:الإسبانية المكسيكية	ar-PS:الإسبانية المكسيكية
esu	am:ሴንተራል ዩፒክ	ast:yupik central	cs:jupikština (středoaljašská)	de:Zentral-Alaska-Yupik	de-AT:Zentral-Alaska-Yupik	de-BE:Zentral-Alaska-Yupik	de-CH:Zentral-Alaska-Yupik	de-IT:Zentral-Alaska-Yupik	de-LI:Zentral-Alaska-Yupik	de-LU:Zentral-Alaska-Yupik	en:Central Yupik	en-001:Central Yupik	en-150:Central Yupik	en-AE:Central Yupik	en-AG:Central Yupik	en-AI:Central Yupik	en-AS:Central Yupik	en-AT:Central Yupik	en-AU:Central Yupik	en-BB:Central Yupik
et	af:Estnies	af-NA:Estnies	ak:Estonia kasa	am:ኢስቶኒያንኛ	ar:الإستونية	ar-AE:الإستونية	ar-BH:الإستونية	ar-DJ:الإستونية	ar-DZ:الإستونية	ar-EG:الإستونية	ar-EH:الإستونية	ar-ER:الإستونية	ar-IL:الإستونية	ar-IQ:الإستونية	ar-JO:الإستونية	ar-KM:الإستونية	ar-KW:الإستونية	ar-LB:الإستونية	ar-LY:الإستونية	ar-MA:الإستونية
eu	af:Baskies	af-NA:Baskies	ak:Baske	am:ባስክኛ	ar:الباسكية	ar-AE:الباسكية	ar-BH:الباسكية	ar-DJ:الباسكية	ar-DZ:الباسكية	ar-EG:الباسكية	ar-EH:الباسكية	ar-ER:الباسكية	ar-IL:الباسكية	ar-IQ:الباسكية	ar-JO:الباسكية	ar-KM:الباسكية	ar-KW:الباسكية	ar-LB:الباسكية	ar-LY:الباسكية	ar-MA:الباسكية
ewo	af:Ewondo	af-NA:Ewondo	am:ኤዎንዶ	ar:الإيوندو	ar-AE:الإيوندو	ar-BH:الإيوندو	ar-DJ:الإيوندو	ar-DZ:الإيوندو	ar-EG:الإيوندو	ar-EH:الإيوندو	ar-ER:الإيوندو	ar-IL:الإيوندو	ar-IQ:الإيوندو	ar-JO:الإيوندو	ar-KM:الإيوندو	ar-KW:الإيوندو	ar-LB:الإيوندو	ar-LY:الإيوندو	ar-MA:الإيوندو	ar-MR:الإيوندو
ext	ast:estremeñu	ca:extremeny	ca-AD:extremeny	ca-ES-valencia:extremeny	ca-FR:extremeny	ca-IT:extremeny	cs:extremadurština	cy:Extremadureg	de:Extremadurisch	de-AT:Extremadurisch	de-BE:Extremadurisch	de-CH:Extremadurisch	de-IT:Extremadurisch	de-LI:Extremadurisch	de-LU:Extremadurisch	en:Extremaduran	en-001:Extremaduran	en-150:Extremaduran	en-AE:Extremaduran	en-AG:Extremaduran
fa	af:Persies	af-NA:Persies	agq:Kpɛɛshìa	ak:Pɛɛhyia kasa	am:ፐርሺያኛ	ar:الفارسية	ar-AE:الفارسية	ar-BH:الفارسية	ar-DJ:الفارسية	ar-DZ:الفارسية	ar-EG:الفارسية	ar-EH:الفارسية	ar-ER:الفارسية	ar-IL:الفارسية	ar-IQ:الفارسية	ar-JO:الفارسية	ar-KM:الفارسية	ar-KW:الفارسية	ar-LB:الفارسية	ar-LY:الفارسية
fa-AF	af:Dari	af-NA:Dari	am:ዳሪ	ar:الدارية	ar-AE:الدارية	ar-BH:الدارية	ar-DJ:الدارية	ar-DZ:الدارية	ar-EG:الدارية	ar-EH:الدارية	ar-ER:الدارية	ar-IL:الدارية	ar-IQ:الدارية	ar-JO:الدارية	ar-KM:الدارية	ar-KW:الدارية	ar-LB:الدارية	ar-LY:الدارية	ar-MA:الدارية	ar-MR:الدارية
fan	ar:الفانج	ar-AE:الفانج	ar-BH:الفانج	ar-DJ:الفانج	ar-DZ:الفانج	ar-EG:الفانج	ar-EH:الفانج	ar-ER:الفانج	ar-IL:الفانج	ar-IQ:الفانج	ar-JO:الفانج	ar-KM:الفانج	ar-KW:الفانج	ar-LB:الفانج	ar-LY:الفانج	ar-MA:الفانج	ar-MR:الفانج	ar-OM:الفانج	ar-PS:الفانج	ar-QA:الفانج
fat	ar:الفانتي	ar-AE:الفانتي	ar-BH:الفانتي	ar-DJ:الفانتي	ar-DZ:الفانتي	ar-EG:الفانتي	ar-EH:الفانتي	ar-ER:الفانتي	ar-IL:الفانتي	ar-IQ:الفانتي	ar-JO:الفانتي	ar-KM:الفانتي	ar-KW:الفانتي	ar-LB:الفانتي	ar-LY:الفانتي	ar-MA:الفانتي	ar-MR:الفانتي	ar-OM:الفانتي	ar-PS:الفانتي	ar-QA:الفانتي
ff	af:Fulah	af-NA:Fulah	ak:Fula kasa	am:ፉላኒኛ	ar:الفولانية	ar-AE:الفولانية	ar-BH:الفولانية	ar-DJ:الفولانية	ar-DZ:الفولانية	ar-EG:الفولانية	ar-EH:الفولانية	ar-ER:الفولانية	ar-IL:الفولانية	ar-IQ:الفولانية	ar-JO:الفولانية	ar-KM:الفولانية	ar-KW:الفولانية	ar-LB:الفولانية	ar-LY:الفولانية	ar-MA:الفولانية
fi	af:Fins	af-NA:Fins	ak:Finlande kasa	am:ፊንላንድኛ	ar:الفنلندية	ar-AE:الفنلندية	ar-BH:الفنلندية	ar-DJ:الفنلندية	ar-DZ:الفنلندية	ar-EG:الفنلندية	ar-EH:الفنلندية	ar-ER:الفنلندية	ar-IL:الفنلندية	ar-IQ:الفنلندية	ar-JO:الفنلندية	ar-KM:الفنلندية	ar-KW:الفنلندية	ar-LB:الفنلندية	ar-LY:الفنلندية	ar-MA:الفنلندية
fil	af:Filippyns	af-NA:Filippyns	ak:Filipin kasa	am:ፊሊፒንኛ	ar:الفلبينية	ar-AE:الفلبينية	ar-BH:الفلبينية	ar-DJ:الفلبينية	ar-DZ:الفلبينية	ar-EG:الفلبينية	ar-EH:الفلبينية	ar-ER:الفلبينية	ar-IL:الفلبينية	ar-IQ:الفلبينية	ar-JO:الفلبينية	ar-KM:الفلبينية	ar-KW:الفلبينية	ar-LB:الفلبينية	ar-LY:الفلبينية	ar-MA:الفلبينية
fit	ast:finlandés de Tornedalen	br:finneg traoñienn an Torne	cs:finština (tornedalská)	cy:Ffinneg Tornedal	de:Meänkieli	de-AT:Meänkieli	de-BE:Meänkieli	de-CH:Meänkieli	de-IT:Meänkieli	de-LI:Meänkieli	de-LU:Meänkieli	en:Tornedalen Finnish	en-001:Tornedalen Finnish	en-150:Tornedalen Finnish	en-AE:Tornedalen Finnish	en-AG:Tornedalen Finnish	en-AI:Tornedalen Finnish	en-AS:Tornedalen Finnish	en-AT:Tornedalen Finnish	en-AU:Tornedalen Finnish
fj	af:Fidjiaans	af-NA:Fidjiaans	am:ፊጂኛ	ar:الفيجية	ar-AE:الفيجية	ar-BH:الفيجية	ar-DJ:الفيجية	ar-DZ:الفيجية	ar-EG:الفيجية	ar-EH:الفيجية	ar-ER:الفيجية	ar-IL:الفيجية	ar-IQ:الفيجية	ar-JO:الفيجية	ar-KM:الفيجية	ar-KW:الفيجية	ar-LB:الفيجية	ar-LY:الفيجية	ar-MA:الفيجية	ar-MR:الفيجية
fo	af:Faroëes	af-NA:Faroëes	ak:Farosi	am:ፋሮኛ	ar:الفاروية	ar-AE:الفاروية	ar-BH:الفاروية	ar-DJ:الفاروية	ar-DZ:الفاروية	ar-EG:الفاروية	ar-EH:الفاروية	ar-ER:الفاروية	ar-IL:الفاروية	ar-IQ:الفاروية	ar-JO:الفاروية	ar-KM:الفاروية	ar-KW:الفاروية	ar-LB:الفاروية	ar-LY:الفاروية	ar-MA:الفاروية
fon	af:Fon	af-NA:Fon	am:ፎን	ar:الفون	ar-AE:الفون	ar-BH:الفون	ar-DJ:الفون	ar-DZ:الفون	ar-EG:الفون	ar-EH:الفون	ar-ER:الفون	ar-IL:الفون	ar-IQ:الفون	ar-JO:الفون	ar-KM:الفون	ar-KW:الفون	ar-LB:الفون	ar-LY:الفون	ar-MA:الفون	ar-MR:الفون
fr	af:Frans	af-NA:Frans	agq:Kɨ̀fàlàŋsi	ak:Frɛnkye	am:ፈረንሳይኛ	ar:الفرنسية	ar-AE:الفرنسية	ar-BH:الفرنسية	ar-DJ:الفرنسية	ar-DZ:الفرنسية	ar-EG:الفرنسية	ar-EH:الفرنسية	ar-ER:الفرنسية	ar-IL:الفرنسية	ar-IQ:الفرنسية	ar-JO:الفرنسية	ar-KM:الفرنسية	ar-KW:الفرنسية	ar-LB:الفرنسية	ar-LY:الفرنسية
fr-CA	ak:Kanada Frɛnkye	am:የካናዳ ፈረንሳይኛ	as:কানাডিয়ান ফ্ৰেন্স	ast:francés de Canadá	az:Kanada fransızcası	az-Cyrl:Канада франсызҹасы	az-Latn:Kanada fransızcası	ba:француз (Канада)	bal-Latn:Paránsi (Kaynadhá)	be:канадская французская	be-tarask:канадская французская	bgn:کاناڈاین فرانسوی	bgn-AE:کاناڈاین فرانسوی	bgn-AF:کاناڈاین فرانسوی	bgn-IR:کاناڈاین فرانسوی	bgn-OM:کاناڈاین فرانسوی	br:galleg Kanada	brx:कानाडानि फ्रेन्च	ca:francès canadenc	ca-AD:francès canadenc
fr-CH	ak:Swisalande Frɛnkye	am:የስዊዝ ፈረንሳይኛ	as:ছুইচ ফ্ৰেন্স	ast:francés de Suiza	az:İsveçrə fransızcası	az-Cyrl:Исвечрә франсызҹасы	az-Latn:İsveçrə fransızcası	ba:француз (Швейцария)	be:швейцарская французская	be-tarask:швейцарская французская	bgn:اشاره‌این فرانسوی	bgn-AE:اشاره‌این فرانسوی	bgn-AF:اشاره‌این فرانسوی	bgn-IR:اشاره‌این فرانسوی	bgn-OM:اشاره‌این فرانسوی	br:galleg Suis	brx:सुइस फ्रेन्च	ca:francès suís	ca-AD:francès suís	ca-ES-valencia:francès suís
frc	af:Cajun	af-NA:Cajun	am:ካጁን ፍሬንች	ar:الفرنسية الكاجونية	ar-AE:الفرنسية الكاجونية	ar-BH:الفرنسية الكاجونية	ar-DJ:الفرنسية الكاجونية	ar-DZ:الفرنسية الكاجونية	ar-EG:الفرنسية الكاجونية	ar-EH:الفرنسية الكاجونية	ar-ER:الفرنسية الكاجونية	ar-IL:الفرنسية الكاجونية	ar-IQ:الفرنسية الكاجونية	ar-JO:الفرنسية الكاجونية	ar-KM:الفرنسية الكاجونية	ar-KW:الفرنسية الكاجونية	ar-LB:الفرنسية الكاجونية	ar-LY:الفرنسية الكاجونية	ar-MA:الفرنسية الكاجونية	ar-MR:الفرنسية الكاجونية
frm	ar:الفرنسية الوسطى	ar-AE:الفرنسية الوسطى	ar-BH:الفرنسية الوسطى	ar-DJ:الفرنسية الوسطى	ar-DZ:الفرنسية الوسطى	ar-EG:الفرنسية الوسطى	ar-EH:الفرنسية الوسطى	ar-ER:الفرنسية الوسطى	ar-IL:الفرنسية الوسطى	ar-IQ:الفرنسية الوسطى	ar-JO:الفرنسية الوسطى	ar-KM:الفرنسية الوسطى	ar-KW:الفرنسية الوسطى	ar-LB:الفرنسية الوسطى	ar-LY:الفرنسية الوسطى	ar-MA:الفرنسية الوسطى	ar-MR:الفرنسية الوسطى	ar-OM:الفرنسية الوسطى	ar-PS:الفرنسية الوسطى	ar-QA:الفرنسية الوسطى
fro	ar:الفرنسية القديمة	ar-AE:الفرنسية القديمة	ar-BH:الفرنسية القديمة	ar-DJ:الفرنسية القديمة	ar-DZ:الفرنسية القديمة	ar-EG:الفرنسية القديمة	ar-EH:الفرنسية القديمة	ar-ER:الفرنسية القديمة	ar-IL:الفرنسية القديمة	ar-IQ:الفرنسية القديمة	ar-JO:الفرنسية القديمة	ar-KM:الفرنسية القديمة	ar-KW:الفرنسية القديمة	ar-LB:الفرنسية القديمة	ar-LY:الفرنسية القديمة	ar-MA:الفرنسية القديمة	ar-MR:الفرنسية القديمة	ar-OM:الفرنسية القديمة	ar-PS:الفرنسية القديمة	ar-QA:الفرنسية القديمة
frp	am:አርፒታን	ast:arpitanu	br:arpitaneg	cs:franko-provensálština	cy:Arpitaneg	de:Frankoprovenzalisch	de-AT:Frankoprovenzalisch	de-BE:Frankoprovenzalisch	de-CH:Frankoprovenzalisch	de-IT:Frankoprovenzalisch	de-LI:Frankoprovenzalisch	de-LU:Frankoprovenzalisch	en:Arpitan	en-001:Arpitan	en-150:Arpitan	en-AE:Arpitan	en-AG:Arpitan	en-AI:Arpitan	en-AS:Arpitan	en-AT:Arpitan
frr	af:Noord-Fries	af-NA:Noord-Fries	am:ሰሜናዊ ፍሪስያን	ar:الفريزينية الشمالية	ar-AE:الفريزينية الشمالية	ar-BH:الفريزينية الشمالية	ar-DJ:الفريزينية الشمالية	ar-DZ:الفريزينية الشمالية	ar-EG:الفريزينية الشمالية	ar-EH:الفريزينية الشمالية	ar-ER:الفريزينية الشمالية	ar-IL:الفريزينية الشمالية	ar-IQ:الفريزينية الشمالية	ar-JO:الفريزينية الشمالية	ar-KM:الفريزينية الشمالية	ar-KW:الفريزينية الشمالية	ar-LB:الفريزينية الشمالية	ar-LY:الفريزينية الشمالية	ar-MA:الفريزينية الشمالية	ar-MR:الفريزينية الشمالية
frs	ar:الفريزينية الشرقية	ar-AE:الفريزينية الشرقية	ar-BH:الفريزينية الشرقية	ar-DJ:الفريزينية الشرقية	ar-DZ:الفريزينية الشرقية	ar-EG:الفريزينية الشرقية	ar-EH:الفريزينية الشرقية	ar-ER:الفريزينية الشرقية	ar-IL:الفريزينية الشرقية	ar-IQ:الفريزينية الشرقية	ar-JO:الفريزينية الشرقية	ar-KM:الفريزينية الشرقية	ar-KW:الفريزينية الشرقية	ar-LB:الفريزينية الشرقية	ar-LY:الفريزينية الشرقية	ar-MA:الفريزينية الشرقية	ar-MR:الفريزينية الشرقية	ar-OM:الفريزينية الشرقية	ar-PS:الفريزينية الشرقية	ar-QA:الفريزينية الشرقية
fur	af:Friuliaans	af-NA:Friuliaans	am:ፍሩሊያን	ar:الفريلايان	ar-AE:الفريلايان	ar-BH:الفريلايان	ar-DJ:الفريلايان	ar-DZ:الفريلايان	ar-EG:الفريلايان	ar-EH:الفريلايان	ar-ER:الفريلايان	ar-IL:الفريلايان	ar-IQ:الفريلايان	ar-JO:الفريلايان	ar-KM:الفريلايان	ar-KW:الفريلايان	ar-LB:الفريلايان	ar-LY:الفريلايان	ar-MA:الفريلايان	ar-MR:الفريلايان
fy	af:Fries	af-NA:Fries	ak:Atɔeɛ Fam Frihyia Kasa	am:ምዕራባዊ ፍሪሲኛ	ar:الفريزيان	ar-AE:الفريزيان	ar-BH:الفريزيان	ar-DJ:الفريزيان	ar-DZ:الفريزيان	ar-EG:الفريزيان	ar-EH:الفريزيان	ar-ER:الفريزيان	ar-IL:الفريزيان	ar-IQ:الفريزيان	ar-JO:الفريزيان	ar-KM:الفريزيان	ar-KW:الفريزيان	ar-LB:الفريزيان	ar-LY:الفريزيان	ar-MA:الفريزيان
ga	af:Iers	af-NA:Iers	ak:Aerelande kasa	am:አየርላንድኛ	ar:الأيرلندية	ar-AE:الأيرلندية	ar-BH:الأيرلندية	ar-DJ:الأيرلندية	ar-DZ:الأيرلندية	ar-EG:الأيرلندية	ar-EH:الأيرلندية	ar-ER:الأيرلندية	ar-IL:الأيرلندية	ar-IQ:الأيرلندية	ar-JO:الأيرلندية	ar-KM:الأيرلندية	ar-KW:الأيرلندية	ar-LB:الأيرلندية	ar-LY:الأيرلندية	ar-MA:الأيرلندية
gaa	af:Gaa	af-NA:Gaa	am:ጋ	ar:الجا	ar-AE:الجا	ar-BH:الجا	ar-DJ:الجا	ar-DZ:الجا	ar-EG:الجا	ar-EH:الجا	ar-ER:الجا	ar-IL:الجا	ar-IQ:الجا	ar-JO:الجا	ar-KM:الجا	ar-KW:الجا	ar-LB:الجا	ar-LY:الجا	ar-MA:الجا	ar-MR:الجا
gag	af:Gagauz	af-NA:Gagauz	am:ጋጉዝኛ	ar:الغاغوز	ar-AE:الغاغوز	ar-BH:الغاغوز	ar-DJ:الغاغوز	ar-DZ:الغاغوز	ar-EG:الغاغوز	ar-EH:الغاغوز	ar-ER:الغاغوز	ar-IL:الغاغوز	ar-IQ:الغاغوز	ar-JO:الغاغوز	ar-KM:الغاغوز	ar-KW:الغاغوز	ar-LB:الغاغوز	ar-LY:الغاغوز	ar-MA:الغاغوز	ar-MR:الغاغوز
gan	af:Gan-Sjinees	af-NA:Gan-Sjinees	am:ጋን ቻይንኛ	ar:الغان الصينية	ar-AE:الغان الصينية	ar-BH:الغان الصينية	ar-DJ:الغان الصينية	ar-DZ:الغان الصينية	ar-EG:الغان الصينية	ar-EH:الغان الصينية	ar-ER:الغان الصينية	ar-IL:الغان الصينية	ar-IQ:الغان الصينية	ar-JO:الغان الصينية	ar-KM:الغان الصينية	ar-KW:الغان الصينية	ar-LB:الغان الصينية	ar-LY:الغان الصينية	ar-MA:الغان الصينية	ar-MR:الغان الصينية
gay	ar:الجايو	ar-AE:الجايو	ar-BH:الجايو	ar-DJ:الجايو	ar-DZ:الجايو	ar-EG:الجايو	ar-EH:الجايو	ar-ER:الجايو	ar-IL:الجايو	ar-IQ:الجايو	ar-JO:الجايو	ar-KM:الجايو	ar-KW:الجايو	ar-LB:الجايو	ar-LY:الجايو	ar-MA:الجايو	ar-MR:الجايو	ar-OM:الجايو	ar-PS:الجايو	ar-QA:الجايو
gba	ar:الجبيا	ar-AE:الجبيا	ar-BH:الجبيا	ar-DJ:الجبيا	ar-DZ:الجبيا	ar-EG:الجبيا	ar-EH:الجبيا	ar-ER:الجبيا	ar-IL:الجبيا	ar-IQ:الجبيا	ar-JO:الجبيا	ar-KM:الجبيا	ar-KW:الجبيا	ar-LB:الجبيا	ar-LY:الجبيا	ar-MA:الجبيا	ar-MR:الجبيا	ar-OM:الجبيا	ar-PS:الجبيا	ar-QA:الجبيا
gbz	ast:dari zoroastrianu	cs:daríjština (zoroastrijská)	cy:Dareg y Zoroastriaid	de:Gabri	de-AT:Gabri	de-BE:Gabri	de-CH:Gabri	de-IT:Gabri	de-LI:Gabri	de-LU:Gabri	en:Zoroastrian Dari	en-001:Zoroastrian Dari	en-150:Zoroastrian Dari	en-AE:Zoroastrian Dari	en-AG:Zoroastrian Dari	en-AI:Zoroastrian Dari	en-AS:Zoroastrian Dari	en-AT:Zoroastrian Dari	en-AU:Zoroastrian Dari	en-BB:Zoroastrian Dari
gd	af:Skotse Gallies	af-NA:Skotse Gallies	ak:Skotlandfoɔ Galek Kasa	am:የስኮትላንድ ጌይሊክ	ar:الغيلية الأسكتلندية	ar-AE:الغيلية الأسكتلندية	ar-BH:الغيلية الأسكتلندية	ar-DJ:الغيلية الأسكتلندية	ar-DZ:الغيلية الأسكتلندية	ar-EG:الغيلية الأسكتلندية	ar-EH:الغيلية الأسكتلندية	ar-ER:الغيلية الأسكتلندية	ar-IL:الغيلية الأسكتلندية	ar-IQ:الغيلية الأسكتلندية	ar-JO:الغيلية الأسكتلندية	ar-KM:الغيلية الأسكتلندية	ar-KW:الغيلية الأسكتلندية	ar-LB:الغيلية الأسكتلندية	ar-LY:الغيلية الأسكتلندية	ar-MA:الغيلية الأسكتلندية
gez	af:Geez	af-NA:Geez	am:ግዕዝኛ	ar:الجعزية	ar-AE:الجعزية	ar-BH:الجعزية	ar-DJ:الجعزية	ar-DZ:الجعزية	ar-EG:الجعزية	ar-EH:الجعزية	ar-ER:الجعزية	ar-IL:الجعزية	ar-IQ:الجعزية	ar-JO:الجعزية	ar-KM:الجعزية	ar-KW:الجعزية	ar-LB:الجعزية	ar-LY:الجعزية	ar-MA:الجعزية	ar-MR:الجعزية
gil	af:Gilbertees	af-NA:Gilbertees	am:ጅልበርትስ	ar:لغة أهل جبل طارق	ar-AE:لغة أهل جبل طارق	ar-BH:لغة أهل جبل طارق	ar-DJ:لغة أهل جبل طارق	ar-DZ:لغة أهل جبل طارق	ar-EG:لغة أهل جبل طارق	ar-EH:لغة أهل جبل طارق	ar-ER:لغة أهل جبل طارق	ar-IL:لغة أهل جبل طارق	ar-IQ:لغة أهل جبل طارق	ar-JO:لغة أهل جبل طارق	ar-KM:لغة أهل جبل طارق	ar-KW:لغة أهل جبل طارق	ar-LB:لغة أهل جبل طارق	ar-LY:لغة أهل جبل طارق	ar-MA:لغة أهل جبل طارق	ar-MR:لغة أهل جبل طارق
gl	af:Galisies	af-NA:Galisies	ak:Galisia kasa	am:ጋሊሺያንኛ	ar:الجاليكية	ar-AE:الجاليكية	ar-BH:الجاليكية	ar-DJ:الجاليكية	ar-DZ:الجاليكية	ar-EG:الجاليكية	ar-EH:الجاليكية	ar-ER:الجاليكية	ar-IL:الجاليكية	ar-IQ:الجاليكية	ar-JO:الجاليكية	ar-KM:الجاليكية	ar-KW:الجاليكية	ar-LB:الجاليكية	ar-LY:الجاليكية	ar-MA:الجاليكية
glk	ast:gilaki	ca:gilaki	ca-AD:gilaki	ca-ES-valencia:gilaki	ca-FR:gilaki	ca-IT:gilaki	cs:gilačtina	de:Gilaki	de-AT:Gilaki	de-BE:Gilaki	de-CH:Gilaki	de-IT:Gilaki	de-LI:Gilaki	de-LU:Gilaki	en:Gilaki	en-001:Gilaki	en-150:Gilaki	en-AE:Gilaki	en-AG:Gilaki	en-AI:Gilaki
gmh	ar:الألمانية العليا الوسطى	ar-AE:الألمانية العليا الوسطى	ar-BH:الألمانية العليا الوسطى	ar-DJ:الألمانية العليا الوسطى	ar-DZ:الألمانية العليا الوسطى	ar-EG:الألمانية العليا الوسطى	ar-EH:الألمانية العليا الوسطى	ar-ER:الألمانية العليا الوسطى	ar-IL:الألمانية العليا الوسطى	ar-IQ:الألمانية العليا الوسطى	ar-JO:الألمانية العليا الوسطى	ar-KM:الألمانية العليا الوسطى	ar-KW:الألمانية العليا الوسطى	ar-LB:الألمانية العليا الوسطى	ar-LY:الألمانية العليا الوسطى	ar-MA:الألمانية العليا الوسطى	ar-MR:الألمانية العليا الوسطى	ar-OM:الألمانية العليا الوسطى	ar-PS:الألمانية العليا الوسطى	ar-QA:الألمانية العليا الوسطى
gn	af:Guarani	af-NA:Guarani	am:ጓራኒኛ	ar:الغوارانية	ar-AE:الغوارانية	ar-BH:الغوارانية	ar-DJ:الغوارانية	ar-DZ:الغوارانية	ar-EG:الغوارانية	ar-EH:الغوارانية	ar-ER:الغوارانية	ar-IL:الغوارانية	ar-IQ:الغوارانية	ar-JO:الغوارانية	ar-KM:الغوارانية	ar-KW:الغوارانية	ar-LB:الغوارانية	ar-LY:الغورانية	ar-MA:الغوارانية	ar-MR:الغوارانية
goh	ar:الألمانية العليا القديمة	ar-AE:الألمانية العليا القديمة	ar-BH:الألمانية العليا القديمة	ar-DJ:الألمانية العليا القديمة	ar-DZ:الألمانية العليا القديمة	ar-EG:الألمانية العليا القديمة	ar-EH:الألمانية العليا القديمة	ar-ER:الألمانية العليا القديمة	ar-IL:الألمانية العليا القديمة	ar-IQ:الألمانية العليا القديمة	ar-JO:الألمانية العليا القديمة	ar-KM:الألمانية العليا القديمة	ar-KW:الألمانية العليا القديمة	ar-LB:الألمانية العليا القديمة	ar-LY:الألمانية العليا القديمة	ar-MA:الألمانية العليا القديمة	ar-MR:الألمانية العليا القديمة	ar-OM:الألمانية العليا القديمة	ar-PS:الألمانية العليا القديمة	ar-QA:الألمانية العليا القديمة
gon	ar:الجندي	ar-AE:الجندي	ar-BH:الجندي	ar-DJ:الجندي	ar-DZ:الجندي	ar-EG:الجندي	ar-EH:الجندي	ar-ER:الجندي	ar-IL:الجندي	ar-IQ:الجندي	ar-JO:الجندي	ar-KM:الجندي	ar-KW:الجندي	ar-LB:الجندي	ar-LY:الجندي	ar-MA:الجندي	ar-MR:الجندي	ar-OM:الجندي	ar-PS:الجندي	ar-QA:الجندي
gor	af:Gorontalo	af-NA:Gorontalo	am:ጎሮንታሎ	ar:الجورونتالو	ar-AE:الجورونتالو	ar-BH:الجورونتالو	ar-DJ:الجورونتالو	ar-DZ:الجورونتالو	ar-EG:الجورونتالو	ar-EH:الجورونتالو	ar-ER:الجورونتالو	ar-IL:الجورونتالو	ar-IQ:الجورونتالو	ar-JO:الجورونتالو	ar-KM:الجورونتالو	ar-KW:الجورونتالو	ar-LB:الجورونتالو	ar-LY:الجورونتالو	ar-MA:الجورونتالو	ar-MR:الجورونتالو
got	af:Goties	af-NA:Goties	ar:القوطية	ar-AE:القوطية	ar-BH:القوطية	ar-DJ:القوطية	ar-DZ:القوطية	ar-EG:القوطية	ar-EH:القوطية	ar-ER:القوطية	ar-IL:القوطية	ar-IQ:القوطية	ar-JO:القوطية	ar-KM:القوطية	ar-KW:القوطية	ar-LB:القوطية	ar-LY:القوطية	ar-MA:القوطية	ar-MR:القوطية	ar-OM:القوطية
grb	ar:الجريبو	ar-AE:الجريبو	ar-BH:الجريبو	ar-DJ:الجريبو	ar-DZ:الجريبو	ar-EG:الجريبو	ar-EH:الجريبو	ar-ER:الجريبو	ar-IL:الجريبو	ar-IQ:الجريبو	ar-JO:الجريبو	ar-KM:الجريبو	ar-KW:الجريبو	ar-LB:الجريبو	ar-LY:الجريبو	ar-MA:الجريبو	ar-MR:الجريبو	ar-OM:الجريبو	ar-PS:الجريبو	ar-QA:الجريبو
grc	af:Antieke Grieks	af-NA:Antieke Grieks	am:የጥንታዊ ግሪክ	ar:اليونانية القديمة	ar-AE:اليونانية القديمة	ar-BH:اليونانية القديمة	ar-DJ:اليونانية القديمة	ar-DZ:اليونانية القديمة	ar-EG:اليونانية القديمة	ar-EH:اليونانية القديمة	ar-ER:اليونانية القديمة	ar-IL:اليونانية القديمة	ar-IQ:اليونانية القديمة	ar-JO:اليونانية القديمة	ar-KM:اليونانية القديمة	ar-KW:اليونانية القديمة	ar-LB:اليونانية القديمة	ar-LY:اليونانية القديمة	ar-MA:اليونانية القديمة	ar-MR:اليونانية القديمة
gsw	af:Switserse Duits	af-NA:Switserse Duits	am:ስዊዝ ጀርመንኛ	ar:الألمانية السويسرية	ar-AE:الألمانية السويسرية	ar-BH:الألمانية السويسرية	ar-DJ:الألمانية السويسرية	ar-DZ:الألمانية السويسرية	ar-EG:الألمانية السويسرية	ar-EH:الألمانية السويسرية	ar-ER:الألمانية السويسرية	ar-IL:الألمانية السويسرية	ar-IQ:الألمانية السويسرية	ar-JO:الألمانية السويسرية	ar-KM:الألمانية السويسرية	ar-KW:الألمانية السويسرية	ar-LB:الألمانية السويسرية	ar-LY:الألمانية السويسرية	ar-MA:الألمانية السويسرية	ar-MR:الألمانية السويسرية
gu	af:Goedjarati	af-NA:Goedjarati	ak:Gugyarata	am:ጉጃርቲኛ	ar:الغوجاراتية	ar-AE:الغوجاراتية	ar-BH:الغوجاراتية	ar-DJ:الغوجاراتية	ar-DZ:الغوجاراتية	ar-EG:الغوجاراتية	ar-EH:الغوجاراتية	ar-ER:الغوجاراتية	ar-IL:الغوجاراتية	ar-IQ:الغوجاراتية	ar-JO:الغوجاراتية	ar-KM:الغوجاراتية	ar-KW:الغوجاراتية	ar-LB:الغوجاراتية	ar-LY:الغوجاراتية	ar-MA:الغوجاراتية
guc	ast:wayuu	ca:wayú	ca-AD:wayú	ca-ES-valencia:wayú	ca-FR:wayú	ca-IT:wayú	cs:wayúuština	de:Wayúu	de-AT:Wayúu	de-BE:Wayúu	de-CH:Wayúu	de-IT:Wayúu	de-LI:Wayúu	de-LU:Wayúu	en:Wayuu	en-001:Wayuu	en-150:Wayuu	en-AE:Wayuu	en-AG:Wayuu	en-AI:Wayuu
gur	ast:frafra	cs:frafra	de:Farefare	de-AT:Farefare	de-BE:Farefare	de-CH:Farefare	de-IT:Farefare	de-LI:Farefare	de-LU:Farefare	en:Frafra	en-001:Frafra	en-150:Frafra	en-AE:Frafra	en-AG:Frafra	en-AI:Frafra	en-AS:Frafra	en-AT:Frafra	en-AU:Frafra	en-BB:Frafra	en-BE:Frafra
guz	af:Gusii	af-NA:Gusii	am:ጉስሊኛ	ar:الغيزية	ar-AE:الغيزية	ar-BH:الغيزية	ar-DJ:الغيزية	ar-DZ:الغيزية	ar-EG:الغيزية	ar-EH:الغيزية	ar-ER:الغيزية	ar-IL:الغيزية	ar-IQ:الغيزية	ar-JO:الغيزية	ar-KM:الغيزية	ar-KW:الغيزية	ar-LB:الغيزية	ar-LY:الغيزية	ar-MA:الغيزية	ar-MR:الغيزية
gv	af:Manx	af-NA:Manx	am:ማንክስ	ar:المنكية	ar-AE:المنكية	ar-BH:المنكية	ar-DJ:المنكية	ar-DZ:المنكية	ar-EG:المنكية	ar-EH:المنكية	ar-ER:المنكية	ar-IL:المنكية	ar-IQ:المنكية	ar-JO:المنكية	ar-KM:المنكية	ar-KW:المنكية	ar-LB:المنكية	ar-LY:المنكية	ar-MA:المنكية	ar-MR:المنكية
gwi	af:Gwichʼin	af-NA:Gwichʼin	am:ግዊቺን	ar:غوتشن	ar-AE:غوتشن	ar-BH:غوتشن	ar-DJ:غوتشن	ar-DZ:غوتشن	ar-EG:غوتشن	ar-EH:غوتشن	ar-ER:غوتشن	ar-IL:غوتشن	ar-IQ:غوتشن	ar-JO:غوتشن	ar-KM:غوتشن	ar-KW:غوتشن	ar-LB:غوتشن	ar-LY:غوتشن	ar-MA:غوتشن	ar-MR:غوتشن
ha	af:Hausa	af-NA:Hausa	agq:Kɨtsɔŋkaŋ	ak:Hausa	am:ሃውሳኛ	ar:الهوسا	ar-AE:الهوسا	ar-BH:الهوسا	ar-DJ:الهوسا	ar-DZ:الهوسا	ar-EG:الهوسا	ar-EH:الهوسا	ar-ER:الهوسا	ar-IL:الهوسا	ar-IQ:الهوسا	ar-JO:الهوسا	ar-KM:الهوسا	ar-KW:الهوسا	ar-LB:الهوسا	ar-LY:الهوسا
hai	af:Haida	af-NA:Haida	am:ሃይዳ	ar:الهيدا	ar-AE:الهيدا	ar-BH:الهيدا	ar-DJ:الهيدا	ar-DZ:الهيدا	ar-EG:الهيدا	ar-EH:الهيدا	ar-ER:الهيدا	ar-IL:الهيدا	ar-IQ:الهيدا	ar-JO:الهيدا	ar-KM:الهيدا	ar-KW:الهيدا	ar-LB:الهيدا	ar-LY:الهيدا	ar-MA:الهيدا	ar-MR:الهيدا
hak	af:Hakka-Sjinees	af-NA:Hakka-Sjinees	am:ሃካ ቻይንኛ	ar:الهاكا الصينية	ar-AE:الهاكا الصينية	ar-BH:الهاكا الصينية	ar-DJ:الهاكا الصينية	ar-DZ:الهاكا الصينية	ar-EG:الهاكا الصينية	ar-EH:الهاكا الصينية	ar-ER:الهاكا الصينية	ar-IL:الهاكا الصينية	ar-IQ:الهاكا الصينية	ar-JO:الهاكا الصينية	ar-KM:الهاكا الصينية	ar-KW:الهاكا الصينية	ar-LB:الهاكا الصينية	ar-LY:الهاكا الصينية	ar-MA:الهاكا الصينية	ar-MR:الهاكا الصينية
haw	af:Hawais	af-NA:Hawais	am:ሃዊያኛ	ar:لغة هاواي	ar-AE:لغة هاواي	ar-BH:لغة هاواي	ar-DJ:لغة هاواي	ar-DZ:لغة هاواي	ar-EG:لغة هاواي	ar-EH:لغة هاواي	ar-ER:لغة هاواي	ar-IL:لغة هاواي	ar-IQ:لغة هاواي	ar-JO:لغة هاواي	ar-KM:لغة هاواي	ar-KW:لغة هاواي	ar-LB:لغة هاواي	ar-LY:لغة هاواي	ar-MA:لغة هاواي	ar-MR:لغة هاواي
hax	af:Suid-Haida	af-NA:Suid-Haida	am:ደቡባዊ ሃይዳ	ar:هايدا الجنوبية	ar-AE:هايدا الجنوبية	ar-BH:هايدا الجنوبية	ar-DJ:هايدا الجنوبية	ar-DZ:هايدا الجنوبية	ar-EG:هايدا الجنوبية	ar-EH:هايدا الجنوبية	ar-ER:هايدا الجنوبية	ar-IL:هايدا الجنوبية	ar-IQ:هايدا الجنوبية	ar-JO:هايدا الجنوبية	ar-KM:هايدا الجنوبية	ar-KW:هايدا الجنوبية	ar-LB:هايدا الجنوبية	ar-LY:هايدا الجنوبية	ar-MA:هايدا الجنوبية	ar-MR:هايدا الجنوبية
he	af:Hebreeus	af-NA:Hebreeus	ak:Hibri kasa	am:ዕብራይስጥ	ar:العبرية	ar-AE:العبرية	ar-BH:العبرية	ar-DJ:العبرية	ar-DZ:العبرية	ar-EG:العبرية	ar-EH:العبرية	ar-ER:العبرية	ar-IL:العبرية	ar-IQ:العبرية	ar-JO:العبرية	ar-KM:العبرية	ar-KW:العبرية	ar-LB:العبرية	ar-LY:العبرية	ar-MA:العبرية
hi	af:Hindi	af-NA:Hindi	agq:Endì	ak:Hindi	am:ሕንድኛ	ar:الهندية	ar-AE:الهندية	ar-BH:الهندية	ar-DJ:الهندية	ar-DZ:الهندية	ar-EG:الهندية	ar-EH:الهندية	ar-ER:الهندية	ar-IL:الهندية	ar-IQ:الهندية	ar-JO:الهندية	ar-KM:الهندية	ar-KW:الهندية	ar-LB:الهندية	ar-LY:الهندية
hi-Latn	ak:Laatenfoɔ Hindi	az:Hindi (latın)	az-Latn:Hindi (latın)	ba:һинди (латиница)	bal-Latn:Hendi (Látin Engrézi (Látin) Engrézi (Látin, Amrikáay Tepákén Están) syáhag: Látini)	blo:hinɖii kagɩja (latɛŋ kʊja)	br:hindieg (latin)	cv:хинди чӗлхи (латин ҫырулӑхӗ)	de:Hindi (lateinisch)	de-AT:Hindi (lateinisch)	de-BE:Hindi (lateinisch)	de-CH:Hindi (lateinisch)	de-IT:Hindi (lateinisch)	de-LI:Hindi (lateinisch)	de-LU:Hindi (lateinisch)	en:Hindi (Latin)	en-001:Hindi (Latin)	en-150:Hindi (Latin)	en-AE:Hindi (Latin)	en-AG:Hindi (Latin)
hif	ast:hindi de Fiji	ca:hindi de Fiji	ca-AD:hindi de Fiji	ca-ES-valencia:hindi de Fiji	ca-FR:hindi de Fiji	ca-IT:hindi de Fiji	cs:hindština (Fidži)	de:Fidschi-Hindi	de-AT:Fidschi-Hindi	de-BE:Fidschi-Hindi	de-CH:Fidschi-Hindi	de-IT:Fidschi-Hindi	de-LI:Fidschi-Hindi	de-LU:Fidschi-Hindi	en:Fiji Hindi	en-001:Fiji Hindi	en-150:Fiji Hindi	en-AE:Fiji Hindi	en-AG:Fiji Hindi	en-AI:Fiji Hindi
hil	af:Hiligaynon	af-NA:Hiligaynon	am:ሂሊጋይኖን	ar:الهيليجينون	ar-AE:الهيليجينون	ar-BH:الهيليجينون	ar-DJ:الهيليجينون	ar-DZ:الهيليجينون	ar-EG:الهيليجينون	ar-EH:الهيليجينون	ar-ER:الهيليجينون	ar-IL:الهيليجينون	ar-IQ:الهيليجينون	ar-JO:الهيليجينون	ar-KM:الهيليجينون	ar-KW:الهيليجينون	ar-LB:الهيليجينون	ar-LY:الهيليجينون	ar-MA:الهيليجينون	ar-MR:الهيليجينون
hit	af:Hetities	af-NA:Hetities	ar:الحثية	ar-AE:الحثية	ar-BH:الحثية	ar-DJ:الحثية	ar-DZ:الحثية	ar-EG:الحثية	ar-EH:الحثية	ar-ER:الحثية	ar-IL:الحثية	ar-IQ:الحثية	ar-JO:الحثية	ar-KM:الحثية	ar-KW:الحثية	ar-LB:الحثية	ar-LY:الحثية	ar-MA:الحثية	ar-MR:الحثية	ar-OM:الحثية
hmn	af:Hmong	af-NA:Hmong	am:ህሞንግ	ar:الهمونجية	ar-AE:الهمونجية	ar-BH:الهمونجية	ar-DJ:الهمونجية	ar-DZ:الهمونجية	ar-EG:الهمونجية	ar-EH:الهمونجية	ar-ER:الهمونجية	ar-IL:الهمونجية	ar-IQ:الهمونجية	ar-JO:الهمونجية	ar-KM:الهمونجية	ar-KW:الهمونجية	ar-LB:الهمونجية	ar-LY:الهمونجية	ar-MA:الهمونجية	ar-MR:الهمونجية
hnj	ba:хмонг нджуа	bal-Latn:Hmang Njuá	blo:Hmoŋg ŋjʊwaa kagɩja	cv:хмонг-ну чӗлхи	en:Hmong Njua	en-001:Hmong Njua	en-150:Hmong Njua	en-AE:Hmong Njua	en-AG:Hmong Njua	en-AI:Hmong Njua	en-AS:Hmong Njua	en-AT:Hmong Njua	en-AU:Hmong Njua	en-BB:Hmong Njua	en-BE:Hmong Njua	en-BI:Hmong Njua	en-BM:Hmong Njua	en-BS:Hmong Njua	en-BW:Hmong Njua	en-BZ:Hmong Njua
ho	ar:الهيري موتو	ar-AE:الهيري موتو	ar-BH:الهيري موتو	ar-DJ:الهيري موتو	ar-DZ:الهيري موتو	ar-EG:الهيري موتو	ar-EH:الهيري موتو	ar-ER:الهيري موتو	ar-IL:الهيري موتو	ar-IQ:الهيري موتو	ar-JO:الهيري موتو	ar-KM:الهيري موتو	ar-KW:الهيري موتو	ar-LB:الهيري موتو	ar-LY:الهيري موتو	ar-MA:الهيري موتو	ar-MR:الهيري موتو	ar-OM:الهيري موتو	ar-PS:الهيري موتو	ar-QA:الهيري موتو
hr	af:Kroaties	af-NA:Kroaties	ak:Kurowehyia kasa	am:ክሮሽያንኛ	ar:الكرواتية	ar-AE:الكرواتية	ar-BH:الكرواتية	ar-DJ:الكرواتية	ar-DZ:الكرواتية	ar-EG:الكرواتية	ar-EH:الكرواتية	ar-ER:الكرواتية	ar-IL:الكرواتية	ar-IQ:الكرواتية	ar-JO:الكرواتية	ar-KM:الكرواتية	ar-KW:الكرواتية	ar-LB:الكرواتية	ar-LY:الكرواتية	ar-MA:الكرواتية
hsb	af:Oppersorbies	af-NA:Oppersorbies	ak:Atifi fam Sɔɔbia Kasa	am:የላይኛው ሶርቢያንኛ	ar:الصوربية العليا	ar-AE:الصوربية العليا	ar-BH:الصوربية العليا	ar-DJ:الصوربية العليا	ar-DZ:الصوربية العليا	ar-EG:الصوربية العليا	ar-EH:الصوربية العليا	ar-ER:الصوربية العليا	ar-IL:الصوربية العليا	ar-IQ:الصوربية العليا	ar-JO:الصوربية العليا	ar-KM:الصوربية العليا	ar-KW:الصوربية العليا	ar-LB:الصوربية العليا	ar-LY:صوربيا العليا	ar-MA:الصوربية العليا
hsn	af:Xiang-Sjinees	af-NA:Xiang-Sjinees	am:ዢያንግ ቻይንኛ	ar:شيانغ الصينية	ar-AE:شيانغ الصينية	ar-BH:شيانغ الصينية	ar-DJ:شيانغ الصينية	ar-DZ:شيانغ الصينية	ar-EG:شيانغ الصينية	ar-EH:شيانغ الصينية	ar-ER:شيانغ الصينية	ar-IL:شيانغ الصينية	ar-IQ:شيانغ الصينية	ar-JO:شيانغ الصينية	ar-KM:شيانغ الصينية	ar-KW:شيانغ الصينية	ar-LB:شيانغ الصينية	ar-LY:شيانغ الصينية	ar-MA:شيانغ الصينية	ar-MR:شيانغ الصينية
ht	af:Haïtiaans	af-NA:Haïtiaans	am:ሃይትኛ ክሮሌ	ar:الكريولية الهايتية	ar-AE:الكريولية الهايتية	ar-BH:الكريولية الهايتية	ar-DJ:الكريولية الهايتية	ar-DZ:الكريولية الهايتية	ar-EG:الكريولية الهايتية	ar-EH:الكريولية الهايتية	ar-ER:الكريولية الهايتية	ar-IL:الكريولية الهايتية	ar-IQ:الكريولية الهايتية	ar-JO:الكريولية الهايتية	ar-KM:الكريولية الهايتية	ar-KW:الكريولية الهايتية	ar-LB:الكريولية الهايتية	ar-LY:الكريولية الهايتية	ar-MA:الكريولية الهايتية	ar-MR:الكريولية الهايتية
hu	af:Hongaars	af-NA:Hongaars	agq:Hɔŋgalìa	ak:Hangri kasa	am:ሀንጋሪኛ	ar:الهنغارية	ar-AE:الهنغارية	ar-BH:الهنغارية	ar-DJ:الهنغارية	ar-DZ:الهنغارية	ar-EG:الهنغارية	ar-EH:الهنغارية	ar-ER:الهنغارية	ar-IL:الهنغارية	ar-IQ:الهنغارية	ar-JO:الهنغارية	ar-KM:الهنغارية	ar-KW:الهنغارية	ar-LB:الهنغارية	ar-LY:الهنغارية
hup	af:Hupa	af-NA:Hupa	am:ሁፓ	ar:الهبا	ar-AE:الهبا	ar-BH:الهبا	ar-DJ:الهبا	ar-DZ:الهبا	ar-EG:الهبا	ar-EH:الهبا	ar-ER:الهبا	ar-IL:الهبا	ar-IQ:الهبا	ar-JO:الهبا	ar-KM:الهبا	ar-KW:الهبا	ar-LB:الهبا	ar-LY:الهبا	ar-MA:الهبا	ar-MR:الهبا
hur	af:Halkomelem	af-NA:Halkomelem	am:ሃልኮመልም	ar:الهالكوميليم	ar-AE:الهالكوميليم	ar-BH:الهالكوميليم	ar-DJ:الهالكوميليم	ar-DZ:الهالكوميليم	ar-EG:الهالكوميليم	ar-EH:الهالكوميليم	ar-ER:الهالكوميليم	ar-IL:الهالكوميليم	ar-IQ:الهالكوميليم	ar-JO:الهالكوميليم	ar-KM:الهالكوميليم	ar-KW:الهالكوميليم	ar-LB:الهالكوميليم	ar-LY:الهالكوميليم	ar-MA:الهالكوميليم	ar-MR:الهالكوميليم
hy	af:Armeens	af-NA:Armeens	ak:Aameniani	am:አርሜንኛ	ar:الأرمنية	ar-AE:الأرمنية	ar-BH:الأرمنية	ar-DJ:الأرمنية	ar-DZ:الأرمنية	ar-EG:الأرمنية	ar-EH:الأرمنية	ar-ER:الأرمنية	ar-IL:الأرمنية	ar-IQ:الأرمنية	ar-JO:الأرمنية	ar-KM:الأرمنية	ar-KW:الأرمنية	ar-LB:الأرمنية	ar-LY:الأرمنية	ar-MA:الأرمنية
hz	af:Herero	af-NA:Herero	am:ሄሬሮ	ar:الهيريرو	ar-AE:الهيريرو	ar-BH:الهيريرو	ar-DJ:الهيريرو	ar-DZ:الهيريرو	ar-EG:الهيريرو	ar-EH:الهيريرو	ar-ER:الهيريرو	ar-IL:الهيريرو	ar-IQ:الهيريرو	ar-JO:الهيريرو	ar-KM:الهيريرو	ar-KW:الهيريرو	ar-LB:الهيريرو	ar-LY:الهيريرو	ar-MA:الهيريرو	ar-MR:الهيريرو
ia	af:Interlingua	af-NA:Interlingua	ak:Kasa ntam	am:ኢንቴርሊንጓ	ar:اللّغة الوسيطة	ar-AE:اللّغة الوسيطة	ar-BH:اللّغة الوسيطة	ar-DJ:اللّغة الوسيطة	ar-DZ:اللّغة الوسيطة	ar-EG:اللّغة الوسيطة	ar-EH:اللّغة الوسيطة	ar-ER:اللّغة الوسيطة	ar-IL:اللّغة الوسيطة	ar-IQ:اللّغة الوسيطة	ar-JO:اللّغة الوسيطة	ar-KM:اللّغة الوسيطة	ar-KW:اللّغة الوسيطة	ar-LB:اللّغة الوسيطة	ar-LY:اللّغة الوسيطة	ar-MA:اللّغة الوسيطة
iba	af:Ibanees	af-NA:Ibanees	am:ኢባን	ar:الإيبان	ar-AE:الإيبان	ar-BH:الإيبان	ar-DJ:الإيبان	ar-DZ:الإيبان	ar-EG:الإيبان	ar-EH:الإيبان	ar-ER:الإيبان	ar-IL:الإيبان	ar-IQ:الإيبان	ar-JO:الإيبان	ar-KM:الإيبان	ar-KW:الإيبان	ar-LB:الإيبان	ar-LY:الإيبان	ar-MA:الإيبان	ar-MR:الإيبان
ibb	af:Ibibio	af-NA:Ibibio	am:ኢቢብዮ	ar:الإيبيبيو	ar-AE:الإيبيبيو	ar-BH:الإيبيبيو	ar-DJ:الإيبيبيو	ar-DZ:الإيبيبيو	ar-EG:الإيبيبيو	ar-EH:الإيبيبيو	ar-ER:الإيبيبيو	ar-IL:الإيبيبيو	ar-IQ:الإيبيبيو	ar-JO:الإيبيبيو	ar-KM:الإيبيبيو	ar-KW:الإيبيبيو	ar-LB:الإيبيبيو	ar-LY:الإيبيبيو	ar-MA:الإيبيبيو	ar-MR:الإيبيبيو
id	af:Indonesies	af-NA:Indonesies	agq:Èndònɛshìa	ak:Indonihyia kasa	am:ኢንዶኔዥያኛ	ar:الإندونيسية	ar-AE:الإندونيسية	ar-BH:الإندونيسية	ar-DJ:الإندونيسية	ar-DZ:الإندونيسية	ar-EG:الإندونيسية	ar-EH:الإندونيسية	ar-ER:الإندونيسية	ar-IL:الإندونيسية	ar-IQ:الإندونيسية	ar-JO:الإندونيسية	ar-KM:الإندونيسية	ar-KW:الإندونيسية	ar-LB:الإندونيسية	ar-LY:الإندونيسية
ie	af:Interlingue	af-NA:Interlingue	ak:Kasa afrafra	am:እንተርሊንግወ	ar:الإنترلينج	ar-AE:الإنترلينج	ar-BH:الإنترلينج	ar-DJ:الإنترلينج	ar-DZ:الإنترلينج	ar-EG:الإنترلينج	ar-EH:الإنترلينج	ar-ER:الإنترلينج	ar-IL:الإنترلينج	ar-IQ:الإنترلينج	ar-JO:الإنترلينج	ar-KM:الإنترلينج	ar-KW:الإنترلينج	ar-LB:الإنترلينج	ar-LY:الإنترلينج	ar-MA:الإنترلينج
ig	af:Igbo	af-NA:Igbo	agq:Egbò	ak:Igbo kasa	am:ኢግቦኛ	ar:الإيجبو	ar-AE:الإيجبو	ar-BH:الإيجبو	ar-DJ:الإيجبو	ar-DZ:الإيجبو	ar-EG:الإيجبو	ar-EH:الإيجبو	ar-ER:الإيجبو	ar-IL:الإيجبو	ar-IQ:الإيجبو	ar-JO:الإيجبو	ar-KM:الإيجبو	ar-KW:الإيجبو	ar-LB:الإيجبو	ar-LY:الإيجبو
ii	af:Sichuan Yi	af-NA:Sichuan Yi	am:ሲቹዋን ዪ	ar:السيتشيون يي	ar-AE:السيتشيون يي	ar-BH:السيتشيون يي	ar-DJ:السيتشيون يي	ar-DZ:السيتشيون يي	ar-EG:السيتشيون يي	ar-EH:السيتشيون يي	ar-ER:السيتشيون يي	ar-IL:السيتشيون يي	ar-IQ:السيتشيون يي	ar-JO:السيتشيون يي	ar-KM:السيتشيون يي	ar-KW:السيتشيون يي	ar-LB:السيتشيون يي	ar-LY:السيتشيون يي	ar-MA:السيتشيون يي	ar-MR:السيتشيون يي
ik	am:እኑፒያቅኛ	ar:الإينبياك	ar-AE:الإينبياك	ar-BH:الإينبياك	ar-DJ:الإينبياك	ar-DZ:الإينبياك	ar-EG:الإينبياك	ar-EH:الإينبياك	ar-ER:الإينبياك	ar-IL:الإينبياك	ar-IQ:الإينبياك	ar-JO:الإينبياك	ar-KM:الإينبياك	ar-KW:الإينبياك	ar-LB:الإينبياك	ar-LY:الإينبياك	ar-MA:الإينبياك	ar-MR:الإينبياك	ar-OM:الإينبياك	ar-PS:الإينبياك
ikt	af:Wes-Kanadese Inoektitoet	af-NA:Wes-Kanadese Inoektitoet	am:የምዕራባዊ ካናዳ ኢኑክቲቱት	ar:الإنكتيتوتية الكندية الغربية	ar-AE:الإنكتيتوتية الكندية الغربية	ar-BH:الإنكتيتوتية الكندية الغربية	ar-DJ:الإنكتيتوتية الكندية الغربية	ar-DZ:الإنكتيتوتية الكندية الغربية	ar-EG:الإنكتيتوتية الكندية الغربية	ar-EH:الإنكتيتوتية الكندية الغربية	ar-ER:الإنكتيتوتية الكندية الغربية	ar-IL:الإنكتيتوتية الكندية الغربية	ar-IQ:الإنكتيتوتية الكندية الغربية	ar-JO:الإنكتيتوتية الكندية الغربية	ar-KM:الإنكتيتوتية الكندية الغربية	ar-KW:الإنكتيتوتية الكندية الغربية	ar-LB:الإنكتيتوتية الكندية الغربية	ar-LY:الإنكتيتوتية الكندية الغربية	ar-MA:الإنكتيتوتية الكندية الغربية	ar-MR:الإنكتيتوتية الكندية الغربية
ilo	af:Iloko	af-NA:Iloko	am:ኢሎኮ	ar:الإيلوكو	ar-AE:الإيلوكو	ar-BH:الإيلوكو	ar-DJ:الإيلوكو	ar-DZ:الإيلوكو	ar-EG:الإيلوكو	ar-EH:الإيلوكو	ar-ER:الإيلوكو	ar-IL:الإيلوكو	ar-IQ:الإيلوكو	ar-JO:الإيلوكو	ar-KM:الإيلوكو	ar-KW:الإيلوكو	ar-LB:الإيلوكو	ar-LY:الإيلوكو	ar-MA:الإيلوكو	ar-MR:الإيلوكو
inh	af:Ingush	af-NA:Ingush	am:ኢንጉሽ	ar:الإنجوشية	ar-AE:الإنجوشية	ar-BH:الإنجوشية	ar-DJ:الإنجوشية	ar-DZ:الإنجوشية	ar-EG:الإنجوشية	ar-EH:الإنجوشية	ar-ER:الإنجوشية	ar-IL:الإنجوشية	ar-IQ:الإنجوشية	ar-JO:الإنجوشية	ar-KM:الإنجوشية	ar-KW:الإنجوشية	ar-LB:الإنجوشية	ar-LY:الإنجوشية	ar-MA:الإنجوشية	ar-MR:الإنجوشية
io	af:Ido	af-NA:Ido	am:ኢዶ	ar:الإيدو	ar-AE:الإيدو	ar-BH:الإيدو	ar-DJ:الإيدو	ar-DZ:الإيدو	ar-EG:الإيدو	ar-EH:الإيدو	ar-ER:الإيدو	ar-IL:الإيدو	ar-IQ:الإيدو	ar-JO:الإيدو	ar-KM:الإيدو	ar-KW:الإيدو	ar-LB:الإيدو	ar-LY:الإيدو	ar-MA:الإيدو	ar-MR:الإيدو
is	af:Yslands	af-NA:Yslands	ak:Aeslande kasa	am:አይስላንድኛ	ar:الأيسلندية	ar-AE:الأيسلندية	ar-BH:الأيسلندية	ar-DJ:الأيسلندية	ar-DZ:الأيسلندية	ar-EG:الأيسلندية	ar-EH:الأيسلندية	ar-ER:الأيسلندية	ar-IL:الأيسلندية	ar-IQ:الأيسلندية	ar-JO:الأيسلندية	ar-KM:الأيسلندية	ar-KW:الأيسلندية	ar-LB:الأيسلندية	ar-LY:الأيسلندية	ar-MA:الأيسلندية
it	af:Italiaans	af-NA:Italiaans	agq:Ètalìa	ak:Italy kasa	am:ጣሊያንኛ	ar:الإيطالية	ar-AE:الإيطالية	ar-BH:الإيطالية	ar-DJ:الإيطالية	ar-DZ:الإيطالية	ar-EG:الإيطالية	ar-EH:الإيطالية	ar-ER:الإيطالية	ar-IL:الإيطالية	ar-IQ:الإيطالية	ar-JO:الإيطالية	ar-KM:الإيطالية	ar-KW:الإيطالية	ar-LB:الإيطالية	ar-LY:الإيطالية
iu	af:Inoektitoet	af-NA:Inoektitoet	am:እኑክቲቱትኛ	ar:الإينكتيتت	ar-AE:الإينكتيتت	ar-BH:الإينكتيتت	ar-DJ:الإينكتيتت	ar-DZ:الإينكتيتت	ar-EG:الإينكتيتت	ar-EH:الإينكتيتت	ar-ER:الإينكتيتت	ar-IL:الإينكتيتت	ar-IQ:الإينكتيتت	ar-JO:الإينكتيتت	ar-KM:الإينكتيتت	ar-KW:الإينكتيتت	ar-LB:الإينكتيتت	ar-LY:الإينكتيتت	ar-MA:الإينكتيتت	ar-MR:الإينكتيتت
izh	ast:ingrianu	cs:ingrijština	de:Ischorisch	de-AT:Ischorisch	de-BE:Ischorisch	de-CH:Ischorisch	de-IT:Ischorisch	de-LI:Ischorisch	de-LU:Ischorisch	en:Ingrian	en-001:Ingrian	en-150:Ingrian	en-AE:Ingrian	en-AG:Ingrian	en-AI:Ingrian	en-AS:Ingrian	en-AT:Ingrian	en-AU:Ingrian	en-BB:Ingrian	en-BE:Ingrian
ja	af:Japannees	af-NA:Japannees	agq:Dzàkpànê	ak:Gyapan kasa	am:ጃፓንኛ	ar:اليابانية	ar-AE:اليابانية	ar-BH:اليابانية	ar-DJ:اليابانية	ar-DZ:اليابانية	ar-EG:اليابانية	ar-EH:اليابانية	ar-ER:اليابانية	ar-IL:اليابانية	ar-IQ:اليابانية	ar-JO:اليابانية	ar-KM:اليابانية	ar-KW:اليابانية	ar-LB:اليابانية	ar-LY:اليابانية
jam	ast:inglés criollu xamaicanu	br:kreoleg Jamaika	ca:crioll anglès de Jamaica	ca-AD:crioll anglès de Jamaica	ca-ES-valencia:crioll anglès de Jamaica	ca-FR:crioll anglès de Jamaica	ca-IT:crioll anglès de Jamaica	cs:jamajská kreolština	de:Jamaikanisch-Kreolisch	de-AT:Jamaikanisch-Kreolisch	de-BE:Jamaikanisch-Kreolisch	de-CH:Jamaikanisch-Kreolisch	de-IT:Jamaikanisch-Kreolisch	de-LI:Jamaikanisch-Kreolisch	de-LU:Jamaikanisch-Kreolisch	en:Jamaican Creole English	en-001:Jamaican Creole English	en-150:Jamaican Creole English	en-AE:Jamaican Creole English	en-AG:Jamaican Creole English
jbo	af:Lojban	af-NA:Lojban	am:ሎጅባን	ar:اللوجبان	ar-AE:اللوجبان	ar-BH:اللوجبان	ar-DJ:اللوجبان	ar-DZ:اللوجبان	ar-EG:اللوجبان	ar-EH:اللوجبان	ar-ER:اللوجبان	ar-IL:اللوجبان	ar-IQ:اللوجبان	ar-JO:اللوجبان	ar-KM:اللوجبان	ar-KW:اللوجبان	ar-LB:اللوجبان	ar-LY:اللوجبان	ar-MA:اللوجبان	ar-MR:اللوجبان
jgo	af:Ngomba	af-NA:Ngomba	am:ንጎምባ	ar:نغومبا	ar-AE:نغومبا	ar-BH:نغومبا	ar-DJ:نغومبا	ar-DZ:نغومبا	ar-EG:نغومبا	ar-EH:نغومبا	ar-ER:نغومبا	ar-IL:نغومبا	ar-IQ:نغومبا	ar-JO:نغومبا	ar-KM:نغومبا	ar-KW:نغومبا	ar-LB:نغومبا	ar-LY:نغومبا	ar-MA:نغومبا	ar-MR:نغومبا
jmc	af:Machame	af-NA:Machame	am:ማቻሜኛ	ar:الماتشامية	ar-AE:الماتشامية	ar-BH:الماتشامية	ar-DJ:الماتشامية	ar-DZ:الماتشامية	ar-EG:الماتشامية	ar-EH:الماتشامية	ar-ER:الماتشامية	ar-IL:الماتشامية	ar-IQ:الماتشامية	ar-JO:الماتشامية	ar-KM:الماتشامية	ar-KW:الماتشامية	ar-LB:الماتشامية	ar-LY:الماتشامية	ar-MA:الماتشامية	ar-MR:الماتشامية
jpr	ar:الفارسية اليهودية	ar-AE:الفارسية اليهودية	ar-BH:الفارسية اليهودية	ar-DJ:الفارسية اليهودية	ar-DZ:الفارسية اليهودية	ar-EG:الفارسية اليهودية	ar-EH:الفارسية اليهودية	ar-ER:الفارسية اليهودية	ar-IL:الفارسية اليهودية	ar-IQ:الفارسية اليهودية	ar-JO:الفارسية اليهودية	ar-KM:الفارسية اليهودية	ar-KW:الفارسية اليهودية	ar-LB:الفارسية اليهودية	ar-LY:الفارسية اليهودية	ar-MA:الفارسية اليهودية	ar-MR:الفارسية اليهودية	ar-OM:الفارسية اليهودية	ar-PS:الفارسية اليهودية	ar-QA:الفارسية اليهودية
jrb	ar:العربية اليهودية	ar-AE:العربية اليهودية	ar-BH:العربية اليهودية	ar-DJ:العربية اليهودية	ar-DZ:العربية اليهودية	ar-EG:العربية اليهودية	ar-EH:العربية اليهودية	ar-ER:العربية اليهودية	ar-IL:العربية اليهودية	ar-IQ:العربية اليهودية	ar-JO:العربية اليهودية	ar-KM:العربية اليهودية	ar-KW:العربية اليهودية	ar-LB:العربية اليهودية	ar-LY:العربية اليهودية	ar-MA:العربية اليهودية	ar-MR:العربية اليهودية	ar-OM:العربية اليهودية	ar-PS:العربية اليهودية	ar-QA:العربية اليهودية
jut	ast:jutlandés	cs:jutština	de:Jütisch	de-AT:Jütisch	de-BE:Jütisch	de-CH:Jütisch	de-IT:Jütisch	de-LI:Jütisch	de-LU:Jütisch	en:Jutish	en-001:Jutish	en-150:Jutish	en-AE:Jutish	en-AG:Jutish	en-AI:Jutish	en-AS:Jutish	en-AT:Jutish	en-AU:Jutish	en-BB:Jutish	en-BE:Jutish
jv	af:Javaans	af-NA:Javaans	agq:Dzàbvànê	ak:Gyabanis kasa	am:ጃቫኛ	ar:الجاوية	ar-AE:الجاوية	ar-BH:الجاوية	ar-DJ:الجاوية	ar-DZ:الجاوية	ar-EG:الجاوية	ar-EH:الجاوية	ar-ER:الجاوية	ar-IL:الجاوية	ar-IQ:الجاوية	ar-JO:الجاوية	ar-KM:الجاوية	ar-KW:الجاوية	ar-LB:الجاوية	ar-LY:الجاوية
ka	af:Georgies	af-NA:Georgies	ak:Gyɔɔgyia kasa	am:ጆርጂያንኛ	ar:الجورجية	ar-AE:الجورجية	ar-BH:الجورجية	ar-DJ:الجورجية	ar-DZ:الجورجية	ar-EG:الجورجية	ar-EH:الجورجية	ar-ER:الجورجية	ar-IL:الجورجية	ar-IQ:الجورجية	ar-JO:الجورجية	ar-KM:الجورجية	ar-KW:الجورجية	ar-LB:الجورجية	ar-LY:الجورجية	ar-MA:الجورجية
kaa	ar:الكارا-كالباك	ar-AE:الكارا-كالباك	ar-BH:الكارا-كالباك	ar-DJ:الكارا-كالباك	ar-DZ:الكارا-كالباك	ar-EG:الكارا-كالباك	ar-EH:الكارا-كالباك	ar-ER:الكارا-كالباك	ar-IL:الكارا-كالباك	ar-IQ:الكارا-كالباك	ar-JO:الكارا-كالباك	ar-KM:الكارا-كالباك	ar-KW:الكارا-كالباك	ar-LB:الكارا-كالباك	ar-LY:الكارا-كالباك	ar-MA:الكارا-كالباك	ar-MR:الكارا-كالباك	ar-OM:الكارا-كالباك	ar-PS:الكارا-كالباك	ar-QA:الكارا-كالباك
kab	af:Kabyle	af-NA:Kabyle	am:ካብይል	ar:القبيلية	ar-AE:القبيلية	ar-BH:القبيلية	ar-DJ:القبيلية	ar-DZ:القبيلية	ar-EG:القبيلية	ar-EH:القبيلية	ar-ER:القبيلية	ar-IL:القبيلية	ar-IQ:القبيلية	ar-JO:القبيلية	ar-KM:القبيلية	ar-KW:القبيلية	ar-LB:القبيلية	ar-LY:القبيلية	ar-MA:القبيلية	ar-MR:القبيلية
kac	af:Kachin	af-NA:Kachin	am:ካቺን	ar:الكاتشين	ar-AE:الكاتشين	ar-BH:الكاتشين	ar-DJ:الكاتشين	ar-DZ:الكاتشين	ar-EG:الكاتشين	ar-EH:الكاتشين	ar-ER:الكاتشين	ar-IL:الكاتشين	ar-IQ:الكاتشين	ar-JO:الكاتشين	ar-KM:الكاتشين	ar-KW:الكاتشين	ar-LB:الكاتشين	ar-LY:الكاتشين	ar-MA:الكاتشين	ar-MR:الكاتشين
kaj	af:Jju	af-NA:Jju	am:ጅጁ	ar:الجو	ar-AE:الجو	ar-BH:الجو	ar-DJ:الجو	ar-DZ:الجو	ar-EG:الجو	ar-EH:الجو	ar-ER:الجو	ar-IL:الجو	ar-IQ:الجو	ar-JO:الجو	ar-KM:الجو	ar-KW:الجو	ar-LB:الجو	ar-LY:الجو	ar-MA:الجو	ar-MR:الجو
kam	af:Kamba	af-NA:Kamba	am:ካምባ	ar:الكامبا	ar-AE:الكامبا	ar-BH:الكامبا	ar-DJ:الكامبا	ar-DZ:الكامبا	ar-EG:الكامبا	ar-EH:الكامبا	ar-ER:الكامبا	ar-IL:الكامبا	ar-IQ:الكامبا	ar-JO:الكامبا	ar-KM:الكامبا	ar-KW:الكامبا	ar-LB:الكامبا	ar-LY:الكامبا	ar-MA:الكامبا	ar-MR:الكامبا
kaw	ar:الكوي	ar-AE:الكوي	ar-BH:الكوي	ar-DJ:الكوي	ar-DZ:الكوي	ar-EG:الكوي	ar-EH:الكوي	ar-ER:الكوي	ar-IL:الكوي	ar-IQ:الكوي	ar-JO:الكوي	ar-KM:الكوي	ar-KW:الكوي	ar-LB:الكوي	ar-LY:الكوي	ar-MA:الكوي	ar-MR:الكوي	ar-OM:الكوي	ar-PS:الكوي	ar-QA:الكوي
kbd	af:Kabardiaans	af-NA:Kabardiaans	am:ካባርዲያን	ar:الكاباردايان	ar-AE:الكاباردايان	ar-BH:الكاباردايان	ar-DJ:الكاباردايان	ar-DZ:الكاباردايان	ar-EG:الكاباردايان	ar-EH:الكاباردايان	ar-ER:الكاباردايان	ar-IL:الكاباردايان	ar-IQ:الكاباردايان	ar-JO:الكاباردايان	ar-KM:الكاباردايان	ar-KW:الكاباردايان	ar-LB:الكاباردايان	ar-LY:الكاباردايان	ar-MA:الكاباردايان	ar-MR:الكاباردايان
kbl	ar:كانمبو	ar-AE:كانمبو	ar-BH:كانمبو	ar-DJ:كانمبو	ar-DZ:كانمبو	ar-EG:كانمبو	ar-EH:كانمبو	ar-ER:كانمبو	ar-IL:كانمبو	ar-IQ:كانمبو	ar-JO:كانمبو	ar-KM:كانمبو	ar-KW:كانمبو	ar-LB:كانمبو	ar-LY:كانمبو	ar-MA:كانمبو	ar-MR:كانمبو	ar-OM:كانمبو	ar-PS:كانمبو	ar-QA:كانمبو
kcg	af:Tyap	af-NA:Tyap	am:ታያፕ	ar:التايابية	ar-AE:التايابية	ar-BH:التايابية	ar-DJ:التايابية	ar-DZ:التايابية	ar-EG:التايابية	ar-EH:التايابية	ar-ER:التايابية	ar-IL:التايابية	ar-IQ:التايابية	ar-JO:التايابية	ar-KM:التايابية	ar-KW:التايابية	ar-LB:التايابية	ar-LY:التايابية	ar-MA:التايابية	ar-MR:التايابية
kde	af:Makonde	af-NA:Makonde	am:ማኮንዴ	ar:ماكونده	ar-AE:ماكونده	ar-BH:ماكونده	ar-DJ:ماكونده	ar-DZ:ماكونده	ar-EG:ماكونده	ar-EH:ماكونده	ar-ER:ماكونده	ar-IL:ماكونده	ar-IQ:ماكونده	ar-JO:ماكونده	ar-KM:ماكونده	ar-KW:ماكونده	ar-LB:ماكونده	ar-LY:ماكونده	ar-MA:ماكونده	ar-MR:ماكونده
kea	af:Kabuverdianu	af-NA:Kabuverdianu	ak:Kabuvadianu	am:ካቡቨርዲያኑ	ar:كابوفيرديانو	ar-AE:كابوفيرديانو	ar-BH:كابوفيرديانو	ar-DJ:كابوفيرديانو	ar-DZ:كابوفيرديانو	ar-EG:كابوفيرديانو	ar-EH:كابوفيرديانو	ar-ER:كابوفيرديانو	ar-IL:كابوفيرديانو	ar-IQ:كابوفيرديانو	ar-JO:كابوفيرديانو	ar-KM:كابوفيرديانو	ar-KW:كابوفيرديانو	ar-LB:كابوفيرديانو	ar-LY:كابوفيرديانو	ar-MA:كابوفيرديانو
kek	ba:кекчи	blo:Kekshii kagɩja	cv:кекчи чӗлхи	en:Qʼeqchiʼ	en-001:Qʼeqchiʼ	en-150:Qʼeqchiʼ	en-AE:Qʼeqchiʼ	en-AG:Qʼeqchiʼ	en-AI:Qʼeqchiʼ	en-AS:Qʼeqchiʼ	en-AT:Qʼeqchiʼ	en-AU:Qʼeqchiʼ	en-BB:Qʼeqchiʼ	en-BE:Qʼeqchiʼ	en-BI:Qʼeqchiʼ	en-BM:Qʼeqchiʼ	en-BS:Qʼeqchiʼ	en-BW:Qʼeqchiʼ	en-BZ:Qʼeqchiʼ	en-CA:Qʼeqchiʼ
ken	ast:kenyang	ba:кеньянг	bal-Latn:Kinyang	blo:Keniyaa kagɩja	ca:kenyang	ca-AD:kenyang	ca-ES-valencia:kenyang	ca-FR:kenyang	ca-IT:kenyang	cs:kenyang	cv:ньянг чӗлхи	de:Kenyang	de-AT:Kenyang	de-BE:Kenyang	de-CH:Kenyang	de-IT:Kenyang	de-LI:Kenyang	de-LU:Kenyang	en:Kenyang	en-001:Kenyang
kfo	af:Koro	af-NA:Koro	am:ኮሮ	ar:الكورو	ar-AE:الكورو	ar-BH:الكورو	ar-DJ:الكورو	ar-DZ:الكورو	ar-EG:الكورو	ar-EH:الكورو	ar-ER:الكورو	ar-IL:الكورو	ar-IQ:الكورو	ar-JO:الكورو	ar-KM:الكورو	ar-KW:الكورو	ar-LB:الكورو	ar-LY:الكورو	ar-MA:الكورو	ar-MR:الكورو
kg	af:Kongolees	af-NA:Kongolees	am:ኮንጎኛ	ar:الكونغو	ar-AE:الكونغو	ar-BH:الكونغو	ar-DJ:الكونغو	ar-DZ:الكونغو	ar-EG:الكونغو	ar-EH:الكونغو	ar-ER:الكونغو	ar-IL:الكونغو	ar-IQ:الكونغو	ar-JO:الكونغو	ar-KM:الكونغو	ar-KW:الكونغو	ar-LB:الكونغو	ar-LY:الكونغو	ar-MA:الكونغو	ar-MR:الكونغو
kgp	af:Kaingang	af-NA:Kaingang	ak:Kaingang	am:ካይንጋንግ	ar:الكاينغانغ	ar-AE:الكاينغانغ	ar-BH:الكاينغانغ	ar-DJ:الكاينغانغ	ar-DZ:الكاينغانغ	ar-EG:الكاينغانغ	ar-EH:الكاينغانغ	ar-ER:الكاينغانغ	ar-IL:الكاينغانغ	ar-IQ:الكاينغانغ	ar-JO:الكاينغانغ	ar-KM:الكاينغانغ	ar-KW:الكاينغانغ	ar-LB:الكاينغانغ	ar-LY:الكاينغانغ	ar-MA:الكاينغانغ
kha	af:Khasi	af-NA:Khasi	am:ካሲ	ar:الكازية	ar-AE:الكازية	ar-BH:الكازية	ar-DJ:الكازية	ar-DZ:الكازية	ar-EG:الكازية	ar-EH:الكازية	ar-ER:الكازية	ar-IL:الكازية	ar-IQ:الكازية	ar-JO:الكازية	ar-KM:الكازية	ar-KW:الكازية	ar-LB:الكازية	ar-LY:الكازية	ar-MA:الكازية	ar-MR:الكازية
kho	ar:الخوتانيز	ar-AE:الخوتانيز	ar-BH:الخوتانيز	ar-DJ:الخوتانيز	ar-DZ:الخوتانيز	ar-EG:الخوتانيز	ar-EH:الخوتانيز	ar-ER:الخوتانيز	ar-IL:الخوتانيز	ar-IQ:الخوتانيز	ar-JO:الخوتانيز	ar-KM:الخوتانيز	ar-KW:الخوتانيز	ar-LB:الخوتانيز	ar-LY:الخوتانيز	ar-MA:الخوتانيز	ar-MR:الخوتانيز	ar-OM:الخوتانيز	ar-PS:الخوتانيز	ar-QA:الخوتانيز
khq	af:Koyra Chiini	af-NA:Koyra Chiini	am:ኮይራ ቺኒ	ar:كويرا تشيني	ar-AE:كويرا تشيني	ar-BH:كويرا تشيني	ar-DJ:كويرا تشيني	ar-DZ:كويرا تشيني	ar-EG:كويرا تشيني	ar-EH:كويرا تشيني	ar-ER:كويرا تشيني	ar-IL:كويرا تشيني	ar-IQ:كويرا تشيني	ar-JO:كويرا تشيني	ar-KM:كويرا تشيني	ar-KW:كويرا تشيني	ar-LB:كويرا تشيني	ar-LY:كويرا تشيني	ar-MA:كويرا تشيني	ar-MR:كويرا تشيني
khw	ast:khowar	cs:chovarština	cy:Chowareg	de:Khowar	de-AT:Khowar	de-BE:Khowar	de-CH:Khowar	de-IT:Khowar	de-LI:Khowar	de-LU:Khowar	en:Khowar	en-001:Khowar	en-150:Khowar	en-AE:Khowar	en-AG:Khowar	en-AI:Khowar	en-AS:Khowar	en-AT:Khowar	en-AU:Khowar	en-BB:Khowar
ki	af:Kikuyu	af-NA:Kikuyu	am:ኪኩዩ	ar:الكيكيو	ar-AE:الكيكيو	ar-BH:الكيكيو	ar-DJ:الكيكيو	ar-DZ:الكيكيو	ar-EG:الكيكيو	ar-EH:الكيكيو	ar-ER:الكيكيو	ar-IL:الكيكيو	ar-IQ:الكيكيو	ar-JO:الكيكيو	ar-KM:الكيكيو	ar-KW:الكيكيو	ar-LB:الكيكيو	ar-LY:الكيكيو	ar-MA:الكيكيو	ar-MR:الكيكيو
kiu	ast:kirmanjki	cs:zazakština	de:Kirmanjki	de-AT:Kirmanjki	de-BE:Kirmanjki	de-CH:Kirmanjki	de-IT:Kirmanjki	de-LI:Kirmanjki	de-LU:Kirmanjki	en:Kirmanjki	en-001:Kirmanjki	en-150:Kirmanjki	en-AE:Kirmanjki	en-AG:Kirmanjki	en-AI:Kirmanjki	en-AS:Kirmanjki	en-AT:Kirmanjki	en-AU:Kirmanjki	en-BB:Kirmanjki	en-BE:Kirmanjki
kj	af:Kuanyama	af-NA:Kuanyama	am:ኩዋንያማ	ar:كوانياما	ar-AE:كوانياما	ar-BH:كوانياما	ar-DJ:كوانياما	ar-DZ:كوانياما	ar-EG:كوانياما	ar-EH:كوانياما	ar-ER:كوانياما	ar-IL:كوانياما	ar-IQ:كوانياما	ar-JO:كوانياما	ar-KM:كوانياما	ar-KW:كوانياما	ar-LB:كوانياما	ar-LY:كوانياما	ar-MA:كوانياما	ar-MR:كوانياما
kk	af:Kazaks	af-NA:Kazaks	ak:kasaki kasa	am:ካዛክኛ	ar:الكازاخستانية	ar-AE:الكازاخستانية	ar-BH:الكازاخستانية	ar-DJ:الكازاخستانية	ar-DZ:الكازاخستانية	ar-EG:الكازاخستانية	ar-EH:الكازاخستانية	ar-ER:الكازاخستانية	ar-IL:الكازاخستانية	ar-IQ:الكازاخستانية	ar-JO:الكازاخستانية	ar-KM:الكازاخستانية	ar-KW:الكازاخستانية	ar-LB:الكازاخستانية	ar-LY:الكازاخستانية	ar-MA:الكازاخستانية
kk-Arab	kk-Arab:قازاق ءتىلى (توتە)
kkj	af:Kako	af-NA:Kako	am:ካኮ	ar:لغة الكاكو	ar-AE:لغة الكاكو	ar-BH:لغة الكاكو	ar-DJ:لغة الكاكو	ar-DZ:لغة الكاكو	ar-EG:لغة الكاكو	ar-EH:لغة الكاكو	ar-ER:لغة الكاكو	ar-IL:لغة الكاكو	ar-IQ:لغة الكاكو	ar-JO:لغة الكاكو	ar-KM:لغة الكاكو	ar-KW:لغة الكاكو	ar-LB:لغة الكاكو	ar-LY:لغة الكاكو	ar-MA:لغة الكاكو	ar-MR:لغة الكاكو
kl	af:Kalaallisut	af-NA:Kalaallisut	am:ካላሊሱት	ar:الكالاليست	ar-AE:الكالاليست	ar-BH:الكالاليست	ar-DJ:الكالاليست	ar-DZ:الكالاليست	ar-EG:الكالاليست	ar-EH:الكالاليست	ar-ER:الكالاليست	ar-IL:الكالاليست	ar-IQ:الكالاليست	ar-JO:الكالاليست	ar-KM:الكالاليست	ar-KW:الكالاليست	ar-LB:الكالاليست	ar-LY:الكالاليست	ar-MA:الكالاليست	ar-MR:الكالاليست
kln	af:Kalenjin	af-NA:Kalenjin	am:ካለንጂን	ar:كالينجين	ar-AE:كالينجين	ar-BH:كالينجين	ar-DJ:كالينجين	ar-DZ:كالينجين	ar-EG:كالينجين	ar-EH:كالينجين	ar-ER:كالينجين	ar-IL:كالينجين	ar-IQ:كالينجين	ar-JO:كالينجين	ar-KM:كالينجين	ar-KW:كالينجين	ar-LB:كالينجين	ar-LY:كالينجين	ar-MA:كالينجين	ar-MR:كالينجين
km	af:Khmer	af-NA:Khmer	agq:Kɨmɛ̀	ak:Kambodia kasa	am:ክመር	ar:الخميرية	ar-AE:الخميرية	ar-BH:الخميرية	ar-DJ:الخميرية	ar-DZ:الخميرية	ar-EG:الخميرية	ar-EH:الخميرية	ar-ER:الخميرية	ar-IL:الخميرية	ar-IQ:الخميرية	ar-JO:الخميرية	ar-KM:الخميرية	ar-KW:الخميرية	ar-LB:الخميرية	ar-LY:الخميرية
kmb	af:Kimbundu	af-NA:Kimbundu	am:ኪምቡንዱ	ar:الكيمبندو	ar-AE:الكيمبندو	ar-BH:الكيمبندو	ar-DJ:الكيمبندو	ar-DZ:الكيمبندو	ar-EG:الكيمبندو	ar-EH:الكيمبندو	ar-ER:الكيمبندو	ar-IL:الكيمبندو	ar-IQ:الكيمبندو	ar-JO:الكيمبندو	ar-KM:الكيمبندو	ar-KW:الكيمبندو	ar-LB:الكيمبندو	ar-LY:الكيمبندو	ar-MA:الكيمبندو	ar-MR:الكيمبندو
kn	af:Kannada	af-NA:Kannada	ak:Kanada	am:ካናዳ	ar:الكانادا	ar-AE:الكانادا	ar-BH:الكانادا	ar-DJ:الكانادا	ar-DZ:الكانادا	ar-EG:الكانادا	ar-EH:الكانادا	ar-ER:الكانادا	ar-IL:الكانادا	ar-IQ:الكانادا	ar-JO:الكانادا	ar-KM:الكانادا	ar-KW:الكانادا	ar-LB:الكانادا	ar-LY:الكانادا	ar-MA:الكانادا
ko	af:Koreaans	af-NA:Koreaans	agq:kùulîa	ak:Korea kasa	am:ኮሪያኛ	ar:الكورية	ar-AE:الكورية	ar-BH:الكورية	ar-DJ:الكورية	ar-DZ:الكورية	ar-EG:الكورية	ar-EH:الكورية	ar-ER:الكورية	ar-IL:الكورية	ar-IQ:الكورية	ar-JO:الكورية	ar-KM:الكورية	ar-KW:الكورية	ar-LB:الكورية	ar-LY:الكورية
koi	af:Komi-Permyaks	af-NA:Komi-Permyaks	am:ኮሚ ፔርምያክ	ar:كومي-بيرماياك	ar-AE:كومي-بيرماياك	ar-BH:كومي-بيرماياك	ar-DJ:كومي-بيرماياك	ar-DZ:كومي-بيرماياك	ar-EG:كومي-بيرماياك	ar-EH:كومي-بيرماياك	ar-ER:كومي-بيرماياك	ar-IL:كومي-بيرماياك	ar-IQ:كومي-بيرماياك	ar-JO:كومي-بيرماياك	ar-KM:كومي-بيرماياك	ar-KW:كومي-بيرماياك	ar-LB:كومي-بيرماياك	ar-LY:كومي-بيرماياك	ar-MA:كومي-بيرماياك	ar-MR:كومي-بيرماياك
kok	af:Konkani	af-NA:Konkani	ak:Konkani kasa	am:ኮንካኒ	ar:الكونكانية	ar-AE:الكونكانية	ar-BH:الكونكانية	ar-DJ:الكونكانية	ar-DZ:الكونكانية	ar-EG:الكونكانية	ar-EH:الكونكانية	ar-ER:الكونكانية	ar-IL:الكونكانية	ar-IQ:الكونكانية	ar-JO:الكونكانية	ar-KM:الكونكانية	ar-KW:الكونكانية	ar-LB:الكونكانية	ar-LY:الكونكانية	ar-MA:الكونكانية
kos	ar:الكوسراين	ar-AE:الكوسراين	ar-BH:الكوسراين	ar-DJ:الكوسراين	ar-DZ:الكوسراين	ar-EG:الكوسراين	ar-EH:الكوسراين	ar-ER:الكوسراين	ar-IL:الكوسراين	ar-IQ:الكوسراين	ar-JO:الكوسراين	ar-KM:الكوسراين	ar-KW:الكوسراين	ar-LB:الكوسراين	ar-LY:الكوسراين	ar-MA:الكوسراين	ar-MR:الكوسراين	ar-OM:الكوسراين	ar-PS:الكوسراين	ar-QA:الكوسراين
kpe	af:Kpellees	af-NA:Kpellees	am:ክፔሌ	ar:الكبيل	ar-AE:الكبيل	ar-BH:الكبيل	ar-DJ:الكبيل	ar-DZ:الكبيل	ar-EG:الكبيل	ar-EH:الكبيل	ar-ER:الكبيل	ar-IL:الكبيل	ar-IQ:الكبيل	ar-JO:الكبيل	ar-KM:الكبيل	ar-KW:الكبيل	ar-LB:الكبيل	ar-LY:الكبيل	ar-MA:الكبيل	ar-MR:الكبيل
kr	af:Kanuri	af-NA:Kanuri	am:ካኑሪ	ar:الكانوري	ar-AE:الكانوري	ar-BH:الكانوري	ar-DJ:الكانوري	ar-DZ:الكانوري	ar-EG:الكانوري	ar-EH:الكانوري	ar-ER:الكانوري	ar-IL:الكانوري	ar-IQ:الكانوري	ar-JO:الكانوري	ar-KM:الكانوري	ar-KW:الكانوري	ar-LB:الكانوري	ar-LY:الكانوري	ar-MA:الكانوري	ar-MR:الكانوري
krc	af:Karachay-Balkar	af-NA:Karachay-Balkar	am:ካራቻይ-ባልካር	ar:الكاراتشاي-بالكار	ar-AE:الكاراتشاي-بالكار	ar-BH:الكاراتشاي-بالكار	ar-DJ:الكاراتشاي-بالكار	ar-DZ:الكاراتشاي-بالكار	ar-EG:الكاراتشاي-بالكار	ar-EH:الكاراتشاي-بالكار	ar-ER:الكاراتشاي-بالكار	ar-IL:الكاراتشاي-بالكار	ar-IQ:الكاراتشاي-بالكار	ar-JO:الكاراتشاي-بالكار	ar-KM:الكاراتشاي-بالكار	ar-KW:الكاراتشاي-بالكار	ar-LB:الكاراتشاي-بالكار	ar-LY:الكاراتشاي-بالكار	ar-MA:الكاراتشاي-بالكار	ar-MR:الكاراتشاي-بالكار
kri	ast:krio	br:krio	bs:krio	bs-Latn:krio	ca:krio	ca-AD:krio	ca-ES-valencia:krio	ca-FR:krio	ca-IT:krio	cs:krio	de:Krio	de-AT:Krio	de-BE:Krio	de-CH:Krio	de-IT:Krio	de-LI:Krio	de-LU:Krio	en:Krio	en-001:Krio	en-150:Krio
krj	ast:kinaray-a	cs:kinaraj-a	de:Kinaray-a	de-AT:Kinaray-a	de-BE:Kinaray-a	de-CH:Kinaray-a	de-IT:Kinaray-a	de-LI:Kinaray-a	de-LU:Kinaray-a	en:Kinaray-a	en-001:Kinaray-a	en-150:Kinaray-a	en-AE:Kinaray-a	en-AG:Kinaray-a	en-AI:Kinaray-a	en-AS:Kinaray-a	en-AT:Kinaray-a	en-AU:Kinaray-a	en-BB:Kinaray-a	en-BE:Kinaray-a
krl	af:Karelies	af-NA:Karelies	am:ካረሊያን	ar:الكاريلية	ar-AE:الكاريلية	ar-BH:الكاريلية	ar-DJ:الكاريلية	ar-DZ:الكاريلية	ar-EG:الكاريلية	ar-EH:الكاريلية	ar-ER:الكاريلية	ar-IL:الكاريلية	ar-IQ:الكاريلية	ar-JO:الكاريلية	ar-KM:الكاريلية	ar-KW:الكاريلية	ar-LB:الكاريلية	ar-LY:الكاريلية	ar-MA:الكاريلية	ar-MR:الكاريلية
kru	af:Kurukh	af-NA:Kurukh	am:ኩሩክ	ar:الكوروخ	ar-AE:الكوروخ	ar-BH:الكوروخ	ar-DJ:الكوروخ	ar-DZ:الكوروخ	ar-EG:الكوروخ	ar-EH:الكوروخ	ar-ER:الكوروخ	ar-IL:الكوروخ	ar-IQ:الكوروخ	ar-JO:الكوروخ	ar-KM:الكوروخ	ar-KW:الكوروخ	ar-LB:الكوروخ	ar-LY:الكوروخ	ar-MA:الكوروخ	ar-MR:الكوروخ
ks	af:Kasjmiri	af-NA:Kasjmiri	ak:Kahyimiɛ	am:ካሽሚርኛ	ar:الكشميرية	ar-AE:الكشميرية	ar-BH:الكشميرية	ar-DJ:الكشميرية	ar-DZ:الكشميرية	ar-EG:الكشميرية	ar-EH:الكشميرية	ar-ER:الكشميرية	ar-IL:الكشميرية	ar-IQ:الكشميرية	ar-JO:الكشميرية	ar-KM:الكشميرية	ar-KW:الكشميرية	ar-LB:الكشميرية	ar-LY:الكشميرية	ar-MA:الكشميرية
ksb	af:Shambala	af-NA:Shambala	am:ሻምባላ	ar:شامبالا	ar-AE:شامبالا	ar-BH:شامبالا	ar-DJ:شامبالا	ar-DZ:شامبالا	ar-EG:شامبالا	ar-EH:شامبالا	ar-ER:شامبالا	ar-IL:شامبالا	ar-IQ:شامبالا	ar-JO:شامبالا	ar-KM:شامبالا	ar-KW:شامبالا	ar-LB:شامبالا	ar-LY:شامبالا	ar-MA:شامبالا	ar-MR:شامبالا
ksf	af:Bafia	af-NA:Bafia	am:ባፊያ	ar:لغة البافيا	ar-AE:لغة البافيا	ar-BH:لغة البافيا	ar-DJ:لغة البافيا	ar-DZ:لغة البافيا	ar-EG:لغة البافيا	ar-EH:لغة البافيا	ar-ER:لغة البافيا	ar-IL:لغة البافيا	ar-IQ:لغة البافيا	ar-JO:لغة البافيا	ar-KM:لغة البافيا	ar-KW:لغة البافيا	ar-LB:لغة البافيا	ar-LY:لغة البافيا	ar-MA:لغة البافيا	ar-MR:لغة البافيا
ksh	af:Keuls	af-NA:Keuls	am:ኮሎኝኛ	ar:لغة الكولونيان	ar-AE:لغة الكولونيان	ar-BH:لغة الكولونيان	ar-DJ:لغة الكولونيان	ar-DZ:لغة الكولونيان	ar-EG:لغة الكولونيان	ar-EH:لغة الكولونيان	ar-ER:لغة الكولونيان	ar-IL:لغة الكولونيان	ar-IQ:لغة الكولونيان	ar-JO:لغة الكولونيان	ar-KM:لغة الكولونيان	ar-KW:لغة الكولونيان	ar-LB:لغة الكولونيان	ar-LY:لغة الكولونيان	ar-MA:لغة الكولونيان	ar-MR:لغة الكولونيان
ku	af:Koerdies	af-NA:Koerdies	ak:Kɛɛde kasa	am:ኩርድሽ	ar:الكردية	ar-AE:الكردية	ar-BH:الكردية	ar-DJ:الكردية	ar-DZ:الكردية	ar-EG:الكردية	ar-EH:الكردية	ar-ER:الكردية	ar-IL:الكردية	ar-IQ:الكردية	ar-JO:الكردية	ar-KM:الكردية	ar-KW:الكردية	ar-LB:الكردية	ar-LY:الكردية	ar-MA:الكردية
ku-menu-core	af:Koerdies	af-NA:Koerdies	am:ኩርድሽ	ar:الكردية	ar-AE:الكردية	ar-BH:الكردية	ar-DJ:الكردية	ar-DZ:الكردية	ar-EG:الكردية	ar-EH:الكردية	ar-ER:الكردية	ar-IL:الكردية	ar-IQ:الكردية	ar-JO:الكردية	ar-KM:الكردية	ar-KW:الكردية	ar-LB:الكردية	ar-LY:الكردية	ar-MA:الكردية	ar-MR:الكردية
ku-menu-extension	af:Koermandji	af-NA:Koermandji	am:ኩርድሽ	ar:الكرمانجية	ar-AE:الكرمانجية	ar-BH:الكرمانجية	ar-DJ:الكرمانجية	ar-DZ:الكرمانجية	ar-EG:الكرمانجية	ar-EH:الكرمانجية	ar-ER:الكرمانجية	ar-IL:الكرمانجية	ar-IQ:الكرمانجية	ar-JO:الكرمانجية	ar-KM:الكرمانجية	ar-KW:الكرمانجية	ar-LB:الكرمانجية	ar-LY:الكرمانجية	ar-MA:الكرمانجية	ar-MR:الكرمانجية
kum	af:Kumyk	af-NA:Kumyk	am:ኩማይክ	ar:القموقية	ar-AE:القموقية	ar-BH:القموقية	ar-DJ:القموقية	ar-DZ:القموقية	ar-EG:القموقية	ar-EH:القموقية	ar-ER:القموقية	ar-IL:القموقية	ar-IQ:القموقية	ar-JO:القموقية	ar-KM:القموقية	ar-KW:القموقية	ar-LB:القموقية	ar-LY:القموقية	ar-MA:القموقية	ar-MR:القموقية
kut	ar:الكتيناي	ar-AE:الكتيناي	ar-BH:الكتيناي	ar-DJ:الكتيناي	ar-DZ:الكتيناي	ar-EG:الكتيناي	ar-EH:الكتيناي	ar-ER:الكتيناي	ar-IL:الكتيناي	ar-IQ:الكتيناي	ar-JO:الكتيناي	ar-KM:الكتيناي	ar-KW:الكتيناي	ar-LB:الكتيناي	ar-LY:الكتيناي	ar-MA:الكتيناي	ar-MR:الكتيناي	ar-OM:الكتيناي	ar-PS:الكتيناي	ar-QA:الكتيناي
kv	af:Komi	af-NA:Komi	am:ኮሚ	ar:الكومي	ar-AE:الكومي	ar-BH:الكومي	ar-DJ:الكومي	ar-DZ:الكومي	ar-EG:الكومي	ar-EH:الكومي	ar-ER:الكومي	ar-IL:الكومي	ar-IQ:الكومي	ar-JO:الكومي	ar-KM:الكومي	ar-KW:الكومي	ar-LB:الكومي	ar-LY:الكومي	ar-MA:الكومي	ar-MR:الكومي
kw	af:Kornies	af-NA:Kornies	am:ኮርኒሽ	ar:الكورنية	ar-AE:الكورنية	ar-BH:الكورنية	ar-DJ:الكورنية	ar-DZ:الكورنية	ar-EG:الكورنية	ar-EH:الكورنية	ar-ER:الكورنية	ar-IL:الكورنية	ar-IQ:الكورنية	ar-JO:الكورنية	ar-KM:الكورنية	ar-KW:الكورنية	ar-LB:الكورنية	ar-LY:الكورنية	ar-MA:الكورنية	ar-MR:الكورنية
kwk	af:Kwak’wala	af-NA:Kwak’wala	am:ክዋክዋላ	ar:الكواكوالا	ar-AE:الكواكوالا	ar-BH:الكواكوالا	ar-DJ:الكواكوالا	ar-DZ:الكواكوالا	ar-EG:الكواكوالا	ar-EH:الكواكوالا	ar-ER:الكواكوالا	ar-IL:الكواكوالا	ar-IQ:الكواكوالا	ar-JO:الكواكوالا	ar-KM:الكواكوالا	ar-KW:الكواكوالا	ar-LB:الكواكوالا	ar-LY:الكواكوالا	ar-MA:الكواكوالا	ar-MR:الكواكوالا
kxv	af:Kuvi	af-NA:Kuvi	ak:Kuvi kasa	am:ኩቪኛ	ar:الكوفية	ar-AE:الكوفية	ar-BH:الكوفية	ar-DJ:الكوفية	ar-DZ:الكوفية	ar-EG:الكوفية	ar-EH:الكوفية	ar-ER:الكوفية	ar-IL:الكوفية	ar-IQ:الكوفية	ar-JO:الكوفية	ar-KM:الكوفية	ar-KW:الكوفية	ar-LB:الكوفية	ar-LY:الكوفية	ar-MA:الكوفية
ky	af:Kirgisies	af-NA:Kirgisies	ak:Kɛgyese kasa	am:ክይርግይዝ	ar:القيرغيزية	ar-AE:القيرغيزية	ar-BH:القيرغيزية	ar-DJ:القيرغيزية	ar-DZ:القيرغيزية	ar-EG:القيرغيزية	ar-EH:القيرغيزية	ar-ER:القيرغيزية	ar-IL:القيرغيزية	ar-IQ:القيرغيزية	ar-JO:القيرغيزية	ar-KM:القيرغيزية	ar-KW:القيرغيزية	ar-LB:القيرغيزية	ar-LY:القيرغيزية	ar-MA:القيرغيزية
la	af:Latyn	af-NA:Latyn	am:ላቲንኛ	ar:اللاتينية	ar-AE:اللاتينية	ar-BH:اللاتينية	ar-DJ:اللاتينية	ar-DZ:اللاتينية	ar-EG:اللاتينية	ar-EH:اللاتينية	ar-ER:اللاتينية	ar-IL:اللاتينية	ar-IQ:اللاتينية	ar-JO:اللاتينية	ar-KM:اللاتينية	ar-KW:اللاتينية	ar-LB:اللاتينية	ar-LY:اللاتينية	ar-MA:اللاتينية	ar-MR:اللاتينية
lad	af:Ladino	af-NA:Ladino	am:ላዲኖ	ar:اللادينو	ar-AE:اللادينو	ar-BH:اللادينو	ar-DJ:اللادينو	ar-DZ:اللادينو	ar-EG:اللادينو	ar-EH:اللادينو	ar-ER:اللادينو	ar-IL:اللادينو	ar-IQ:اللادينو	ar-JO:اللادينو	ar-KM:اللادينو	ar-KW:اللادينو	ar-LB:اللادينو	ar-LY:اللادينو	ar-MA:اللادينو	ar-MR:اللادينو
lag	af:Langi	af-NA:Langi	am:ላንጊ	ar:لانجي	ar-AE:لانجي	ar-BH:لانجي	ar-DJ:لانجي	ar-DZ:لانجي	ar-EG:لانجي	ar-EH:لانجي	ar-ER:لانجي	ar-IL:لانجي	ar-IQ:لانجي	ar-JO:لانجي	ar-KM:لانجي	ar-KW:لانجي	ar-LB:لانجي	ar-LY:لانجي	ar-MA:لانجي	ar-MR:لانجي
lah	ar:اللاهندا	ar-AE:اللاهندا	ar-BH:اللاهندا	ar-DJ:اللاهندا	ar-DZ:اللاهندا	ar-EG:اللاهندا	ar-EH:اللاهندا	ar-ER:اللاهندا	ar-IL:اللاهندا	ar-IQ:اللاهندا	ar-JO:اللاهندا	ar-KM:اللاهندا	ar-KW:اللاهندا	ar-LB:اللاهندا	ar-LY:اللاهندا	ar-MA:اللاهندا	ar-MR:اللاهندا	ar-OM:اللاهندا	ar-PS:اللاهندا	ar-QA:اللاهندا
lam	ar:اللامبا	ar-AE:اللامبا	ar-BH:اللامبا	ar-DJ:اللامبا	ar-DZ:اللامبا	ar-EG:اللامبا	ar-EH:اللامبا	ar-ER:اللامبا	ar-IL:اللامبا	ar-IQ:اللامبا	ar-JO:اللامبا	ar-KM:اللامبا	ar-KW:اللامبا	ar-LB:اللامبا	ar-LY:اللامبا	ar-MA:اللامبا	ar-MR:اللامبا	ar-OM:اللامبا	ar-PS:اللامبا	ar-QA:اللامبا
laz	lzz:Lazuri
lb	af:Luxemburgs	af-NA:Luxemburgs	ak:Lɔsimbɔge kasa	am:ሉክሰምበርግኛ	ar:اللكسمبورغية	ar-AE:اللكسمبورغية	ar-BH:اللكسمبورغية	ar-DJ:اللكسمبورغية	ar-DZ:اللكسمبورغية	ar-EG:اللكسمبورغية	ar-EH:اللكسمبورغية	ar-ER:اللكسمبورغية	ar-IL:اللكسمبورغية	ar-IQ:اللكسمبورغية	ar-JO:اللكسمبورغية	ar-KM:اللكسمبورغية	ar-KW:اللكسمبورغية	ar-LB:اللكسمبورغية	ar-LY:اللكسمبورغية	ar-MA:اللكسمبورغية
lez	af:Lezghies	af-NA:Lezghies	am:ሌዝጊያን	ar:الليزجية	ar-AE:الليزجية	ar-BH:الليزجية	ar-DJ:الليزجية	ar-DZ:الليزجية	ar-EG:الليزجية	ar-EH:الليزجية	ar-ER:الليزجية	ar-IL:الليزجية	ar-IQ:الليزجية	ar-JO:الليزجية	ar-KM:الليزجية	ar-KW:الليزجية	ar-LB:الليزجية	ar-LY:الليزجية	ar-MA:الليزجية	ar-MR:الليزجية
lfn	ast:lingua franca nova	br:lingua franca nova	cs:lingua franca nova	de:Lingua Franca Nova	de-AT:Lingua Franca Nova	de-BE:Lingua Franca Nova	de-CH:Lingua Franca Nova	de-IT:Lingua Franca Nova	de-LI:Lingua Franca Nova	de-LU:Lingua Franca Nova	en:Lingua Franca Nova	en-001:Lingua Franca Nova	en-150:Lingua Franca Nova	en-AE:Lingua Franca Nova	en-AG:Lingua Franca Nova	en-AI:Lingua Franca Nova	en-AS:Lingua Franca Nova	en-AT:Lingua Franca Nova	en-AU:Lingua Franca Nova	en-BB:Lingua Franca Nova
lg	af:Ganda	af-NA:Ganda	am:ጋንዳኛ	ar:الغاندا	ar-AE:الغاندا	ar-BH:الغاندا	ar-DJ:الغاندا	ar-DZ:الغاندا	ar-EG:الغاندا	ar-EH:الغاندا	ar-ER:الغاندا	ar-IL:الغاندا	ar-IQ:الغاندا	ar-JO:الغاندا	ar-KM:الغاندا	ar-KW:الغاندا	ar-LB:الغاندا	ar-LY:الغاندا	ar-MA:الغاندا	ar-MR:الغاندا
li	af:Limburgs	af-NA:Limburgs	am:ሊምቡርጊሽ	ar:الليمبورغية	ar-AE:الليمبورغية	ar-BH:الليمبورغية	ar-DJ:الليمبورغية	ar-DZ:الليمبورغية	ar-EG:الليمبورغية	ar-EH:الليمبورغية	ar-ER:الليمبورغية	ar-IL:الليمبورغية	ar-IQ:الليمبورغية	ar-JO:الليمبورغية	ar-KM:الليمبورغية	ar-KW:الليمبورغية	ar-LB:الليمبورغية	ar-LY:الليمبورغية	ar-MA:الليمبورغية	ar-MR:الليمبورغية
lij	af:Liguries	af-NA:Liguries	ak:Liguria kasa	am:ሊጓሪያኛ	ar:الليغورية	ar-AE:الليغورية	ar-BH:الليغورية	ar-DJ:الليغورية	ar-DZ:الليغورية	ar-EG:الليغورية	ar-EH:الليغورية	ar-ER:الليغورية	ar-IL:الليغورية	ar-IQ:الليغورية	ar-JO:الليغورية	ar-KM:الليغورية	ar-KW:الليغورية	ar-LB:الليغورية	ar-LY:الليغورية	ar-MA:الليغورية
lil	af:Lillooet	af-NA:Lillooet	am:ሊሎኤት	ar:الليلويتية	ar-AE:الليلويتية	ar-BH:الليلويتية	ar-DJ:الليلويتية	ar-DZ:الليلويتية	ar-EG:الليلويتية	ar-EH:الليلويتية	ar-ER:الليلويتية	ar-IL:الليلويتية	ar-IQ:الليلويتية	ar-JO:الليلويتية	ar-KM:الليلويتية	ar-KW:الليلويتية	ar-LB:الليلويتية	ar-LY:الليلويتية	ar-MA:الليلويتية	ar-MR:الليلويتية
liv	ast:livonianu	cs:livonština	de:Livisch	de-AT:Livisch	de-BE:Livisch	de-CH:Livisch	de-IT:Livisch	de-LI:Livisch	de-LU:Livisch	en:Livonian	en-001:Livonian	en-150:Livonian	en-AE:Livonian	en-AG:Livonian	en-AI:Livonian	en-AS:Livonian	en-AT:Livonian	en-AU:Livonian	en-BB:Livonian	en-BE:Livonian
lkt	af:Lakota	af-NA:Lakota	am:ላኮታ	ar:لاكوتا	ar-AE:لاكوتا	ar-BH:لاكوتا	ar-DJ:لاكوتا	ar-DZ:لاكوتا	ar-EG:لاكوتا	ar-EH:لاكوتا	ar-ER:لاكوتا	ar-IL:لاكوتا	ar-IQ:لاكوتا	ar-JO:لاكوتا	ar-KM:لاكوتا	ar-KW:لاكوتا	ar-LB:لاكوتا	ar-LY:لاكوتا	ar-MA:لاكوتا	ar-MR:لاكوتا
lld	ba:ладин	bal-Latn:Ladin	blo:Laɖɛŋ kagɩja	cs:ladinština	cv:ладин чӗлхи	eo:ladina	et:ladiini	fi:ladin	gd:Ladainis	ia:ladino	ig:ID	it:ladino	it-CH:ladino	it-SM:ladino	it-VA:ladino	kk:ладин тілі	kk-Arab:لادينو ءتىلى	kk-Cyrl:ладин тілі	kk-KZ:ладин тілі	ku:ladînî
lmo	af:Lombardies	af-NA:Lombardies	ak:Lombad kasa	am:ሎምባርድኛ	ar:اللومبردية	ar-AE:اللومبردية	ar-BH:اللومبردية	ar-DJ:اللومبردية	ar-DZ:اللومبردية	ar-EG:اللومبردية	ar-EH:اللومبردية	ar-ER:اللومبردية	ar-IL:اللومبردية	ar-IQ:اللومبردية	ar-JO:اللومبردية	ar-KM:اللومبردية	ar-KW:اللومبردية	ar-LB:اللومبردية	ar-LY:اللومبردية	ar-MA:اللومبردية
ln	af:Lingaals	af-NA:Lingaals	am:ሊንጋላ	ar:اللينجالا	ar-AE:اللينجالا	ar-BH:اللينجالا	ar-DJ:اللينجالا	ar-DZ:اللينجالا	ar-EG:اللينجالا	ar-EH:اللينجالا	ar-ER:اللينجالا	ar-IL:اللينجالا	ar-IQ:اللينجالا	ar-JO:اللينجالا	ar-KM:اللينجالا	ar-KW:اللينجالا	ar-LB:اللينجالا	ar-LY:اللينجالا	ar-MA:اللينجالا	ar-MR:اللينجالا
lo	af:Lao	af-NA:Lao	ak:Lawo kasa	am:ላኦኛ	ar:اللاوية	ar-AE:اللاوية	ar-BH:اللاوية	ar-DJ:اللاوية	ar-DZ:اللاوية	ar-EG:اللاوية	ar-EH:اللاوية	ar-ER:اللاوية	ar-IL:اللاوية	ar-IQ:اللاوية	ar-JO:اللاوية	ar-KM:اللاوية	ar-KW:اللاوية	ar-LB:اللاوية	ar-LY:اللاوو	ar-MA:اللاوية
lol	ar:منغولى	ar-AE:منغولى	ar-BH:منغولى	ar-DJ:منغولى	ar-DZ:منغولى	ar-EG:منغولى	ar-EH:منغولى	ar-ER:منغولى	ar-IL:منغولى	ar-IQ:منغولى	ar-JO:منغولى	ar-KM:منغولى	ar-KW:منغولى	ar-LB:منغولى	ar-LY:منغولى	ar-MA:منغولى	ar-MR:منغولى	ar-OM:منغولى	ar-PS:منغولى	ar-QA:منغولى
lou	af:Louisiana Kreool	af-NA:Louisiana Kreool	am:ሉዊዚያና ክሬኦል	ar:الكريولية اللويزيانية	ar-AE:الكريولية اللويزيانية	ar-BH:الكريولية اللويزيانية	ar-DJ:الكريولية اللويزيانية	ar-DZ:الكريولية اللويزيانية	ar-EG:الكريولية اللويزيانية	ar-EH:الكريولية اللويزيانية	ar-ER:الكريولية اللويزيانية	ar-IL:الكريولية اللويزيانية	ar-IQ:الكريولية اللويزيانية	ar-JO:الكريولية اللويزيانية	ar-KM:الكريولية اللويزيانية	ar-KW:الكريولية اللويزيانية	ar-LB:الكريولية اللويزيانية	ar-LY:الكريولية اللويزيانية	ar-MA:الكريولية اللويزيانية	ar-MR:الكريولية اللويزيانية
loz	af:Lozi	af-NA:Lozi	am:ሎዚ	ar:اللوزي	ar-AE:اللوزي	ar-BH:اللوزي	ar-DJ:اللوزي	ar-DZ:اللوزي	ar-EG:اللوزي	ar-EH:اللوزي	ar-ER:اللوزي	ar-IL:اللوزي	ar-IQ:اللوزي	ar-JO:اللوزي	ar-KM:اللوزي	ar-KW:اللوزي	ar-LB:اللوزي	ar-LY:اللوزي	ar-MA:اللوزي	ar-MR:اللوزي
lrc	af:Noord-Luri	af-NA:Noord-Luri	am:ሰሜናዊ ሉሪ	ar:اللرية الشمالية	ar-AE:اللرية الشمالية	ar-BH:اللرية الشمالية	ar-DJ:اللرية الشمالية	ar-DZ:اللرية الشمالية	ar-EG:اللرية الشمالية	ar-EH:اللرية الشمالية	ar-ER:اللرية الشمالية	ar-IL:اللرية الشمالية	ar-IQ:اللرية الشمالية	ar-JO:اللرية الشمالية	ar-KM:اللرية الشمالية	ar-KW:اللرية الشمالية	ar-LB:اللرية الشمالية	ar-LY:اللرية الشمالية	ar-MA:اللرية الشمالية	ar-MR:اللرية الشمالية
lsm	af:Saamia	af-NA:Saamia	am:ሳሚያ	ar:الساميا	ar-AE:الساميا	ar-BH:الساميا	ar-DJ:الساميا	ar-DZ:الساميا	ar-EG:الساميا	ar-EH:الساميا	ar-ER:الساميا	ar-IL:الساميا	ar-IQ:الساميا	ar-JO:الساميا	ar-KM:الساميا	ar-KW:الساميا	ar-LB:الساميا	ar-LY:الساميا	ar-MA:الساميا	ar-MR:الساميا
lt	af:Litaus	af-NA:Litaus	ak:Lituania kasa	am:ሊቱዌንያኛ	ar:الليتوانية	ar-AE:الليتوانية	ar-BH:الليتوانية	ar-DJ:الليتوانية	ar-DZ:الليتوانية	ar-EG:الليتوانية	ar-EH:الليتوانية	ar-ER:الليتوانية	ar-IL:الليتوانية	ar-IQ:الليتوانية	ar-JO:الليتوانية	ar-KM:الليتوانية	ar-KW:الليتوانية	ar-LB:الليتوانية	ar-LY:الليتوانية	ar-MA:الليتوانية
ltg	ast:latgalianu	ba:латгал	bal-Latn:Latgali	blo:Latɩgalɩyaŋ Kagɩja	cs:latgalština	cv:латгал чӗлхи	cy:Latgaleg	de:Lettgallisch	de-AT:Lettgallisch	de-BE:Lettgallisch	de-CH:Lettgallisch	de-IT:Lettgallisch	de-LI:Lettgallisch	de-LU:Lettgallisch	en:Latgalian	en-001:Latgalian	en-150:Latgalian	en-AE:Latgalian	en-AG:Latgalian	en-AI:Latgalian
lu	af:Luba-Katanga	af-NA:Luba-Katanga	am:ሉባ-ካታንጋ	ar:اللوبا كاتانغا	ar-AE:اللوبا كاتانغا	ar-BH:اللوبا كاتانغا	ar-DJ:اللوبا كاتانغا	ar-DZ:اللوبا كاتانغا	ar-EG:اللوبا كاتانغا	ar-EH:اللوبا كاتانغا	ar-ER:اللوبا كاتانغا	ar-IL:اللوبا كاتانغا	ar-IQ:اللوبا كاتانغا	ar-JO:اللوبا كاتانغا	ar-KM:اللوبا كاتانغا	ar-KW:اللوبا كاتانغا	ar-LB:اللوبا كاتانغا	ar-LY:اللوبا كاتانغا	ar-MA:اللوبا كاتانغا	ar-MR:اللوبا كاتانغا
lua	af:Luba-Lulua	af-NA:Luba-Lulua	am:ሉባ-ሉሏ	ar:اللبا-لؤلؤ	ar-AE:اللبا-لؤلؤ	ar-BH:اللبا-لؤلؤ	ar-DJ:اللبا-لؤلؤ	ar-DZ:اللبا-لؤلؤ	ar-EG:اللبا-لؤلؤ	ar-EH:اللبا-لؤلؤ	ar-ER:اللبا-لؤلؤ	ar-IL:اللبا-لؤلؤ	ar-IQ:اللبا-لؤلؤ	ar-JO:اللبا-لؤلؤ	ar-KM:اللبا-لؤلؤ	ar-KW:اللبا-لؤلؤ	ar-LB:اللبا-لؤلؤ	ar-LY:اللبا-لؤلؤ	ar-MA:اللبا-لؤلؤ	ar-MR:اللبا-لؤلؤ
lui	ar:اللوسينو	ar-AE:اللوسينو	ar-BH:اللوسينو	ar-DJ:اللوسينو	ar-DZ:اللوسينو	ar-EG:اللوسينو	ar-EH:اللوسينو	ar-ER:اللوسينو	ar-IL:اللوسينو	ar-IQ:اللوسينو	ar-JO:اللوسينو	ar-KM:اللوسينو	ar-KW:اللوسينو	ar-LB:اللوسينو	ar-LY:اللوسينو	ar-MA:اللوسينو	ar-MR:اللوسينو	ar-OM:اللوسينو	ar-PS:اللوسينو	ar-QA:اللوسينو
lun	af:Lunda	af-NA:Lunda	am:ሉንዳ	ar:اللوندا	ar-AE:اللوندا	ar-BH:اللوندا	ar-DJ:اللوندا	ar-DZ:اللوندا	ar-EG:اللوندا	ar-EH:اللوندا	ar-ER:اللوندا	ar-IL:اللوندا	ar-IQ:اللوندا	ar-JO:اللوندا	ar-KM:اللوندا	ar-KW:اللوندا	ar-LB:اللوندا	ar-LY:اللوندا	ar-MA:اللوندا	ar-MR:اللوندا
luo	af:Luo	af-NA:Luo	am:ሉኦ	ar:اللو	ar-AE:اللو	ar-BH:اللو	ar-DJ:اللو	ar-DZ:اللو	ar-EG:اللو	ar-EH:اللو	ar-ER:اللو	ar-IL:اللو	ar-IQ:اللو	ar-JO:اللو	ar-KM:اللو	ar-KW:اللو	ar-LB:اللو	ar-LY:اللو	ar-MA:اللو	ar-MR:اللو
lus	af:Mizo	af-NA:Mizo	am:ሚዞ	ar:الميزو	ar-AE:الميزو	ar-BH:الميزو	ar-DJ:الميزو	ar-DZ:الميزو	ar-EG:الميزو	ar-EH:الميزو	ar-ER:الميزو	ar-IL:الميزو	ar-IQ:الميزو	ar-JO:الميزو	ar-KM:الميزو	ar-KW:الميزو	ar-LB:الميزو	ar-LY:الميزو	ar-MA:الميزو	ar-MR:الميزو
luy	af:Luyia	af-NA:Luyia	am:ሉያ	ar:لغة اللويا	ar-AE:لغة اللويا	ar-BH:لغة اللويا	ar-DJ:لغة اللويا	ar-DZ:لغة اللويا	ar-EG:لغة اللويا	ar-EH:لغة اللويا	ar-ER:لغة اللويا	ar-IL:لغة اللويا	ar-IQ:لغة اللويا	ar-JO:لغة اللويا	ar-KM:لغة اللويا	ar-KW:لغة اللويا	ar-LB:لغة اللويا	ar-LY:لغة اللويا	ar-MA:لغة اللويا	ar-MR:لغة اللويا
lv	af:Letties	af-NA:Letties	ak:Latvia kasa	am:ላትቪያኛ	ar:اللاتفية	ar-AE:اللاتفية	ar-BH:اللاتفية	ar-DJ:اللاتفية	ar-DZ:اللاتفية	ar-EG:اللاتفية	ar-EH:اللاتفية	ar-ER:اللاتفية	ar-IL:اللاتفية	ar-IQ:اللاتفية	ar-JO:اللاتفية	ar-KM:اللاتفية	ar-KW:اللاتفية	ar-LB:اللاتفية	ar-LY:اللاتفية	ar-MA:اللاتفية
lzh	ast:chinu lliterariu	br:sinaeg lennegel	ca:xinès clàssic	ca-AD:xinès clàssic	ca-ES-valencia:xinès clàssic	ca-FR:xinès clàssic	ca-IT:xinès clàssic	cs:čínština (klasická)	de:Klassisches Chinesisch	de-AT:Klassisches Chinesisch	de-BE:Klassisches Chinesisch	de-CH:Klassisches Chinesisch	de-IT:Klassisches Chinesisch	de-LI:Klassisches Chinesisch	de-LU:Klassisches Chinesisch	en:Literary Chinese	en-001:Literary Chinese	en-150:Literary Chinese	en-AE:Literary Chinese	en-AG:Literary Chinese
lzz	ast:laz	ba:лаз	blo:Laas kagɩja	ca:laz	ca-AD:laz	ca-ES-valencia:laz	ca-FR:laz	ca-IT:laz	cs:lazština	cv:лаз чӗлхи	de:Lasisch	de-AT:Lasisch	de-BE:Lasisch	de-CH:Lasisch	de-IT:Lasisch	de-LI:Lasisch	de-LU:Lasisch	en:Laz	en-001:Laz	en-150:Laz
mad	af:Madurees	af-NA:Madurees	am:ማዱረስ	ar:المادريز	ar-AE:المادريز	ar-BH:المادريز	ar-DJ:المادريز	ar-DZ:المادريز	ar-EG:المادريز	ar-EH:المادريز	ar-ER:المادريز	ar-IL:المادريز	ar-IQ:المادريز	ar-JO:المادريز	ar-KM:المادريز	ar-KW:المادريز	ar-LB:المادريز	ar-LY:المادريز	ar-MA:المادريز	ar-MR:المادريز
maf	ast:mafa	bs:mafa	bs-Latn:mafa	ca:mafa	ca-AD:mafa	ca-ES-valencia:mafa	ca-FR:mafa	ca-IT:mafa	cs:mafa	da:mafa	da-GL:mafa	de:Mafa	de-AT:Mafa	de-BE:Mafa	de-CH:Mafa	de-IT:Mafa	de-LI:Mafa	de-LU:Mafa	el:Μάφα	el-CY:Μάφα
mag	af:Magahi	af-NA:Magahi	am:ማጋሂ	ar:الماجا	ar-AE:الماجا	ar-BH:الماجا	ar-DJ:الماجا	ar-DZ:الماجا	ar-EG:الماجا	ar-EH:الماجا	ar-ER:الماجا	ar-IL:الماجا	ar-IQ:الماجا	ar-JO:الماجا	ar-KM:الماجا	ar-KW:الماجا	ar-LB:الماجا	ar-LY:الماجا	ar-MA:الماجا	ar-MR:الماجا
mai	af:Maithili	af-NA:Maithili	ak:Maetili	am:ማይቲሊ	ar:المايثيلي	ar-AE:المايثيلي	ar-BH:المايثيلي	ar-DJ:المايثيلي	ar-DZ:المايثيلي	ar-EG:المايثيلي	ar-EH:المايثيلي	ar-ER:المايثيلي	ar-IL:المايثيلي	ar-IQ:المايثيلي	ar-JO:المايثيلي	ar-KM:المايثيلي	ar-KW:المايثيلي	ar-LB:المايثيلي	ar-LY:المايثيلي	ar-MA:المايثيلي
mak	af:Makasar	af-NA:Makasar	am:ማካሳር	ar:الماكاسار	ar-AE:الماكاسار	ar-BH:الماكاسار	ar-DJ:الماكاسار	ar-DZ:الماكاسار	ar-EG:الماكاسار	ar-EH:الماكاسار	ar-ER:الماكاسار	ar-IL:الماكاسار	ar-IQ:الماكاسار	ar-JO:الماكاسار	ar-KM:الماكاسار	ar-KW:الماكاسار	ar-LB:الماكاسار	ar-LY:الماكاسار	ar-MA:الماكاسار	ar-MR:الماكاسار
man	ar:الماندينغ	ar-AE:الماندينغ	ar-BH:الماندينغ	ar-DJ:الماندينغ	ar-DZ:الماندينغ	ar-EG:الماندينغ	ar-EH:الماندينغ	ar-ER:الماندينغ	ar-IL:الماندينغ	ar-IQ:الماندينغ	ar-JO:الماندينغ	ar-KM:الماندينغ	ar-KW:الماندينغ	ar-LB:الماندينغ	ar-LY:الماندينغ	ar-MA:الماندينغ	ar-MR:الماندينغ	ar-OM:الماندينغ	ar-PS:الماندينغ	ar-QA:الماندينغ
mas	af:Masai	af-NA:Masai	am:ማሳይ	ar:الماساي	ar-AE:الماساي	ar-BH:الماساي	ar-DJ:الماساي	ar-DZ:الماساي	ar-EG:الماساي	ar-EH:الماساي	ar-ER:الماساي	ar-IL:الماساي	ar-IQ:الماساي	ar-JO:الماساي	ar-KM:الماساي	ar-KW:الماساي	ar-LB:الماساي	ar-LY:الماساي	ar-MA:الماساي	ar-MR:الماساي
mde	ar:مابا	ar-AE:مابا	ar-BH:مابا	ar-DJ:مابا	ar-DZ:مابا	ar-EG:مابا	ar-EH:مابا	ar-ER:مابا	ar-IL:مابا	ar-IQ:مابا	ar-JO:مابا	ar-KM:مابا	ar-KW:مابا	ar-LB:مابا	ar-LY:مابا	ar-MA:مابا	ar-MR:مابا	ar-OM:مابا	ar-PS:مابا	ar-QA:مابا
mdf	af:Moksha	af-NA:Moksha	am:ሞክሻ	ar:الموكشا	ar-AE:الموكشا	ar-BH:الموكشا	ar-DJ:الموكشا	ar-DZ:الموكشا	ar-EG:الموكشا	ar-EH:الموكشا	ar-ER:الموكشا	ar-IL:الموكشا	ar-IQ:الموكشا	ar-JO:الموكشا	ar-KM:الموكشا	ar-KW:الموكشا	ar-LB:الموكشا	ar-LY:الموكشا	ar-MA:الموكشا	ar-MR:الموكشا
mdr	ar:الماندار	ar-AE:الماندار	ar-BH:الماندار	ar-DJ:الماندار	ar-DZ:الماندار	ar-EG:الماندار	ar-EH:الماندار	ar-ER:الماندار	ar-IL:الماندار	ar-IQ:الماندار	ar-JO:الماندار	ar-KM:الماندار	ar-KW:الماندار	ar-LB:الماندار	ar-LY:الماندار	ar-MA:الماندار	ar-MR:الماندار	ar-OM:الماندار	ar-PS:الماندار	ar-QA:الماندار
men	af:Mende	af-NA:Mende	am:ሜንዴ	ar:الميند	ar-AE:الميند	ar-BH:الميند	ar-DJ:الميند	ar-DZ:الميند	ar-EG:الميند	ar-EH:الميند	ar-ER:الميند	ar-IL:الميند	ar-IQ:الميند	ar-JO:الميند	ar-KM:الميند	ar-KW:الميند	ar-LB:الميند	ar-LY:الميند	ar-MA:الميند	ar-MR:الميند
mer	af:Meru	af-NA:Meru	am:ሜሩ	ar:الميرو	ar-AE:الميرو	ar-BH:الميرو	ar-DJ:الميرو	ar-DZ:الميرو	ar-EG:الميرو	ar-EH:الميرو	ar-ER:الميرو	ar-IL:الميرو	ar-IQ:الميرو	ar-JO:الميرو	ar-KM:الميرو	ar-KW:الميرو	ar-LB:الميرو	ar-LY:الميرو	ar-MA:الميرو	ar-MR:الميرو
mfe	af:Morisjen	af-NA:Morisjen	am:ሞሪስየን	ar:المورسيانية	ar-AE:المورسيانية	ar-BH:المورسيانية	ar-DJ:المورسيانية	ar-DZ:المورسيانية	ar-EG:المورسيانية	ar-EH:المورسيانية	ar-ER:المورسيانية	ar-IL:المورسيانية	ar-IQ:المورسيانية	ar-JO:المورسيانية	ar-KM:المورسيانية	ar-KW:المورسيانية	ar-LB:المورسيانية	ar-LY:المورسيانية	ar-MA:المورسيانية	ar-MR:المورسيانية
mg	af:Malgassies	af-NA:Malgassies	am:ማላጋስይ	ar:الملغاشي	ar-AE:الملغاشي	ar-BH:الملغاشي	ar-DJ:الملغاشي	ar-DZ:الملغاشي	ar-EG:الملغاشي	ar-EH:الملغاشي	ar-ER:الملغاشي	ar-IL:الملغاشي	ar-IQ:الملغاشي	ar-JO:الملغاشي	ar-KM:الملغاشي	ar-KW:الملغاشي	ar-LB:الملغاشي	ar-LY:الملغاشي	ar-MA:الملغاشي	ar-MR:الملغاشي
mga	ar:الأيرلندية الوسطى	ar-AE:الأيرلندية الوسطى	ar-BH:الأيرلندية الوسطى	ar-DJ:الأيرلندية الوسطى	ar-DZ:الأيرلندية الوسطى	ar-EG:الأيرلندية الوسطى	ar-EH:الأيرلندية الوسطى	ar-ER:الأيرلندية الوسطى	ar-IL:الأيرلندية الوسطى	ar-IQ:الأيرلندية الوسطى	ar-JO:الأيرلندية الوسطى	ar-KM:الأيرلندية الوسطى	ar-KW:الأيرلندية الوسطى	ar-LB:الأيرلندية الوسطى	ar-LY:الأيرلندية الوسطى	ar-MA:الأيرلندية الوسطى	ar-MR:الأيرلندية الوسطى	ar-OM:الأيرلندية الوسطى	ar-PS:الأيرلندية الوسطى	ar-QA:الأيرلندية الوسطى
mgh	af:Makhuwa-Meetto	af-NA:Makhuwa-Meetto	am:ማኩዋ-ሜቶ	ar:ماخاوا-ميتو	ar-AE:ماخاوا-ميتو	ar-BH:ماخاوا-ميتو	ar-DJ:ماخاوا-ميتو	ar-DZ:ماخاوا-ميتو	ar-EG:ماخاوا-ميتو	ar-EH:ماخاوا-ميتو	ar-ER:ماخاوا-ميتو	ar-IL:ماخاوا-ميتو	ar-IQ:ماخاوا-ميتو	ar-JO:ماخاوا-ميتو	ar-KM:ماخاوا-ميتو	ar-KW:ماخاوا-ميتو	ar-LB:ماخاوا-ميتو	ar-LY:ماخاوا-ميتو	ar-MA:ماخاوا-ميتو	ar-MR:ماخاوا-ميتو
mgo	af:Meta’	af-NA:Meta’	am:ሜታ	ar:ميتا	ar-AE:ميتا	ar-BH:ميتا	ar-DJ:ميتا	ar-DZ:ميتا	ar-EG:ميتا	ar-EH:ميتا	ar-ER:ميتا	ar-IL:ميتا	ar-IQ:ميتا	ar-JO:ميتا	ar-KM:ميتا	ar-KW:ميتا	ar-LB:ميتا	ar-LY:ميتا	ar-MA:ميتا	ar-MR:ميتا
mh	af:Marshallees	af-NA:Marshallees	am:ማርሻሊዝ	ar:المارشالية	ar-AE:المارشالية	ar-BH:المارشالية	ar-DJ:المارشالية	ar-DZ:المارشالية	ar-EG:المارشالية	ar-EH:المارشالية	ar-ER:المارشالية	ar-IL:المارشالية	ar-IQ:المارشالية	ar-JO:المارشالية	ar-KM:المارشالية	ar-KW:المارشالية	ar-LB:المارشالية	ar-LY:المارشالية	ar-MA:المارشالية	ar-MR:المارشالية
mhn	ba:мокено	bal-Latn:Móchénó	blo:Moshenoo kagɩja	cv:мокен чӗлхи	et:mohheni	fi:mócheno	gd:Mócheno	ia:mocheno	ig:mhnn	kk:мокено тілі	kk-Arab:موكەنو ءتىلى	kk-Cyrl:мокено тілі	kk-KZ:мокено тілі	ku:moçenoyî	ku-Latn:moçenoyî	ku-Latn-IQ:moçenoyî	ku-Latn-SY:moçenoyî	ku-TR:moçenoyî	sc:mòchenu	scn:muchenu
mi	af:Maori	af-NA:Maori	ak:Mawori	am:ማኦሪ	ar:الماورية	ar-AE:الماورية	ar-BH:الماورية	ar-DJ:الماورية	ar-DZ:الماورية	ar-EG:الماورية	ar-EH:الماورية	ar-ER:الماورية	ar-IL:الماورية	ar-IQ:الماورية	ar-JO:الماورية	ar-KM:الماورية	ar-KW:الماورية	ar-LB:الماورية	ar-LY:الماورية	ar-MA:الماورية
mic	af:Micmac	af-NA:Micmac	am:ሚክማው	ar:الميكماكيونية	ar-AE:الميكماكيونية	ar-BH:الميكماكيونية	ar-DJ:الميكماكيونية	ar-DZ:الميكماكيونية	ar-EG:الميكماكيونية	ar-EH:الميكماكيونية	ar-ER:الميكماكيونية	ar-IL:الميكماكيونية	ar-IQ:الميكماكيونية	ar-JO:الميكماكيونية	ar-KM:الميكماكيونية	ar-KW:الميكماكيونية	ar-LB:الميكماكيونية	ar-LY:الميكماكيونية	ar-MA:الميكماكيونية	ar-MR:الميكماكيونية
min	af:Minangkabaus	af-NA:Minangkabaus	am:ሚናንግካባኡ	ar:المينانجكاباو	ar-AE:المينانجكاباو	ar-BH:المينانجكاباو	ar-DJ:المينانجكاباو	ar-DZ:المينانجكاباو	ar-EG:المينانجكاباو	ar-EH:المينانجكاباو	ar-ER:المينانجكاباو	ar-IL:المينانجكاباو	ar-IQ:المينانجكاباو	ar-JO:المينانجكاباو	ar-KM:المينانجكاباو	ar-KW:المينانجكاباو	ar-LB:المينانجكاباو	ar-LY:المينانجكاباو	ar-MA:المينانجكاباو	ar-MR:المينانجكاباو
mk	af:Masedonies	af-NA:Masedonies	ak:Mɛsidonia kasa	am:ሜቄዶንኛ	ar:المقدونية	ar-AE:المقدونية	ar-BH:المقدونية	ar-DJ:المقدونية	ar-DZ:المقدونية	ar-EG:المقدونية	ar-EH:المقدونية	ar-ER:المقدونية	ar-IL:المقدونية	ar-IQ:المقدونية	ar-JO:المقدونية	ar-KM:المقدونية	ar-KW:المقدونية	ar-LB:المقدونية	ar-LY:المقدونية	ar-MA:المقدونية
ml	af:Malabaars	af-NA:Malabaars	ak:Malayalam kasa	am:ማላያላም	ar:المالايالامية	ar-AE:المالايالامية	ar-BH:المالايالامية	ar-DJ:المالايالامية	ar-DZ:المالايالامية	ar-EG:المالايالامية	ar-EH:المالايالامية	ar-ER:المالايالامية	ar-IL:المالايالامية	ar-IQ:المالايالامية	ar-JO:المالايالامية	ar-KM:المالايالامية	ar-KW:المالايالامية	ar-LB:المالايالامية	ar-LY:المالايالامية	ar-MA:المالايالامية
mn	af:Mongools	af-NA:Mongools	ak:Mongoliafoɔ kasa	am:ሞንጎሊያኛ	ar:المنغولية	ar-AE:المنغولية	ar-BH:المنغولية	ar-DJ:المنغولية	ar-DZ:المنغولية	ar-EG:المنغولية	ar-EH:المنغولية	ar-ER:المنغولية	ar-IL:المنغولية	ar-IQ:المنغولية	ar-JO:المنغولية	ar-KM:المنغولية	ar-KW:المنغولية	ar-LB:المنغولية	ar-LY:المنغولية	ar-MA:المنغولية
mnc	ar:المانشو	ar-AE:المانشو	ar-BH:المانشو	ar-DJ:المانشو	ar-DZ:المانشو	ar-EG:المانشو	ar-EH:المانشو	ar-ER:المانشو	ar-IL:المانشو	ar-IQ:المانشو	ar-JO:المانشو	ar-KM:المانشو	ar-KW:المانشو	ar-LB:المانشو	ar-LY:المانشو	ar-MA:المانشو	ar-MR:المانشو	ar-OM:المانشو	ar-PS:المانشو	ar-QA:المانشو
mni	af:Manipuri	af-NA:Manipuri	ak:Manipuri	am:ማኒፑሪ	ar:المانيبورية	ar-AE:المانيبورية	ar-BH:المانيبورية	ar-DJ:المانيبورية	ar-DZ:المانيبورية	ar-EG:المانيبورية	ar-EH:المانيبورية	ar-ER:المانيبورية	ar-IL:المانيبورية	ar-IQ:المانيبورية	ar-JO:المانيبورية	ar-KM:المانيبورية	ar-KW:المانيبورية	ar-LB:المانيبورية	ar-LY:المانيبورية	ar-MA:المانيبورية
moe	af:Innu-aimun	af-NA:Innu-aimun	am:ኢኑ-አይመን	ar:إينو-ايمون	ar-AE:إينو-ايمون	ar-BH:إينو-ايمون	ar-DJ:إينو-ايمون	ar-DZ:إينو-ايمون	ar-EG:إينو-ايمون	ar-EH:إينو-ايمون	ar-ER:إينو-ايمون	ar-IL:إينو-ايمون	ar-IQ:إينو-ايمون	ar-JO:إينو-ايمون	ar-KM:إينو-ايمون	ar-KW:إينو-ايمون	ar-LB:إينو-ايمون	ar-LY:إينو-ايمون	ar-MA:إينو-ايمون	ar-MR:إينو-ايمون
moh	af:Mohawk	af-NA:Mohawk	am:ሞሃውክ	ar:الموهوك	ar-AE:الموهوك	ar-BH:الموهوك	ar-DJ:الموهوك	ar-DZ:الموهوك	ar-EG:الموهوك	ar-EH:الموهوك	ar-ER:الموهوك	ar-IL:الموهوك	ar-IQ:الموهوك	ar-JO:الموهوك	ar-KM:الموهوك	ar-KW:الموهوك	ar-LB:الموهوك	ar-LY:الموهوك	ar-MA:الموهوك	ar-MR:الموهوك
mos	af:Mossi	af-NA:Mossi	am:ሞሲ	ar:الموسي	ar-AE:الموسي	ar-BH:الموسي	ar-DJ:الموسي	ar-DZ:الموسي	ar-EG:الموسي	ar-EH:الموسي	ar-ER:الموسي	ar-IL:الموسي	ar-IQ:الموسي	ar-JO:الموسي	ar-KM:الموسي	ar-KW:الموسي	ar-LB:الموسي	ar-LY:الموسي	ar-MA:الموسي	ar-MR:الموسي
mr	af:Marathi	af-NA:Marathi	ak:Marati	am:ማራቲ	ar:الماراثية	ar-AE:الماراثية	ar-BH:الماراثية	ar-DJ:الماراثية	ar-DZ:الماراثية	ar-EG:الماراثية	ar-EH:الماراثية	ar-ER:الماراثية	ar-IL:الماراثية	ar-IQ:الماراثية	ar-JO:الماراثية	ar-KM:الماراثية	ar-KW:الماراثية	ar-LB:الماراثية	ar-LY:الماراثية	ar-MA:الماراثية
mrj	ast:mari occidental	br:marieg ar Cʼhornôg	ca:mari occidental	ca-AD:mari occidental	ca-ES-valencia:mari occidental	ca-FR:mari occidental	ca-IT:mari occidental	cs:marijština (západní)	cy:Mari Gorllewinol	de:Bergmari	de-AT:Bergmari	de-BE:Bergmari	de-CH:Bergmari	de-IT:Bergmari	de-LI:Bergmari	de-LU:Bergmari	en:Western Mari	en-001:Western Mari	en-150:Western Mari	en-AE:Western Mari
ms	af:Maleis	af-NA:Maleis	agq:Màlae	ak:Malay kasa	am:ማላይ	ar:الماليزية	ar-AE:الماليزية	ar-BH:الماليزية	ar-DJ:الماليزية	ar-DZ:الماليزية	ar-EG:الماليزية	ar-EH:الماليزية	ar-ER:الماليزية	ar-IL:الماليزية	ar-IQ:الماليزية	ar-JO:الماليزية	ar-KM:الماليزية	ar-KW:الماليزية	ar-LB:الماليزية	ar-LY:الماليزية
mt	af:Maltees	af-NA:Maltees	ak:Malta kasa	am:ማልቲዝኛ	ar:المالطية	ar-AE:المالطية	ar-BH:المالطية	ar-DJ:المالطية	ar-DZ:المالطية	ar-EG:المالطية	ar-EH:المالطية	ar-ER:المالطية	ar-IL:المالطية	ar-IQ:المالطية	ar-JO:المالطية	ar-KM:المالطية	ar-KW:المالطية	ar-LB:المالطية	ar-LY:المالطية	ar-MA:المالطية
mua	af:Mundang	af-NA:Mundang	am:ሙንዳንግ	ar:مندنج	ar-AE:مندنج	ar-BH:مندنج	ar-DJ:مندنج	ar-DZ:مندنج	ar-EG:مندنج	ar-EH:مندنج	ar-ER:مندنج	ar-IL:مندنج	ar-IQ:مندنج	ar-JO:مندنج	ar-KM:مندنج	ar-KW:مندنج	ar-LB:مندنج	ar-LY:مندنج	ar-MA:مندنج	ar-MR:مندنج
mul	af:Verskeie tale	af-NA:Verskeie tale	ak:Kasa ahodoɔ	am:ባለብዙ ቋንቋዎች	ar:لغات متعددة	ar-AE:لغات متعددة	ar-BH:لغات متعددة	ar-DJ:لغات متعددة	ar-DZ:لغات متعددة	ar-EG:لغات متعددة	ar-EH:لغات متعددة	ar-ER:لغات متعددة	ar-IL:لغات متعددة	ar-IQ:لغات متعددة	ar-JO:لغات متعددة	ar-KM:لغات متعددة	ar-KW:لغات متعددة	ar-LB:لغات متعددة	ar-LY:لغات متعددة	ar-MA:لغات متعددة
mus	af:Kreek	af-NA:Kreek	am:ሙስኮኪ	ar:الكريك	ar-AE:الكريك	ar-BH:الكريك	ar-DJ:الكريك	ar-DZ:الكريك	ar-EG:الكريك	ar-EH:الكريك	ar-ER:الكريك	ar-IL:الكريك	ar-IQ:الكريك	ar-JO:الكريك	ar-KM:الكريك	ar-KW:الكريك	ar-LB:الكريك	ar-LY:الكريك	ar-MA:الكريك	ar-MR:الكريك
mwl	af:Mirandees	af-NA:Mirandees	am:ሚራንዴዝ	ar:الميرانديز	ar-AE:الميرانديز	ar-BH:الميرانديز	ar-DJ:الميرانديز	ar-DZ:الميرانديز	ar-EG:الميرانديز	ar-EH:الميرانديز	ar-ER:الميرانديز	ar-IL:الميرانديز	ar-IQ:الميرانديز	ar-JO:الميرانديز	ar-KM:الميرانديز	ar-KW:الميرانديز	ar-LB:الميرانديز	ar-LY:الميرانديز	ar-MA:الميرانديز	ar-MR:الميرانديز
mwr	ar:الماروارية	ar-AE:الماروارية	ar-BH:الماروارية	ar-DJ:الماروارية	ar-DZ:الماروارية	ar-EG:الماروارية	ar-EH:الماروارية	ar-ER:الماروارية	ar-IL:الماروارية	ar-IQ:الماروارية	ar-JO:الماروارية	ar-KM:الماروارية	ar-KW:الماروارية	ar-LB:الماروارية	ar-LY:الماروارية	ar-MA:الماروارية	ar-MR:الماروارية	ar-OM:الماروارية	ar-PS:الماروارية	ar-QA:الماروارية
mwv	ast:mentawai	cs:mentavajština	de:Mentawai	de-AT:Mentawai	de-BE:Mentawai	de-CH:Mentawai	de-IT:Mentawai	de-LI:Mentawai	de-LU:Mentawai	en:Mentawai	en-001:Mentawai	en-150:Mentawai	en-AE:Mentawai	en-AG:Mentawai	en-AI:Mentawai	en-AS:Mentawai	en-AT:Mentawai	en-AU:Mentawai	en-BB:Mentawai	en-BE:Mentawai
mww	ba:хмонг дав	cv:хмонг-доу чӗлхи	eo:blank-hmonga	ia:hmong daw	ku:hmongîya dawî	ku-Latn:hmongîya dawî	ku-Latn-IQ:hmongîya dawî	ku-Latn-SY:hmongîya dawî	ku-TR:hmongîya dawî	sc:hmong daw	shn:မင်းတေႃႇ	shn-TH:မင်းတေႃႇ
my	af:Birmaans	af-NA:Birmaans	agq:Bùumɛsɛ̀	ak:Bɛɛmis kasa	am:ቡርማኛ	ar:البورمية	ar-AE:البورمية	ar-BH:البورمية	ar-DJ:البورمية	ar-DZ:البورمية	ar-EG:البورمية	ar-EH:البورمية	ar-ER:البورمية	ar-IL:البورمية	ar-IQ:البورمية	ar-JO:البورمية	ar-KM:البورمية	ar-KW:البورمية	ar-LB:البورمية	ar-LY:البورمية
mye	ast:myene	bs:mjene	bs-Latn:mjene	ca:myene	ca-AD:myene	ca-ES-valencia:myene	ca-FR:myene	ca-IT:myene	cs:myene	da:myene	da-GL:myene	de:Myene	de-AT:Myene	de-BE:Myene	de-CH:Myene	de-IT:Myene	de-LI:Myene	de-LU:Myene	el:Μιένε	el-CY:Μιένε
myv	af:Erzya	af-NA:Erzya	am:ኤርዝያ	ar:الأرزية	ar-AE:الأرزية	ar-BH:الأرزية	ar-DJ:الأرزية	ar-DZ:الأرزية	ar-EG:الأرزية	ar-EH:الأرزية	ar-ER:الأرزية	ar-IL:الأرزية	ar-IQ:الأرزية	ar-JO:الأرزية	ar-KM:الأرزية	ar-KW:الأرزية	ar-LB:الأرزية	ar-LY:الأرزية	ar-MA:الأرزية	ar-MR:الأرزية
mzn	af:Masanderani	af-NA:Masanderani	am:ማዛንደራኒ	ar:المازندرانية	ar-AE:المازندرانية	ar-BH:المازندرانية	ar-DJ:المازندرانية	ar-DZ:المازندرانية	ar-EG:المازندرانية	ar-EH:المازندرانية	ar-ER:المازندرانية	ar-IL:المازندرانية	ar-IQ:المازندرانية	ar-JO:المازندرانية	ar-KM:المازندرانية	ar-KW:المازندرانية	ar-LB:المازندرانية	ar-LY:المازندرانية	ar-MA:المازندرانية	ar-MR:المازندرانية
na	af:Nauru	af-NA:Nauru	am:ናኡሩ	ar:النورو	ar-AE:النورو	ar-BH:النورو	ar-DJ:النورو	ar-DZ:النورو	ar-EG:النورو	ar-EH:النورو	ar-ER:النورو	ar-IL:النورو	ar-IQ:النورو	ar-JO:النورو	ar-KM:النورو	ar-KW:النورو	ar-LB:النورو	ar-LY:النورو	ar-MA:النورو	ar-MR:النورو
nan	af:Min Nan-Sjinees	af-NA:Min Nan-Sjinees	am:ሚን ኛን ቻይንኛ	ar:مين-نان الصينية	ar-AE:مين-نان الصينية	ar-BH:مين-نان الصينية	ar-DJ:مين-نان الصينية	ar-DZ:مين-نان الصينية	ar-EG:مين-نان الصينية	ar-EH:مين-نان الصينية	ar-ER:مين-نان الصينية	ar-IL:مين-نان الصينية	ar-IQ:مين-نان الصينية	ar-JO:مين-نان الصينية	ar-KM:مين-نان الصينية	ar-KW:مين-نان الصينية	ar-LB:مين-نان الصينية	ar-LY:مين-نان الصينية	ar-MA:مين-نان الصينية	ar-MR:مين-نان الصينية
nap	af:Neapolitaans	af-NA:Neapolitaans	am:ኒአፖሊታን	ar:النابولية	ar-AE:النابولية	ar-BH:النابولية	ar-DJ:النابولية	ar-DZ:النابولية	ar-EG:النابولية	ar-EH:النابولية	ar-ER:النابولية	ar-IL:النابولية	ar-IQ:النابولية	ar-JO:النابولية	ar-KM:النابولية	ar-KW:النابولية	ar-LB:النابولية	ar-LY:النابولية	ar-MA:النابولية	ar-MR:النابولية
naq	af:Nama	af-NA:Nama	am:ናማ	ar:لغة الناما	ar-AE:لغة الناما	ar-BH:لغة الناما	ar-DJ:لغة الناما	ar-DZ:لغة الناما	ar-EG:لغة الناما	ar-EH:لغة الناما	ar-ER:لغة الناما	ar-IL:لغة الناما	ar-IQ:لغة الناما	ar-JO:لغة الناما	ar-KM:لغة الناما	ar-KW:لغة الناما	ar-LB:لغة الناما	ar-LY:لغة الناما	ar-MA:لغة الناما	ar-MR:لغة الناما
nb	af:Boeknoors	af-NA:Boeknoors	am:የኖርዌይ ቦክማል	ar:النرويجية بوكمال	ar-AE:النرويجية بوكمال	ar-BH:النرويجية بوكمال	ar-DJ:النرويجية بوكمال	ar-DZ:النرويجية بوكمال	ar-EG:النرويجية بوكمال	ar-EH:النرويجية بوكمال	ar-ER:النرويجية بوكمال	ar-IL:النرويجية بوكمال	ar-IQ:النرويجية بوكمال	ar-JO:النرويجية بوكمال	ar-KM:النرويجية بوكمال	ar-KW:النرويجية بوكمال	ar-LB:النرويجية بوكمال	ar-LY:النرويجية بوكمال	ar-MA:النرويجية بوكمال	ar-MR:النرويجية بوكمال
nd	af:Noord-Ndebele	af-NA:Noord-Ndebele	am:ሰሜን ንዴብሌ	ar:النديبيل الشمالية	ar-AE:النديبيل الشمالية	ar-BH:النديبيل الشمالية	ar-DJ:النديبيل الشمالية	ar-DZ:النديبيل الشمالية	ar-EG:النديبيل الشمالية	ar-EH:النديبيل الشمالية	ar-ER:النديبيل الشمالية	ar-IL:النديبيل الشمالية	ar-IQ:النديبيل الشمالية	ar-JO:النديبيل الشمالية	ar-KM:النديبيل الشمالية	ar-KW:النديبيل الشمالية	ar-LB:النديبيل الشمالية	ar-LY:النديبيل الشمالية	ar-MA:النديبيل الشمالية	ar-MR:النديبيل الشمالية
nds	af:Nederduits	af-NA:Nederduits	ak:Gyaaman kasa a ɛwɔ fam	am:የታችኛው ጀርመንኛ	ar:الألمانية السفلى	ar-AE:الألمانية السفلى	ar-BH:الألمانية السفلى	ar-DJ:الألمانية السفلى	ar-DZ:الألمانية السفلى	ar-EG:الألمانية السفلى	ar-EH:الألمانية السفلى	ar-ER:الألمانية السفلى	ar-IL:الألمانية السفلى	ar-IQ:الألمانية السفلى	ar-JO:الألمانية السفلى	ar-KM:الألمانية السفلى	ar-KW:الألمانية السفلى	ar-LB:الألمانية السفلى	ar-LY:الألمانية السفلى	ar-MA:الألمانية السفلى
nds-NL	af:Nedersaksies	af-NA:Nedersaksies	am:የታችኛው ሳክሰን	ar:السكسونية السفلى	ar-AE:السكسونية السفلى	ar-BH:السكسونية السفلى	ar-DJ:السكسونية السفلى	ar-DZ:السكسونية السفلى	ar-EG:السكسونية السفلى	ar-EH:السكسونية السفلى	ar-ER:السكسونية السفلى	ar-IL:السكسونية السفلى	ar-IQ:السكسونية السفلى	ar-JO:السكسونية السفلى	ar-KM:السكسونية السفلى	ar-KW:السكسونية السفلى	ar-LB:السكسونية السفلى	ar-LY:السكسونية السفلى	ar-MA:السكسونية السفلى	ar-MR:السكسونية السفلى
ne	af:Nepalees	af-NA:Nepalees	agq:Nɛ̀kpalì	ak:Nɛpal kasa	am:ኔፓሊኛ	ar:النيبالية	ar-AE:النيبالية	ar-BH:النيبالية	ar-DJ:النيبالية	ar-DZ:النيبالية	ar-EG:النيبالية	ar-EH:النيبالية	ar-ER:النيبالية	ar-IL:النيبالية	ar-IQ:النيبالية	ar-JO:النيبالية	ar-KM:النيبالية	ar-KW:النيبالية	ar-LB:النيبالية	ar-LY:النيبالية
new	af:Newari	af-NA:Newari	am:ኒዋሪ(ኔፓል)	ar:النوارية	ar-AE:النوارية	ar-BH:النوارية	ar-DJ:النوارية	ar-DZ:النوارية	ar-EG:النوارية	ar-EH:النوارية	ar-ER:النوارية	ar-IL:النوارية	ar-IQ:النوارية	ar-JO:النوارية	ar-KM:النوارية	ar-KW:النوارية	ar-LB:النوارية	ar-LY:النوارية	ar-MA:النوارية	ar-MR:النوارية
ng	af:Ndonga	af-NA:Ndonga	am:ንዶንጋ	ar:الندونجا	ar-AE:الندونجا	ar-BH:الندونجا	ar-DJ:الندونجا	ar-DZ:الندونجا	ar-EG:الندونجا	ar-EH:الندونجا	ar-ER:الندونجا	ar-IL:الندونجا	ar-IQ:الندونجا	ar-JO:الندونجا	ar-KM:الندونجا	ar-KW:الندونجا	ar-LB:الندونجا	ar-LY:الندونجا	ar-MA:الندونجا	ar-MR:الندونجا
nia	af:Nias	af-NA:Nias	am:ኒአስ	ar:النياس	ar-AE:النياس	ar-BH:النياس	ar-DJ:النياس	ar-DZ:النياس	ar-EG:النياس	ar-EH:النياس	ar-ER:النياس	ar-IL:النياس	ar-IQ:النياس	ar-JO:النياس	ar-KM:النياس	ar-KW:النياس	ar-LB:النياس	ar-LY:النياس	ar-MA:النياس	ar-MR:النياس
niu	af:Niueaans	af-NA:Niueaans	am:ኒዩአንኛ	ar:النيوي	ar-AE:النيوي	ar-BH:النيوي	ar-DJ:النيوي	ar-DZ:النيوي	ar-EG:النيوي	ar-EH:النيوي	ar-ER:النيوي	ar-IL:النيوي	ar-IQ:النيوي	ar-JO:النيوي	ar-KM:النيوي	ar-KW:النيوي	ar-LB:النيوي	ar-LY:النيوي	ar-MA:النيوي	ar-MR:النيوي
njo	am:ኦ ናጋ	ast:ao naga	br:aoeg	cs:ao (jazyky Nágálandu)	cy:Ao Naga	de:Ao-Naga	de-AT:Ao-Naga	de-BE:Ao-Naga	de-CH:Ao-Naga	de-IT:Ao-Naga	de-LI:Ao-Naga	de-LU:Ao-Naga	en:Ao Naga	en-001:Ao Naga	en-150:Ao Naga	en-AE:Ao Naga	en-AG:Ao Naga	en-AI:Ao Naga	en-AS:Ao Naga	en-AT:Ao Naga
nl	af:Nederlands	af-NA:Nederlands	agq:Dɔ̂s	ak:Dɛɛkye	am:ደች	ar:الهولندية	ar-AE:الهولندية	ar-BH:الهولندية	ar-DJ:الهولندية	ar-DZ:الهولندية	ar-EG:الهولندية	ar-EH:الهولندية	ar-ER:الهولندية	ar-IL:الهولندية	ar-IQ:الهولندية	ar-JO:الهولندية	ar-KM:الهولندية	ar-KW:الهولندية	ar-LB:الهولندية	ar-LY:الهولندية
nl-BE	af:Vlaams	af-NA:Vlaams	ak:Dɛɛkye (Bɛɛgyiɔm	am:ፍሌሚሽ	as:ফ্লেমিচ	ast:flamencu	az:flamand	az-Cyrl:фламанд	az-Latn:flamand	ba:фламанд	bal-Latn:Dacch (Béljiam)	be:фламандская	be-tarask:фламандская	bg:фламандски	bgn:فلامانی	bgn-AE:فلامانی	bgn-AF:فلامانی	bgn-IR:فلامانی	bgn-OM:فلامانی	bn:ফ্লেমিশ
nmg	af:Kwasio	af-NA:Kwasio	am:ክዋሲዮ	ar:كواسيو	ar-AE:كواسيو	ar-BH:كواسيو	ar-DJ:كواسيو	ar-DZ:كواسيو	ar-EG:كواسيو	ar-EH:كواسيو	ar-ER:كواسيو	ar-IL:كواسيو	ar-IQ:كواسيو	ar-JO:كواسيو	ar-KM:كواسيو	ar-KW:كواسيو	ar-LB:كواسيو	ar-LY:كواسيو	ar-MA:كواسيو	ar-MR:كواسيو
nn	af:Nuwe Noors	af-NA:Nuwe Noors	ak:Nɔwefoɔ Ninɔso	am:የኖርዌይ ናይኖርስክ	ar:النرويجية نينورسك	ar-AE:النرويجية نينورسك	ar-BH:النرويجية نينورسك	ar-DJ:النرويجية نينورسك	ar-DZ:النرويجية نينورسك	ar-EG:النرويجية نينورسك	ar-EH:النرويجية نينورسك	ar-ER:النرويجية نينورسك	ar-IL:النرويجية نينورسك	ar-IQ:النرويجية نينورسك	ar-JO:النرويجية نينورسك	ar-KM:النرويجية نينورسك	ar-KW:النرويجية نينورسك	ar-LB:النرويجية نينورسك	ar-LY:النرويجية نينورسك	ar-MA:النرويجية نينورسك
nnh	af:Ngiemboon	af-NA:Ngiemboon	am:ኒጊምቡን	ar:لغة النجيمبون	ar-AE:لغة النجيمبون	ar-BH:لغة النجيمبون	ar-DJ:لغة النجيمبون	ar-DZ:لغة النجيمبون	ar-EG:لغة النجيمبون	ar-EH:لغة النجيمبون	ar-ER:لغة النجيمبون	ar-IL:لغة النجيمبون	ar-IQ:لغة النجيمبون	ar-JO:لغة النجيمبون	ar-KM:لغة النجيمبون	ar-KW:لغة النجيمبون	ar-LB:لغة النجيمبون	ar-LY:لغة النجيمبون	ar-MA:لغة النجيمبون	ar-MR:لغة النجيمبون
no	af:Noors	af-NA:Noors	ak:Nɔwefoɔ kasa	am:ኖርዌይኛ	ar:النرويجية	ar-AE:النرويجية	ar-BH:النرويجية	ar-DJ:النرويجية	ar-DZ:النرويجية	ar-EG:النرويجية	ar-EH:النرويجية	ar-ER:النرويجية	ar-IL:النرويجية	ar-IQ:النرويجية	ar-JO:النرويجية	ar-KM:النرويجية	ar-KW:النرويجية	ar-LB:النرويجية	ar-LY:النرويجية	ar-MA:النرويجية
nog	af:Nogai	af-NA:Nogai	am:ኖጋይ	ar:النوجاي	ar-AE:النوجاي	ar-BH:النوجاي	ar-DJ:النوجاي	ar-DZ:النوجاي	ar-EG:النوجاي	ar-EH:النوجاي	ar-ER:النوجاي	ar-IL:النوجاي	ar-IQ:النوجاي	ar-JO:النوجاي	ar-KM:النوجاي	ar-KW:النوجاي	ar-LB:النوجاي	ar-LY:النوجاي	ar-MA:النوجاي	ar-MR:النوجاي
non	ar:النورس القديم	ar-AE:النورس القديم	ar-BH:النورس القديم	ar-DJ:النورس القديم	ar-DZ:النورس القديم	ar-EG:النورس القديم	ar-EH:النورس القديم	ar-ER:النورس القديم	ar-IL:النورس القديم	ar-IQ:النورس القديم	ar-JO:النورس القديم	ar-KM:النورس القديم	ar-KW:النورس القديم	ar-LB:النورس القديم	ar-LY:النورس القديم	ar-MA:النورس القديم	ar-MR:النورس القديم	ar-OM:النورس القديم	ar-PS:النورس القديم	ar-QA:النورس القديم
nov	ast:novial	br:novial	ca:novial	ca-AD:novial	ca-ES-valencia:novial	ca-FR:novial	ca-IT:novial	cs:novial	de:Novial	de-AT:Novial	de-BE:Novial	de-CH:Novial	de-IT:Novial	de-LI:Novial	de-LU:Novial	en:Novial	en-001:Novial	en-150:Novial	en-AE:Novial	en-AG:Novial
nqo	af:N’Ko	af-NA:N’Ko	ak:Nko	am:ንኮ	ar:أنكو	ar-AE:أنكو	ar-BH:أنكو	ar-DJ:أنكو	ar-DZ:أنكو	ar-EG:أنكو	ar-EH:أنكو	ar-ER:أنكو	ar-IL:أنكو	ar-IQ:أنكو	ar-JO:أنكو	ar-KM:أنكو	ar-KW:أنكو	ar-LB:أنكو	ar-LY:أنكو	ar-MA:أنكو
nr	af:Suid-Ndebele	af-NA:Suid-Ndebele	am:ደቡብ ንደቤሌ	ar:النديبيل الجنوبي	ar-AE:النديبيل الجنوبي	ar-BH:النديبيل الجنوبي	ar-DJ:النديبيل الجنوبي	ar-DZ:النديبيل الجنوبي	ar-EG:النديبيل الجنوبي	ar-EH:النديبيل الجنوبي	ar-ER:النديبيل الجنوبي	ar-IL:النديبيل الجنوبي	ar-IQ:النديبيل الجنوبي	ar-JO:النديبيل الجنوبي	ar-KM:النديبيل الجنوبي	ar-KW:النديبيل الجنوبي	ar-LB:النديبيل الجنوبي	ar-LY:النديبيل الجنوبي	ar-MA:النديبيل الجنوبي	ar-MR:النديبيل الجنوبي
nso	af:Noord-Sotho	af-NA:Noord-Sotho	am:ሰሜናዊ ሶቶ	ar:السوتو الشمالية	ar-AE:السوتو الشمالية	ar-BH:السوتو الشمالية	ar-DJ:السوتو الشمالية	ar-DZ:السوتو الشمالية	ar-EG:السوتو الشمالية	ar-EH:السوتو الشمالية	ar-ER:السوتو الشمالية	ar-IL:السوتو الشمالية	ar-IQ:السوتو الشمالية	ar-JO:السوتو الشمالية	ar-KM:السوتو الشمالية	ar-KW:السوتو الشمالية	ar-LB:السوتو الشمالية	ar-LY:السوتو الشمالية	ar-MA:السوتو الشمالية	ar-MR:السوتو الشمالية
nus	af:Nuer	af-NA:Nuer	am:ኑዌር	ar:النوير	ar-AE:النوير	ar-BH:النوير	ar-DJ:النوير	ar-DZ:النوير	ar-EG:النوير	ar-EH:النوير	ar-ER:النوير	ar-IL:النوير	ar-IQ:النوير	ar-JO:النوير	ar-KM:النوير	ar-KW:النوير	ar-LB:النوير	ar-LY:النوير	ar-MA:النوير	ar-MR:النوير
nv	af:Navajo	af-NA:Navajo	am:ናቫጆ	ar:النافاجو	ar-AE:النافاجو	ar-BH:النافاجو	ar-DJ:النافاجو	ar-DZ:النافاجو	ar-EG:النافاجو	ar-EH:النافاجو	ar-ER:النافاجو	ar-IL:النافاجو	ar-IQ:النافاجو	ar-JO:النافاجو	ar-KM:النافاجو	ar-KW:النافاجو	ar-LB:النافاجو	ar-LY:النافاجو	ar-MA:النافاجو	ar-MR:النافاجو
nwc	am:ክላሲክ ኔዋሪ	ar:النوارية التقليدية	ar-AE:النوارية التقليدية	ar-BH:النوارية التقليدية	ar-DJ:النوارية التقليدية	ar-DZ:النوارية التقليدية	ar-EG:النوارية التقليدية	ar-EH:النوارية التقليدية	ar-ER:النوارية التقليدية	ar-IL:النوارية التقليدية	ar-IQ:النوارية التقليدية	ar-JO:النوارية التقليدية	ar-KM:النوارية التقليدية	ar-KW:النوارية التقليدية	ar-LB:النوارية التقليدية	ar-LY:النوارية التقليدية	ar-MA:النوارية التقليدية	ar-MR:النوارية التقليدية	ar-OM:النوارية التقليدية	ar-PS:النوارية التقليدية
ny	af:Nyanja	af-NA:Nyanja	am:ንያንጃ	ar:النيانجا	ar-AE:النيانجا	ar-BH:النيانجا	ar-DJ:النيانجا	ar-DZ:النيانجا	ar-EG:النيانجا	ar-EH:النيانجا	ar-ER:النيانجا	ar-IL:النيانجا	ar-IQ:النيانجا	ar-JO:النيانجا	ar-KM:النيانجا	ar-KW:النيانجا	ar-LB:النيانجا	ar-LY:النيانجا	ar-MA:النيانجا	ar-MR:النيانجا
nym	ar:النيامويزي	ar-AE:النيامويزي	ar-BH:النيامويزي	ar-DJ:النيامويزي	ar-DZ:النيامويزي	ar-EG:النيامويزي	ar-EH:النيامويزي	ar-ER:النيامويزي	ar-IL:النيامويزي	ar-IQ:النيامويزي	ar-JO:النيامويزي	ar-KM:النيامويزي	ar-KW:النيامويزي	ar-LB:النيامويزي	ar-LY:النيامويزي	ar-MA:النيامويزي	ar-MR:النيامويزي	ar-OM:النيامويزي	ar-PS:النيامويزي	ar-QA:النيامويزي
nyn	af:Nyankole	af-NA:Nyankole	am:ኒያንኮል	ar:النيانكول	ar-AE:النيانكول	ar-BH:النيانكول	ar-DJ:النيانكول	ar-DZ:النيانكول	ar-EG:النيانكول	ar-EH:النيانكول	ar-ER:النيانكول	ar-IL:النيانكول	ar-IQ:النيانكول	ar-JO:النيانكول	ar-KM:النيانكول	ar-KW:النيانكول	ar-LB:النيانكول	ar-LY:النيانكول	ar-MA:النيانكول	ar-MR:النيانكول
nyo	ar:النيورو	ar-AE:النيورو	ar-BH:النيورو	ar-DJ:النيورو	ar-DZ:النيورو	ar-EG:النيورو	ar-EH:النيورو	ar-ER:النيورو	ar-IL:النيورو	ar-IQ:النيورو	ar-JO:النيورو	ar-KM:النيورو	ar-KW:النيورو	ar-LB:النيورو	ar-LY:النيورو	ar-MA:النيورو	ar-MR:النيورو	ar-OM:النيورو	ar-PS:النيورو	ar-QA:النيورو
nzi	ar:النزيما	ar-AE:النزيما	ar-BH:النزيما	ar-DJ:النزيما	ar-DZ:النزيما	ar-EG:النزيما	ar-EH:النزيما	ar-ER:النزيما	ar-IL:النزيما	ar-IQ:النزيما	ar-JO:النزيما	ar-KM:النزيما	ar-KW:النزيما	ar-LB:النزيما	ar-LY:النزيما	ar-MA:النزيما	ar-MR:النزيما	ar-OM:النزيما	ar-PS:النزيما	ar-QA:النزيما
oc	af:Oksitaans	af-NA:Oksitaans	ak:Osita kasa	am:ኦሲታን	ar:الأوكسيتانية	ar-AE:الأوكسيتانية	ar-BH:الأوكسيتانية	ar-DJ:الأوكسيتانية	ar-DZ:الأوكسيتانية	ar-EG:الأوكسيتانية	ar-EH:الأوكسيتانية	ar-ER:الأوكسيتانية	ar-IL:الأوكسيتانية	ar-IQ:الأوكسيتانية	ar-JO:الأوكسيتانية	ar-KM:الأوكسيتانية	ar-KW:الأوكسيتانية	ar-LB:الأوكسيتانية	ar-LY:الأوكسيتانية	ar-MA:الأوكسيتانية
oj	ar:الأوجيبوا	ar-AE:الأوجيبوا	ar-BH:الأوجيبوا	ar-DJ:الأوجيبوا	ar-DZ:الأوجيبوا	ar-EG:الأوجيبوا	ar-EH:الأوجيبوا	ar-ER:الأوجيبوا	ar-IL:الأوجيبوا	ar-IQ:الأوجيبوا	ar-JO:الأوجيبوا	ar-KM:الأوجيبوا	ar-KW:الأوجيبوا	ar-LB:الأوجيبوا	ar-LY:الأوجيبوا	ar-MA:الأوجيبوا	ar-MR:الأوجيبوا	ar-OM:الأوجيبوا	ar-PS:الأوجيبوا	ar-QA:الأوجيبوا
ojb	af:Noordwes-Ojibwa	af-NA:Noordwes-Ojibwa	am:ሰሜን ምዕራባዊ ኦጂብዋ	ar:أوجيبوا الشمالية الغربية	ar-AE:أوجيبوا الشمالية الغربية	ar-BH:أوجيبوا الشمالية الغربية	ar-DJ:أوجيبوا الشمالية الغربية	ar-DZ:أوجيبوا الشمالية الغربية	ar-EG:أوجيبوا الشمالية الغربية	ar-EH:أوجيبوا الشمالية الغربية	ar-ER:أوجيبوا الشمالية الغربية	ar-IL:أوجيبوا الشمالية الغربية	ar-IQ:أوجيبوا الشمالية الغربية	ar-JO:أوجيبوا الشمالية الغربية	ar-KM:أوجيبوا الشمالية الغربية	ar-KW:أوجيبوا الشمالية الغربية	ar-LB:أوجيبوا الشمالية الغربية	ar-LY:أوجيبوا الشمالية الغربية	ar-MA:أوجيبوا الشمالية الغربية	ar-MR:أوجيبوا الشمالية الغربية
ojc	af:Sentraal-Ojibwa	af-NA:Sentraal-Ojibwa	am:ማዕከላዊ ኦጂብዋ	ar:أوجيبوا الوسطى	ar-AE:أوجيبوا الوسطى	ar-BH:أوجيبوا الوسطى	ar-DJ:أوجيبوا الوسطى	ar-DZ:أوجيبوا الوسطى	ar-EG:أوجيبوا الوسطى	ar-EH:أوجيبوا الوسطى	ar-ER:أوجيبوا الوسطى	ar-IL:أوجيبوا الوسطى	ar-IQ:أوجيبوا الوسطى	ar-JO:أوجيبوا الوسطى	ar-KM:أوجيبوا الوسطى	ar-KW:أوجيبوا الوسطى	ar-LB:أوجيبوا الوسطى	ar-LY:أوجيبوا الوسطى	ar-MA:أوجيبوا الوسطى	ar-MR:أوجيبوا الوسطى
ojs	af:Oji-Cree	af-NA:Oji-Cree	am:ኦጂ-ክሪ	ar:الأوجي-كري	ar-AE:الأوجي-كري	ar-BH:الأوجي-كري	ar-DJ:الأوجي-كري	ar-DZ:الأوجي-كري	ar-EG:الأوجي-كري	ar-EH:الأوجي-كري	ar-ER:الأوجي-كري	ar-IL:الأوجي-كري	ar-IQ:الأوجي-كري	ar-JO:الأوجي-كري	ar-KM:الأوجي-كري	ar-KW:الأوجي-كري	ar-LB:الأوجي-كري	ar-LY:الأوجي-كري	ar-MA:الأوجي-كري	ar-MR:الأوجي-كري
ojw	af:Wes-Ojibwa	af-NA:Wes-Ojibwa	am:ምዕራባዊ ኦጂቡዋ	ar:الأوجيبوا الغربية	ar-AE:الأوجيبوا الغربية	ar-BH:الأوجيبوا الغربية	ar-DJ:الأوجيبوا الغربية	ar-DZ:الأوجيبوا الغربية	ar-EG:الأوجيبوا الغربية	ar-EH:الأوجيبوا الغربية	ar-ER:الأوجيبوا الغربية	ar-IL:الأوجيبوا الغربية	ar-IQ:الأوجيبوا الغربية	ar-JO:الأوجيبوا الغربية	ar-KM:الأوجيبوا الغربية	ar-KW:الأوجيبوا الغربية	ar-LB:الأوجيبوا الغربية	ar-LY:الأوجيبوا الغربية	ar-MA:الأوجيبوا الغربية	ar-MR:الأوجيبوا الغربية
oka	af:Okanagan	af-NA:Okanagan	am:ኦካናጋን	ar:الأوكاناغانية	ar-AE:الأوكاناغانية	ar-BH:الأوكاناغانية	ar-DJ:الأوكاناغانية	ar-DZ:الأوكاناغانية	ar-EG:الأوكاناغانية	ar-EH:الأوكاناغانية	ar-ER:الأوكاناغانية	ar-IL:الأوكاناغانية	ar-IQ:الأوكاناغانية	ar-JO:الأوكاناغانية	ar-KM:الأوكاناغانية	ar-KW:الأوكاناغانية	ar-LB:الأوكاناغانية	ar-LY:الأوكاناغانية	ar-MA:الأوكاناغانية	ar-MR:الأوكاناغانية
om	af:Oromo	af-NA:Oromo	am:ኦሮሚኛ	ar:الأورومية	ar-AE:الأورومية	ar-BH:الأورومية	ar-DJ:الأورومية	ar-DZ:الأورومية	ar-EG:الأورومية	ar-EH:الأورومية	ar-ER:الأورومية	ar-IL:الأورومية	ar-IQ:الأورومية	ar-JO:الأورومية	ar-KM:الأورومية	ar-KW:الأورومية	ar-LB:الأورومية	ar-LY:الأورومية	ar-MA:الأورومية	ar-MR:الأورومية
or	af:Odia	af-NA:Odia	ak:Odia	am:ኦዲያ	ar:الأورية	ar-AE:الأورية	ar-BH:الأورية	ar-DJ:الأورية	ar-DZ:الأورية	ar-EG:الأورية	ar-EH:الأورية	ar-ER:الأورية	ar-IL:الأورية	ar-IQ:الأورية	ar-JO:الأورية	ar-KM:الأورية	ar-KW:الأورية	ar-LB:الأورية	ar-LY:الأورية	ar-MA:الأورية
os	af:Osseties	af-NA:Osseties	am:ኦሴቲክ	ar:الأوسيتيك	ar-AE:الأوسيتيك	ar-BH:الأوسيتيك	ar-DJ:الأوسيتيك	ar-DZ:الأوسيتيك	ar-EG:الأوسيتيك	ar-EH:الأوسيتيك	ar-ER:الأوسيتيك	ar-IL:الأوسيتيك	ar-IQ:الأوسيتيك	ar-JO:الأوسيتيك	ar-KM:الأوسيتيك	ar-KW:الأوسيتيك	ar-LB:الأوسيتيك	ar-LY:الأوسيتيك	ar-MA:الأوسيتيك	ar-MR:الأوسيتيك
osa	ar:الأوساج	ar-AE:الأوساج	ar-BH:الأوساج	ar-DJ:الأوساج	ar-DZ:الأوساج	ar-EG:الأوساج	ar-EH:الأوساج	ar-ER:الأوساج	ar-IL:الأوساج	ar-IQ:الأوساج	ar-JO:الأوساج	ar-KM:الأوساج	ar-KW:الأوساج	ar-LB:الأوساج	ar-LY:الأوساج	ar-MA:الأوساج	ar-MR:الأوساج	ar-OM:الأوساج	ar-PS:الأوساج	ar-QA:الأوساج
ota	ar:التركية العثمانية	ar-AE:التركية العثمانية	ar-BH:التركية العثمانية	ar-DJ:التركية العثمانية	ar-DZ:التركية العثمانية	ar-EG:التركية العثمانية	ar-EH:التركية العثمانية	ar-ER:التركية العثمانية	ar-IL:التركية العثمانية	ar-IQ:التركية العثمانية	ar-JO:التركية العثمانية	ar-KM:التركية العثمانية	ar-KW:التركية العثمانية	ar-LB:التركية العثمانية	ar-LY:التركية العثمانية	ar-MA:التركية العثمانية	ar-MR:التركية العثمانية	ar-OM:التركية العثمانية	ar-PS:التركية العثمانية	ar-QA:التركية العثمانية
pa	af:Pandjabi	af-NA:Pandjabi	agq:Kpuwndzabì	ak:Pungyabi kasa	am:ፑንጃብኛ	ar:البنجابية	ar-AE:البنجابية	ar-BH:البنجابية	ar-DJ:البنجابية	ar-DZ:البنجابية	ar-EG:البنجابية	ar-EH:البنجابية	ar-ER:البنجابية	ar-IL:البنجابية	ar-IQ:البنجابية	ar-JO:البنجابية	ar-KM:البنجابية	ar-KW:البنجابية	ar-LB:البنجابية	ar-LY:البنجابية
pag	af:Pangasinan	af-NA:Pangasinan	am:ፓንጋሲናን	ar:البانجاسينان	ar-AE:البانجاسينان	ar-BH:البانجاسينان	ar-DJ:البانجاسينان	ar-DZ:البانجاسينان	ar-EG:البانجاسينان	ar-EH:البانجاسينان	ar-ER:البانجاسينان	ar-IL:البانجاسينان	ar-IQ:البانجاسينان	ar-JO:البانجاسينان	ar-KM:البانجاسينان	ar-KW:البانجاسينان	ar-LB:البانجاسينان	ar-LY:البانجاسينان	ar-MA:البانجاسينان	ar-MR:البانجاسينان
pal	ar:البهلوية	ar-AE:البهلوية	ar-BH:البهلوية	ar-DJ:البهلوية	ar-DZ:البهلوية	ar-EG:البهلوية	ar-EH:البهلوية	ar-ER:البهلوية	ar-IL:البهلوية	ar-IQ:البهلوية	ar-JO:البهلوية	ar-KM:البهلوية	ar-KW:البهلوية	ar-LB:البهلوية	ar-LY:البهلوية	ar-MA:البهلوية	ar-MR:البهلوية	ar-OM:البهلوية	ar-PS:البهلوية	ar-QA:البهلوية
pam	af:Pampanga	af-NA:Pampanga	am:ፓምፓንጋ	ar:البامبانجا	ar-AE:البامبانجا	ar-BH:البامبانجا	ar-DJ:البامبانجا	ar-DZ:البامبانجا	ar-EG:البامبانجا	ar-EH:البامبانجا	ar-ER:البامبانجا	ar-IL:البامبانجا	ar-IQ:البامبانجا	ar-JO:البامبانجا	ar-KM:البامبانجا	ar-KW:البامبانجا	ar-LB:البامبانجا	ar-LY:البامبانجا	ar-MA:البامبانجا	ar-MR:البامبانجا
pap	af:Papiamento	af-NA:Papiamento	am:ፓፒያሜንቶ	ar:البابيامينتو	ar-AE:البابيامينتو	ar-BH:البابيامينتو	ar-DJ:البابيامينتو	ar-DZ:البابيامينتو	ar-EG:البابيامينتو	ar-EH:البابيامينتو	ar-ER:البابيامينتو	ar-IL:البابيامينتو	ar-IQ:البابيامينتو	ar-JO:البابيامينتو	ar-KM:البابيامينتو	ar-KW:البابيامينتو	ar-LB:البابيامينتو	ar-LY:البابيامينتو	ar-MA:البابيامينتو	ar-MR:البابيامينتو
pau	af:Palauaans	af-NA:Palauaans	am:ፓሉዋን	ar:البالوان	ar-AE:البالوان	ar-BH:البالوان	ar-DJ:البالوان	ar-DZ:البالوان	ar-EG:البالوان	ar-EH:البالوان	ar-ER:البالوان	ar-IL:البالوان	ar-IQ:البالوان	ar-JO:البالوان	ar-KM:البالوان	ar-KW:البالوان	ar-LB:البالوان	ar-LY:البالوان	ar-MA:البالوان	ar-MR:البالوان
pcd	ast:pícaru	br:pikardeg	ca:picard	ca-AD:picard	ca-ES-valencia:picard	ca-FR:picard	ca-IT:picard	cs:picardština	cy:Picardeg	de:Picardisch	de-AT:Picardisch	de-BE:Picardisch	de-CH:Picardisch	de-IT:Picardisch	de-LI:Picardisch	de-LU:Picardisch	en:Picard	en-001:Picard	en-150:Picard	en-AE:Picard
pcm	af:Nigeriese Pidgin	af-NA:Nigeriese Pidgin	ak:Nigeriafoɔ Pigyin	am:የናይጄሪያ ፒጂን	ar:البدجنية النيجيرية	ar-AE:البدجنية النيجيرية	ar-BH:البدجنية النيجيرية	ar-DJ:البدجنية النيجيرية	ar-DZ:البدجنية النيجيرية	ar-EG:البدجنية النيجيرية	ar-EH:البدجنية النيجيرية	ar-ER:البدجنية النيجيرية	ar-IL:البدجنية النيجيرية	ar-IQ:البدجنية النيجيرية	ar-JO:البدجنية النيجيرية	ar-KM:البدجنية النيجيرية	ar-KW:البدجنية النيجيرية	ar-LB:البدجنية النيجيرية	ar-LY:البدجنية النيجيرية	ar-MA:البدجنية النيجيرية
pdc	ast:alemán de Pennsylvania	br:alamaneg Pennsylvania	ca:alemany pennsilvanià	ca-AD:alemany pennsilvanià	ca-ES-valencia:alemany pennsilvanià	ca-FR:alemany pennsilvanià	ca-IT:alemany pennsilvanià	cs:němčina (pensylvánská)	cy:Almaeneg Pensylfania	de:Pennsylvaniadeutsch	de-AT:Pennsylvaniadeutsch	de-BE:Pennsylvaniadeutsch	de-CH:Pennsylvaniadeutsch	de-IT:Pennsylvaniadeutsch	de-LI:Pennsylvaniadeutsch	de-LU:Pennsylvaniadeutsch	en:Pennsylvania German	en-001:Pennsylvania German	en-150:Pennsylvania German	en-AE:Pennsylvania German
pdt	ast:plautdietsch	cs:němčina (plautdietsch)	de:Plautdietsch	de-AT:Plautdietsch	de-BE:Plautdietsch	de-CH:Plautdietsch	de-IT:Plautdietsch	de-LI:Plautdietsch	de-LU:Plautdietsch	en:Plautdietsch	en-001:Plautdietsch	en-150:Plautdietsch	en-AE:Plautdietsch	en-AG:Plautdietsch	en-AI:Plautdietsch	en-AS:Plautdietsch	en-AT:Plautdietsch	en-AU:Plautdietsch	en-BB:Plautdietsch	en-BE:Plautdietsch
peo	ar:الفارسية القديمة	ar-AE:الفارسية القديمة	ar-BH:الفارسية القديمة	ar-DJ:الفارسية القديمة	ar-DZ:الفارسية القديمة	ar-EG:الفارسية القديمة	ar-EH:الفارسية القديمة	ar-ER:الفارسية القديمة	ar-IL:الفارسية القديمة	ar-IQ:الفارسية القديمة	ar-JO:الفارسية القديمة	ar-KM:الفارسية القديمة	ar-KW:الفارسية القديمة	ar-LB:الفارسية القديمة	ar-LY:الفارسية القديمة	ar-MA:الفارسية القديمة	ar-MR:الفارسية القديمة	ar-OM:الفارسية القديمة	ar-PS:الفارسية القديمة	ar-QA:الفارسية القديمة
pfl	ast:alemán palatinu	ca:alemany palatí	ca-AD:alemany palatí	ca-ES-valencia:alemany palatí	ca-FR:alemany palatí	ca-IT:alemany palatí	cs:falčtina	cy:Almaeneg Palatin	de:Pfälzisch	de-AT:Pfälzisch	de-BE:Pfälzisch	de-CH:Pfälzisch	de-IT:Pfälzisch	de-LI:Pfälzisch	de-LU:Pfälzisch	en:Palatine German	en-001:Palatine German	en-150:Palatine German	en-AE:Palatine German	en-AG:Palatine German
phn	af:Fenisies	af-NA:Fenisies	ar:الفينيقية	ar-AE:الفينيقية	ar-BH:الفينيقية	ar-DJ:الفينيقية	ar-DZ:الفينيقية	ar-EG:الفينيقية	ar-EH:الفينيقية	ar-ER:الفينيقية	ar-IL:الفينيقية	ar-IQ:الفينيقية	ar-JO:الفينيقية	ar-KM:الفينيقية	ar-KW:الفينيقية	ar-LB:الفينيقية	ar-LY:الفينيقية	ar-MA:الفينيقية	ar-MR:الفينيقية	ar-OM:الفينيقية
pi	ar:البالية	ar-AE:البالية	ar-BH:البالية	ar-DJ:البالية	ar-DZ:البالية	ar-EG:البالية	ar-EH:البالية	ar-ER:البالية	ar-IL:البالية	ar-IQ:البالية	ar-JO:البالية	ar-KM:البالية	ar-KW:البالية	ar-LB:البالية	ar-LY:البالية	ar-MA:البالية	ar-MR:البالية	ar-OM:البالية	ar-PS:البالية	ar-QA:البالية
pis	af:Pijin	af-NA:Pijin	am:ፒጂን	ar:بيجين	ar-AE:بيجين	ar-BH:بيجين	ar-DJ:بيجين	ar-DZ:بيجين	ar-EG:بيجين	ar-EH:بيجين	ar-ER:بيجين	ar-IL:بيجين	ar-IQ:بيجين	ar-JO:بيجين	ar-KM:بيجين	ar-KW:بيجين	ar-LB:بيجين	ar-LY:بيجين	ar-MA:بيجين	ar-MR:بيجين
pl	af:Pools	af-NA:Pools	agq:Kpɔlìs	ak:Pɔland kasa	am:ፖሊሽ	ar:البولندية	ar-AE:البولندية	ar-BH:البولندية	ar-DJ:البولندية	ar-DZ:البولندية	ar-EG:البولندية	ar-EH:البولندية	ar-ER:البولندية	ar-IL:البولندية	ar-IQ:البولندية	ar-JO:البولندية	ar-KM:البولندية	ar-KW:البولندية	ar-LB:البولندية	ar-LY:البولندية
pms	ast:piamontés	ba:пьемонт	blo:Piyeɖmɔŋtɛsɩ kagɩja	br:piemonteg	ca:piemontès	ca-AD:piemontès	ca-ES-valencia:piemontès	ca-FR:piemontès	ca-IT:piemontès	cs:piemonština	cv:пьемонт чӗлхи	cy:Piedmonteg	de:Piemontesisch	de-AT:Piemontesisch	de-BE:Piemontesisch	de-CH:Piemontesisch	de-IT:Piemontesisch	de-LI:Piemontesisch	de-LU:Piemontesisch	en:Piedmontese
pnt	ast:pónticu	br:ponteg	ca:pòntic	ca-AD:pòntic	ca-ES-valencia:pòntic	ca-FR:pòntic	ca-IT:pòntic	cs:pontština	cy:Ponteg	de:Pontisch	de-AT:Pontisch	de-BE:Pontisch	de-CH:Pontisch	de-IT:Pontisch	de-LI:Pontisch	de-LU:Pontisch	en:Pontic	en-001:Pontic	en-150:Pontic	en-AE:Pontic
pon	ar:البوهنبيايان	ar-AE:البوهنبيايان	ar-BH:البوهنبيايان	ar-DJ:البوهنبيايان	ar-DZ:البوهنبيايان	ar-EG:البوهنبيايان	ar-EH:البوهنبيايان	ar-ER:البوهنبيايان	ar-IL:البوهنبيايان	ar-IQ:البوهنبيايان	ar-JO:البوهنبيايان	ar-KM:البوهنبيايان	ar-KW:البوهنبيايان	ar-LB:البوهنبيايان	ar-LY:البوهنبيايان	ar-MA:البوهنبيايان	ar-MR:البوهنبيايان	ar-OM:البوهنبيايان	ar-PS:البوهنبيايان	ar-QA:البوهنبيايان
pqm	af:Maliseet-Passamaquoddy	af-NA:Maliseet-Passamaquoddy	am:ማሊሴት-ፓሳማኩዎድይ	ar:الماليزيت-باساماكودي	ar-AE:الماليزيت-باساماكودي	ar-BH:الماليزيت-باساماكودي	ar-DJ:الماليزيت-باساماكودي	ar-DZ:الماليزيت-باساماكودي	ar-EG:الماليزيت-باساماكودي	ar-EH:الماليزيت-باساماكودي	ar-ER:الماليزيت-باساماكودي	ar-IL:الماليزيت-باساماكودي	ar-IQ:الماليزيت-باساماكودي	ar-JO:الماليزيت-باساماكودي	ar-KM:الماليزيت-باساماكودي	ar-KW:الماليزيت-باساماكودي	ar-LB:الماليزيت-باساماكودي	ar-LY:الماليزيت-باساماكودي	ar-MA:الماليزيت-باساماكودي	ar-MR:الماليزيت-باساماكودي
prg	af:Pruisies	af-NA:Pruisies	ak:Prusia kasa	am:ፐሩሳንኛ	ar:البروسياوية	ar-AE:البروسياوية	ar-BH:البروسياوية	ar-DJ:البروسياوية	ar-DZ:البروسياوية	ar-EG:البروسياوية	ar-EH:البروسياوية	ar-ER:البروسياوية	ar-IL:البروسياوية	ar-IQ:البروسياوية	ar-JO:البروسياوية	ar-KM:البروسياوية	ar-KW:البروسياوية	ar-LB:البروسياوية	ar-LY:البروسياوية	ar-MA:البروسياوية
pro	ar:البروفانسية القديمة	ar-AE:البروفانسية القديمة	ar-BH:البروفانسية القديمة	ar-DJ:البروفانسية القديمة	ar-DZ:البروفانسية القديمة	ar-EG:البروفانسية القديمة	ar-EH:البروفانسية القديمة	ar-ER:البروفانسية القديمة	ar-IL:البروفانسية القديمة	ar-IQ:البروفانسية القديمة	ar-JO:البروفانسية القديمة	ar-KM:البروفانسية القديمة	ar-KW:البروفانسية القديمة	ar-LB:البروفانسية القديمة	ar-LY:البروفانسية القديمة	ar-MA:البروفانسية القديمة	ar-MR:البروفانسية القديمة	ar-OM:البروفانسية القديمة	ar-PS:البروفانسية القديمة	ar-QA:البروفانسية القديمة
ps	af:Pasjtoe	af-NA:Pasjtoe	ak:Pahyito	am:ፓሽቶ	ar:البشتو	ar-AE:البشتو	ar-BH:البشتو	ar-DJ:البشتو	ar-DZ:البشتو	ar-EG:البشتو	ar-EH:البشتو	ar-ER:البشتو	ar-IL:البشتو	ar-IQ:البشتو	ar-JO:البشتو	ar-KM:البشتو	ar-KW:البشتو	ar-LB:البشتو	ar-LY:البشتو	ar-MA:البشتو
pt	af:Portugees	af-NA:Portugees	agq:Kpotùwgîi	ak:Pɔɔtugal kasa	am:ፖርቹጋልኛ	ar:البرتغالية	ar-AE:البرتغالية	ar-BH:البرتغالية	ar-DJ:البرتغالية	ar-DZ:البرتغالية	ar-EG:البرتغالية	ar-EH:البرتغالية	ar-ER:البرتغالية	ar-IL:البرتغالية	ar-IQ:البرتغالية	ar-JO:البرتغالية	ar-KM:البرتغالية	ar-KW:البرتغالية	ar-LB:البرتغالية	ar-LY:البرتغالية
pt-BR	am:የብራዚል ፖርቹጋልኛ	ar:البرتغالية البرازيلية	ar-AE:البرتغالية البرازيلية	ar-BH:البرتغالية البرازيلية	ar-DJ:البرتغالية البرازيلية	ar-DZ:البرتغالية البرازيلية	ar-EG:البرتغالية البرازيلية	ar-EH:البرتغالية البرازيلية	ar-ER:البرتغالية البرازيلية	ar-IL:البرتغالية البرازيلية	ar-IQ:البرتغالية البرازيلية	ar-JO:البرتغالية البرازيلية	ar-KM:البرتغالية البرازيلية	ar-KW:البرتغالية البرازيلية	ar-LB:البرتغالية البرازيلية	ar-LY:البرتغالية البرازيلية	ar-MA:البرتغالية البرازيلية	ar-MR:البرتغالية البرازيلية	ar-OM:البرتغالية البرازيلية	ar-PS:البرتغالية البرازيلية
pt-PT	am:የአውሮፓ ፖርቹጋልኛ	ar:البرتغالية الأوروبية	ar-AE:البرتغالية الأوروبية	ar-BH:البرتغالية الأوروبية	ar-DJ:البرتغالية الأوروبية	ar-DZ:البرتغالية الأوروبية	ar-EG:البرتغالية الأوروبية	ar-EH:البرتغالية الأوروبية	ar-ER:البرتغالية الأوروبية	ar-IL:البرتغالية الأوروبية	ar-IQ:البرتغالية الأوروبية	ar-JO:البرتغالية الأوروبية	ar-KM:البرتغالية الأوروبية	ar-KW:البرتغالية الأوروبية	ar-LB:البرتغالية الأوروبية	ar-LY:البرتغالية الأوروبية	ar-MA:البرتغالية الأوروبية	ar-MR:البرتغالية الأوروبية	ar-OM:البرتغالية الأوروبية	ar-PS:البرتغالية الأوروبية
qu	af:Quechua	af-NA:Quechua	ak:Kwɛkya	am:ኩዌቹዋ	ar:كيشوا	ar-AE:كيشوا	ar-BH:كيشوا	ar-DJ:كيشوا	ar-DZ:كيشوا	ar-EG:كيشوا	ar-EH:كيشوا	ar-ER:كيشوا	ar-IL:كيشوا	ar-IQ:كيشوا	ar-JO:كيشوا	ar-KM:كيشوا	ar-KW:كيشوا	ar-LB:كيشوا	ar-LY:كيشوا	ar-MA:كيشوا
quc	af:K’iche’	af-NA:K’iche’	am:ኪቼ	ar:الكيشية	ar-AE:الكيشية	ar-BH:الكيشية	ar-DJ:الكيشية	ar-DZ:الكيشية	ar-EG:الكيشية	ar-EH:الكيشية	ar-ER:الكيشية	ar-IL:الكيشية	ar-IQ:الكيشية	ar-JO:الكيشية	ar-KM:الكيشية	ar-KW:الكيشية	ar-LB:الكيشية	ar-LY:الكيشية	ar-MA:الكيشية	ar-MR:الكيشية
qug	am:ቺምቦራዞ ሃይላንድ ኩቹዋ	ast:quichua del altiplanu de Chimborazo	br:kichuaeg Chimborazo	cs:kečuánština (chimborazo)	de:Chimborazo Hochland-Quechua	de-AT:Chimborazo Hochland-Quechua	de-BE:Chimborazo Hochland-Quechua	de-CH:Chimborazo Hochland-Quechua	de-IT:Chimborazo Hochland-Quechua	de-LI:Chimborazo Hochland-Quechua	de-LU:Chimborazo Hochland-Quechua	en:Chimborazo Highland Quichua	en-001:Chimborazo Highland Quichua	en-150:Chimborazo Highland Quichua	en-AE:Chimborazo Highland Quichua	en-AG:Chimborazo Highland Quichua	en-AI:Chimborazo Highland Quichua	en-AS:Chimborazo Highland Quichua	en-AT:Chimborazo Highland Quichua	en-AU:Chimborazo Highland Quichua
raj	af:Rajasthani	af-NA:Rajasthani	ak:Ragyasitan kasa	am:ራጃስታኒ	ar:الراجاسثانية	ar-AE:الراجاسثانية	ar-BH:الراجاسثانية	ar-DJ:الراجاسثانية	ar-DZ:الراجاسثانية	ar-EG:الراجاسثانية	ar-EH:الراجاسثانية	ar-ER:الراجاسثانية	ar-IL:الراجاسثانية	ar-IQ:الراجاسثانية	ar-JO:الراجاسثانية	ar-KM:الراجاسثانية	ar-KW:الراجاسثانية	ar-LB:الراجاسثانية	ar-LY:الراجاسثانية	ar-MA:الراجاسثانية
rap	af:Rapanui	af-NA:Rapanui	am:ራፓኑኢ	ar:الراباني	ar-AE:الراباني	ar-BH:الراباني	ar-DJ:الراباني	ar-DZ:الراباني	ar-EG:الراباني	ar-EH:الراباني	ar-ER:الراباني	ar-IL:الراباني	ar-IQ:الراباني	ar-JO:الراباني	ar-KM:الراباني	ar-KW:الراباني	ar-LB:الراباني	ar-LY:الراباني	ar-MA:الراباني	ar-MR:الراباني
rar	af:Rarotongaans	af-NA:Rarotongaans	am:ራሮቶንጋን	ar:الراروتونجاني	ar-AE:الراروتونجاني	ar-BH:الراروتونجاني	ar-DJ:الراروتونجاني	ar-DZ:الراروتونجاني	ar-EG:الراروتونجاني	ar-EH:الراروتونجاني	ar-ER:الراروتونجاني	ar-IL:الراروتونجاني	ar-IQ:الراروتونجاني	ar-JO:الراروتونجاني	ar-KM:الراروتونجاني	ar-KW:الراروتونجاني	ar-LB:الراروتونجاني	ar-LY:الراروتونجاني	ar-MA:الراروتونجاني	ar-MR:الراروتونجاني
rgn	ast:romañol	br:romagnoleg	ca:romanyès	ca-AD:romanyès	ca-ES-valencia:romanyès	ca-FR:romanyès	ca-IT:romanyès	cs:romaňolština	de:Romagnol	de-AT:Romagnol	de-BE:Romagnol	de-CH:Romagnol	de-IT:Romagnol	de-LI:Romagnol	de-LU:Romagnol	en:Romagnol	en-001:Romagnol	en-150:Romagnol	en-AE:Romagnol	en-AG:Romagnol
rhg	af:Rohingya	af-NA:Rohingya	am:ሮሂንግያ	ar:الروهينغية	ar-AE:الروهينغية	ar-BH:الروهينغية	ar-DJ:الروهينغية	ar-DZ:الروهينغية	ar-EG:الروهينغية	ar-EH:الروهينغية	ar-ER:الروهينغية	ar-IL:الروهينغية	ar-IQ:الروهينغية	ar-JO:الروهينغية	ar-KM:الروهينغية	ar-KW:الروهينغية	ar-LB:الروهينغية	ar-LY:الروهينغية	ar-MA:الروهينغية	ar-MR:الروهينغية
rif	ast:rifianu	ba:риф	bal-Latn:Ripi	blo:Rifiyaŋ kagɩja	cs:rífština	cv:риф чӗлхи	de:Tarifit	de-AT:Tarifit	de-BE:Tarifit	de-CH:Tarifit	de-IT:Tarifit	de-LI:Tarifit	de-LU:Tarifit	en:Riffian	en-001:Riffian	en-150:Riffian	en-AE:Riffian	en-AG:Riffian	en-AI:Riffian	en-AS:Riffian
rm	af:Reto-Romaans	af-NA:Reto-Romaans	ak:Romanhye kasa	am:ሮማንሽ	ar:الرومانشية	ar-AE:الرومانشية	ar-BH:الرومانشية	ar-DJ:الرومانشية	ar-DZ:الرومانشية	ar-EG:الرومانشية	ar-EH:الرومانشية	ar-ER:الرومانشية	ar-IL:الرومانشية	ar-IQ:الرومانشية	ar-JO:الرومانشية	ar-KM:الرومانشية	ar-KW:الرومانشية	ar-LB:الرومانشية	ar-LY:الرومانشية	ar-MA:الرومانشية
rn	af:Rundi	af-NA:Rundi	am:ሩንዲ	ar:الرندي	ar-AE:الرندي	ar-BH:الرندي	ar-DJ:الرندي	ar-DZ:الرندي	ar-EG:الرندي	ar-EH:الرندي	ar-ER:الرندي	ar-IL:الرندي	ar-IQ:الرندي	ar-JO:الرندي	ar-KM:الرندي	ar-KW:الرندي	ar-LB:الرندي	ar-LY:الرندي	ar-MA:الرندي	ar-MR:الرندي
ro	af:Roemeens	af-NA:Roemeens	agq:Lùmanyìa	ak:Romenia kasa	am:ሮማኒያኛ	ar:الرومانية	ar-AE:الرومانية	ar-BH:الرومانية	ar-DJ:الرومانية	ar-DZ:الرومانية	ar-EG:الرومانية	ar-EH:الرومانية	ar-ER:الرومانية	ar-IL:الرومانية	ar-IQ:الرومانية	ar-JO:الرومانية	ar-KM:الرومانية	ar-KW:الرومانية	ar-LB:الرومانية	ar-LY:الرومانية
ro-MD	am:ሞልዳቪያንኛ	ar:المولدوفية	ar-AE:المولدوفية	ar-BH:المولدوفية	ar-DJ:المولدوفية	ar-DZ:المولدوفية	ar-EG:المولدوفية	ar-EH:المولدوفية	ar-ER:المولدوفية	ar-IL:المولدوفية	ar-IQ:المولدوفية	ar-JO:المولدوفية	ar-KM:المولدوفية	ar-KW:المولدوفية	ar-LB:المولدوفية	ar-LY:المولدوفية	ar-MA:المولدوفية	ar-MR:المولدوفية	ar-OM:المولدوفية	ar-PS:المولدوفية
rof	af:Rombo	af-NA:Rombo	am:ሮምቦ	ar:الرومبو	ar-AE:الرومبو	ar-BH:الرومبو	ar-DJ:الرومبو	ar-DZ:الرومبو	ar-EG:الرومبو	ar-EH:الرومبو	ar-ER:الرومبو	ar-IL:الرومبو	ar-IQ:الرومبو	ar-JO:الرومبو	ar-KM:الرومبو	ar-KW:الرومبو	ar-LB:الرومبو	ar-LY:الرومبو	ar-MA:الرومبو	ar-MR:الرومبو
rom	ar:الغجرية	ar-AE:الغجرية	ar-BH:الغجرية	ar-DJ:الغجرية	ar-DZ:الغجرية	ar-EG:الغجرية	ar-EH:الغجرية	ar-ER:الغجرية	ar-IL:الغجرية	ar-IQ:الغجرية	ar-JO:الغجرية	ar-KM:الغجرية	ar-KW:الغجرية	ar-LB:الغجرية	ar-LY:الغجرية	ar-MA:الغجرية	ar-MR:الغجرية	ar-OM:الغجرية	ar-PS:الغجرية	ar-QA:الغجرية
rtm	ast:rotumanu	cs:rotumanština	cy:Rotumaneg	de:Rotumanisch	de-AT:Rotumanisch	de-BE:Rotumanisch	de-CH:Rotumanisch	de-IT:Rotumanisch	de-LI:Rotumanisch	de-LU:Rotumanisch	en:Rotuman	en-001:Rotuman	en-150:Rotuman	en-AE:Rotuman	en-AG:Rotuman	en-AI:Rotuman	en-AS:Rotuman	en-AT:Rotuman	en-AU:Rotuman	en-BB:Rotuman
ru	af:Russies	af-NA:Russies	agq:Lushìa	ak:Rahyia kasa	am:ራሽያኛ	ar:الروسية	ar-AE:الروسية	ar-BH:الروسية	ar-DJ:الروسية	ar-DZ:الروسية	ar-EG:الروسية	ar-EH:الروسية	ar-ER:الروسية	ar-IL:الروسية	ar-IQ:الروسية	ar-JO:الروسية	ar-KM:الروسية	ar-KW:الروسية	ar-LB:الروسية	ar-LY:الروسية
rue	ast:rusyn	cs:rusínština	de:Russinisch	de-AT:Russinisch	de-BE:Russinisch	de-CH:Russinisch	de-IT:Russinisch	de-LI:Russinisch	de-LU:Russinisch	en:Rusyn	en-001:Rusyn	en-150:Rusyn	en-AE:Rusyn	en-AG:Rusyn	en-AI:Rusyn	en-AS:Rusyn	en-AT:Rusyn	en-AU:Rusyn	en-BB:Rusyn	en-BE:Rusyn
rug	ast:roviana	cs:rovianština	de:Roviana	de-AT:Roviana	de-BE:Roviana	de-CH:Roviana	de-IT:Roviana	de-LI:Roviana	de-LU:Roviana	en:Roviana	en-001:Roviana	en-150:Roviana	en-AE:Roviana	en-AG:Roviana	en-AI:Roviana	en-AS:Roviana	en-AT:Roviana	en-AU:Roviana	en-BB:Roviana	en-BE:Roviana
rup	af:Aromanies	af-NA:Aromanies	am:አሮማንያን	ar:الأرومانيان	ar-AE:الأرومانيان	ar-BH:الأرومانيان	ar-DJ:الأرومانيان	ar-DZ:الأرومانيان	ar-EG:الأرومانيان	ar-EH:الأرومانيان	ar-ER:الأرومانيان	ar-IL:الأرومانيان	ar-IQ:الأرومانيان	ar-JO:الأرومانيان	ar-KM:الأرومانيان	ar-KW:الأرومانيان	ar-LB:الأرومانيان	ar-LY:الأرومانيان	ar-MA:الأرومانيان	ar-MR:الأرومانيان
rw	af:Rwandees	af-NA:Rwandees	agq:Lùwandà	ak:Rewanda kasa	am:ኪንያርዋንዳ	ar:الكينيارواندا	ar-AE:الكينيارواندا	ar-BH:الكينيارواندا	ar-DJ:الكينيارواندا	ar-DZ:الكينيارواندا	ar-EG:الكينيارواندا	ar-EH:الكينيارواندا	ar-ER:الكينيارواندا	ar-IL:الكينيارواندا	ar-IQ:الكينيارواندا	ar-JO:الكينيارواندا	ar-KM:الكينيارواندا	ar-KW:الكينيارواندا	ar-LB:الكينيارواندا	ar-LY:الكينيارواندا
rwk	af:Rwa	af-NA:Rwa	am:ርዋ	ar:الروا	ar-AE:الروا	ar-BH:الروا	ar-DJ:الروا	ar-DZ:الروا	ar-EG:الروا	ar-EH:الروا	ar-ER:الروا	ar-IL:الروا	ar-IQ:الروا	ar-JO:الروا	ar-KM:الروا	ar-KW:الروا	ar-LB:الروا	ar-LY:الروا	ar-MA:الروا	ar-MR:الروا
sa	af:Sanskrit	af-NA:Sanskrit	ak:Sanskrit kasa	am:ሳንስክሪት	ar:السنسكريتية	ar-AE:السنسكريتية	ar-BH:السنسكريتية	ar-DJ:السنسكريتية	ar-DZ:السنسكريتية	ar-EG:السنسكريتية	ar-EH:السنسكريتية	ar-ER:السنسكريتية	ar-IL:السنسكريتية	ar-IQ:السنسكريتية	ar-JO:السنسكريتية	ar-KM:السنسكريتية	ar-KW:السنسكريتية	ar-LB:السنسكريتية	ar-LY:السنسكريتية	ar-MA:السنسكريتية
sad	af:Sandawees	af-NA:Sandawees	am:ሳንዳዌ	ar:السانداوي	ar-AE:السانداوي	ar-BH:السانداوي	ar-DJ:السانداوي	ar-DZ:السانداوي	ar-EG:السانداوي	ar-EH:السانداوي	ar-ER:السانداوي	ar-IL:السانداوي	ar-IQ:السانداوي	ar-JO:السانداوي	ar-KM:السانداوي	ar-KW:السانداوي	ar-LB:السانداوي	ar-LY:السانداوي	ar-MA:السانداوي	ar-MR:السانداوي
sah	af:Jakoeties	af-NA:Jakoeties	ak:Yakut Kasa	am:ያኩት	ar:الساخيّة	ar-AE:الساخيّة	ar-BH:الساخيّة	ar-DJ:الساخيّة	ar-DZ:الساخيّة	ar-EG:الساخيّة	ar-EH:الساخيّة	ar-ER:الساخيّة	ar-IL:الساخيّة	ar-IQ:الساخيّة	ar-JO:الساخيّة	ar-KM:الساخيّة	ar-KW:الساخيّة	ar-LB:الساخيّة	ar-LY:الساخيّة	ar-MA:الساخيّة
sam	ar:الآرامية السامرية	ar-AE:الآرامية السامرية	ar-BH:الآرامية السامرية	ar-DJ:الآرامية السامرية	ar-DZ:الآرامية السامرية	ar-EG:الآرامية السامرية	ar-EH:الآرامية السامرية	ar-ER:الآرامية السامرية	ar-IL:الآرامية السامرية	ar-IQ:الآرامية السامرية	ar-JO:الآرامية السامرية	ar-KM:الآرامية السامرية	ar-KW:الآرامية السامرية	ar-LB:الآرامية السامرية	ar-LY:الآرامية السامرية	ar-MA:الآرامية السامرية	ar-MR:الآرامية السامرية	ar-OM:الآرامية السامرية	ar-PS:الآرامية السامرية	ar-QA:الآرامية السامرية
saq	af:Samburu	af-NA:Samburu	am:ሳምቡሩ	ar:سامبورو	ar-AE:سامبورو	ar-BH:سامبورو	ar-DJ:سامبورو	ar-DZ:سامبورو	ar-EG:سامبورو	ar-EH:سامبورو	ar-ER:سامبورو	ar-IL:سامبورو	ar-IQ:سامبورو	ar-JO:سامبورو	ar-KM:سامبورو	ar-KW:سامبورو	ar-LB:سامبورو	ar-LY:سامبورو	ar-MA:سامبورو	ar-MR:سامبورو
sas	ar:الساساك	ar-AE:الساساك	ar-BH:الساساك	ar-DJ:الساساك	ar-DZ:الساساك	ar-EG:الساساك	ar-EH:الساساك	ar-ER:الساساك	ar-IL:الساساك	ar-IQ:الساساك	ar-JO:الساساك	ar-KM:الساساك	ar-KW:الساساك	ar-LB:الساساك	ar-LY:الساساك	ar-MA:الساساك	ar-MR:الساساك	ar-OM:الساساك	ar-PS:الساساك	ar-QA:الساساك
sat	af:Santalies	af-NA:Santalies	ak:Santal kasa	am:ሳንታሊ	ar:السانتالية	ar-AE:السانتالية	ar-BH:السانتالية	ar-DJ:السانتالية	ar-DZ:السانتالية	ar-EG:السانتالية	ar-EH:السانتالية	ar-ER:السانتالية	ar-IL:السانتالية	ar-IQ:السانتالية	ar-JO:السانتالية	ar-KM:السانتالية	ar-KW:السانتالية	ar-LB:السانتالية	ar-LY:السانتالية	ar-MA:السانتالية
saz	ast:saurashtra	cs:saurášterština	de:Saurashtra	de-AT:Saurashtra	de-BE:Saurashtra	de-CH:Saurashtra	de-IT:Saurashtra	de-LI:Saurashtra	de-LU:Saurashtra	en:Saurashtra	en-001:Saurashtra	en-150:Saurashtra	en-AE:Saurashtra	en-AG:Saurashtra	en-AI:Saurashtra	en-AS:Saurashtra	en-AT:Saurashtra	en-AU:Saurashtra	en-BB:Saurashtra	en-BE:Saurashtra
sba	af:Ngambay	af-NA:Ngambay	am:ንጋምባይ	ar:نامبي	ar-AE:نامبي	ar-BH:نامبي	ar-DJ:نامبي	ar-DZ:نامبي	ar-EG:نامبي	ar-EH:نامبي	ar-ER:نامبي	ar-IL:نامبي	ar-IQ:نامبي	ar-JO:نامبي	ar-KM:نامبي	ar-KW:نامبي	ar-LB:نامبي	ar-LY:نامبي	ar-MA:نامبي	ar-MR:نامبي
sbp	af:Sangu	af-NA:Sangu	am:ሳንጉ	ar:سانغو	ar-AE:سانغو	ar-BH:سانغو	ar-DJ:سانغو	ar-DZ:سانغو	ar-EG:سانغو	ar-EH:سانغو	ar-ER:سانغو	ar-IL:سانغو	ar-IQ:سانغو	ar-JO:سانغو	ar-KM:سانغو	ar-KW:سانغو	ar-LB:سانغو	ar-LY:سانغو	ar-MA:سانغو	ar-MR:سانغو
sc	af:Sardinies	af-NA:Sardinies	ak:Saadinia kasa	am:ሳርዲንያን	ar:السردينية	ar-AE:السردينية	ar-BH:السردينية	ar-DJ:السردينية	ar-DZ:السردينية	ar-EG:السردينية	ar-EH:السردينية	ar-ER:السردينية	ar-IL:السردينية	ar-IQ:السردينية	ar-JO:السردينية	ar-KM:السردينية	ar-KW:السردينية	ar-LB:السردينية	ar-LY:السردينية	ar-MA:السردينية
scn	af:Sisiliaans	af-NA:Sisiliaans	am:ሲሲሊያንኛ	ar:الصقلية	ar-AE:الصقلية	ar-BH:الصقلية	ar-DJ:الصقلية	ar-DZ:الصقلية	ar-EG:الصقلية	ar-EH:الصقلية	ar-ER:الصقلية	ar-IL:الصقلية	ar-IQ:الصقلية	ar-JO:الصقلية	ar-KM:الصقلية	ar-KW:الصقلية	ar-LB:الصقلية	ar-LY:الصقلية	ar-MA:الصقلية	ar-MR:الصقلية
sco	af:Skots	af-NA:Skots	am:ስኮትስ	ar:الأسكتلندية	ar-AE:الأسكتلندية	ar-BH:الأسكتلندية	ar-DJ:الأسكتلندية	ar-DZ:الأسكتلندية	ar-EG:الأسكتلندية	ar-EH:الأسكتلندية	ar-ER:الأسكتلندية	ar-IL:الأسكتلندية	ar-IQ:الأسكتلندية	ar-JO:الأسكتلندية	ar-KM:الأسكتلندية	ar-KW:الأسكتلندية	ar-LB:الأسكتلندية	ar-LY:الأسكتلندية	ar-MA:الأسكتلندية	ar-MR:الأسكتلندية
sd	af:Sindhi	af-NA:Sindhi	ak:Sindi	am:ሲንዲ	ar:السندية	ar-AE:السندية	ar-BH:السندية	ar-DJ:السندية	ar-DZ:السندية	ar-EG:السندية	ar-EH:السندية	ar-ER:السندية	ar-IL:السندية	ar-IQ:السندية	ar-JO:السندية	ar-KM:السندية	ar-KW:السندية	ar-LB:السندية	ar-LY:السندية	ar-MA:السندية
sdc	ast:sardu sassarés	br:sasareseg	ca:sasserès	ca-AD:sasserès	ca-ES-valencia:sasserès	ca-FR:sasserès	ca-IT:sasserès	cs:sassarština	cy:Sasareseg Sardinia	de:Sassarisch	de-AT:Sassarisch	de-BE:Sassarisch	de-CH:Sassarisch	de-IT:Sassarisch	de-LI:Sassarisch	de-LU:Sassarisch	en:Sassarese Sardinian	en-001:Sassarese Sardinian	en-150:Sassarese Sardinian	en-AE:Sassarese Sardinian
sdh	af:Suid-Koerdies	af-NA:Suid-Koerdies	am:ደቡባዊ ኩርዲሽ	ar:الكردية الجنوبية	ar-AE:الكردية الجنوبية	ar-BH:الكردية الجنوبية	ar-DJ:الكردية الجنوبية	ar-DZ:الكردية الجنوبية	ar-EG:الكردية الجنوبية	ar-EH:الكردية الجنوبية	ar-ER:الكردية الجنوبية	ar-IL:الكردية الجنوبية	ar-IQ:الكردية الجنوبية	ar-JO:الكردية الجنوبية	ar-KM:الكردية الجنوبية	ar-KW:الكردية الجنوبية	ar-LB:الكردية الجنوبية	ar-LY:الكردية الجنوبية	ar-MA:الكردية الجنوبية	ar-MR:الكردية الجنوبية
sdh-menu-core	en:Kurdish	en-001:Kurdish	en-150:Kurdish	en-AE:Kurdish	en-AG:Kurdish	en-AI:Kurdish	en-AS:Kurdish	en-AT:Kurdish	en-AU:Kurdish	en-BB:Kurdish	en-BE:Kurdish	en-BI:Kurdish	en-BM:Kurdish	en-BS:Kurdish	en-BW:Kurdish	en-BZ:Kurdish	en-CA:Kurdish	en-CC:Kurdish	en-CH:Kurdish	en-CK:Kurdish
sdh-menu-extension	en:Southern	en-001:Southern	en-150:Southern	en-AE:Southern	en-AG:Southern	en-AI:Southern	en-AS:Southern	en-AT:Southern	en-AU:Southern	en-BB:Southern	en-BE:Southern	en-BI:Southern	en-BM:Southern	en-BS:Southern	en-BW:Southern	en-BZ:Southern	en-CA:Southern	en-CC:Southern	en-CH:Southern	en-CK:Southern
se	af:Noord-Sami	af-NA:Noord-Sami	am:ሰሜናዊ ሳሚ	ar:سامي الشمالية	ar-AE:سامي الشمالية	ar-BH:سامي الشمالية	ar-DJ:سامي الشمالية	ar-DZ:سامي الشمالية	ar-EG:سامي الشمالية	ar-EH:سامي الشمالية	ar-ER:سامي الشمالية	ar-IL:سامي الشمالية	ar-IQ:سامي الشمالية	ar-JO:سامي الشمالية	ar-KM:سامي الشمالية	ar-KW:سامي الشمالية	ar-LB:سامي الشمالية	ar-LY:سامي الشمالية	ar-MA:سامي الشمالية	ar-MR:سامي الشمالية
see	ar:السنيكا	ar-AE:السنيكا	ar-BH:السنيكا	ar-DJ:السنيكا	ar-DZ:السنيكا	ar-EG:السنيكا	ar-EH:السنيكا	ar-ER:السنيكا	ar-IL:السنيكا	ar-IQ:السنيكا	ar-JO:السنيكا	ar-KM:السنيكا	ar-KW:السنيكا	ar-LB:السنيكا	ar-LY:السنيكا	ar-MA:السنيكا	ar-MR:السنيكا	ar-OM:السنيكا	ar-PS:السنيكا	ar-QA:السنيكا
seh	af:Sena	af-NA:Sena	am:ሴና	ar:سينا	ar-AE:سينا	ar-BH:سينا	ar-DJ:سينا	ar-DZ:سينا	ar-EG:سينا	ar-EH:سينا	ar-ER:سينا	ar-IL:سينا	ar-IQ:سينا	ar-JO:سينا	ar-KM:سينا	ar-KW:سينا	ar-LB:سينا	ar-LY:سينا	ar-MA:سينا	ar-MR:سينا
sei	ast:seri	cs:seriština	cy:Seri	de:Seri	de-AT:Seri	de-BE:Seri	de-CH:Seri	de-IT:Seri	de-LI:Seri	de-LU:Seri	en:Seri	en-001:Seri	en-150:Seri	en-AE:Seri	en-AG:Seri	en-AI:Seri	en-AS:Seri	en-AT:Seri	en-AU:Seri	en-BB:Seri
sel	ar:السيلكب	ar-AE:السيلكب	ar-BH:السيلكب	ar-DJ:السيلكب	ar-DZ:السيلكب	ar-EG:السيلكب	ar-EH:السيلكب	ar-ER:السيلكب	ar-IL:السيلكب	ar-IQ:السيلكب	ar-JO:السيلكب	ar-KM:السيلكب	ar-KW:السيلكب	ar-LB:السيلكب	ar-LY:السيلكب	ar-MA:السيلكب	ar-MR:السيلكب	ar-OM:السيلكب	ar-PS:السيلكب	ar-QA:السيلكب
ses	af:Koyraboro Senni	af-NA:Koyraboro Senni	am:ኮይራቦሮ ሴኒ	ar:كويرابورو سيني	ar-AE:كويرابورو سيني	ar-BH:كويرابورو سيني	ar-DJ:كويرابورو سيني	ar-DZ:كويرابورو سيني	ar-EG:كويرابورو سيني	ar-EH:كويرابورو سيني	ar-ER:كويرابورو سيني	ar-IL:كويرابورو سيني	ar-IQ:كويرابورو سيني	ar-JO:كويرابورو سيني	ar-KM:كويرابورو سيني	ar-KW:كويرابورو سيني	ar-LB:كويرابورو سيني	ar-LY:كويرابورو سيني	ar-MA:كويرابورو سيني	ar-MR:كويرابورو سيني
sg	af:Sango	af-NA:Sango	am:ሳንጎ	ar:السانجو	ar-AE:السانجو	ar-BH:السانجو	ar-DJ:السانجو	ar-DZ:السانجو	ar-EG:السانجو	ar-EH:السانجو	ar-ER:السانجو	ar-IL:السانجو	ar-IQ:السانجو	ar-JO:السانجو	ar-KM:السانجو	ar-KW:السانجو	ar-LB:السانجو	ar-LY:السانجو	ar-MA:السانجو	ar-MR:السانجو
sga	ar:الأيرلندية القديمة	ar-AE:الأيرلندية القديمة	ar-BH:الأيرلندية القديمة	ar-DJ:الأيرلندية القديمة	ar-DZ:الأيرلندية القديمة	ar-EG:الأيرلندية القديمة	ar-EH:الأيرلندية القديمة	ar-ER:الأيرلندية القديمة	ar-IL:الأيرلندية القديمة	ar-IQ:الأيرلندية القديمة	ar-JO:الأيرلندية القديمة	ar-KM:الأيرلندية القديمة	ar-KW:الأيرلندية القديمة	ar-LB:الأيرلندية القديمة	ar-LY:الأيرلندية القديمة	ar-MA:الأيرلندية القديمة	ar-MR:الأيرلندية القديمة	ar-OM:الأيرلندية القديمة	ar-PS:الأيرلندية القديمة	ar-QA:الأيرلندية القديمة
sgs	ast:samogitianu	ba:самогит	blo:samburuu kagɩja	cs:žemaitština	cv:жемайт чӗлхи	cy:Samogiteg	de:Samogitisch	de-AT:Samogitisch	de-BE:Samogitisch	de-CH:Samogitisch	de-IT:Samogitisch	de-LI:Samogitisch	de-LU:Samogitisch	en:Samogitian	en-001:Samogitian	en-150:Samogitian	en-AE:Samogitian	en-AG:Samogitian	en-AI:Samogitian	en-AS:Samogitian
sh	af:Serwo-Kroaties	af-NA:Serwo-Kroaties	am:ሰርቦ-ክሮኤሽያኛ	ar:صربية-كرواتية	ar-AE:صربية-كرواتية	ar-BH:صربية-كرواتية	ar-DJ:صربية-كرواتية	ar-DZ:صربية-كرواتية	ar-EG:صربية-كرواتية	ar-EH:صربية-كرواتية	ar-ER:صربية-كرواتية	ar-IL:صربية-كرواتية	ar-IQ:صربية-كرواتية	ar-JO:صربية-كرواتية	ar-KM:صربية-كرواتية	ar-KW:صربية-كرواتية	ar-LB:صربية-كرواتية	ar-LY:الكرواتية الصربية	ar-MA:صربية-كرواتية	ar-MR:صربية-كرواتية
shi	af:Tachelhit	af-NA:Tachelhit	am:ታቼልሂት	ar:تشلحيت	ar-AE:تشلحيت	ar-BH:تشلحيت	ar-DJ:تشلحيت	ar-DZ:تشلحيت	ar-EG:تشلحيت	ar-EH:تشلحيت	ar-ER:تشلحيت	ar-IL:تشلحيت	ar-IQ:تشلحيت	ar-JO:تشلحيت	ar-KM:تشلحيت	ar-KW:تشلحيت	ar-LB:تشلحيت	ar-LY:تشلحيت	ar-MA:تشلحيت	ar-MR:تشلحيت
shn	af:Shan	af-NA:Shan	am:ሻን	ar:الشان	ar-AE:الشان	ar-BH:الشان	ar-DJ:الشان	ar-DZ:الشان	ar-EG:الشان	ar-EH:الشان	ar-ER:الشان	ar-IL:الشان	ar-IQ:الشان	ar-JO:الشان	ar-KM:الشان	ar-KW:الشان	ar-LB:الشان	ar-LY:الشان	ar-MA:الشان	ar-MR:الشان
shu	am:ቻዲያን ዓረብኛ	ar:العربية التشادية	ar-AE:العربية التشادية	ar-BH:العربية التشادية	ar-DJ:العربية التشادية	ar-DZ:العربية التشادية	ar-EG:العربية التشادية	ar-EH:العربية التشادية	ar-ER:العربية التشادية	ar-IL:العربية التشادية	ar-IQ:العربية التشادية	ar-JO:العربية التشادية	ar-KM:العربية التشادية	ar-KW:العربية التشادية	ar-LB:العربية التشادية	ar-LY:العربية التشادية	ar-MA:العربية التشادية	ar-MR:العربية التشادية	ar-OM:العربية التشادية	ar-PS:العربية التشادية
si	af:Sinhala	af-NA:Sinhala	ak:Sinhala	am:ሲንሃላ	ar:السنهالية	ar-AE:السنهالية	ar-BH:السنهالية	ar-DJ:السنهالية	ar-DZ:السنهالية	ar-EG:السنهالية	ar-EH:السنهالية	ar-ER:السنهالية	ar-IL:السنهالية	ar-IQ:السنهالية	ar-JO:السنهالية	ar-KM:السنهالية	ar-KW:السنهالية	ar-LB:السنهالية	ar-LY:السنهالية	ar-MA:السنهالية
sid	am:ሲዳምኛ	ar:السيدامو	ar-AE:السيدامو	ar-BH:السيدامو	ar-DJ:السيدامو	ar-DZ:السيدامو	ar-EG:السيدامو	ar-EH:السيدامو	ar-ER:السيدامو	ar-IL:السيدامو	ar-IQ:السيدامو	ar-JO:السيدامو	ar-KM:السيدامو	ar-KW:السيدامو	ar-LB:السيدامو	ar-LY:السيدامو	ar-MA:السيدامو	ar-MR:السيدامو	ar-OM:السيدامو	ar-PS:السيدامو
sk	af:Slowaaks	af-NA:Slowaaks	ak:Slovak Kasa	am:ስሎቫክኛ	ar:السلوفاكية	ar-AE:السلوفاكية	ar-BH:السلوفاكية	ar-DJ:السلوفاكية	ar-DZ:السلوفاكية	ar-EG:السلوفاكية	ar-EH:السلوفاكية	ar-ER:السلوفاكية	ar-IL:السلوفاكية	ar-IQ:السلوفاكية	ar-JO:السلوفاكية	ar-KM:السلوفاكية	ar-KW:السلوفاكية	ar-LB:السلوفاكية	ar-LY:السلوفاكية	ar-MA:السلوفاكية
skr	ba:сараиики	bal-Latn:Saráeki	blo:Gɩsarayikiija	cv:сирайки чӗлхи	eo:saraika	et:seraiki	fi:saraiki	gd:Saraiki	ia:saraiki	ig:skrr	kk:сарайки тілі	kk-Arab:سارايكي ءتىلى	kk-Cyrl:сарайки тілі	kk-KZ:сарайки тілі	ku:seraîkî	ku-Latn:seraîkî	ku-Latn-IQ:seraîkî	ku-Latn-SY:seraîkî	ku-TR:seraîkî	sc:saraiki
sl	af:Sloweens	af-NA:Sloweens	ak:Slovɛniafoɔ Kasa	am:ስሎቬንኛ	ar:السلوفانية	ar-AE:السلوفانية	ar-BH:السلوفانية	ar-DJ:السلوفانية	ar-DZ:السلوفانية	ar-EG:السلوفانية	ar-EH:السلوفانية	ar-ER:السلوفانية	ar-IL:السلوفانية	ar-IQ:السلوفانية	ar-JO:السلوفانية	ar-KM:السلوفانية	ar-KW:السلوفانية	ar-LB:السلوفانية	ar-LY:السلوفانية	ar-MA:السلوفانية
slh	af:Suid-Lushootseed	af-NA:Suid-Lushootseed	am:ደቡባዊ ሉሹትሲድ	ar:لوشوتسيد الجنوبية	ar-AE:لوشوتسيد الجنوبية	ar-BH:لوشوتسيد الجنوبية	ar-DJ:لوشوتسيد الجنوبية	ar-DZ:لوشوتسيد الجنوبية	ar-EG:لوشوتسيد الجنوبية	ar-EH:لوشوتسيد الجنوبية	ar-ER:لوشوتسيد الجنوبية	ar-IL:لوشوتسيد الجنوبية	ar-IQ:لوشوتسيد الجنوبية	ar-JO:لوشوتسيد الجنوبية	ar-KM:لوشوتسيد الجنوبية	ar-KW:لوشوتسيد الجنوبية	ar-LB:لوشوتسيد الجنوبية	ar-LY:لوشوتسيد الجنوبية	ar-MA:لوشوتسيد الجنوبية	ar-MR:لوشوتسيد الجنوبية
sli	ast:baxu silesianu	cs:němčina (slezská)	cy:Is-silesieg	de:Schlesisch (Niederschlesisch)	de-AT:Schlesisch (Niederschlesisch)	de-BE:Schlesisch (Niederschlesisch)	de-CH:Schlesisch (Niederschlesisch)	de-IT:Schlesisch (Niederschlesisch)	de-LI:Schlesisch (Niederschlesisch)	de-LU:Schlesisch (Niederschlesisch)	en:Lower Silesian	en-001:Lower Silesian	en-150:Lower Silesian	en-AE:Lower Silesian	en-AG:Lower Silesian	en-AI:Lower Silesian	en-AS:Lower Silesian	en-AT:Lower Silesian	en-AU:Lower Silesian	en-BB:Lower Silesian
sly	ast:selayarés	cs:selajarština	de:Selayar	de-AT:Selayar	de-BE:Selayar	de-CH:Selayar	de-IT:Selayar	de-LI:Selayar	de-LU:Selayar	en:Selayar	en-001:Selayar	en-150:Selayar	en-AE:Selayar	en-AG:Selayar	en-AI:Selayar	en-AS:Selayar	en-AT:Selayar	en-AU:Selayar	en-BB:Selayar	en-BE:Selayar
sm	af:Samoaans	af-NA:Samoaans	am:ሳሞኣን	ar:الساموائية	ar-AE:الساموائية	ar-BH:الساموائية	ar-DJ:الساموائية	ar-DZ:الساموائية	ar-EG:الساموائية	ar-EH:الساموائية	ar-ER:الساموائية	ar-IL:الساموائية	ar-IQ:الساموائية	ar-JO:الساموائية	ar-KM:الساموائية	ar-KW:الساموائية	ar-LB:الساموائية	ar-LY:الساموائية	ar-MA:الساموائية	ar-MR:الساموائية
sma	af:Suid-Sami	af-NA:Suid-Sami	am:ደቡባዊ ሳሚ	ar:السامي الجنوبي	ar-AE:السامي الجنوبي	ar-BH:السامي الجنوبي	ar-DJ:السامي الجنوبي	ar-DZ:السامي الجنوبي	ar-EG:السامي الجنوبي	ar-EH:السامي الجنوبي	ar-ER:السامي الجنوبي	ar-IL:السامي الجنوبي	ar-IQ:السامي الجنوبي	ar-JO:السامي الجنوبي	ar-KM:السامي الجنوبي	ar-KW:السامي الجنوبي	ar-LB:السامي الجنوبي	ar-LY:سامي الجنوبية	ar-MA:السامي الجنوبي	ar-MR:السامي الجنوبي
smj	af:Lule Sami	af-NA:Lule Sami	am:ሉሌ ሳሚ	ar:السامي لولي	ar-AE:السامي لولي	ar-BH:السامي لولي	ar-DJ:السامي لولي	ar-DZ:السامي لولي	ar-EG:السامي لولي	ar-EH:السامي لولي	ar-ER:السامي لولي	ar-IL:السامي لولي	ar-IQ:السامي لولي	ar-JO:السامي لولي	ar-KM:السامي لولي	ar-KW:السامي لولي	ar-LB:السامي لولي	ar-LY:السامي لولي	ar-MA:السامي لولي	ar-MR:السامي لولي
smn	af:Inari Sami	af-NA:Inari Sami	am:ኢናሪ ሳሚ	ar:الإيناري سامي	ar-AE:الإيناري سامي	ar-BH:الإيناري سامي	ar-DJ:الإيناري سامي	ar-DZ:الإيناري سامي	ar-EG:الإيناري سامي	ar-EH:الإيناري سامي	ar-ER:الإيناري سامي	ar-IL:الإيناري سامي	ar-IQ:الإيناري سامي	ar-JO:الإيناري سامي	ar-KM:الإيناري سامي	ar-KW:الإيناري سامي	ar-LB:الإيناري سامي	ar-LY:الإيناري سامي	ar-MA:الإيناري سامي	ar-MR:الإيناري سامي
sms	af:Skolt Sami	af-NA:Skolt Sami	am:ስኮልት ሳሚ	ar:السكولت سامي	ar-AE:السكولت سامي	ar-BH:السكولت سامي	ar-DJ:السكولت سامي	ar-DZ:السكولت سامي	ar-EG:السكولت سامي	ar-EH:السكولت سامي	ar-ER:السكولت سامي	ar-IL:السكولت سامي	ar-IQ:السكولت سامي	ar-JO:السكولت سامي	ar-KM:السكولت سامي	ar-KW:السكولت سامي	ar-LB:السكولت سامي	ar-LY:السكولت سامي	ar-MA:السكولت سامي	ar-MR:السكولت سامي
sn	af:Shona	af-NA:Shona	am:ሾና	ar:الشونا	ar-AE:الشونا	ar-BH:الشونا	ar-DJ:الشونا	ar-DZ:الشونا	ar-EG:الشونا	ar-EH:الشونا	ar-ER:الشونا	ar-IL:الشونا	ar-IQ:الشونا	ar-JO:الشونا	ar-KM:الشونا	ar-KW:الشونا	ar-LB:الشونا	ar-LY:الشونا	ar-MA:الشونا	ar-MR:الشونا
snk	af:Soninke	af-NA:Soninke	am:ሶኒንኬ	ar:السونينك	ar-AE:السونينك	ar-BH:السونينك	ar-DJ:السونينك	ar-DZ:السونينك	ar-EG:السونينك	ar-EH:السونينك	ar-ER:السونينك	ar-IL:السونينك	ar-IQ:السونينك	ar-JO:السونينك	ar-KM:السونينك	ar-KW:السونينك	ar-LB:السونينك	ar-LY:السونينك	ar-MA:السونينك	ar-MR:السونينك
so	af:Somalies	af-NA:Somalies	agq:Sòmalì	ak:Somalia kasa	am:ሱማልኛ	ar:الصومالية	ar-AE:الصومالية	ar-BH:الصومالية	ar-DJ:الصومالية	ar-DZ:الصومالية	ar-EG:الصومالية	ar-EH:الصومالية	ar-ER:الصومالية	ar-IL:الصومالية	ar-IQ:الصومالية	ar-JO:الصومالية	ar-KM:الصومالية	ar-KW:الصومالية	ar-LB:الصومالية	ar-LY:الصومالية
sog	ar:السوجدين	ar-AE:السوجدين	ar-BH:السوجدين	ar-DJ:السوجدين	ar-DZ:السوجدين	ar-EG:السوجدين	ar-EH:السوجدين	ar-ER:السوجدين	ar-IL:السوجدين	ar-IQ:السوجدين	ar-JO:السوجدين	ar-KM:السوجدين	ar-KW:السوجدين	ar-LB:السوجدين	ar-LY:السوجدين	ar-MA:السوجدين	ar-MR:السوجدين	ar-OM:السوجدين	ar-PS:السوجدين	ar-QA:السوجدين
sq	af:Albanees	af-NA:Albanees	ak:Aabeniani	am:አልባንያንኛ	ar:الألبانية	ar-AE:الألبانية	ar-BH:الألبانية	ar-DJ:الألبانية	ar-DZ:الألبانية	ar-EG:الألبانية	ar-EH:الألبانية	ar-ER:الألبانية	ar-IL:الألبانية	ar-IQ:الألبانية	ar-JO:الألبانية	ar-KM:الألبانية	ar-KW:الألبانية	ar-LB:الألبانية	ar-LY:الألبانية	ar-MA:الألبانية
sr	af:Serwies	af-NA:Serwies	ak:Sɛbia Kasa	am:ሰርብያኛ	ar:الصربية	ar-AE:الصربية	ar-BH:الصربية	ar-DJ:الصربية	ar-DZ:الصربية	ar-EG:الصربية	ar-EH:الصربية	ar-ER:الصربية	ar-IL:الصربية	ar-IQ:الصربية	ar-JO:الصربية	ar-KM:الصربية	ar-KW:الصربية	ar-LB:الصربية	ar-LY:الصربية	ar-MA:الصربية
sr-ME	en:Montenegrin	en-001:Montenegrin	en-150:Montenegrin	en-AE:Montenegrin	en-AG:Montenegrin	en-AI:Montenegrin	en-AS:Montenegrin	en-AT:Montenegrin	en-AU:Montenegrin	en-BB:Montenegrin	en-BE:Montenegrin	en-BI:Montenegrin	en-BM:Montenegrin	en-BS:Montenegrin	en-BW:Montenegrin	en-BZ:Montenegrin	en-CA:Montenegrin	en-CC:Montenegrin	en-CH:Montenegrin	en-CK:Montenegrin
srn	af:Sranan Tongo	af-NA:Sranan Tongo	am:ስራናን ቶንጎ	ar:السرانان تونجو	ar-AE:السرانان تونجو	ar-BH:السرانان تونجو	ar-DJ:السرانان تونجو	ar-DZ:السرانان تونجو	ar-EG:السرانان تونجو	ar-EH:السرانان تونجو	ar-ER:السرانان تونجو	ar-IL:السرانان تونجو	ar-IQ:السرانان تونجو	ar-JO:السرانان تونجو	ar-KM:السرانان تونجو	ar-KW:السرانان تونجو	ar-LB:السرانان تونجو	ar-LY:السرانان تونجو	ar-MA:السرانان تونجو	ar-MR:السرانان تونجو
srr	ar:السرر	ar-AE:السرر	ar-BH:السرر	ar-DJ:السرر	ar-DZ:السرر	ar-EG:السرر	ar-EH:السرر	ar-ER:السرر	ar-IL:السرر	ar-IQ:السرر	ar-JO:السرر	ar-KM:السرر	ar-KW:السرر	ar-LB:السرر	ar-LY:السرر	ar-MA:السرر	ar-MR:السرر	ar-OM:السرر	ar-PS:السرر	ar-QA:السرر
ss	af:Swazi	af-NA:Swazi	am:ስዋቲ	ar:السواتي	ar-AE:السواتي	ar-BH:السواتي	ar-DJ:السواتي	ar-DZ:السواتي	ar-EG:السواتي	ar-EH:السواتي	ar-ER:السواتي	ar-IL:السواتي	ar-IQ:السواتي	ar-JO:السواتي	ar-KM:السواتي	ar-KW:السواتي	ar-LB:السواتي	ar-LY:السواتي	ar-MA:السواتي	ar-MR:السواتي
ssy	af:Saho	af-NA:Saho	am:ሳሆኛ	ar:لغة الساهو	ar-AE:لغة الساهو	ar-BH:لغة الساهو	ar-DJ:لغة الساهو	ar-DZ:لغة الساهو	ar-EG:لغة الساهو	ar-EH:لغة الساهو	ar-ER:لغة الساهو	ar-IL:لغة الساهو	ar-IQ:لغة الساهو	ar-JO:لغة الساهو	ar-KM:لغة الساهو	ar-KW:لغة الساهو	ar-LB:لغة الساهو	ar-LY:لغة الساهو	ar-MA:لغة الساهو	ar-MR:لغة الساهو
st	af:Suid-Sotho	af-NA:Suid-Sotho	am:ደቡባዊ ሶቶ	ar:السوتو الجنوبية	ar-AE:السوتو الجنوبية	ar-BH:السوتو الجنوبية	ar-DJ:السوتو الجنوبية	ar-DZ:السوتو الجنوبية	ar-EG:السوتو الجنوبية	ar-EH:السوتو الجنوبية	ar-ER:السوتو الجنوبية	ar-IL:السوتو الجنوبية	ar-IQ:السوتو الجنوبية	ar-JO:السوتو الجنوبية	ar-KM:السوتو الجنوبية	ar-KW:السوتو الجنوبية	ar-LB:السوتو الجنوبية	ar-LY:السوتو الجنوبية	ar-MA:السوتو الجنوبية	ar-MR:السوتو الجنوبية
stq	ast:frisón de Saterland	cs:fríština (saterlandská)	cy:Ffriseg Saterland	de:Saterfriesisch	de-AT:Saterfriesisch	de-BE:Saterfriesisch	de-CH:Saterfriesisch	de-IT:Saterfriesisch	de-LI:Saterfriesisch	de-LU:Saterfriesisch	dsb:saterfrizišćina	en:Saterland Frisian	en-001:Saterland Frisian	en-150:Saterland Frisian	en-AE:Saterland Frisian	en-AG:Saterland Frisian	en-AI:Saterland Frisian	en-AS:Saterland Frisian	en-AT:Saterland Frisian	en-AU:Saterland Frisian
str	af:Straits Salish	af-NA:Straits Salish	am:ስትሬይትስ ስታሊሽ	ar:سترايتس ساليش	ar-AE:سترايتس ساليش	ar-BH:سترايتس ساليش	ar-DJ:سترايتس ساليش	ar-DZ:سترايتس ساليش	ar-EG:سترايتس ساليش	ar-EH:سترايتس ساليش	ar-ER:سترايتس ساليش	ar-IL:سترايتس ساليش	ar-IQ:سترايتس ساليش	ar-JO:سترايتس ساليش	ar-KM:سترايتس ساليش	ar-KW:سترايتس ساليش	ar-LB:سترايتس ساليش	ar-LY:سترايتس ساليش	ar-MA:سترايتس ساليش	ar-MR:سترايتس ساليش
su	af:Sundanees	af-NA:Sundanees	ak:Sunda Kasa	am:ሱዳንኛ	ar:السوندانية	ar-AE:السوندانية	ar-BH:السوندانية	ar-DJ:السوندانية	ar-DZ:السوندانية	ar-EG:السوندانية	ar-EH:السوندانية	ar-ER:السوندانية	ar-IL:السوندانية	ar-IQ:السوندانية	ar-JO:السوندانية	ar-KM:السوندانية	ar-KW:السوندانية	ar-LB:السوندانية	ar-LY:السوندانية	ar-MA:السوندانية
suk	af:Sukuma	af-NA:Sukuma	am:ሱኩማ	ar:السوكوما	ar-AE:السوكوما	ar-BH:السوكوما	ar-DJ:السوكوما	ar-DZ:السوكوما	ar-EG:السوكوما	ar-EH:السوكوما	ar-ER:السوكوما	ar-IL:السوكوما	ar-IQ:السوكوما	ar-JO:السوكوما	ar-KM:السوكوما	ar-KW:السوكوما	ar-LB:السوكوما	ar-LY:السوكوما	ar-MA:السوكوما	ar-MR:السوكوما
sus	ar:السوسو	ar-AE:السوسو	ar-BH:السوسو	ar-DJ:السوسو	ar-DZ:السوسو	ar-EG:السوسو	ar-EH:السوسو	ar-ER:السوسو	ar-IL:السوسو	ar-IQ:السوسو	ar-JO:السوسو	ar-KM:السوسو	ar-KW:السوسو	ar-LB:السوسو	ar-LY:السوسو	ar-MA:السوسو	ar-MR:السوسو	ar-OM:السوسو	ar-PS:السوسو	ar-QA:السوسو
sux	ar:السومارية	ar-AE:السومارية	ar-BH:السومارية	ar-DJ:السومارية	ar-DZ:السومارية	ar-EG:السومارية	ar-EH:السومارية	ar-ER:السومارية	ar-IL:السومارية	ar-IQ:السومارية	ar-JO:السومارية	ar-KM:السومارية	ar-KW:السومارية	ar-LB:السومارية	ar-LY:السومارية	ar-MA:السومارية	ar-MR:السومارية	ar-OM:السومارية	ar-PS:السومارية	ar-QA:السومارية
suz	ba:сунвар	cv:сунвар чӗлхи	et:sunvari	fi:sunwar	gd:Sunwar	ia:sunuwar	ku:sunwarî	ku-Latn:sunwarî	ku-Latn-IQ:sunwarî	ku-Latn-SY:sunwarî	ku-TR:sunwarî	sc:sunwar	shn:သုၼ်ႇဝႃႇ	shn-TH:သုၼ်ႇဝႃႇ
sv	af:Sweeds	af-NA:Sweeds	agq:Suedìs	ak:Sweden kasa	am:ስዊድንኛ	ar:السويدية	ar-AE:السويدية	ar-BH:السويدية	ar-DJ:السويدية	ar-DZ:السويدية	ar-EG:السويدية	ar-EH:السويدية	ar-ER:السويدية	ar-IL:السويدية	ar-IQ:السويدية	ar-JO:السويدية	ar-KM:السويدية	ar-KW:السويدية	ar-LB:السويدية	ar-LY:السويدية
sw	af:Swahili	af-NA:Swahili	ak:Swahili	am:ስዋሂሊኛ	ar:السواحلية	ar-AE:السواحلية	ar-BH:السواحلية	ar-DJ:السواحلية	ar-DZ:السواحلية	ar-EG:السواحلية	ar-EH:السواحلية	ar-ER:السواحلية	ar-IL:السواحلية	ar-IQ:السواحلية	ar-JO:السواحلية	ar-KM:السواحلية	ar-KW:السواحلية	ar-LB:السواحلية	ar-LY:السواحيلية	ar-MA:السواحلية
sw-CD	am:ኮንጎ ስዋሂሊ	ar:الكونغو السواحلية	ar-AE:الكونغو السواحلية	ar-BH:الكونغو السواحلية	ar-DJ:الكونغو السواحلية	ar-DZ:الكونغو السواحلية	ar-EG:الكونغو السواحلية	ar-EH:الكونغو السواحلية	ar-ER:الكونغو السواحلية	ar-IL:الكونغو السواحلية	ar-IQ:الكونغو السواحلية	ar-JO:الكونغو السواحلية	ar-KM:الكونغو السواحلية	ar-KW:الكونغو السواحلية	ar-LB:الكونغو السواحلية	ar-LY:السواحيلية الكونغولية	ar-MA:الكونغو السواحلية	ar-MR:الكونغو السواحلية	ar-OM:الكونغو السواحلية	ar-PS:الكونغو السواحلية
swb	af:Comoraans	af-NA:Comoraans	am:ኮሞሪያን	ar:القمرية	ar-AE:القمرية	ar-BH:القمرية	ar-DJ:القمرية	ar-DZ:القمرية	ar-EG:القمرية	ar-EH:القمرية	ar-ER:القمرية	ar-IL:القمرية	ar-IQ:القمرية	ar-JO:القمرية	ar-KM:القمرية	ar-KW:القمرية	ar-LB:القمرية	ar-LY:القمرية	ar-MA:القمرية	ar-MR:القمرية
syc	am:ክላሲክ ኔይራ	ar:سريانية تقليدية	ar-AE:سريانية تقليدية	ar-BH:سريانية تقليدية	ar-DJ:سريانية تقليدية	ar-DZ:سريانية تقليدية	ar-EG:سريانية تقليدية	ar-EH:سريانية تقليدية	ar-ER:سريانية تقليدية	ar-IL:سريانية تقليدية	ar-IQ:سريانية تقليدية	ar-JO:سريانية تقليدية	ar-KM:سريانية تقليدية	ar-KW:سريانية تقليدية	ar-LB:سريانية تقليدية	ar-LY:سريانية تقليدية	ar-MA:سريانية تقليدية	ar-MR:سريانية تقليدية	ar-OM:سريانية تقليدية	ar-PS:سريانية تقليدية
syr	af:Siries	af-NA:Siries	ak:Siiria Kasa	am:ሲሪያክ	ar:السريانية	ar-AE:السريانية	ar-BH:السريانية	ar-DJ:السريانية	ar-DZ:السريانية	ar-EG:السريانية	ar-EH:السريانية	ar-ER:السريانية	ar-IL:السريانية	ar-IQ:السريانية	ar-JO:السريانية	ar-KM:السريانية	ar-KW:السريانية	ar-LB:السريانية	ar-LY:السريانية	ar-MA:السريانية
szl	af:Silesies	af-NA:Silesies	ak:Silesiafoɔ Kasa	am:ሲሌሲያኛ	ar:السيليزية	ar-AE:السيليزية	ar-BH:السيليزية	ar-DJ:السيليزية	ar-DZ:السيليزية	ar-EG:السيليزية	ar-EH:السيليزية	ar-ER:السيليزية	ar-IL:السيليزية	ar-IQ:السيليزية	ar-JO:السيليزية	ar-KM:السيليزية	ar-KW:السيليزية	ar-LB:السيليزية	ar-LY:السيليزية	ar-MA:السيليزية
ta	af:Tamil	af-NA:Tamil	agq:Tamì	ak:Tamil kasa	am:ታሚል	ar:التاميلية	ar-AE:التاميلية	ar-BH:التاميلية	ar-DJ:التاميلية	ar-DZ:التاميلية	ar-EG:التاميلية	ar-EH:التاميلية	ar-ER:التاميلية	ar-IL:التاميلية	ar-IQ:التاميلية	ar-JO:التاميلية	ar-KM:التاميلية	ar-KW:التاميلية	ar-LB:التاميلية	ar-LY:التاميلية
tce	af:Suid-Tutchone	af-NA:Suid-Tutchone	am:ደቡባዊ ቱትቾን	ar:التوتشون الجنوبية	ar-AE:التوتشون الجنوبية	ar-BH:التوتشون الجنوبية	ar-DJ:التوتشون الجنوبية	ar-DZ:التوتشون الجنوبية	ar-EG:التوتشون الجنوبية	ar-EH:التوتشون الجنوبية	ar-ER:التوتشون الجنوبية	ar-IL:التوتشون الجنوبية	ar-IQ:التوتشون الجنوبية	ar-JO:التوتشون الجنوبية	ar-KM:التوتشون الجنوبية	ar-KW:التوتشون الجنوبية	ar-LB:التوتشون الجنوبية	ar-LY:التوتشون الجنوبية	ar-MA:التوتشون الجنوبية	ar-MR:التوتشون الجنوبية
tcy	ast:tulu	br:touloueg	cs:tuluština	cy:Tulu	de:Tulu	de-AT:Tulu	de-BE:Tulu	de-CH:Tulu	de-IT:Tulu	de-LI:Tulu	de-LU:Tulu	en:Tulu	en-001:Tulu	en-150:Tulu	en-AE:Tulu	en-AG:Tulu	en-AI:Tulu	en-AS:Tulu	en-AT:Tulu	en-AU:Tulu
te	af:Teloegoe	af-NA:Teloegoe	ak:Telugu	am:ተሉጉ	ar:التيلوغوية	ar-AE:التيلوغوية	ar-BH:التيلوغوية	ar-DJ:التيلوغوية	ar-DZ:التيلوغوية	ar-EG:التيلوغوية	ar-EH:التيلوغوية	ar-ER:التيلوغوية	ar-IL:التيلوغوية	ar-IQ:التيلوغوية	ar-JO:التيلوغوية	ar-KM:التيلوغوية	ar-KW:التيلوغوية	ar-LB:التيلوغوية	ar-LY:التيلوغوية	ar-MA:التيلوغوية
tem	af:Timne	af-NA:Timne	am:ቲምኔ	ar:التيمن	ar-AE:التيمن	ar-BH:التيمن	ar-DJ:التيمن	ar-DZ:التيمن	ar-EG:التيمن	ar-EH:التيمن	ar-ER:التيمن	ar-IL:التيمن	ar-IQ:التيمن	ar-JO:التيمن	ar-KM:التيمن	ar-KW:التيمن	ar-LB:التيمن	ar-LY:التيمن	ar-MA:التيمن	ar-MR:التيمن
teo	af:Teso	af-NA:Teso	am:ቴሶ	ar:تيسو	ar-AE:تيسو	ar-BH:تيسو	ar-DJ:تيسو	ar-DZ:تيسو	ar-EG:تيسو	ar-EH:تيسو	ar-ER:تيسو	ar-IL:تيسو	ar-IQ:تيسو	ar-JO:تيسو	ar-KM:تيسو	ar-KW:تيسو	ar-LB:تيسو	ar-LY:تيسو	ar-MA:تيسو	ar-MR:تيسو
ter	ar:التيرينو	ar-AE:التيرينو	ar-BH:التيرينو	ar-DJ:التيرينو	ar-DZ:التيرينو	ar-EG:التيرينو	ar-EH:التيرينو	ar-ER:التيرينو	ar-IL:التيرينو	ar-IQ:التيرينو	ar-JO:التيرينو	ar-KM:التيرينو	ar-KW:التيرينو	ar-LB:التيرينو	ar-LY:التيرينو	ar-MA:التيرينو	ar-MR:التيرينو	ar-OM:التيرينو	ar-PS:التيرينو	ar-QA:التيرينو
tet	af:Tetoem	af-NA:Tetoem	am:ቴተም	ar:التيتم	ar-AE:التيتم	ar-BH:التيتم	ar-DJ:التيتم	ar-DZ:التيتم	ar-EG:التيتم	ar-EH:التيتم	ar-ER:التيتم	ar-IL:التيتم	ar-IQ:التيتم	ar-JO:التيتم	ar-KM:التيتم	ar-KW:التيتم	ar-LB:التيتم	ar-LY:التيتم	ar-MA:التيتم	ar-MR:التيتم
tg	af:Tadjiks	af-NA:Tadjiks	ak:Tɛgyeke kasa	am:ታጂክ	ar:الطاجيكية	ar-AE:الطاجيكية	ar-BH:الطاجيكية	ar-DJ:الطاجيكية	ar-DZ:الطاجيكية	ar-EG:الطاجيكية	ar-EH:الطاجيكية	ar-ER:الطاجيكية	ar-IL:الطاجيكية	ar-IQ:الطاجيكية	ar-JO:الطاجيكية	ar-KM:الطاجيكية	ar-KW:الطاجيكية	ar-LB:الطاجيكية	ar-LY:الطاجيكية	ar-MA:الطاجيكية
tgx	af:Tagish	af-NA:Tagish	am:ታጊሽ	ar:التاغيش	ar-AE:التاغيش	ar-BH:التاغيش	ar-DJ:التاغيش	ar-DZ:التاغيش	ar-EG:التاغيش	ar-EH:التاغيش	ar-ER:التاغيش	ar-IL:التاغيش	ar-IQ:التاغيش	ar-JO:التاغيش	ar-KM:التاغيش	ar-KW:التاغيش	ar-LB:التاغيش	ar-LY:التاغيش	ar-MA:التاغيش	ar-MR:التاغيش
th	af:Thai	af-NA:Thai	agq:Tàe	ak:Taeland kasa	am:ታይ	ar:التايلاندية	ar-AE:التايلاندية	ar-BH:التايلاندية	ar-DJ:التايلاندية	ar-DZ:التايلاندية	ar-EG:التايلاندية	ar-EH:التايلاندية	ar-ER:التايلاندية	ar-IL:التايلاندية	ar-IQ:التايلاندية	ar-JO:التايلاندية	ar-KM:التايلاندية	ar-KW:التايلاندية	ar-LB:التايلاندية	ar-LY:التايلاندية
tht	af:Tahltan	af-NA:Tahltan	am:ታህልታን	ar:التالتان	ar-AE:التالتان	ar-BH:التالتان	ar-DJ:التالتان	ar-DZ:التالتان	ar-EG:التالتان	ar-EH:التالتان	ar-ER:التالتان	ar-IL:التالتان	ar-IQ:التالتان	ar-JO:التالتان	ar-KM:التالتان	ar-KW:التالتان	ar-LB:التالتان	ar-LY:التالتان	ar-MA:التالتان	ar-MR:التالتان
ti	af:Tigrinja	af-NA:Tigrinja	ak:Tigrinya kasa	am:ትግርኛ	ar:التغرينية	ar-AE:التغرينية	ar-BH:التغرينية	ar-DJ:التغرينية	ar-DZ:التغرينية	ar-EG:التغرينية	ar-EH:التغرينية	ar-ER:التغرينية	ar-IL:التغرينية	ar-IQ:التغرينية	ar-JO:التغرينية	ar-KM:التغرينية	ar-KW:التغرينية	ar-LB:التغرينية	ar-LY:التيغرينية	ar-MA:التغرينية
tig	af:Tigre	af-NA:Tigre	am:ትግረ	ar:التيغرية	ar-AE:التيغرية	ar-BH:التيغرية	ar-DJ:التيغرية	ar-DZ:التيغرية	ar-EG:التيغرية	ar-EH:التيغرية	ar-ER:التيغرية	ar-IL:التيغرية	ar-IQ:التيغرية	ar-JO:التيغرية	ar-KM:التيغرية	ar-KW:التيغرية	ar-LB:التيغرية	ar-LY:التيغرية	ar-MA:التيغرية	ar-MR:التيغرية
tiv	ar:التيف	ar-AE:التيف	ar-BH:التيف	ar-DJ:التيف	ar-DZ:التيف	ar-EG:التيف	ar-EH:التيف	ar-ER:التيف	ar-IL:التيف	ar-IQ:التيف	ar-JO:التيف	ar-KM:التيف	ar-KW:التيف	ar-LB:التيف	ar-LY:التيف	ar-MA:التيف	ar-MR:التيف	ar-OM:التيف	ar-PS:التيف	ar-QA:التيف
tk	af:Turkmeens	af-NA:Turkmeens	ak:Tɛkmɛnistan Kasa	am:ቱርክሜን	ar:التركمانية	ar-AE:التركمانية	ar-BH:التركمانية	ar-DJ:التركمانية	ar-DZ:التركمانية	ar-EG:التركمانية	ar-EH:التركمانية	ar-ER:التركمانية	ar-IL:التركمانية	ar-IQ:التركمانية	ar-JO:التركمانية	ar-KM:التركمانية	ar-KW:التركمانية	ar-LB:التركمانية	ar-LY:التركمانية	ar-MA:التركمانية
tkl	ar:التوكيلاو	ar-AE:التوكيلاو	ar-BH:التوكيلاو	ar-DJ:التوكيلاو	ar-DZ:التوكيلاو	ar-EG:التوكيلاو	ar-EH:التوكيلاو	ar-ER:التوكيلاو	ar-IL:التوكيلاو	ar-IQ:التوكيلاو	ar-JO:التوكيلاو	ar-KM:التوكيلاو	ar-KW:التوكيلاو	ar-LB:التوكيلاو	ar-LY:التوكيلاو	ar-MA:التوكيلاو	ar-MR:التوكيلاو	ar-OM:التوكيلاو	ar-PS:التوكيلاو	ar-QA:التوكيلاو
tkr	ast:tsakhur	ca:tsakhur	ca-AD:tsakhur	ca-ES-valencia:tsakhur	ca-FR:tsakhur	ca-IT:tsakhur	cs:cachurština	cy:Tsakhureg	de:Tsachurisch	de-AT:Tsachurisch	de-BE:Tsachurisch	de-CH:Tsachurisch	de-IT:Tsachurisch	de-LI:Tsachurisch	de-LU:Tsachurisch	en:Tsakhur	en-001:Tsakhur	en-150:Tsakhur	en-AE:Tsakhur	en-AG:Tsakhur
tl	am:ታጋሎገኛ	ar:التاغالوغية	ar-AE:التاغالوغية	ar-BH:التاغالوغية	ar-DJ:التاغالوغية	ar-DZ:التاغالوغية	ar-EG:التاغالوغية	ar-EH:التاغالوغية	ar-ER:التاغالوغية	ar-IL:التاغالوغية	ar-IQ:التاغالوغية	ar-JO:التاغالوغية	ar-KM:التاغالوغية	ar-KW:التاغالوغية	ar-LB:التاغالوغية	ar-LY:التاغالوغية	ar-MA:التاغالوغية	ar-MR:التاغالوغية	ar-OM:التاغالوغية	ar-PS:التاغالوغية
tlh	af:Klingon	af-NA:Klingon	am:ክሊንጎን	ar:الكلينجون	ar-AE:الكلينجون	ar-BH:الكلينجون	ar-DJ:الكلينجون	ar-DZ:الكلينجون	ar-EG:الكلينجون	ar-EH:الكلينجون	ar-ER:الكلينجون	ar-IL:الكلينجون	ar-IQ:الكلينجون	ar-JO:الكلينجون	ar-KM:الكلينجون	ar-KW:الكلينجون	ar-LB:الكلينجون	ar-LY:الكلينجون	ar-MA:الكلينجون	ar-MR:الكلينجون
tli	af:Tlingit	af-NA:Tlingit	am:ትሊንጊት	ar:التلينغيتية	ar-AE:التلينغيتية	ar-BH:التلينغيتية	ar-DJ:التلينغيتية	ar-DZ:التلينغيتية	ar-EG:التلينغيتية	ar-EH:التلينغيتية	ar-ER:التلينغيتية	ar-IL:التلينغيتية	ar-IQ:التلينغيتية	ar-JO:التلينغيتية	ar-KM:التلينغيتية	ar-KW:التلينغيتية	ar-LB:التلينغيتية	ar-LY:التلينغيتية	ar-MA:التلينغيتية	ar-MR:التلينغيتية
tly	ast:talixín	ca:talix	ca-AD:talix	ca-ES-valencia:talix	ca-FR:talix	ca-IT:talix	cs:talyština	cy:Talysheg	de:Talisch	de-AT:Talisch	de-BE:Talisch	de-CH:Talisch	de-IT:Talisch	de-LI:Talisch	de-LU:Talisch	en:Talysh	en-001:Talysh	en-150:Talysh	en-AE:Talysh	en-AG:Talysh
tmh	ar:التاماشيك	ar-AE:التاماشيك	ar-BH:التاماشيك	ar-DJ:التاماشيك	ar-DZ:التاماشيك	ar-EG:التاماشيك	ar-EH:التاماشيك	ar-ER:التاماشيك	ar-IL:التاماشيك	ar-IQ:التاماشيك	ar-JO:التاماشيك	ar-KM:التاماشيك	ar-KW:التاماشيك	ar-LB:التاماشيك	ar-LY:التاماشيك	ar-MA:التاماشيك	ar-MR:التاماشيك	ar-OM:التاماشيك	ar-PS:التاماشيك	ar-QA:التاماشيك
tn	af:Tswana	af-NA:Tswana	am:ጽዋና	ar:التسوانية	ar-AE:التسوانية	ar-BH:التسوانية	ar-DJ:التسوانية	ar-DZ:التسوانية	ar-EG:التسوانية	ar-EH:التسوانية	ar-ER:التسوانية	ar-IL:التسوانية	ar-IQ:التسوانية	ar-JO:التسوانية	ar-KM:التسوانية	ar-KW:التسوانية	ar-LB:التسوانية	ar-LY:التسوانية	ar-MA:التسوانية	ar-MR:التسوانية
to	af:Tongaans	af-NA:Tongaans	ak:Tonga kasa	am:ቶንጋን	ar:التونغية	ar-AE:التونغية	ar-BH:التونغية	ar-DJ:التونغية	ar-DZ:التونغية	ar-EG:التونغية	ar-EH:التونغية	ar-ER:التونغية	ar-IL:التونغية	ar-IQ:التونغية	ar-JO:التونغية	ar-KM:التونغية	ar-KW:التونغية	ar-LB:التونغية	ar-LY:التونغية	ar-MA:التونغية
tog	ar:تونجا - نياسا	ar-AE:تونجا - نياسا	ar-BH:تونجا - نياسا	ar-DJ:تونجا - نياسا	ar-DZ:تونجا - نياسا	ar-EG:تونجا - نياسا	ar-EH:تونجا - نياسا	ar-ER:تونجا - نياسا	ar-IL:تونجا - نياسا	ar-IQ:تونجا - نياسا	ar-JO:تونجا - نياسا	ar-KM:تونجا - نياسا	ar-KW:تونجا - نياسا	ar-LB:تونجا - نياسا	ar-LY:تونجا - نياسا	ar-MA:تونجا - نياسا	ar-MR:تونجا - نياسا	ar-OM:تونجا - نياسا	ar-PS:تونجا - نياسا	ar-QA:تونجا - نياسا
tok	af:Toki Pona	af-NA:Toki Pona	am:ቶኪ ፖና	ar:التوكي-بونا	ar-AE:التوكي-بونا	ar-BH:التوكي-بونا	ar-DJ:التوكي-بونا	ar-DZ:التوكي-بونا	ar-EG:التوكي-بونا	ar-EH:التوكي-بونا	ar-ER:التوكي-بونا	ar-IL:التوكي-بونا	ar-IQ:التوكي-بونا	ar-JO:التوكي-بونا	ar-KM:التوكي-بونا	ar-KW:التوكي-بونا	ar-LB:التوكي-بونا	ar-LY:التوكي-بونا	ar-MA:التوكي-بونا	ar-MR:التوكي-بونا
tpi	af:Tok Pisin	af-NA:Tok Pisin	am:ቶክ ፒሲን	ar:التوك بيسين	ar-AE:التوك بيسين	ar-BH:التوك بيسين	ar-DJ:التوك بيسين	ar-DZ:التوك بيسين	ar-EG:التوك بيسين	ar-EH:التوك بيسين	ar-ER:التوك بيسين	ar-IL:التوك بيسين	ar-IQ:التوك بيسين	ar-JO:التوك بيسين	ar-KM:التوك بيسين	ar-KW:التوك بيسين	ar-LB:التوك بيسين	ar-LY:التوك بيسين	ar-MA:التوك بيسين	ar-MR:التوك بيسين
tr	af:Turks	af-NA:Turks	agq:Tʉʉkìs	ak:Tɛɛki kasa	am:ቱርክኛ	ar:التركية	ar-AE:التركية	ar-BH:التركية	ar-DJ:التركية	ar-DZ:التركية	ar-EG:التركية	ar-EH:التركية	ar-ER:التركية	ar-IL:التركية	ar-IQ:التركية	ar-JO:التركية	ar-KM:التركية	ar-KW:التركية	ar-LB:التركية	ar-LY:التركية
tru	ast:turoyo	br:turoyoeg	cs:turojština	de:Turoyo	de-AT:Turoyo	de-BE:Turoyo	de-CH:Turoyo	de-IT:Turoyo	de-LI:Turoyo	de-LU:Turoyo	en:Turoyo	en-001:Turoyo	en-150:Turoyo	en-AE:Turoyo	en-AG:Turoyo	en-AI:Turoyo	en-AS:Turoyo	en-AT:Turoyo	en-AU:Turoyo	en-BB:Turoyo
trv	af:Taroko	af-NA:Taroko	am:ታሮኮ	ar:لغة التاروكو	ar-AE:لغة التاروكو	ar-BH:لغة التاروكو	ar-DJ:لغة التاروكو	ar-DZ:لغة التاروكو	ar-EG:لغة التاروكو	ar-EH:لغة التاروكو	ar-ER:لغة التاروكو	ar-IL:لغة التاروكو	ar-IQ:لغة التاروكو	ar-JO:لغة التاروكو	ar-KM:لغة التاروكو	ar-KW:لغة التاروكو	ar-LB:لغة التاروكو	ar-LY:لغة التاروكو	ar-MA:لغة التاروكو	ar-MR:لغة التاروكو
trw	ba:торвали	bal-Latn:Torwáli	blo:Tɔɔrwalii kagɩja	cv:торвали чӗлхи	en:Torwali	en-001:Torwali	en-150:Torwali	en-AE:Torwali	en-AG:Torwali	en-AI:Torwali	en-AS:Torwali	en-AT:Torwali	en-AU:Torwali	en-BB:Torwali	en-BE:Torwali	en-BI:Torwali	en-BM:Torwali	en-BS:Torwali	en-BW:Torwali	en-BZ:Torwali
ts	af:Tsonga	af-NA:Tsonga	am:ጾንጋ	ar:السونجا	ar-AE:السونجا	ar-BH:السونجا	ar-DJ:السونجا	ar-DZ:السونجا	ar-EG:السونجا	ar-EH:السونجا	ar-ER:السونجا	ar-IL:السونجا	ar-IQ:السونجا	ar-JO:السونجا	ar-KM:السونجا	ar-KW:السونجا	ar-LB:السونجا	ar-LY:السونجا	ar-MA:السونجا	ar-MR:السونجا
tsd	ast:tsakoniu	cs:tsakonština	cy:Tsaconeg	de:Tsakonisch	de-AT:Tsakonisch	de-BE:Tsakonisch	de-CH:Tsakonisch	de-IT:Tsakonisch	de-LI:Tsakonisch	de-LU:Tsakonisch	en:Tsakonian	en-001:Tsakonian	en-150:Tsakonian	en-AE:Tsakonian	en-AG:Tsakonian	en-AI:Tsakonian	en-AS:Tsakonian	en-AT:Tsakonian	en-AU:Tsakonian	en-BB:Tsakonian
tsi	ar:التسيمشيان	ar-AE:التسيمشيان	ar-BH:التسيمشيان	ar-DJ:التسيمشيان	ar-DZ:التسيمشيان	ar-EG:التسيمشيان	ar-EH:التسيمشيان	ar-ER:التسيمشيان	ar-IL:التسيمشيان	ar-IQ:التسيمشيان	ar-JO:التسيمشيان	ar-KM:التسيمشيان	ar-KW:التسيمشيان	ar-LB:التسيمشيان	ar-LY:التسيمشيان	ar-MA:التسيمشيان	ar-MR:التسيمشيان	ar-OM:التسيمشيان	ar-PS:التسيمشيان	ar-QA:التسيمشيان
tt	af:Tataars	af-NA:Tataars	ak:Tata kasa	am:ታታር	ar:التترية	ar-AE:التترية	ar-BH:التترية	ar-DJ:التترية	ar-DZ:التترية	ar-EG:التترية	ar-EH:التترية	ar-ER:التترية	ar-IL:التترية	ar-IQ:التترية	ar-JO:التترية	ar-KM:التترية	ar-KW:التترية	ar-LB:التترية	ar-LY:التترية	ar-MA:التترية
ttm	af:Noord-Tutchone	af-NA:Noord-Tutchone	am:ሰሜናዊ ቱትቾን	ar:التوتشون الشمالية	ar-AE:التوتشون الشمالية	ar-BH:التوتشون الشمالية	ar-DJ:التوتشون الشمالية	ar-DZ:التوتشون الشمالية	ar-EG:التوتشون الشمالية	ar-EH:التوتشون الشمالية	ar-ER:التوتشون الشمالية	ar-IL:التوتشون الشمالية	ar-IQ:التوتشون الشمالية	ar-JO:التوتشون الشمالية	ar-KM:التوتشون الشمالية	ar-KW:التوتشون الشمالية	ar-LB:التوتشون الشمالية	ar-LY:التوتشون الشمالية	ar-MA:التوتشون الشمالية	ar-MR:التوتشون الشمالية
ttt	ast:tati musulmán	ca:tat meridional	ca-AD:tat meridional	ca-ES-valencia:tat meridional	ca-FR:tat meridional	ca-IT:tat meridional	cs:tatština	de:Tatisch	de-AT:Tatisch	de-BE:Tatisch	de-CH:Tatisch	de-IT:Tatisch	de-LI:Tatisch	de-LU:Tatisch	en:Muslim Tat	en-001:Muslim Tat	en-150:Muslim Tat	en-AE:Muslim Tat	en-AG:Muslim Tat	en-AI:Muslim Tat
tum	af:Toemboeka	af-NA:Toemboeka	am:ቱምቡካ	ar:التامبوكا	ar-AE:التامبوكا	ar-BH:التامبوكا	ar-DJ:التامبوكا	ar-DZ:التامبوكا	ar-EG:التامبوكا	ar-EH:التامبوكا	ar-ER:التامبوكا	ar-IL:التامبوكا	ar-IQ:التامبوكا	ar-JO:التامبوكا	ar-KM:التامبوكا	ar-KW:التامبوكا	ar-LB:التامبوكا	ar-LY:التامبوكا	ar-MA:التامبوكا	ar-MR:التامبوكا
tvl	af:Tuvalu	af-NA:Tuvalu	am:ቱቫሉ	ar:التوفالو	ar-AE:التوفالو	ar-BH:التوفالو	ar-DJ:التوفالو	ar-DZ:التوفالو	ar-EG:التوفالو	ar-EH:التوفالو	ar-ER:التوفالو	ar-IL:التوفالو	ar-IQ:التوفالو	ar-JO:التوفالو	ar-KM:التوفالو	ar-KW:التوفالو	ar-LB:التوفالو	ar-LY:التوفالو	ar-MA:التوفالو	ar-MR:التوفالو
tw	af:Twi	af-NA:Twi	am:ትዊኛ	ar:التوي	ar-AE:التوي	ar-BH:التوي	ar-DJ:التوي	ar-DZ:التوي	ar-EG:التوي	ar-EH:التوي	ar-ER:التوي	ar-IL:التوي	ar-IQ:التوي	ar-JO:التوي	ar-KM:التوي	ar-KW:التوي	ar-LB:التوي	ar-LY:التوي	ar-MA:التوي	ar-MR:التوي
twq	af:Tasawaq	af-NA:Tasawaq	am:ታሳዋክ	ar:تاساواق	ar-AE:تاساواق	ar-BH:تاساواق	ar-DJ:تاساواق	ar-DZ:تاساواق	ar-EG:تاساواق	ar-EH:تاساواق	ar-ER:تاساواق	ar-IL:تاساواق	ar-IQ:تاساواق	ar-JO:تاساواق	ar-KM:تاساواق	ar-KW:تاساواق	ar-LB:تاساواق	ar-LY:تاساواق	ar-MA:تاساواق	ar-MR:تاساواق
ty	af:Tahities	af-NA:Tahities	am:ታሂታንኛ	ar:التاهيتية	ar-AE:التاهيتية	ar-BH:التاهيتية	ar-DJ:التاهيتية	ar-DZ:التاهيتية	ar-EG:التاهيتية	ar-EH:التاهيتية	ar-ER:التاهيتية	ar-IL:التاهيتية	ar-IQ:التاهيتية	ar-JO:التاهيتية	ar-KM:التاهيتية	ar-KW:التاهيتية	ar-LB:التاهيتية	ar-LY:التاهيتية	ar-MA:التاهيتية	ar-MR:التاهيتية
tyv	af:Tuvinees	af-NA:Tuvinees	am:ቱቪንያንኛ	ar:التوفية	ar-AE:التوفية	ar-BH:التوفية	ar-DJ:التوفية	ar-DZ:التوفية	ar-EG:التوفية	ar-EH:التوفية	ar-ER:التوفية	ar-IL:التوفية	ar-IQ:التوفية	ar-JO:التوفية	ar-KM:التوفية	ar-KW:التوفية	ar-LB:التوفية	ar-LY:التوفية	ar-MA:التوفية	ar-MR:التوفية
tzm	af:Sentraal-Atlas-Tamazight	af-NA:Sentraal-Atlas-Tamazight	am:መካከለኛው አትላስ ታማዚኛ	ar:الأمازيغية وسط الأطلس	ar-AE:الأمازيغية وسط الأطلس	ar-BH:الأمازيغية وسط الأطلس	ar-DJ:الأمازيغية وسط الأطلس	ar-DZ:الأمازيغية وسط الأطلس	ar-EG:الأمازيغية وسط الأطلس	ar-EH:الأمازيغية وسط الأطلس	ar-ER:الأمازيغية وسط الأطلس	ar-IL:الأمازيغية وسط الأطلس	ar-IQ:الأمازيغية وسط الأطلس	ar-JO:الأمازيغية وسط الأطلس	ar-KM:الأمازيغية وسط الأطلس	ar-KW:الأمازيغية وسط الأطلس	ar-LB:الأمازيغية وسط الأطلس	ar-LY:الأمازيغية وسط الأطلس	ar-MA:الأمازيغية وسط الأطلس	ar-MR:الأمازيغية وسط الأطلس
udm	af:Udmurt	af-NA:Udmurt	am:ኡድሙርት	ar:الأدمرت	ar-AE:الأدمرت	ar-BH:الأدمرت	ar-DJ:الأدمرت	ar-DZ:الأدمرت	ar-EG:الأدمرت	ar-EH:الأدمرت	ar-ER:الأدمرت	ar-IL:الأدمرت	ar-IQ:الأدمرت	ar-JO:الأدمرت	ar-KM:الأدمرت	ar-KW:الأدمرت	ar-LB:الأدمرت	ar-LY:الأدمرت	ar-MA:الأدمرت	ar-MR:الأدمرت
ug	af:Uighur	af-NA:Uighur	ak:Yugaa Kasa	am:ኡይግሁር	ar:الأويغورية	ar-AE:الأويغورية	ar-BH:الأويغورية	ar-DJ:الأويغورية	ar-DZ:الأويغورية	ar-EG:الأويغورية	ar-EH:الأويغورية	ar-ER:الأويغورية	ar-IL:الأويغورية	ar-IQ:الأويغورية	ar-JO:الأويغورية	ar-KM:الأويغورية	ar-KW:الأويغورية	ar-LB:الأويغورية	ar-LY:الأويغورية	ar-MA:الأويغورية
uga	ar:اليجاريتيك	ar-AE:اليجاريتيك	ar-BH:اليجاريتيك	ar-DJ:اليجاريتيك	ar-DZ:اليجاريتيك	ar-EG:اليجاريتيك	ar-EH:اليجاريتيك	ar-ER:اليجاريتيك	ar-IL:اليجاريتيك	ar-IQ:اليجاريتيك	ar-JO:اليجاريتيك	ar-KM:اليجاريتيك	ar-KW:اليجاريتيك	ar-LB:اليجاريتيك	ar-LY:اليجاريتيك	ar-MA:اليجاريتيك	ar-MR:اليجاريتيك	ar-OM:اليجاريتيك	ar-PS:اليجاريتيك	ar-QA:اليجاريتيك
uk	af:Oekraïens	af-NA:Oekraïens	agq:Ùkɛlɛnìa	ak:Ukren kasa	am:ዩክሬንኛ	ar:الأوكرانية	ar-AE:الأوكرانية	ar-BH:الأوكرانية	ar-DJ:الأوكرانية	ar-DZ:الأوكرانية	ar-EG:الأوكرانية	ar-EH:الأوكرانية	ar-ER:الأوكرانية	ar-IL:الأوكرانية	ar-IQ:الأوكرانية	ar-JO:الأوكرانية	ar-KM:الأوكرانية	ar-KW:الأوكرانية	ar-LB:الأوكرانية	ar-LY:الأوكرانية
umb	af:Umbundu	af-NA:Umbundu	am:ኡምቡንዱ	ar:الأمبندو	ar-AE:الأمبندو	ar-BH:الأمبندو	ar-DJ:الأمبندو	ar-DZ:الأمبندو	ar-EG:الأمبندو	ar-EH:الأمبندو	ar-ER:الأمبندو	ar-IL:الأمبندو	ar-IQ:الأمبندو	ar-JO:الأمبندو	ar-KM:الأمبندو	ar-KW:الأمبندو	ar-LB:الأمبندو	ar-LY:الأمبندو	ar-MA:الأمبندو	ar-MR:الأمبندو
und	af:Onbekende taal	af-NA:Onbekende taal	ak:kasa a yɛnnim	am:ያልታወቀ ቋንቋ	ar:لغة غير معروفة	ar-AE:لغة غير معروفة	ar-BH:لغة غير معروفة	ar-DJ:لغة غير معروفة	ar-DZ:لغة غير معروفة	ar-EG:لغة غير معروفة	ar-EH:لغة غير معروفة	ar-ER:لغة غير معروفة	ar-IL:لغة غير معروفة	ar-IQ:لغة غير معروفة	ar-JO:لغة غير معروفة	ar-KM:لغة غير معروفة	ar-KW:لغة غير معروفة	ar-LB:لغة غير معروفة	ar-LY:لغة غير معروفة	ar-MA:لغة غير معروفة
ur	af:Oerdoe	af-NA:Oerdoe	agq:Uudùw	ak:Urdu kasa	am:ኡርዱኛ	ar:الأوردية	ar-AE:الأوردية	ar-BH:الأوردية	ar-DJ:الأوردية	ar-DZ:الأوردية	ar-EG:الأوردية	ar-EH:الأوردية	ar-ER:الأوردية	ar-IL:الأوردية	ar-IQ:الأوردية	ar-JO:الأوردية	ar-KM:الأوردية	ar-KW:الأوردية	ar-LB:الأوردية	ar-LY:الأوردية
uz	af:Oesbekies	af-NA:Oesbekies	ak:Usbɛkistan Kasa	am:ኡዝቤክኛ	ar:الأوزبكية	ar-AE:الأوزبكية	ar-BH:الأوزبكية	ar-DJ:الأوزبكية	ar-DZ:الأوزبكية	ar-EG:الأوزبكية	ar-EH:الأوزبكية	ar-ER:الأوزبكية	ar-IL:الأوزبكية	ar-IQ:الأوزبكية	ar-JO:الأوزبكية	ar-KM:الأوزبكية	ar-KW:الأوزبكية	ar-LB:الأوزبكية	ar-LY:الأوزبكية	ar-MA:الأوزبكية
vai	af:Vai	af-NA:Vai	am:ቫይ	ar:الفاي	ar-AE:الفاي	ar-BH:الفاي	ar-DJ:الفاي	ar-DZ:الفاي	ar-EG:الفاي	ar-EH:الفاي	ar-ER:الفاي	ar-IL:الفاي	ar-IQ:الفاي	ar-JO:الفاي	ar-KM:الفاي	ar-KW:الفاي	ar-LB:الفاي	ar-LY:الفاي	ar-MA:الفاي	ar-MR:الفاي
ve	af:Venda	af-NA:Venda	am:ቬንዳ	ar:الفيندا	ar-AE:الفيندا	ar-BH:الفيندا	ar-DJ:الفيندا	ar-DZ:الفيندا	ar-EG:الفيندا	ar-EH:الفيندا	ar-ER:الفيندا	ar-IL:الفيندا	ar-IQ:الفيندا	ar-JO:الفيندا	ar-KM:الفيندا	ar-KW:الفيندا	ar-LB:الفيندا	ar-LY:الفيندا	ar-MA:الفيندا	ar-MR:الفيندا
vec	af:Venesiaans	af-NA:Venesiaans	ak:Vɛnihyia Kasa	am:ቬነቲያንኛ	ar:البندقية	ar-AE:البندقية	ar-BH:البندقية	ar-DJ:البندقية	ar-DZ:البندقية	ar-EG:البندقية	ar-EH:البندقية	ar-ER:البندقية	ar-IL:البندقية	ar-IQ:البندقية	ar-JO:البندقية	ar-KM:البندقية	ar-KW:البندقية	ar-LB:البندقية	ar-LY:البندقية	ar-MA:البندقية
vep	ast:vepsiu	br:vepseg	ca:vepse	ca-AD:vepse	ca-ES-valencia:vepse	ca-FR:vepse	ca-IT:vepse	cs:vepština	cy:Feps	de:Wepsisch	de-AT:Wepsisch	de-BE:Wepsisch	de-CH:Wepsisch	de-IT:Wepsisch	de-LI:Wepsisch	de-LU:Wepsisch	en:Veps	en-001:Veps	en-150:Veps	en-AE:Veps
vi	af:Viëtnamees	af-NA:Viëtnamees	agq:Vìyɛtnàmê	ak:Viɛtnam kasa	am:ቪየትናምኛ	ar:الفيتنامية	ar-AE:الفيتنامية	ar-BH:الفيتنامية	ar-DJ:الفيتنامية	ar-DZ:الفيتنامية	ar-EG:الفيتنامية	ar-EH:الفيتنامية	ar-ER:الفيتنامية	ar-IL:الفيتنامية	ar-IQ:الفيتنامية	ar-JO:الفيتنامية	ar-KM:الفيتنامية	ar-KW:الفيتنامية	ar-LB:الفيتنامية	ar-LY:الفيتنامية
vls	ast:flamencu occidental	br:flandrezeg ar c’hornôg	ca:flamenc occidental	ca-AD:flamenc occidental	ca-ES-valencia:flamenc occidental	ca-FR:flamenc occidental	ca-IT:flamenc occidental	cs:vlámština (západní)	cy:Fflemeg Gorllewinol	de:Westflämisch	de-AT:Westflämisch	de-BE:Westflämisch	de-CH:Westflämisch	de-IT:Westflämisch	de-LI:Westflämisch	de-LU:Westflämisch	en:West Flemish	en-001:West Flemish	en-150:West Flemish	en-AE:West Flemish
vmf	ast:franconianu del Main	cs:němčina (mohansko-franské dialekty)	de:Mainfränkisch	de-AT:Mainfränkisch	de-BE:Mainfränkisch	de-CH:Mainfränkisch	de-IT:Mainfränkisch	de-LI:Mainfränkisch	de-LU:Mainfränkisch	en:Main-Franconian	en-001:Main-Franconian	en-150:Main-Franconian	en-AE:Main-Franconian	en-AG:Main-Franconian	en-AI:Main-Franconian	en-AS:Main-Franconian	en-AT:Main-Franconian	en-AU:Main-Franconian	en-BB:Main-Franconian	en-BE:Main-Franconian
vmw	af:Makhuwa	af-NA:Makhuwa	ak:Makuwa	am:ማክሁዋኛ	ar:الماكوا	ar-AE:الماكوا	ar-BH:الماكوا	ar-DJ:الماكوا	ar-DZ:الماكوا	ar-EG:الماكوا	ar-EH:الماكوا	ar-ER:الماكوا	ar-IL:الماكوا	ar-IQ:الماكوا	ar-JO:الماكوا	ar-KM:الماكوا	ar-KW:الماكوا	ar-LB:الماكوا	ar-LY:الماكوا	ar-MA:الماكوا
vo	af:Volapük	af-NA:Volapük	am:ቮላፑክኛ	ar:لغة الفولابوك	ar-AE:لغة الفولابوك	ar-BH:لغة الفولابوك	ar-DJ:لغة الفولابوك	ar-DZ:لغة الفولابوك	ar-EG:لغة الفولابوك	ar-EH:لغة الفولابوك	ar-ER:لغة الفولابوك	ar-IL:لغة الفولابوك	ar-IQ:لغة الفولابوك	ar-JO:لغة الفولابوك	ar-KM:لغة الفولابوك	ar-KW:لغة الفولابوك	ar-LB:لغة الفولابوك	ar-LY:لغة الفولابوك	ar-MA:لغة الفولابوك	ar-MR:لغة الفولابوك
vot	ar:الفوتيك	ar-AE:الفوتيك	ar-BH:الفوتيك	ar-DJ:الفوتيك	ar-DZ:الفوتيك	ar-EG:الفوتيك	ar-EH:الفوتيك	ar-ER:الفوتيك	ar-IL:الفوتيك	ar-IQ:الفوتيك	ar-JO:الفوتيك	ar-KM:الفوتيك	ar-KW:الفوتيك	ar-LB:الفوتيك	ar-LY:الفوتيك	ar-MA:الفوتيك	ar-MR:الفوتيك	ar-OM:الفوتيك	ar-PS:الفوتيك	ar-QA:الفوتيك
vro	ast:voro	br:voroeg	cs:võruština	de:Võro	de-AT:Võro	de-BE:Võro	de-CH:Võro	de-IT:Võro	de-LI:Võro	de-LU:Võro	en:Võro	en-001:Võro	en-150:Võro	en-AE:Võro	en-AG:Võro	en-AI:Võro	en-AS:Võro	en-AT:Võro	en-AU:Võro	en-BB:Võro
vun	af:Vunjo	af-NA:Vunjo	am:ቩንጆ	ar:الفونجو	ar-AE:الفونجو	ar-BH:الفونجو	ar-DJ:الفونجو	ar-DZ:الفونجو	ar-EG:الفونجو	ar-EH:الفونجو	ar-ER:الفونجو	ar-IL:الفونجو	ar-IQ:الفونجو	ar-JO:الفونجو	ar-KM:الفونجو	ar-KW:الفونجو	ar-LB:الفونجو	ar-LY:الفونجو	ar-MA:الفونجو	ar-MR:الفونجو
wa	af:Walloon	af-NA:Walloon	am:ዋሎን	ar:الولونية	ar-AE:الولونية	ar-BH:الولونية	ar-DJ:الولونية	ar-DZ:الولونية	ar-EG:الولونية	ar-EH:الولونية	ar-ER:الولونية	ar-IL:الولونية	ar-IQ:الولونية	ar-JO:الولونية	ar-KM:الولونية	ar-KW:الولونية	ar-LB:الولونية	ar-LY:الولونية	ar-MA:الولونية	ar-MR:الولونية
wae	af:Walser	af-NA:Walser	am:ዋልሰር	ar:الوالسر	ar-AE:الوالسر	ar-BH:الوالسر	ar-DJ:الوالسر	ar-DZ:الوالسر	ar-EG:الوالسر	ar-EH:الوالسر	ar-ER:الوالسر	ar-IL:الوالسر	ar-IQ:الوالسر	ar-JO:الوالسر	ar-KM:الوالسر	ar-KW:الوالسر	ar-LB:الوالسر	ar-LY:الوالسر	ar-MA:الوالسر	ar-MR:الوالسر
wal	af:Wolaytta	af-NA:Wolaytta	am:ወላይትኛ	ar:الولاياتا	ar-AE:الولاياتا	ar-BH:الولاياتا	ar-DJ:الولاياتا	ar-DZ:الولاياتا	ar-EG:الولاياتا	ar-EH:الولاياتا	ar-ER:الولاياتا	ar-IL:الولاياتا	ar-IQ:الولاياتا	ar-JO:الولاياتا	ar-KM:الولاياتا	ar-KW:الولاياتا	ar-LB:الولاياتا	ar-LY:الولاياتا	ar-MA:الولاياتا	ar-MR:الولاياتا
war	af:Waray	af-NA:Waray	am:ዋራይ	ar:الواراي	ar-AE:الواراي	ar-BH:الواراي	ar-DJ:الواراي	ar-DZ:الواراي	ar-EG:الواراي	ar-EH:الواراي	ar-ER:الواراي	ar-IL:الواراي	ar-IQ:الواراي	ar-JO:الواراي	ar-KM:الواراي	ar-KW:الواراي	ar-LB:الواراي	ar-LY:الواراي	ar-MA:الواراي	ar-MR:الواراي
was	ar:الواشو	ar-AE:الواشو	ar-BH:الواشو	ar-DJ:الواشو	ar-DZ:الواشو	ar-EG:الواشو	ar-EH:الواشو	ar-ER:الواشو	ar-IL:الواشو	ar-IQ:الواشو	ar-JO:الواشو	ar-KM:الواشو	ar-KW:الواشو	ar-LB:الواشو	ar-LY:الواشو	ar-MA:الواشو	ar-MR:الواشو	ar-OM:الواشو	ar-PS:الواشو	ar-QA:الواشو
wbp	af:Warlpiri	af-NA:Warlpiri	am:ዋርልፒሪ	ar:وارلبيري	ar-AE:وارلبيري	ar-BH:وارلبيري	ar-DJ:وارلبيري	ar-DZ:وارلبيري	ar-EG:وارلبيري	ar-EH:وارلبيري	ar-ER:وارلبيري	ar-IL:وارلبيري	ar-IQ:وارلبيري	ar-JO:وارلبيري	ar-KM:وارلبيري	ar-KW:وارلبيري	ar-LB:وارلبيري	ar-LY:وارلبيري	ar-MA:وارلبيري	ar-MR:وارلبيري
wo	af:Wolof	af-NA:Wolof	ak:Wolɔfo Kasa	am:ዎሎፍኛ	ar:الولوفية	ar-AE:الولوفية	ar-BH:الولوفية	ar-DJ:الولوفية	ar-DZ:الولوفية	ar-EG:الولوفية	ar-EH:الولوفية	ar-ER:الولوفية	ar-IL:الولوفية	ar-IQ:الولوفية	ar-JO:الولوفية	ar-KM:الولوفية	ar-KW:الولوفية	ar-LB:الولوفية	ar-LY:الولوفية	ar-MA:الولوفية
wuu	af:Wu-Sjinees	af-NA:Wu-Sjinees	am:ዉ ቻይንኛ	ar:الوو الصينية	ar-AE:الوو الصينية	ar-BH:الوو الصينية	ar-DJ:الوو الصينية	ar-DZ:الوو الصينية	ar-EG:الوو الصينية	ar-EH:الوو الصينية	ar-ER:الوو الصينية	ar-IL:الوو الصينية	ar-IQ:الوو الصينية	ar-JO:الوو الصينية	ar-KM:الوو الصينية	ar-KW:الوو الصينية	ar-LB:الوو الصينية	ar-LY:الوو الصينية	ar-MA:الوو الصينية	ar-MR:الوو الصينية
xal	af:Kalmyk	af-NA:Kalmyk	am:ካልማይክ	ar:الكالميك	ar-AE:الكالميك	ar-BH:الكالميك	ar-DJ:الكالميك	ar-DZ:الكالميك	ar-EG:الكالميك	ar-EH:الكالميك	ar-ER:الكالميك	ar-IL:الكالميك	ar-IQ:الكالميك	ar-JO:الكالميك	ar-KM:الكالميك	ar-KW:الكالميك	ar-LB:الكالميك	ar-LY:الكالميك	ar-MA:الكالميك	ar-MR:الكالميك
xh	af:Xhosa	af-NA:Xhosa	ak:Hosa Kasa	am:ዞሳኛ	ar:الخوسا	ar-AE:الخوسا	ar-BH:الخوسا	ar-DJ:الخوسا	ar-DZ:الخوسا	ar-EG:الخوسا	ar-EH:الخوسا	ar-ER:الخوسا	ar-IL:الخوسا	ar-IQ:الخوسا	ar-JO:الخوسا	ar-KM:الخوسا	ar-KW:الخوسا	ar-LB:الخوسا	ar-LY:الخوسا	ar-MA:الخوسا
xmf	ast:mingrelianu	br:megreleg	ca:mingrelià	ca-AD:mingrelià	ca-ES-valencia:mingrelià	ca-FR:mingrelià	ca-IT:mingrelià	cs:mingrelština	de:Mingrelisch	de-AT:Mingrelisch	de-BE:Mingrelisch	de-CH:Mingrelisch	de-IT:Mingrelisch	de-LI:Mingrelisch	de-LU:Mingrelisch	en:Mingrelian	en-001:Mingrelian	en-150:Mingrelian	en-AE:Mingrelian	en-AG:Mingrelian
xnr	af:Kangri	af-NA:Kangri	ak:Kangri	am:ካንጋሪ	ar:كانغري	ar-AE:كانغري	ar-BH:كانغري	ar-DJ:كانغري	ar-DZ:كانغري	ar-EG:كانغري	ar-EH:كانغري	ar-ER:كانغري	ar-IL:كانغري	ar-IQ:كانغري	ar-JO:كانغري	ar-KM:كانغري	ar-KW:كانغري	ar-LB:كانغري	ar-LY:كانغري	ar-MA:كانغري
xog	af:Soga	af-NA:Soga	am:ሶጋ	ar:السوغا	ar-AE:السوغا	ar-BH:السوغا	ar-DJ:السوغا	ar-DZ:السوغا	ar-EG:السوغا	ar-EH:السوغا	ar-ER:السوغا	ar-IL:السوغا	ar-IQ:السوغا	ar-JO:السوغا	ar-KM:السوغا	ar-KW:السوغا	ar-LB:السوغا	ar-LY:السوغا	ar-MA:السوغا	ar-MR:السوغا
yao	ar:الياو	ar-AE:الياو	ar-BH:الياو	ar-DJ:الياو	ar-DZ:الياو	ar-EG:الياو	ar-EH:الياو	ar-ER:الياو	ar-IL:الياو	ar-IQ:الياو	ar-JO:الياو	ar-KM:الياو	ar-KW:الياو	ar-LB:الياو	ar-LY:الياو	ar-MA:الياو	ar-MR:الياو	ar-OM:الياو	ar-PS:الياو	ar-QA:الياو
yap	ar:اليابيز	ar-AE:اليابيز	ar-BH:اليابيز	ar-DJ:اليابيز	ar-DZ:اليابيز	ar-EG:اليابيز	ar-EH:اليابيز	ar-ER:اليابيز	ar-IL:اليابيز	ar-IQ:اليابيز	ar-JO:اليابيز	ar-KM:اليابيز	ar-KW:اليابيز	ar-LB:اليابيز	ar-LY:اليابيز	ar-MA:اليابيز	ar-MR:اليابيز	ar-OM:اليابيز	ar-PS:اليابيز	ar-QA:اليابيز
yav	af:Yangben	af-NA:Yangben	am:ያንግቤንኛ	ar:يانجبن	ar-AE:يانجبن	ar-BH:يانجبن	ar-DJ:يانجبن	ar-DZ:يانجبن	ar-EG:يانجبن	ar-EH:يانجبن	ar-ER:يانجبن	ar-IL:يانجبن	ar-IQ:يانجبن	ar-JO:يانجبن	ar-KM:يانجبن	ar-KW:يانجبن	ar-LB:يانجبن	ar-LY:يانجبن	ar-MA:يانجبن	ar-MR:يانجبن
ybb	af:Yemba	af-NA:Yemba	am:የምባ	ar:يمبا	ar-AE:يمبا	ar-BH:يمبا	ar-DJ:يمبا	ar-DZ:يمبا	ar-EG:يمبا	ar-EH:يمبا	ar-ER:يمبا	ar-IL:يمبا	ar-IQ:يمبا	ar-JO:يمبا	ar-KM:يمبا	ar-KW:يمبا	ar-LB:يمبا	ar-LY:يمبا	ar-MA:يمبا	ar-MR:يمبا
yi	af:Jiddisj	af-NA:Jiddisj	am:ይዲሽኛ	ar:اليديشية	ar-AE:اليديشية	ar-BH:اليديشية	ar-DJ:اليديشية	ar-DZ:اليديشية	ar-EG:اليديشية	ar-EH:اليديشية	ar-ER:اليديشية	ar-IL:اليديشية	ar-IQ:اليديشية	ar-JO:اليديشية	ar-KM:اليديشية	ar-KW:اليديشية	ar-LB:اليديشية	ar-LY:اليديشية	ar-MA:اليديشية	ar-MR:اليديشية
yo	af:Joroeba	af-NA:Joroeba	agq:Yulùba	ak:Yoruba	am:ዮሩባዊኛ	ar:اليوروبا	ar-AE:اليوروبا	ar-BH:اليوروبا	ar-DJ:اليوروبا	ar-DZ:اليوروبا	ar-EG:اليوروبا	ar-EH:اليوروبا	ar-ER:اليوروبا	ar-IL:اليوروبا	ar-IQ:اليوروبا	ar-JO:اليوروبا	ar-KM:اليوروبا	ar-KW:اليوروبا	ar-LB:اليوروبا	ar-LY:اليوروبا
yrl	af:Nheengatu	af-NA:Nheengatu	ak:Ningatu	am:ንሄንጋቱ	ar:النيينجاتو	ar-AE:النيينجاتو	ar-BH:النيينجاتو	ar-DJ:النيينجاتو	ar-DZ:النيينجاتو	ar-EG:النيينجاتو	ar-EH:النيينجاتو	ar-ER:النيينجاتو	ar-IL:النيينجاتو	ar-IQ:النيينجاتو	ar-JO:النيينجاتو	ar-KM:النيينجاتو	ar-KW:النيينجاتو	ar-LB:النيينجاتو	ar-LY:النيينجاتو	ar-MA:النيينجاتو
yue	af:Kantonees	af-NA:Kantonees	ak:Kantonese	am:ካንቶኒዝ	ar:الكَنْتُونية	ar-AE:الكَنْتُونية	ar-BH:الكَنْتُونية	ar-DJ:الكَنْتُونية	ar-DZ:الكَنْتُونية	ar-EG:الكَنْتُونية	ar-EH:الكَنْتُونية	ar-ER:الكَنْتُونية	ar-IL:الكَنْتُونية	ar-IQ:الكَنْتُونية	ar-JO:الكَنْتُونية	ar-KM:الكَنْتُونية	ar-KW:الكَنْتُونية	ar-LB:الكَنْتُونية	ar-LY:الكَنْتُونية	ar-MA:الكَنْتُونية
za	af:Zhuang	af-NA:Zhuang	ak:Zuang	am:ዡዋንግኛ	ar:الزهيونج	ar-AE:الزهيونج	ar-BH:الزهيونج	ar-DJ:الزهيونج	ar-DZ:الزهيونج	ar-EG:الزهيونج	ar-EH:الزهيونج	ar-ER:الزهيونج	ar-IL:الزهيونج	ar-IQ:الزهيونج	ar-JO:الزهيونج	ar-KM:الزهيونج	ar-KW:الزهيونج	ar-LB:الزهيونج	ar-LY:الزهيونج	ar-MA:الزهيونج
zap	ar:الزابوتيك	ar-AE:الزابوتيك	ar-BH:الزابوتيك	ar-DJ:الزابوتيك	ar-DZ:الزابوتيك	ar-EG:الزابوتيك	ar-EH:الزابوتيك	ar-ER:الزابوتيك	ar-IL:الزابوتيك	ar-IQ:الزابوتيك	ar-JO:الزابوتيك	ar-KM:الزابوتيك	ar-KW:الزابوتيك	ar-LB:الزابوتيك	ar-LY:الزابوتيك	ar-MA:الزابوتيك	ar-MR:الزابوتيك	ar-OM:الزابوتيك	ar-PS:الزابوتيك	ar-QA:الزابوتيك
zbl	am:ብሊስይምቦልስ	ar:رموز المعايير الأساسية	ar-AE:رموز المعايير الأساسية	ar-BH:رموز المعايير الأساسية	ar-DJ:رموز المعايير الأساسية	ar-DZ:رموز المعايير الأساسية	ar-EG:رموز المعايير الأساسية	ar-EH:رموز المعايير الأساسية	ar-ER:رموز المعايير الأساسية	ar-IL:رموز المعايير الأساسية	ar-IQ:رموز المعايير الأساسية	ar-JO:رموز المعايير الأساسية	ar-KM:رموز المعايير الأساسية	ar-KW:رموز المعايير الأساسية	ar-LB:رموز المعايير الأساسية	ar-LY:رموز المعايير الأساسية	ar-MA:رموز المعايير الأساسية	ar-MR:رموز المعايير الأساسية	ar-OM:رموز المعايير الأساسية	ar-PS:رموز المعايير الأساسية
zea	ast:zeelandés	br:zelandeg	ca:zelandès	ca-AD:zelandès	ca-ES-valencia:zelandès	ca-FR:zelandès	ca-IT:zelandès	cs:zélandština	cy:Zêlandeg	de:Seeländisch	de-AT:Seeländisch	de-BE:Seeländisch	de-CH:Seeländisch	de-IT:Seeländisch	de-LI:Seeländisch	de-LU:Seeländisch	en:Zeelandic	en-001:Zeelandic	en-150:Zeelandic	en-AE:Zeelandic
zen	ar:الزيناجا	ar-AE:الزيناجا	ar-BH:الزيناجا	ar-DJ:الزيناجا	ar-DZ:الزيناجا	ar-EG:الزيناجا	ar-EH:الزيناجا	ar-ER:الزيناجا	ar-IL:الزيناجا	ar-IQ:الزيناجا	ar-JO:الزيناجا	ar-KM:الزيناجا	ar-KW:الزيناجا	ar-LB:الزيناجا	ar-LY:الزيناجا	ar-MA:الزيناجا	ar-MR:الزيناجا	ar-OM:الزيناجا	ar-PS:الزيناجا	ar-QA:الزيناجا
zgh	af:Standaard Marokkaanse Tamazight	af-NA:Standaard Marokkaanse Tamazight	am:መደበኛ የሞሮኮ ታማዚግት	ar:التمازيغية المغربية القياسية	ar-AE:التمازيغية المغربية القياسية	ar-BH:التمازيغية المغربية القياسية	ar-DJ:التمازيغية المغربية القياسية	ar-DZ:التمازيغية المغربية القياسية	ar-EG:التمازيغية المغربية القياسية	ar-EH:التمازيغية المغربية القياسية	ar-ER:التمازيغية المغربية القياسية	ar-IL:التمازيغية المغربية القياسية	ar-IQ:التمازيغية المغربية القياسية	ar-JO:التمازيغية المغربية القياسية	ar-KM:التمازيغية المغربية القياسية	ar-KW:التمازيغية المغربية القياسية	ar-LB:التمازيغية المغربية القياسية	ar-LY:التمازيغية المغربية القياسية	ar-MA:التمازيغية المغربية القياسية	ar-MR:التمازيغية المغربية القياسية
zh	af:Chinees	af-NA:Chinees	agq:Chàenê	ak:Kyaena kasa	am:ቻይንኛ	ar:الصينية	ar-AE:الصينية	ar-BH:الصينية	ar-DJ:الصينية	ar-DZ:الصينية	ar-EG:الصينية	ar-EH:الصينية	ar-ER:الصينية	ar-IL:الصينية	ar-IQ:الصينية	ar-JO:الصينية	ar-KM:الصينية	ar-KW:الصينية	ar-LB:الصينية	ar-LY:الصينية
zh-Hans	ak:Kyaena kasa a emu yɛ mmrɛ	am:ቀለል ያለ ቻይንኛ	ar:الصينية المبسطة	ar-AE:الصينية المبسطة	ar-BH:الصينية المبسطة	ar-DJ:الصينية المبسطة	ar-DZ:الصينية المبسطة	ar-EG:الصينية المبسطة	ar-EH:الصينية المبسطة	ar-ER:الصينية المبسطة	ar-IL:الصينية المبسطة	ar-IQ:الصينية المبسطة	ar-JO:الصينية المبسطة	ar-KM:الصينية المبسطة	ar-KW:الصينية المبسطة	ar-LB:الصينية المبسطة	ar-LY:الصينية المبسطة	ar-MA:الصينية المبسطة	ar-MR:الصينية المبسطة	ar-OM:الصينية المبسطة
zh-Hant	ak:Tete Kyaena kasa	am:ባህላዊ ቻይንኛ	ar:الصينية التقليدية	ar-AE:الصينية التقليدية	ar-BH:الصينية التقليدية	ar-DJ:الصينية التقليدية	ar-DZ:الصينية التقليدية	ar-EG:الصينية التقليدية	ar-EH:الصينية التقليدية	ar-ER:الصينية التقليدية	ar-IL:الصينية التقليدية	ar-IQ:الصينية التقليدية	ar-JO:الصينية التقليدية	ar-KM:الصينية التقليدية	ar-KW:الصينية التقليدية	ar-LB:الصينية التقليدية	ar-LY:الصينية التقليدية	ar-MA:الصينية التقليدية	ar-MR:الصينية التقليدية	ar-OM:الصينية التقليدية
zu	af:Zoeloe	af-NA:Zoeloe	agq:Zulù	ak:Zulu	am:ዙሉኛ	ar:الزولو	ar-AE:الزولو	ar-BH:الزولو	ar-DJ:الزولو	ar-DZ:الزولو	ar-EG:الزولو	ar-EH:الزولو	ar-ER:الزولو	ar-IL:الزولو	ar-IQ:الزولو	ar-JO:الزولو	ar-KM:الزولو	ar-KW:الزولو	ar-LB:الزولو	ar-LY:الزولو
zun	af:Zuni	af-NA:Zuni	am:ዙኒ	ar:الزونية	ar-AE:الزونية	ar-BH:الزونية	ar-DJ:الزونية	ar-DZ:الزونية	ar-EG:الزونية	ar-EH:الزونية	ar-ER:الزونية	ar-IL:الزونية	ar-IQ:الزونية	ar-JO:الزونية	ar-KM:الزونية	ar-KW:الزونية	ar-LB:الزونية	ar-LY:الزونية	ar-MA:الزونية	ar-MR:الزونية
zxx	af:Geen taalinhoud nie	af-NA:Geen taalinhoud nie	ak:Lengwestese biara nnim	am:ቋንቋዊ ይዘት የለውም	ar:بدون محتوى لغوي	ar-AE:بدون محتوى لغوي	ar-BH:بدون محتوى لغوي	ar-DJ:بدون محتوى لغوي	ar-DZ:بدون محتوى لغوي	ar-EG:بدون محتوى لغوي	ar-EH:بدون محتوى لغوي	ar-ER:بدون محتوى لغوي	ar-IL:بدون محتوى لغوي	ar-IQ:بدون محتوى لغوي	ar-JO:بدون محتوى لغوي	ar-KM:بدون محتوى لغوي	ar-KW:بدون محتوى لغوي	ar-LB:بدون محتوى لغوي	ar-LY:بدون محتوى لغوي	ar-MA:بدون محتوى لغوي
zza	af:Zaza	af-NA:Zaza	am:ዛዛ	ar:زازا	ar-AE:زازا	ar-BH:زازا	ar-DJ:زازا	ar-DZ:زازا	ar-EG:زازا	ar-EH:زازا	ar-ER:زازا	ar-IL:زازا	ar-IQ:زازا	ar-JO:زازا	ar-KM:زازا	ar-KW:زازا	ar-LB:زازا	ar-LY:زازا	ar-MA:زازا	ar-MR:زازا
