123	open curly bracket|brace|bracket|curly|gullwing|open
127995	light skin tone|1–2|light|skin|tone|type
127996	medium-light skin tone|3|medium-light|skin|tone|type
127997	medium skin tone|4|medium|skin|tone|type
127998	medium-dark skin tone|5|medium-dark|skin|tone|type
127999	dark skin tone|6|dark|skin|tone|type
8254	overline|overline|overstrike|vinculum
95	low line|dash|line|low|underdash|underline
45	hyphen-minus|dash|hyphen|hyphen-minus|minus
8208	hyphen|dash|hyphen
8211	en dash|dash|en
8212	em dash|dash|em
8213	horizontal bar|bar|dash|horizontal|line
12539	katakana middle dot|dot|dots|interpunct|katakana|middle|middot
44	comma|comma
1548	arabic comma|arabic|comma
12289	ideographic comma|comma|ideographic
59	semicolon|semi-colon|semicolon
1563	arabic semicolon|arabic|semi-colon|semicolon
58	colon|colon
33	exclamation mark|bang|exclamation|mark|point
161	inverted exclamation mark|bang|exclamation|inverted|mark|point
63	question mark|mark|question
191	inverted question mark|inverted|mark|question
1567	arabic question mark|arabic|mark|question
8253	interrobang|interabang|interrobang
46	period|dot|full|period|stop
8230	ellipsis|dots|ellipsis|omission
12290	ideographic period|full|ideographic|period|stop
183	middle dot|dot|interpunct|middle|middot
39	typewriter apostrophe|apostrophe|quote|single|typewriter
8216	left apostrophe|apostrophe|left|quote|single|smart
8217	right apostrophe|apostrophe|quote|right|single|smart
8218	low right apostrophe|apostrophe|low|quote|right
8220	left quotation mark|double|left|mark|quotation|quote|smart
8221	right quotation mark|double|mark|quotation|quote|right|smart
8222	low right quotation mark|double|low|mark|quotation|quote|right|smart
171	left guillemet|angle|brackets|carets|chevron|guillemet|left|quote
187	right guillemet|angle|brackets|carets|chevron|guillemet|quote|right
41	close parenthesis|bracket|close|paren|parens|parenthesis|round
91	open square bracket|bracket|crotchet|open|square
93	close square bracket|bracket|close|crotchet|square
125	close curly bracket|brace|bracket|close|curly|gullwing
12296	open angle bracket|angle|bracket|brackets|chevron|diamond|open|pointy|tuple
12297	close angle bracket|angle|bracket|brackets|chevron|close|diamond|pointy|tuple
12298	open double angle bracket|angle|bracket|double|open
12299	close double angle bracket|angle|bracket|close|double
12300	open corner bracket|bracket|corner|open
12301	close corner bracket|bracket|close|corner
12302	open hollow corner bracket|bracket|corner|hollow|open
12303	close hollow corner bracket|bracket|close|corner|hollow
12304	open black lens bracket|black|bracket|lens|lenticular|open
12305	close black lens bracket|black|bracket|close|lens|lenticular
12308	open tortoise shell bracket|bracket|open|shell|tortoise
12309	close tortoise shell bracket|bracket|close|shell|tortoise
12310	open hollow lens bracket|bracket|hollow|lens|lenticular|open
12311	close hollow lens bracket|bracket|close|hollow|lens|lenticular
167	section|paragraph|part|section|silcrow
182	paragraph mark|alinea|mark|paragraph|paraph|pilcrow
64	at-sign|ampersat|arobase|arroba|at|at-sign|commercial|mark|sign|strudel
42	asterisk|asterisk|star|wildcard
47	slash|oblique|slash|solidus|stroke|virgule|whack
92	backslash|backslash|reverse|solidus|whack
38	ampersand|ampersand|and|et
35	hash sign|hash|hashtag|lb|number|pound|sign
37	percent|cent|per|per-cent|percent
8240	per mille|mil|mille|per|permil|permille
8224	dagger sign|dagger|obelisk|obelus|sign
8225	double dagger sign|dagger|double|obelisk|obelus|sign
8226	bullet|bullet|dot
8231	hyphenation point|dash|hyphen|hyphenation|point
8242	prime|prime
8243	double prime|double|prime
8244	triple prime|prime|triple
8248	caret|caret
8251	reference mark|mark|reference
8258	asterism|asterism|dinkus|stars
96	grave accent|accent|grave|tone
180	acute accent|accent|acute|tone
94	circumflex accent|accent|caret|chevron|circumflex|control|hat|pointer|power|sign|wedge|xor
168	diaeresis|diaeresis|tréma|umlaut
176	degree|degree|hour|proof
8471	sound recording copyright|copyright|recording|sound
8592	left-pointing arrow|arrow|left|left-pointing
8602	leftwards arrow stroke|arrow|leftwards|stroke
8594	right-pointing arrow|arrow|right|right-pointing
8603	rightwards arrow stroke|arrow|rightwards|stroke
8593	up-pointing arrow|arrow|up|up-pointing
8595	down-pointing arrow|arrow|down|down-pointing
8604	leftwards wave arrow|arrow|leftwards|wave
8605	rightwards wave arrow|arrow|rightwards|wave
8606	leftwards two headed arrow|arrow|headed|leftwards|two
8607	upwards two headed arrow|arrow|headed|two|upwards
8608	rightwards two headed arrow|arrow|headed|rightwards|two
8609	downwards two headed arrow|arrow|downwards|headed|two
8610	leftwards arrow tail|arrow|leftwards|tail
8611	rightwards arrow tail|arrow|rightwards|tail
8612	leftwards arrow from bar|arrow|bar|from|leftwards
8613	upwards arrow from bar|arrow|bar|from|upwards
8614	rightwards arrow from bar|arrow|bar|from|rightwards
8615	downwards arrow from bar|arrow|bar|downwards|from
8616	up down arrow with base|arrow|base|down|up|with
8619	leftwards arrow loop|arrow|leftwards|loop
8620	rightwards arrow loop|arrow|loop|rightwards
8621	left right wave arrow|arrow|left|right|wave
8623	downwards zigzag arrow|arrow|downwards|zigzag
8624	upwards arrow tip leftwards|arrow|leftwards|tip|upwards
8625	upwards arrow tip rightwards|arrow|rightwards|tip|upwards
8626	downwards arrow tip leftwards|arrow|downwards|leftwards|tip
8627	downwards arrow tip rightwards|arrow|downwards|rightwards|tip
8628	rightwards arrow corner downwards|arrow|corner|downwards|rightwards
8629	downwards arrow corner leftwards|arrow|corner|downwards|leftwards
8630	anticlockwise top semicircle arrow|anticlockwise|arrow|semicircle|top
8631	clockwise top semicircle arrow|arrow|clockwise|semicircle|top
8632	north west arrow long bar|arrow|bar|long|north|west
8633	leftwards over rightwards arrow bars|arrow|bar|bars|leftwards|over|rightwards
8634	anticlockwise open circle arrow|anticlockwise|arrow|circle|open
8635	clockwise open circle arrow|arrow|circle|clockwise|open
8636	leftwards harpoon barb upwards|barb|harpoon|leftwards|upwards
8637	leftwards harpoon barb downwards|barb|downwards|harpoon|leftwards
8638	upwards harpoon barb rightwards|barb|harpoon|rightwards|upwards
8639	upwards harpoon barb leftwards|barb|harpoon|leftwards|upwards
8640	rightwards harpoon barb upwards|barb|harpoon|rightwards|upwards
8641	rightwards harpoon barb downwards|barb|downwards|harpoon|rightwards
8642	downwards harpoon barb rightwards|barb|downwards|harpoon|rightwards
8643	downwards harpoon barb leftwards|barb|downwards|harpoon|leftwards
8644	rightwards arrow over leftwards arrow|arrow|leftwards|over|rightwards
8645	up-pointing and down-pointing arrows|and|arrow|arrows|down|down-pointing|up|up-pointing
8646	left-pointing over right-pointing arrows|arrow|arrows|left|left-pointing|over|right|right-pointing
8647	leftwards paired arrows|arrows|leftwards|paired
8648	upwards paired arrows|arrows|paired|upwards
8649	rightwards paired arrows|arrows|paired|rightwards
8650	downwards paired arrows|arrows|downwards|paired
8651	leftwards harpoon over rightwards harpoon|harpoon|leftwards|over|rightwards
8652	rightwards harpoon over leftwards harpoon|harpoon|leftwards|over|rightwards
8656	leftwards double arrow|arrow|double|leftwards
8653	leftwards double arrow stroke|arrow|double|leftwards|stroke
8657	upwards double arrow|arrow|double|upwards
8658	rightwards double arrow|arrow|double|rightwards
8655	rightwards double arrow stroke|arrow|double|rightwards|stroke
8659	downwards double arrow|arrow|double|downwards
8660	left right double arrow|arrow|double|left|right
8654	left right double arrow stroke|arrow|double|left|right|stroke
8662	north west double arrow|arrow|double|north|west
8663	north east double arrow|arrow|double|east|north
8664	south east double arrow|arrow|double|east|south
8665	south west double arrow|arrow|double|south|west
8666	leftwards triple arrow|arrow|leftwards|triple
8667	rightwards triple arrow|arrow|rightwards|triple
8668	leftwards squiggle arrow|arrow|leftwards|squiggle
8669	rightwards squiggle arrow|arrow|rightwards|squiggle
8670	upwards arrow double stroke|arrow|double|stroke|upwards
8671	downwards arrow double stroke|arrow|double|downwards|stroke
8672	leftwards dashed arrow|arrow|dashed|leftwards
8673	upwards dashed arrow|arrow|dashed|upwards
8674	rightwards dashed arrow|arrow|dashed|rightwards
8675	downwards dashed arrow|arrow|dashed|downwards
8676	leftwards arrow bar|arrow|bar|leftwards
8677	rightwards arrow bar|arrow|bar|rightwards
8678	leftwards hollow arrow|arrow|hollow|leftwards
8679	upwards hollow arrow|arrow|hollow|upwards
8680	rightwards hollow arrow|arrow|hollow|rightwards
8681	downwards hollow arrow|arrow|downwards|hollow
8682	upwards hollow arrow from bar|arrow|bar|from|hollow|upwards
8693	downwards arrow leftwards upwards arrow|arrow|downwards|leftwards|upwards
8704	for all|all|any|for|given|universal
8706	partial differential|differential|partial
8707	there exists|exists|there
8709	empty set|empty|mathematics|operator|set
8710	increment|increment|triangle
8711	nabla|nabla|triangle
8712	element of|contains|element|membership|of|set
8713	not an element|an|element|not
8715	contains as member|as|contains|element|member
8718	end proof|end|halmos|proof|q.e.d.|qed|tombstone
8719	n-ary product|logic|n-ary|product
8721	n-ary summation|mathematics|n-ary|summation
43	plus sign|add|plus|sign
177	plus-minus|plus-minus
247	division sign|divide|division|obelus|sign
215	multiplication sign|multiplication|multiply|sign|times
60	less-than|less|less-than|open|tag|than
8814	not less-than|inequality|less-than|mathematics|not
61	equal|equal|equals
8800	not equal|equal|inequality|inequation|not
62	greater-than|close|greater|greater-than|tag|than
8815	not greater-than|greater-than|inequality|mathematics|not
172	negation|negation|not
124	vertical line|bar|line|pike|pipe|sheffer|stick|stroke|vbar|vertical
126	tilde|tilde
8722	minus sign|minus|sign|subtract
8315	superscript minus|minus|superscript
8723	minus-or-plus|minus-or-plus|plus-minus
8725	division slash|division|slash|stroke|virgule
8260	fraction slash|fraction|slash|stroke|virgule
8727	asterisk operator|asterisk|operator|star
8728	ring operator|composition|operator|ring
8729	bullet operator|bullet|operator
8730	square root|radical|radix|root|square|surd
8733	proportional|proportional|proportionality
8734	infinity sign|infinity|sign
8735	right angle|angle|mathematics|right
8736	angle|acute|angle
8739	divides|divides|divisor
8741	parallel|parallel
8743	logical and|ac|and|atque|logical|wedge
8745	intersection|intersection|set
8746	union|collection|set|union
8747	integral|calculus|integral
8748	double integral|calculus|double|integral
8750	contour integral|contour|integral
8756	therefore|logic|therefore
8757	because|because|logic
8758	ratio|ratio
8759	proportion|proportion|proportionality
8764	tilde operator|operator|tilde
8765	reversed tilde|reversed|tilde
8766	inverted lazy s|inverted|lazy|s
8771	asymptotically equal|asymptote|asymptotically|equal|mathematics
8773	approximately equal|approximately|congruence|equal|equality|isomorphism|mathematics
8776	almost equal|almost|approximate|approximation|equal
8780	all equal|all|equal|equality|mathematics
8786	approximately equal the image|approximately|equal|image|the
8790	ring in equal|equal|equality|in|mathematics|ring
8801	identical to|exact|identical|to|triple
8803	strictly equivalent|equality|equivalent|mathematics|strictly
8804	less-than or equal|equal|equals|inequality|less-than|or
8805	greater-than or equal|equal|equals|greater-than|inequality|or
8806	less-than over equal|equal|inequality|less-than|mathematics|over
8807	greater-than over equal|equal|greater-than|inequality|mathematics|over
8810	much less-than|inequality|less-than|mathematics|much
8811	much greater-than|greater-than|inequality|mathematics|much
8812	between|between
8819	greater-than equivalent|equivalent|greater-than|inequality|mathematics
8826	precedes|mathematics|operator|precedes|set
8827	succeeds|mathematics|operator|set|succeeds
8833	does not succeed|does|mathematics|not|operator|set|succeed
8834	subset of|of|set|subset
8835	superset|mathematics|operator|set|superset
8838	subset equal|equal|subset
8839	superset equal|equal|equality|mathematics|superset
8853	circled plus|circled|plus
8854	circled minus|circled|difference|erosion|minus|symmetric
8855	circled times|circled|product|tensor|times
8856	circled division slash|circled|division|division-like|mathematics|slash
8857	circled dot operator|circled|dot|operator|XNOR
8858	circled ring operator|circled|operator|ring
8859	circled asterisk operator|asterisk|circled|operator
8862	squared plus|addition-like|mathematics|plus|squared
8863	squared minus|mathematics|minus|squared|subtraction-like
8869	up tack|eet|falsum|tack|up
8878	does not force|does|force|not
8880	precedes under relation|mathematics|operator|precedes|relation|set|under
8881	succeeds under relation|mathematics|operator|relation|set|succeeds|under
8941	does not contain as normal subgroup equal|as|contain|does|equal|group|mathematics|normal|not|subgroup|theory
8886	original|original
8889	hermitian conjugate matrix|conjugate|hermitian|mathematics|matrix|self-adjoint|square
8895	right triangle|mathematics|right|right-angled|triangle
8897	n-ary logical or|disjunction|logic|logical|n-ary|or
8898	n-ary intersection|intersection|mathematics|n-ary|operator|set
8899	n-ary union|mathematics|n-ary|operator|set|union
8901	dot operator|dot|operator
8902	star operator|operator|star
8904	natural join|binary|bowtie|join|natural|operator
8914	double intersection|double|intersection|mathematics|operator|set
8920	very much less-than|inequality|less-than|mathematics|much|very
8921	very much greater-than|greater-than|inequality|mathematics|much|very
8942	vertical ellipsis|ellipsis|mathematics|vertical
8943	midline horizontal ellipsis|ellipsis|horizontal|midline
8944	up right diagonal ellipsis|diagonal|ellipsis|mathematics|right|up
8945	down right diagonal ellipsis|diagonal|down|ellipsis|mathematics|right
9632	filled square|filled|square
9633	hollow square|hollow|square
9634	hollow square with rounded corners|corners|hollow|rounded|square|with
9635	hollow square containing filled square|containing|filled|hollow|square
9636	square with horizontal fill|fill|horizontal|square|with
9637	square with vertical fill|fill|square|vertical|with
9638	square orthogonal crosshatch fill|crosshatch|fill|orthogonal|square
9639	square upper left lower right fill|fill|left|lower|right|square|upper
9640	square upper right lower left fill|fill|left|lower|right|square|upper
9641	square diagonal crosshatch fill|crosshatch|diagonal|fill|square
9644	filled rectangle|filled|rectangle
9645	hollow rectangle|hollow|rectangle
9646	filled vertical rectangle|filled|rectangle|vertical
9648	filled parallelogram|filled|parallelogram
9650	filled up-pointing triangle|arrow|filled|triangle|up|up-pointing
9651	hollow up-pointing triangle|hollow|triangle|up-pointing
9652	filled up-pointing small triangle|filled|small|triangle|up-pointing
9653	hollow up-pointing small triangle|hollow|small|triangle|up-pointing
9655	hollow right-pointing triangle|hollow|right-pointing|triangle
9656	filled right-pointing small triangle|filled|right-pointing|small|triangle
9657	hollow right-pointing small triangle|hollow|right-pointing|small|triangle
9658	filled right-pointing pointer|filled|pointer|right-pointing
9659	hollow right-pointing pointer|hollow|pointer|right-pointing
9660	filled down-pointing triangle|arrow|down|down-pointing|filled|triangle
9661	hollow down-pointing triangle|down-pointing|hollow|triangle
9662	filled down-pointing small triangle|down-pointing|filled|small|triangle
9663	hollow down-pointing small triangle|down-pointing|hollow|small|triangle
9665	hollow left-pointing triangle|hollow|left-pointing|triangle
9666	filled left-pointing small triangle|filled|left-pointing|small|triangle
9667	hollow left-pointing small triangle|hollow|left-pointing|small|triangle
9668	filled left-pointing pointer|filled|left-pointing|pointer
9669	hollow left-pointing pointer|hollow|left-pointing|pointer
9670	filled diamond|diamond|filled
9671	hollow diamond|diamond|hollow
9672	hollow diamond containing filled diamond|containing|diamond|filled|hollow
9673	hollow circle containing filled circle|cicles|circle|circled|concentric|containing|dot|filled|fisheye|hollow|ward
9674	lozenge|diamond|lozenge|rhombus
9675	hollow circle|circle|hollow|ring
9676	dotted circle|circle|dotted
9677	circle with vertical fill|circle|fill|vertical|with
9678	concentric circles|circle|circles|concentric|double|target
9679	filled circle|circle|filled
9680	circle left half filled|circle|filled|half|left
9681	circle right half filled|circle|filled|half|right
9682	circle lower half filled|circle|filled|half|lower
9683	circle upper half filled|circle|filled|half|upper
9684	circle upper right quadrant filled|circle|filled|quadrant|right|upper
9685	circle all but upper left quadrant filled|all|but|circle|filled|left|quadrant|upper
9686	left half filled circle|circle|filled|half|left
9687	right half filled circle|circle|filled|half|right
9688	inverse bullet|bullet|inverse
9689	filled square containing hollow circle|circle|containing|filled|hollow|inverse|square
9692	upper left quadrant circular arc|arc|circular|left|quadrant|upper
9693	upper right quadrant circular arc|arc|circular|quadrant|right|upper
9694	lower right quadrant circular arc|arc|circular|lower|quadrant|right
9695	lower left quadrant circular arc|arc|circular|left|lower|quadrant
9696	upper half circle|circle|half|upper
9697	lower half circle|circle|half|lower
9698	filled lower right triangle|filled|lower|right|triangle
9699	filled lower left triangle|filled|left|lower|triangle
9700	filled upper left triangle|filled|left|triangle|upper
9701	filled upper right triangle|filled|right|triangle|upper
9702	hollow bullet|bullet|hollow
9711	large hollow circle|circle|hollow|large|ring
9715	hollow square upper right quadrant|hollow|quadrant|right|square|upper
9719	hollow circle with upper right quadrant|circle|hollow|quadrant|right|upper|with
9727	lower right triangle|lower|right|triangle
9834	eighth note|eighth|music|note
10791	plus subscript two|plus|subscript|two
10799	vector cross product|cross|product|vector
10812	interior product|interior|product
10851	logical or double underbar|double|logical|or|underbar
10877	less-than slanted equal|equal|less-than|slanted
10893	less-than above similar equal|above|equal|less-than|similar
10906	double-line equal greater-than|double-line|equal|greater-than|inequality|mathematics
10938	succeeds above not almost equal|above|almost|equal|not|succeeds
9837	flat|bemolle|flat|music|note
9839	sharp|dièse|diesis|music|note|sharp
128512	grinning face|cheerful|cheery|face|grin|grinning|happy|laugh|nice|smile|smiling|teeth
128515	grinning face with big eyes|awesome|big|eyes|face|grin|grinning|happy|mouth|open|smile|smiling|teeth|yay
128516	grinning face with smiling eyes|eye|eyes|face|grin|grinning|happy|laugh|lol|mouth|open|smile|smiling
128513	beaming face with smiling eyes|beaming|eye|eyes|face|grin|grinning|happy|nice|smile|smiling|teeth
128518	grinning squinting face|closed|eyes|face|grinning|haha|hahaha|happy|laugh|lol|mouth|open|rofl|smile|smiling|squinting
128517	grinning face with sweat|cold|dejected|excited|face|grinning|mouth|nervous|open|smile|smiling|stress|stressed|sweat
129315	rolling on the floor laughing|crying|face|floor|funny|haha|happy|hehe|hilarious|joy|laugh|lmao|lol|rofl|roflmao|rolling|tear
128514	face with tears of joy|crying|face|feels|funny|haha|happy|hehe|hilarious|joy|laugh|lmao|lol|rofl|roflmao|tear
128578	slightly smiling face|face|happy|slightly|smile|smiling
128579	upside-down face|face|hehe|smile|upside-down
129760	melting face|disappear|dissolve|embarrassed|face|haha|heat|hot|liquid|lol|melt|melting|sarcasm|sarcastic
128521	winking face|face|flirt|heartbreaker|sexy|slide|tease|wink|winking|winks
128522	smiling face with smiling eyes|blush|eye|eyes|face|glad|satisfied|smile|smiling
128519	smiling face with halo|angel|angelic|angels|blessed|face|fairy|fairytale|fantasy|halo|happy|innocent|peaceful|smile|smiling|spirit|tale
129392	smiling face with hearts|3|adore|crush|face|heart|hearts|ily|love|romance|smile|smiling|you
128525	smiling face with heart-eyes|143|bae|eye|face|feels|heart-eyes|hearts|ily|kisses|love|romance|romantic|smile|xoxo
129321	star-struck|excited|eyes|face|grinning|smile|star|star-struck|starry-eyed|wow
128536	face blowing a kiss|adorbs|bae|blowing|face|flirt|heart|ily|kiss|love|lover|miss|muah|romantic|smooch|xoxo|you
128535	kissing face|143|date|dating|face|flirt|ily|kiss|love|smooch|smooches|xoxo|you
9786	smiling face|face|happy|outlined|relaxed|smile|smiling
128538	kissing face with closed eyes|143|bae|blush|closed|date|dating|eye|eyes|face|flirt|ily|kisses|kissing|smooches|xoxo
128537	kissing face with smiling eyes|143|closed|date|dating|eye|eyes|face|flirt|ily|kiss|kisses|kissing|love|night|smile|smiling
129394	smiling face with tear|face|glad|grateful|happy|joy|pain|proud|relieved|smile|smiley|smiling|tear|touched
128523	face savoring food|delicious|eat|face|food|full|hungry|savor|smile|smiling|tasty|um|yum|yummy
128539	face with tongue|awesome|cool|face|nice|party|stuck-out|sweet|tongue
128540	winking face with tongue|crazy|epic|eye|face|funny|joke|loopy|nutty|party|stuck-out|tongue|wacky|weirdo|wink|winking|yolo
129322	zany face|crazy|eye|eyes|face|goofy|large|small|zany
128541	squinting face with tongue|closed|eye|eyes|face|gross|horrible|omg|squinting|stuck-out|taste|tongue|whatever|yolo
129297	money-mouth face|face|money|money-mouth|mouth|paid
129303	smiling face with open hands|face|hands|hug|hugging|open|smiling
129325	face with hand over mouth|face|giggle|giggling|hand|mouth|oops|realization|secret|shock|sudden|surprise|whoops
129762	face with open eyes and hand over mouth|amazement|awe|disbelief|embarrass|eyes|face|gasp|hand|mouth|omg|open|over|quiet|scared|shock|surprise
129763	face with peeking eye|captivated|embarrass|eye|face|hide|hiding|peek|peeking|peep|scared|shy|stare
129323	shushing face|face|quiet|shh|shush|shushing
129300	thinking face|chin|consider|face|hmm|ponder|pondering|thinking|wondering
129761	saluting face|face|good|luck|ma’am|OK|respect|salute|saluting|sir|troops|yes
129296	zipper-mouth face|face|keep|mouth|quiet|secret|shut|zip|zipper|zipper-mouth
129320	face with raised eyebrow|disapproval|disbelief|distrust|emoji|eyebrow|face|hmm|mild|raised|skeptic|skeptical|skepticism|surprise|what
128528	neutral face|awkward|blank|deadpan|expressionless|face|fine|jealous|meh|neutral|oh|shade|straight|unamused|unhappy|unimpressed|whatever
128529	expressionless face|awkward|dead|expressionless|face|fine|inexpressive|jealous|meh|not|oh|omg|straight|uh|unhappy|unimpressed|whatever
128566	face without mouth|awkward|blank|expressionless|face|mouth|mouthless|mute|quiet|secret|silence|silent|speechless
129765	dotted line face|depressed|disappear|dotted|face|hidden|hide|introvert|invisible|line|meh|whatever|wtv
128527	smirking face|boss|dapper|face|flirt|homie|kidding|leer|shade|slick|sly|smirk|smug|snicker|suave|suspicious|swag
128530	unamused face|...|bored|face|fine|jealous|jel|jelly|pissed|smh|ugh|uhh|unamused|unhappy|weird|whatever
128580	face with rolling eyes|eyeroll|eyes|face|rolling|shade|ugh|whatever
128556	grimacing face|awk|awkward|dentist|face|grimace|grimacing|grinning|smile|smiling
129317	lying face|face|liar|lie|lying|pinocchio
129768	shaking face|crazy|daze|earthquake|face|omg|panic|shaking|shock|surprise|vibrate|whoa|wow
128524	relieved face|calm|face|peace|relief|relieved|zen
128532	pensive face|awful|bored|dejected|died|disappointed|face|losing|lost|pensive|sad|sucks
128554	sleepy face|crying|face|good|night|sad|sleep|sleeping|sleepy|tired
129316	drooling face|drooling|face
128564	sleeping face|bed|bedtime|face|good|goodnight|nap|night|sleep|sleeping|tired|whatever|yawn|zzz
129769	face with bags under eyes|bags|bored|exhausted|eyes|face|fatigued|late|sleepy|tired|weary
128567	face with medical mask|cold|dentist|dermatologist|doctor|dr|face|germs|mask|medical|medicine|sick
129298	face with thermometer|face|ill|sick|thermometer
129301	face with head-bandage|bandage|face|head-bandage|hurt|injury|ouch
129314	nauseated face|face|gross|nasty|nauseated|sick|vomit
129326	face vomiting|barf|ew|face|gross|puke|sick|spew|throw|up|vomit|vomiting
129319	sneezing face|face|fever|flu|gesundheit|sick|sneeze|sneezing
129397	hot face|dying|face|feverish|heat|hot|panting|red-faced|stroke|sweating|tongue
129398	cold face|blue|blue-faced|cold|face|freezing|frostbite|icicles|subzero|teeth
129396	woozy face|dizzy|drunk|eyes|face|intoxicated|mouth|tipsy|uneven|wavy|woozy
128565	face with crossed-out eyes|crossed-out|dead|dizzy|eyes|face|feels|knocked|out|sick|tired
129327	exploding head|blown|explode|exploding|head|mind|mindblown|no|shocked|way
129312	cowboy hat face|cowboy|cowgirl|face|hat
129395	partying face|bday|birthday|celebrate|celebration|excited|face|happy|hat|hooray|horn|party|partying
129400	disguised face|disguise|eyebrow|face|glasses|incognito|moustache|mustache|nose|person|spy|tache|tash
128526	smiling face with sunglasses|awesome|beach|bright|bro|chilling|cool|face|rad|relaxed|shades|slay|smile|style|sunglasses|swag|win
129299	nerd face|brainy|clever|expert|face|geek|gifted|glasses|intelligent|nerd|smart
129488	face with monocle|classy|face|fancy|monocle|rich|stuffy|wealthy
128533	confused face|befuddled|confused|confusing|dunno|face|frown|hm|meh|not|sad|sorry|sure
129764	face with diagonal mouth|confused|confusion|diagonal|disappointed|doubt|doubtful|face|frustrated|frustration|meh|mouth|skeptical|unsure|whatever|wtv
128543	worried face|anxious|butterflies|face|nerves|nervous|sad|stress|stressed|surprised|worried|worry
128577	slightly frowning face|face|frown|frowning|sad|slightly
9785	frowning face|face|frown|frowning|sad
128558	face with open mouth|believe|face|forgot|mouth|omg|open|shocked|surprised|sympathy|unbelievable|unreal|whoa|wow|you
128559	hushed face|epic|face|hushed|omg|stunned|surprised|whoa|woah
128562	astonished face|astonished|cost|face|no|omg|shocked|totally|way
128563	flushed face|amazed|awkward|crazy|dazed|dead|disbelief|embarrassed|face|flushed|geez|heat|hot|impressed|jeez|what|wow
129770	distorted face|anxiety|bloated|panic|shocked|surprised|vulnerable
129402	pleading face|begging|big|eyes|face|mercy|not|pleading|please|pretty|puppy|sad|why
129401	face holding back tears|admiration|aww|back|cry|embarrassed|face|feelings|grateful|gratitude|holding|joy|please|proud|resist|sad|tears
128550	frowning face with open mouth|caught|face|frown|frowning|guard|mouth|open|scared|scary|surprise|what|wow
128551	anguished face|anguished|face|forgot|scared|scary|stressed|surprise|unhappy|what|wow
128552	fearful face|afraid|anxious|blame|face|fear|fearful|scared|worried
128560	anxious face with sweat|anxious|blue|cold|eek|face|mouth|nervous|open|rushed|scared|sweat|yikes
128549	sad but relieved face|anxious|call|close|complicated|disappointed|face|not|relieved|sad|sweat|time|whew
128546	crying face|awful|cry|crying|face|feels|miss|sad|tear|triste|unhappy
128557	loudly crying face|bawling|cry|crying|face|loudly|sad|sob|tear|tears|unhappy
128561	face screaming in fear|epic|face|fear|fearful|munch|scared|scream|screamer|screaming|shocked|surprised|woah
128534	confounded face|annoyed|confounded|confused|cringe|distraught|face|feels|frustrated|mad|sad
128547	persevering face|concentrate|concentration|face|focus|headache|persevere|persevering
128542	disappointed face|awful|blame|dejected|disappointed|face|fail|losing|sad|unhappy
128531	downcast face with sweat|close|cold|downcast|face|feels|headache|nervous|sad|scared|sweat|yikes
128553	weary face|crying|face|fail|feels|hungry|mad|nooo|sad|sleepy|tired|unhappy|weary
128555	tired face|cost|face|feels|nap|sad|sneeze|tired
129393	yawning face|bedtime|bored|face|goodnight|nap|night|sleep|sleepy|tired|whatever|yawn|yawning|zzz
128548	face with steam from nose|anger|angry|face|feels|fume|fuming|furious|fury|mad|nose|steam|triumph|unhappy|won
128545	enraged face|anger|angry|enraged|face|feels|mad|maddening|pouting|rage|red|shade|unhappy|upset
128544	angry face|anger|angry|blame|face|feels|frustrated|mad|maddening|rage|shade|unhappy|upset
129324	face with symbols on mouth|censor|cursing|cussing|face|mad|mouth|pissed|swearing|symbols
128520	smiling face with horns|demon|devil|evil|face|fairy|fairytale|fantasy|horns|purple|shade|smile|smiling|tale
128127	angry face with horns|angry|demon|devil|evil|face|fairy|fairytale|fantasy|horns|imp|mischievous|purple|shade|tale
128128	skull|body|dead|death|face|fairy|fairytale|i’m|lmao|monster|skull|tale|yolo
9760	skull and crossbones|bone|crossbones|dead|death|face|monster|skull
128169	pile of poo|bs|comic|doo|dung|face|fml|monster|pile|poo|poop|smelly|smh|stink|stinks|stinky|turd
129313	clown face|clown|face
128121	ogre|creature|devil|face|fairy|fairytale|fantasy|mask|monster|ogre|scary|tale
128122	goblin|angry|creature|face|fairy|fairytale|fantasy|goblin|mask|mean|monster|tale
128123	ghost|boo|creature|excited|face|fairy|fairytale|fantasy|ghost|halloween|haunting|monster|scary|silly|tale
128125	alien|alien|creature|extraterrestrial|face|fairy|fairytale|fantasy|monster|space|tale|ufo
128126	alien monster|alien|creature|extraterrestrial|face|fairy|fairytale|fantasy|game|gamer|games|monster|pixelated|space|tale|ufo
129302	robot|face|monster|robot
128570	grinning cat|animal|cat|face|grinning|mouth|open|smile|smiling
128568	grinning cat with smiling eyes|animal|cat|eye|eyes|face|grin|grinning|smile|smiling
128569	cat with tears of joy|animal|cat|face|joy|laugh|laughing|lol|tear|tears
128571	smiling cat with heart-eyes|animal|cat|eye|face|heart|heart-eyes|love|smile|smiling
128572	cat with wry smile|animal|cat|face|ironic|smile|wry
128573	kissing cat|animal|cat|closed|eye|eyes|face|kiss|kissing
128576	weary cat|animal|cat|face|oh|surprised|weary
128575	crying cat|animal|cat|cry|crying|face|sad|tear
128574	pouting cat|animal|cat|face|pouting
128584	see-no-evil monkey|embarrassed|evil|face|forbidden|forgot|gesture|hide|monkey|no|omg|prohibited|scared|secret|smh|watch
128585	hear-no-evil monkey|animal|ears|evil|face|forbidden|gesture|hear|listen|monkey|no|not|prohibited|secret|shh|tmi
128586	speak-no-evil monkey|animal|evil|face|forbidden|gesture|monkey|no|not|oops|prohibited|quiet|secret|speak|stealth
128140	love letter|heart|letter|love|mail|romance|valentine
128152	heart with arrow|143|adorbs|arrow|cupid|date|emotion|heart|ily|love|romance|valentine
128157	heart with ribbon|143|anniversary|emotion|heart|ily|kisses|ribbon|valentine|xoxo
128150	sparkling heart|143|emotion|excited|good|heart|ily|kisses|morning|night|sparkle|sparkling|xoxo
128151	growing heart|143|emotion|excited|growing|heart|heartpulse|ily|kisses|muah|nervous|pulse|xoxo
128147	beating heart|143|beating|cardio|emotion|heart|heartbeat|ily|love|pulsating|pulse
128158	revolving hearts|143|adorbs|anniversary|emotion|heart|hearts|revolving
128149	two hearts|143|anniversary|date|dating|emotion|heart|hearts|ily|kisses|love|loving|two|xoxo
128159	heart decoration|143|decoration|emotion|heart|hearth|purple|white
10083	heart exclamation|exclamation|heart|heavy|mark|punctuation
128148	broken heart|break|broken|crushed|emotion|heart|heartbroken|lonely|sad
10084	red heart|emotion|heart|love|red
129655	pink heart|143|adorable|cute|emotion|heart|ily|like|love|pink|special|sweet
129505	orange heart|143|heart|orange
128155	yellow heart|143|cardiac|emotion|heart|ily|love|yellow
128154	green heart|143|emotion|green|heart|ily|love|romantic
128153	blue heart|143|blue|emotion|heart|ily|love|romance
129653	light blue heart|143|blue|cute|cyan|emotion|heart|ily|light|like|love|sky|special|teal
128156	purple heart|143|bestest|emotion|heart|ily|love|purple
129294	brown heart|143|brown|heart
128420	black heart|black|evil|heart|wicked
129654	grey heart|143|emotion|gray|grey|heart|ily|love|silver|slate|special
129293	white heart|143|heart|white
128139	kiss mark|dating|emotion|heart|kiss|kissing|lips|mark|romance|sexy
128175	hundred points|100|a+|agree|clearly|definitely|faithful|fleek|full|hundred|keep|perfect|point|score|TRUE|truth|yup
128162	anger symbol|anger|angry|comic|mad|symbol|upset
129775	fight cloud|argument|brawl|debate|disagreement|fight|ruckus|wrestle
128165	collision|bomb|boom|collide|collision|comic|explode
128171	dizzy|comic|dizzy|shining|shooting|star|stars
128166	sweat droplets|comic|drip|droplet|droplets|drops|splashing|squirt|sweat|water|wet|work|workout
128168	dashing away|away|cloud|comic|dash|dashing|fart|fast|go|gone|gotta|running|smoke
128371	hole|hole
128172	speech balloon|balloon|bubble|comic|dialog|message|sms|speech|talk|text|typing
128488	left speech bubble|balloon|bubble|dialog|left|speech
128495	right anger bubble|anger|angry|balloon|bubble|mad|right
128173	thought balloon|balloon|bubble|cartoon|cloud|comic|daydream|decisions|dream|idea|invent|invention|realize|think|thoughts|wonder
128164	ZZZ|comic|good|goodnight|night|sleep|sleeping|sleepy|tired|zzz
128075	waving hand|bye|cya|g2g|greetings|gtg|hand|hello|hey|hi|later|outtie|ttfn|ttyl|wave|yo|you
129306	raised back of hand|back|backhand|hand|raised
128400	hand with fingers splayed|finger|fingers|hand|raised|splayed|stop
9995	raised hand|5|five|hand|high|raised|stop
128406	vulcan salute|finger|hand|hands|salute|Vulcan
129777	rightwards hand|hand|handshake|hold|reach|right|rightward|rightwards|shake
129778	leftwards hand|hand|handshake|hold|left|leftward|leftwards|reach|shake
129779	palm down hand|dismiss|down|drop|dropped|hand|palm|pick|shoo|up
129780	palm up hand|beckon|catch|come|hand|hold|know|lift|me|offer|palm|tell
129783	leftwards pushing hand|block|five|halt|hand|high|hold|leftward|leftwards|pause|push|pushing|refuse|slap|stop|wait
129784	rightwards pushing hand|block|five|halt|hand|high|hold|pause|push|pushing|refuse|rightward|rightwards|slap|stop|wait
128076	OK hand|awesome|bet|dope|fleek|fosho|got|gotcha|hand|legit|OK|okay|pinch|rad|sure|sweet|three
129292	pinched fingers|fingers|gesture|hand|hold|huh|interrogation|patience|pinched|relax|sarcastic|ugh|what|zip
129295	pinching hand|amount|bit|fingers|hand|little|pinching|small|sort
9996	victory hand|hand|peace|v|victory
129310	crossed fingers|cross|crossed|finger|fingers|hand|luck
129776	hand with index finger and thumb crossed|<3|crossed|expensive|finger|hand|heart|index|love|money|snap|thumb
129311	love-you gesture|fingers|gesture|hand|ILY|love|love-you|three|you
129304	sign of the horns|finger|hand|horns|rock-on|sign
129305	call me hand|call|hand|hang|loose|me|Shaka
128072	backhand index pointing left|backhand|finger|hand|index|left|point|pointing
128073	backhand index pointing right|backhand|finger|hand|index|point|pointing|right
128070	backhand index pointing up|backhand|finger|hand|index|point|pointing|up
128405	middle finger|finger|hand|middle
128071	backhand index pointing down|backhand|down|finger|hand|index|point|pointing
9757	index pointing up|finger|hand|index|point|pointing|this|up
129781	index pointing at the viewer|at|finger|hand|index|pointing|poke|viewer|you
128077	thumbs up|+1|good|hand|like|thumb|up|yes
128078	thumbs down|-1|bad|dislike|down|good|hand|no|nope|thumb|thumbs
9994	raised fist|clenched|fist|hand|punch|raised|solidarity
128074	oncoming fist|absolutely|agree|boom|bro|bruh|bump|clenched|correct|fist|hand|knuckle|oncoming|pound|punch|rock|ttyl
129307	left-facing fist|fist|left-facing|leftwards
129308	right-facing fist|fist|right-facing|rightwards
128079	clapping hands|applause|approval|awesome|clap|congrats|congratulations|excited|good|great|hand|homie|job|nice|prayed|well|yay
128588	raising hands|celebration|gesture|hand|hands|hooray|praise|raised|raising
129782	heart hands|<3|hands|heart|love|you
128080	open hands|hand|hands|hug|jazz|open|swerve
129330	palms up together|cupped|dua|hands|palms|pray|prayer|together|up|wish
129309	handshake|agreement|deal|hand|handshake|meeting|shake
128591	folded hands|appreciate|ask|beg|blessed|bow|cmon|five|folded|gesture|hand|high|please|pray|thanks|thx
9997	writing hand|hand|write|writing
128133	nail polish|bored|care|cosmetics|done|makeup|manicure|nail|polish|whatever
129331	selfie|camera|phone|selfie
128170	flexed biceps|arm|beast|bench|biceps|bodybuilder|bro|curls|flex|gains|gym|jacked|muscle|press|ripped|strong|weightlift
129470	mechanical arm|accessibility|arm|mechanical|prosthetic
129471	mechanical leg|accessibility|leg|mechanical|prosthetic
129461	leg|bent|foot|kick|knee|leg|limb
129462	foot|ankle|feet|foot|kick|stomp
128066	ear|body|ear|ears|hear|hearing|listen|listening|sound
129467	ear with hearing aid|accessibility|aid|ear|hard|hearing
128067	nose|body|nose|noses|nosey|odor|smell|smells
129504	brain|brain|intelligent|smart
129728	anatomical heart|anatomical|beat|cardiology|heart|heartbeat|organ|pulse|real|red
129729	lungs|breath|breathe|exhalation|inhalation|lung|lungs|organ|respiration
129463	tooth|dentist|pearly|teeth|tooth|white
129460	bone|bone|bones|dog|skeleton|wishbone
128064	eyes|body|eye|eyes|face|googly|look|looking|omg|peep|see|seeing
128065	eye|1|body|eye|one
128069	tongue|body|lick|slurp|tongue
128068	mouth|beauty|body|kiss|kissing|lips|lipstick|mouth
129766	biting lip|anxious|bite|biting|fear|flirt|flirting|kiss|lip|lipstick|nervous|sexy|uncomfortable|worried|worry
128118	baby|babies|baby|children|goo|infant|newborn|pregnant|young
129490	child|bright-eyed|child|grandchild|kid|young|younger
128102	boy|boy|bright-eyed|child|grandson|kid|son|young|younger
128103	girl|bright-eyed|child|daughter|girl|granddaughter|kid|Virgo|young|younger|zodiac
129489	person|adult|person
128113	person: blond hair|blond|blond-haired|human|person
128104	man|adult|bro|man
129492	person: beard|beard|bearded|person|whiskers
128105	woman|adult|lady|woman
129491	older person|adult|elderly|grandparent|old|person|wise
128116	old man|adult|bald|elderly|gramps|grandfather|grandpa|man|old|wise
128117	old woman|adult|elderly|grandma|grandmother|granny|lady|old|wise|woman
128589	person frowning|annoyed|disappointed|disgruntled|disturbed|frown|frowning|frustrated|gesture|irritated|person|upset
128590	person pouting|disappointed|downtrodden|frown|grimace|person|pouting|scowl|sulk|upset|whine
128581	person gesturing NO|forbidden|gesture|hand|NO|not|person|prohibit
128582	person gesturing OK|exercise|gesture|gesturing|hand|OK|omg|person
128129	person tipping hand|fetch|flick|flip|gossip|hand|person|sarcasm|sarcastic|sassy|seriously|tipping|whatever
128587	person raising hand|gesture|hand|here|know|me|person|pick|question|raise|raising
129487	deaf person|accessibility|deaf|ear|gesture|hear|person
128583	person bowing|apology|ask|beg|bow|bowing|favor|forgive|gesture|meditate|meditation|person|pity|regret|sorry
129318	person facepalming|again|bewilder|disbelief|exasperation|facepalm|no|not|oh|omg|person|shock|smh
129335	person shrugging|doubt|dunno|guess|idk|ignorance|indifference|knows|maybe|person|shrug|shrugging|whatever|who
128110	police officer|apprehend|arrest|citation|cop|law|officer|over|police|pulled|undercover
128373	detective|detective|sleuth|spy
128130	guard|buckingham|guard|helmet|london|palace
129399	ninja|assassin|fight|fighter|hidden|ninja|person|secret|skills|sly|soldier|stealth|war
128119	construction worker|build|construction|fix|hardhat|hat|man|person|rebuild|remodel|repair|work|worker
129733	person with crown|crown|monarch|noble|person|regal|royal|royalty
129332	prince|crown|fairy|fairytale|fantasy|king|prince|royal|royalty|tale
128120	princess|crown|fairy|fairytale|fantasy|princess|queen|royal|royalty|tale
128115	person wearing turban|person|turban|wearing
128114	person with skullcap|cap|Chinese|gua|guapi|hat|mao|person|pi|skullcap
129493	woman with headscarf|bandana|head|headscarf|hijab|kerchief|mantilla|tichel|woman
129333	person in tuxedo|formal|person|tuxedo|wedding
128112	person with veil|person|veil|wedding
129328	pregnant woman|pregnant|woman
129731	pregnant man|belly|bloated|full|man|overeat|pregnant
129732	pregnant person|belly|bloated|full|overeat|person|pregnant|stuffed
129329	breast-feeding|baby|breast|breast-feeding|feeding|mom|mother|nursing|woman
128124	baby angel|angel|baby|church|face|fairy|fairytale|fantasy|tale
127877	Santa Claus|celebration|Christmas|claus|fairy|fantasy|father|holiday|merry|santa|tale|xmas
129334	Mrs. Claus|celebration|Christmas|claus|fairy|fantasy|holiday|merry|mother|Mrs|santa|tale|xmas
129464	superhero|good|hero|superhero|superpower
129465	supervillain|bad|criminal|evil|superpower|supervillain|villain
129497	mage|fantasy|mage|magic|play|sorcerer|sorceress|sorcery|spell|summon|witch|wizard
129498	fairy|fairy|fairytale|fantasy|myth|person|pixie|tale|wings
129499	vampire|blood|Dracula|fangs|halloween|scary|supernatural|teeth|undead|vampire
129500	merperson|creature|fairytale|folklore|merperson|ocean|sea|siren|trident
129501	elf|elf|elves|enchantment|fantasy|folklore|magic|magical|myth
129502	genie|djinn|fantasy|genie|jinn|lamp|myth|rub|wishes
129503	zombie|apocalypse|dead|halloween|horror|scary|undead|walking|zombie
129484	troll|fairy|fantasy|monster|tale|troll|trolling
129736	hairy creature|bigfoot|cryptid|forest|giant|hairy|sasquatch|woodwose|yeti
128134	person getting massage|face|getting|headache|massage|person|relax|relaxing|salon|soothe|spa|tension|therapy|treatment
128135	person getting haircut|barber|beauty|chop|cosmetology|cut|groom|hair|haircut|parlor|person|shears|style
128694	person walking|amble|gait|hike|man|pace|pedestrian|person|stride|stroll|walk|walking
129485	person standing|person|stand|standing
129486	person kneeling|kneel|kneeling|knees|person
127939	person running|fast|hurry|marathon|move|person|quick|race|racing|run|rush|speed
128131	woman dancing|dance|dancer|dancing|elegant|festive|flair|flamenco|groove|let’s|salsa|tango|woman
128378	man dancing|dance|dancer|dancing|elegant|festive|flair|flamenco|groove|let’s|man|salsa|tango
128372	person in suit levitating|business|levitating|person|suit
128111	people with bunny ears|bestie|bff|bunny|counterpart|dancer|double|ear|identical|pair|party|partying|people|soulmate|twin|twinsies
129494	person in steamy room|day|luxurious|pamper|person|relax|room|sauna|spa|steam|steambath|unwind
129495	person climbing|climb|climber|climbing|mountain|person|rock|scale|up
129338	person fencing|fencer|fencing|person|sword
127943	horse racing|horse|jockey|racehorse|racing|riding|sport
9975	skier|ski|skier|snow
127938	snowboarder|ski|snow|snowboard|snowboarder|sport
127948	person golfing|ball|birdie|caddy|driving|golf|golfing|green|person|pga|putt|range|tee
127940	person surfing|beach|ocean|person|sport|surf|surfer|surfing|swell|waves
128675	person rowing boat|boat|canoe|cruise|fishing|lake|oar|paddle|person|raft|river|row|rowboat|rowing
127946	person swimming|freestyle|person|sport|swim|swimmer|swimming|triathlon
9977	person bouncing ball|athletic|ball|basketball|bouncing|championship|dribble|net|person|player|throw
127947	person lifting weights|barbell|bodybuilder|deadlift|lifter|lifting|person|powerlifting|weight|weightlifter|weights|workout
128692	person biking|bicycle|bicyclist|bike|biking|cycle|cyclist|person|riding|sport
128693	person mountain biking|bicycle|bicyclist|bike|biking|cycle|cyclist|mountain|person|riding|sport
129336	person cartwheeling|active|cartwheel|cartwheeling|excited|flip|gymnastics|happy|person|somersault
129340	people wrestling|combat|duel|grapple|people|ring|tournament|wrestle|wrestling
129341	person playing water polo|person|playing|polo|sport|swimming|water|waterpolo
129342	person playing handball|athletics|ball|catch|chuck|handball|hurl|lob|person|pitch|playing|sport|throw|toss
129337	person juggling|act|balance|balancing|handle|juggle|juggling|manage|multitask|person|skill
129496	person in lotus position|cross|legged|legs|lotus|meditation|peace|person|position|relax|serenity|yoga|yogi|zen
128704	person taking bath|bath|bathtub|person|taking|tub
128716	person in bed|bed|bedtime|good|goodnight|hotel|nap|night|person|sleep|tired|zzz
128109	women holding hands|bae|bestie|bff|couple|dating|flirt|friends|girls|hand|hold|sisters|twins|women
128107	woman and man holding hands|bae|bestie|bff|couple|dating|flirt|friends|hand|hold|man|twins|woman
128108	men holding hands|bae|bestie|bff|boys|brothers|couple|dating|flirt|friends|hand|hold|men|twins
128143	kiss|anniversary|babe|bae|couple|date|dating|heart|kiss|love|mwah|person|romance|together|xoxo
128145	couple with heart|anniversary|babe|bae|couple|dating|heart|kiss|love|person|relationship|romance|together|you
128483	speaking head|face|head|silhouette|speak|speaking
128100	bust in silhouette|bust|mysterious|shadow|silhouette
128101	busts in silhouette|bff|bust|busts|everyone|friend|friends|people|silhouette
129730	people hugging|comfort|embrace|farewell|friendship|goodbye|hello|hug|hugging|love|people|thanks
128106	family|child|family
128099	footprints|barefoot|clothing|footprint|footprints|omw|print|walk
129734	fingerprint|clue|crime|detective|fingerprint|forensics|identity|mystery|print|safety|trace
129456	red hair|ginger|hair|red|redhead
129457	curly hair|afro|curly|hair|ringlets
129459	white hair|gray|hair|old|white
129458	bald|bald|chemotherapy|hair|hairless|no|shaven
128053	monkey face|animal|banana|face|monkey
128018	monkey|animal|banana|monkey
129421	gorilla|animal|gorilla
129447	orangutan|animal|ape|monkey|orangutan
128054	dog face|adorbs|animal|dog|face|pet|puppies|puppy
128021	dog|animal|animals|dog|dogs|pet
129454	guide dog|accessibility|animal|blind|dog|guide
128041	poodle|animal|dog|fluffy|poodle
128058	wolf|animal|face|wolf
129418	fox|animal|face|fox
129437	raccoon|animal|curious|raccoon|sly
128049	cat face|animal|cat|face|kitten|kitty|pet
128008	cat|animal|animals|cat|cats|kitten|pet
129409	lion|alpha|animal|face|Leo|lion|mane|order|rawr|roar|safari|strong|zodiac
128047	tiger face|animal|big|cat|face|predator|tiger
128005	tiger|animal|big|cat|predator|tiger|zoo
128006	leopard|animal|big|cat|leopard|predator|zoo
128052	horse face|animal|dressage|equine|face|farm|horse|horses
129742	moose|alces|animal|antlers|elk|mammal|moose
129743	donkey|animal|ass|burro|donkey|hinny|mammal|mule|stubborn
128014	horse|animal|equestrian|farm|horse|racehorse|racing
129412	unicorn|face|unicorn
129427	zebra|animal|stripe|zebra
129420	deer|animal|deer
129452	bison|animal|bison|buffalo|herd|wisent
128046	cow face|animal|cow|face|farm|milk|moo
128002	ox|animal|animals|bull|farm|ox|Taurus|zodiac
128003	water buffalo|animal|buffalo|water|zoo
128004	cow|animal|animals|cow|farm|milk|moo
128055	pig face|animal|bacon|face|farm|pig|pork
128022	pig|animal|bacon|farm|pig|pork|sow
128023	boar|animal|boar|pig
128061	pig nose|animal|face|farm|nose|pig|smell|snout
128015	ram|animal|Aries|horns|male|ram|sheep|zodiac|zoo
128017	ewe|animal|baa|ewe|farm|female|fluffy|lamb|sheep|wool
128016	goat|animal|Capricorn|farm|goat|milk|zodiac
128042	camel|animal|camel|desert|dromedary|hump|one
128043	two-hump camel|animal|bactrian|camel|desert|hump|two|two-hump
129433	llama|alpaca|animal|guanaco|llama|vicuña|wool
129426	giraffe|animal|giraffe|spots
128024	elephant|animal|elephant
129443	mammoth|animal|extinction|large|mammoth|tusk|wooly
129423	rhinoceros|animal|rhinoceros
129435	hippopotamus|animal|hippo|hippopotamus
128045	mouse face|animal|face|mouse
128001	mouse|animal|animals|mouse
128000	rat|animal|rat
128057	hamster|animal|face|hamster|pet
128048	rabbit face|animal|bunny|face|pet|rabbit
128007	rabbit|animal|bunny|pet|rabbit
128063	chipmunk|animal|chipmunk|squirrel
129451	beaver|animal|beaver|dam|teeth
129428	hedgehog|animal|hedgehog|spiny
129415	bat|animal|bat|vampire
128059	bear|animal|bear|face|grizzly|growl|honey
128040	koala|animal|australia|bear|down|face|koala|marsupial|under
128060	panda|animal|bamboo|face|panda
129445	sloth|lazy|sloth|slow
129446	otter|animal|fishing|otter|playful
129448	skunk|animal|skunk|stink
129432	kangaroo|animal|joey|jump|kangaroo|marsupial
129441	badger|animal|badger|honey|pester
128062	paw prints|feet|paw|paws|print|prints
129411	turkey|bird|gobble|thanksgiving|turkey
128020	chicken|animal|bird|chicken|ornithology
128019	rooster|animal|bird|ornithology|rooster
128035	hatching chick|animal|baby|bird|chick|egg|hatching
128036	baby chick|animal|baby|bird|chick|ornithology
128037	front-facing baby chick|animal|baby|bird|chick|front-facing|newborn|ornithology
128038	bird|animal|bird|ornithology
128039	penguin|animal|antarctica|bird|ornithology|penguin
128330	dove|bird|dove|fly|ornithology|peace
129413	eagle|animal|bird|eagle|ornithology
129414	duck|animal|bird|duck|ornithology
129442	swan|animal|bird|cygnet|duckling|ornithology|swan|ugly
129417	owl|animal|bird|ornithology|owl|wise
129444	dodo|animal|bird|dodo|extinction|large|ornithology
129718	feather|bird|feather|flight|light|plumage
129449	flamingo|animal|bird|flamboyant|flamingo|ornithology|tropical
129434	peacock|animal|bird|colorful|ornithology|ostentatious|peacock|peahen|pretty|proud
129436	parrot|animal|bird|ornithology|parrot|pirate|talk
129725	wing|angelic|ascend|aviation|bird|fly|flying|heavenly|mythology|soar|wing
129727	goose|animal|bird|duck|flock|fowl|gaggle|gander|geese|goose|honk|ornithology|silly
128056	frog|animal|face|frog
128010	crocodile|animal|crocodile|zoo
128034	turtle|animal|terrapin|tortoise|turtle
129422	lizard|animal|lizard|reptile
128013	snake|animal|bearer|Ophiuchus|serpent|snake|zodiac
128050	dragon face|animal|dragon|face|fairy|fairytale|tale
128009	dragon|animal|dragon|fairy|fairytale|knights|tale
129429	sauropod|brachiosaurus|brontosaurus|dinosaur|diplodocus|sauropod
129430	T-Rex|dinosaur|Rex|T|T-Rex|Tyrannosaurus
128051	spouting whale|animal|beach|face|ocean|spouting|whale
128011	whale|animal|beach|ocean|whale
128044	dolphin|animal|beach|dolphin|flipper|ocean
129741	orca|marine|ocean|whale
129453	seal|animal|lion|ocean|sea|seal
128031	fish|animal|dinner|fish|fishes|fishing|Pisces|zodiac
128032	tropical fish|animal|fish|fishes|tropical
128033	blowfish|animal|blowfish|fish
129416	shark|animal|fish|shark
128025	octopus|animal|creature|ocean|octopus
128026	spiral shell|animal|beach|conch|sea|shell|spiral
129720	coral|change|climate|coral|ocean|reef|sea
129724	jellyfish|animal|aquarium|burn|invertebrate|jelly|jellyfish|life|marine|ocean|ouch|plankton|sea|sting|stinger|tentacles
129408	crab|Cancer|crab|zodiac
129438	lobster|animal|bisque|claws|lobster|seafood
129424	shrimp|food|shellfish|shrimp|small
129425	squid|animal|food|mollusk|squid
129450	oyster|diving|oyster|pearl
128012	snail|animal|escargot|garden|nature|slug|snail
129419	butterfly|butterfly|insect|pretty
128027	bug|animal|bug|garden|insect
128028	ant|animal|ant|garden|insect
128029	honeybee|animal|bee|bumblebee|honey|honeybee|insect|nature|spring
129714	beetle|animal|beetle|bug|insect
128030	lady beetle|animal|beetle|garden|insect|lady|ladybird|ladybug|nature
129431	cricket|animal|bug|cricket|grasshopper|insect|Orthoptera
129715	cockroach|animal|cockroach|insect|pest|roach
128375	spider|animal|insect|spider
128376	spider web|spider|web
129410	scorpion|Scorpio|scorpion|Scorpius|zodiac
129439	mosquito|bite|disease|fever|insect|malaria|mosquito|pest|virus
129712	fly|animal|disease|fly|insect|maggot|pest|rotting
129713	worm|animal|annelid|earthworm|parasite|worm
129440	microbe|amoeba|bacteria|microbe|science|virus
128144	bouquet|anniversary|birthday|bouquet|date|flower|love|plant|romance
127800	cherry blossom|blossom|cherry|flower|plant|spring|springtime
128174	white flower|flower|white
129719	lotus|beauty|Buddhism|calm|flower|Hinduism|lotus|peace|purity|serenity
127989	rosette|plant|rosette
127801	rose|beauty|elegant|flower|love|plant|red|rose|valentine
129344	wilted flower|dying|flower|wilted
127802	hibiscus|flower|hibiscus|plant
127803	sunflower|flower|outdoors|plant|sun|sunflower
127804	blossom|blossom|buttercup|dandelion|flower|plant
127799	tulip|blossom|flower|growth|plant|tulip
129723	hyacinth|bloom|bluebonnet|flower|hyacinth|indigo|lavender|lilac|lupine|plant|purple|shrub|snapdragon|spring|violet
127793	seedling|plant|sapling|seedling|sprout|young
129716	potted plant|decor|grow|house|nurturing|plant|pot|potted
127794	evergreen tree|christmas|evergreen|forest|pine|tree
127795	deciduous tree|deciduous|forest|green|habitat|shedding|tree
127796	palm tree|beach|palm|plant|tree|tropical
127797	cactus|cactus|desert|drought|nature|plant
127806	sheaf of rice|ear|grain|grains|plant|rice|sheaf
127807	herb|herb|leaf|plant
9752	shamrock|irish|plant|shamrock
127808	four leaf clover|4|clover|four|four-leaf|irish|leaf|lucky|plant
127809	maple leaf|falling|leaf|maple
127810	fallen leaf|autumn|fall|fallen|falling|leaf
127811	leaf fluttering in wind|blow|flutter|fluttering|leaf|wind
129721	empty nest|branch|empty|home|nest|nesting
129722	nest with eggs|bird|branch|egg|eggs|nest|nesting
127812	mushroom|fungus|mushroom|toadstool
129726	leafless tree|bare|barren|branches|dead|drought|leafless|tree|trunk|winter|wood
127815	grapes|Dionysus|fruit|grape|grapes
127816	melon|cantaloupe|fruit|melon
127817	watermelon|fruit|watermelon
127818	tangerine|c|citrus|fruit|nectarine|orange|tangerine|vitamin
127819	lemon|citrus|fruit|lemon|sour
127820	banana|banana|fruit|potassium
127821	pineapple|colada|fruit|pina|pineapple|tropical
129389	mango|food|fruit|mango|tropical
127822	red apple|apple|diet|food|fruit|health|red|ripe
127823	green apple|apple|fruit|green
127824	pear|fruit|pear
127825	peach|fruit|peach
127826	cherries|berries|cherries|cherry|fruit|red
127827	strawberry|berry|fruit|strawberry
129744	blueberries|berries|berry|bilberry|blue|blueberries|blueberry|food|fruit
129373	kiwi fruit|food|fruit|kiwi
127813	tomato|food|fruit|tomato|vegetable
129746	olive|food|olive
129381	coconut|coconut|colada|palm|piña
129361	avocado|avocado|food|fruit
127814	eggplant|aubergine|eggplant|vegetable
129364	potato|food|potato|vegetable
129365	carrot|carrot|food|vegetable
127805	ear of corn|corn|crops|ear|farm|maize|maze
127798	hot pepper|hot|pepper
129745	bell pepper|bell|capsicum|food|pepper|vegetable
129362	cucumber|cucumber|food|pickle|vegetable
129388	leafy green|bok|burgers|cabbage|choy|green|kale|leafy|lettuce|salad
129382	broccoli|broccoli|cabbage|wild
129476	garlic|flavoring|garlic
129477	onion|flavoring|onion
129372	peanuts|food|nut|peanut|peanuts|vegetable
129752	beans|beans|food|kidney|legume|small
127792	chestnut|almond|chestnut|plant
129754	ginger root|beer|ginger|health|herb|natural|root|spice
129755	pea pod|beans|beanstalk|edamame|legume|pea|pod|soybean|vegetable|veggie
129756	root vegetable|beet|food|garden|radish|root|salad|turnip|vegetable|vegetarian
127838	bread|bread|carbs|food|grain|loaf|restaurant|toast|wheat
129360	croissant|bread|breakfast|crescent|croissant|food|french|roll
129366	baguette bread|baguette|bread|food|french
129747	flatbread|arepa|bread|flatbread|food|gordita|lavash|naan|pita
129384	pretzel|convoluted|pretzel|twisted
129391	bagel|bagel|bakery|bread|breakfast|schmear
129374	pancakes|breakfast|crêpe|food|hotcake|pancake|pancakes
129479	waffle|breakfast|indecisive|iron|waffle
129472	cheese wedge|cheese|wedge
127830	meat on bone|bone|meat
127831	poultry leg|bone|chicken|drumstick|hungry|leg|poultry|turkey
129385	cut of meat|chop|cut|lambchop|meat|porkchop|red|steak
129363	bacon|bacon|breakfast|food|meat
127828	hamburger|burger|eat|fast|food|hamburger|hungry
127839	french fries|fast|food|french|fries
127829	pizza|cheese|food|hungry|pepperoni|pizza|slice
127789	hot dog|dog|frankfurter|hot|hotdog|sausage
129386	sandwich|bread|sandwich
127790	taco|mexican|taco
127791	burrito|burrito|mexican|wrap
129748	tamale|food|mexican|pamonha|tamale|wrapped
129369	stuffed flatbread|falafel|flatbread|food|gyro|kebab|stuffed
129478	falafel|chickpea|falafel|meatball
129370	egg|breakfast|egg|food
127859	cooking|breakfast|cooking|easy|egg|fry|frying|over|pan|restaurant|side|sunny|up
129368	shallow pan of food|casserole|food|paella|pan|shallow
127858	pot of food|food|pot|soup|stew
129749	fondue|cheese|chocolate|fondue|food|melted|pot|ski
129379	bowl with spoon|bowl|breakfast|cereal|congee|oatmeal|porridge|spoon
129367	green salad|food|green|salad
127871	popcorn|corn|movie|pop|popcorn
129480	butter|butter|dairy
129474	salt|condiment|flavor|mad|salt|salty|shaker|taste|upset
129387	canned food|can|canned|food
127857	bento box|bento|box|food
127832	rice cracker|cracker|food|rice
127833	rice ball|ball|food|Japanese|rice
127834	cooked rice|cooked|food|rice
127835	curry rice|curry|food|rice
127836	steaming bowl|bowl|chopsticks|food|noodle|pho|ramen|soup|steaming
127837	spaghetti|food|meatballs|pasta|restaurant|spaghetti
127840	roasted sweet potato|food|potato|roasted|sweet
127842	oden|food|kebab|oden|restaurant|seafood|skewer|stick
127843	sushi|food|sushi
127844	fried shrimp|fried|prawn|shrimp|tempura
127845	fish cake with swirl|cake|fish|food|pastry|restaurant|swirl
129390	moon cake|autumn|cake|festival|moon|yuèbǐng
127841	dango|dango|dessert|Japanese|skewer|stick|sweet
129375	dumpling|dumpling|empanada|gyōza|jiaozi|pierogi|potsticker
129376	fortune cookie|cookie|fortune|prophecy
129377	takeout box|box|chopsticks|delivery|food|oyster|pail|takeout
127846	soft ice cream|cream|dessert|food|ice|icecream|restaurant|serve|soft|sweet
127847	shaved ice|dessert|ice|restaurant|shaved|sweet
127848	ice cream|cream|dessert|food|ice|restaurant|sweet
127849	doughnut|breakfast|dessert|donut|doughnut|food|sweet
127850	cookie|chip|chocolate|cookie|dessert|sweet
127874	birthday cake|bday|birthday|cake|celebration|dessert|happy|pastry|sweet
127856	shortcake|cake|dessert|pastry|shortcake|slice|sweet
129473	cupcake|bakery|cupcake|dessert|sprinkles|sugar|sweet|treat
129383	pie|apple|filling|fruit|meat|pastry|pie|pumpkin|slice
127851	chocolate bar|bar|candy|chocolate|dessert|halloween|sweet|tooth
127852	candy|candy|cavities|dessert|halloween|restaurant|sweet|tooth|wrapper
127853	lollipop|candy|dessert|food|lollipop|restaurant|sweet
127854	custard|custard|dessert|pudding|sweet
127855	honey pot|barrel|bear|food|honey|honeypot|jar|pot|sweet
127868	baby bottle|babies|baby|birth|born|bottle|drink|infant|milk|newborn
129371	glass of milk|drink|glass|milk
9749	hot beverage|beverage|cafe|caffeine|chai|coffee|drink|hot|morning|steaming|tea
129750	teapot|brew|drink|food|pot|tea|teapot
127861	teacup without handle|beverage|cup|drink|handle|oolong|tea|teacup
127862	sake|bar|beverage|bottle|cup|drink|restaurant|sake
127870	bottle with popping cork|bar|bottle|cork|drink|popping
127863	wine glass|alcohol|bar|beverage|booze|club|drink|drinking|drinks|glass|restaurant|wine
127864	cocktail glass|alcohol|bar|booze|club|cocktail|drink|drinking|drinks|glass|mad|martini|men
127865	tropical drink|alcohol|bar|booze|club|cocktail|drink|drinking|drinks|drunk|mai|party|tai|tropical|tropics
127866	beer mug|alcohol|ale|bar|beer|booze|drink|drinking|drinks|mug|octoberfest|oktoberfest|pint|stein|summer
127867	clinking beer mugs|alcohol|bar|beer|booze|bottoms|cheers|clink|clinking|drinking|drinks|mugs
129346	clinking glasses|celebrate|clink|clinking|drink|glass|glasses
129347	tumbler glass|glass|liquor|scotch|shot|tumbler|whiskey|whisky
129751	pouring liquid|accident|drink|empty|glass|liquid|oops|pour|pouring|spill|water
129380	cup with straw|cup|drink|juice|malt|soda|soft|straw|water
129483	bubble tea|boba|bubble|food|milk|pearl|tea
129475	beverage box|beverage|box|juice|straw|sweet
129481	mate|drink|mate
129482	ice|cold|cube|ice|iceberg
129378	chopsticks|chopsticks|hashi|jeotgarak|kuaizi
127869	fork and knife with plate|cooking|dinner|eat|fork|knife|plate
127860	fork and knife|breakfast|breaky|cooking|cutlery|delicious|dinner|eat|feed|food|fork|hungry|knife|lunch|restaurant|yum|yummy
129348	spoon|eat|spoon|tableware
128298	kitchen knife|chef|cooking|hocho|kitchen|knife|tool|weapon
129753	jar|condiment|container|empty|jar|nothing|sauce|store
127994	amphora|amphora|Aquarius|cooking|drink|jug|tool|weapon|zodiac
127757	globe showing Europe-Africa|Africa|earth|Europe|Europe-Africa|globe|showing|world
127758	globe showing Americas|Americas|earth|globe|showing|world
127759	globe showing Asia-Australia|Asia|Asia-Australia|Australia|earth|globe|showing|world
127760	globe with meridians|earth|globe|internet|meridians|web|world|worldwide
128506	world map|map|world
128510	map of Japan|Japan|map
129517	compass|compass|direction|magnetic|navigation|orienteering
127956	snow-capped mountain|cold|mountain|snow|snow-capped
9968	mountain|mountain
128728	landslide|avalanche|danger|disaster|earthquake|mountain|mudslide|rocks
127755	volcano|eruption|mountain|nature|volcano
128507	mount fuji|fuji|mount|mountain|nature
127957	camping|camping
127958	beach with umbrella|beach|umbrella
127964	desert|desert
127965	desert island|desert|island
127966	national park|national|park
127967	stadium|stadium
127963	classical building|building|classical
127959	building construction|building|construction|crane
129521	brick|brick|bricks|clay|mortar|wall
129704	rock|boulder|heavy|rock|solid|stone|tough
129717	wood|log|lumber|timber|wood
128726	hut|home|house|hut|roundhouse|shelter|yurt
127960	houses|house|houses
127962	derelict house|derelict|home|house
127968	house|building|country|heart|home|house|ranch|settle|simple|suburban|suburbia|where
127969	house with garden|building|country|garden|heart|home|house|ranch|settle|simple|suburban|suburbia|where
127970	office building|building|city|cubical|job|office
127971	Japanese post office|building|Japanese|office|post
127972	post office|building|European|office|post
127973	hospital|building|doctor|hospital|medicine
127974	bank|bank|building
127976	hotel|building|hotel
127977	love hotel|building|hotel|love
127978	convenience store|24|building|convenience|hours|store
127979	school|building|school
127980	department store|building|department|store
127981	factory|building|factory
127983	Japanese castle|building|castle|Japanese
127984	castle|building|castle|European
128146	wedding|chapel|hitched|nuptials|romance|wedding
128508	Tokyo tower|Tokyo|tower
128509	Statue of Liberty|liberty|Liberty|new|ny|nyc|statue|Statue|york
9962	church|bless|chapel|Christian|church|cross|religion
128332	mosque|islam|masjid|mosque|Muslim|religion
128725	hindu temple|hindu|temple
128333	synagogue|Jew|Jewish|judaism|religion|synagogue|temple
9961	shinto shrine|religion|shinto|shrine
128331	kaaba|hajj|islam|kaaba|Muslim|religion|umrah
9970	fountain|fountain
9978	tent|camping|tent
127745	foggy|fog|foggy
127747	night with stars|night|star|stars
127961	cityscape|city|cityscape
127748	sunrise over mountains|morning|mountains|over|sun|sunrise
127749	sunrise|morning|nature|sun|sunrise
127750	cityscape at dusk|at|building|city|cityscape|dusk|evening|landscape|sun|sunset
127751	sunset|building|dusk|sun|sunset
127753	bridge at night|at|bridge|night
9832	hot springs|hot|hotsprings|springs|steaming
127904	carousel horse|carousel|entertainment|horse
128733	playground slide|amusement|park|play|playground|playing|slide|sliding|theme
127905	ferris wheel|amusement|ferris|park|theme|wheel
127906	roller coaster|amusement|coaster|park|roller|theme
128136	barber pole|barber|cut|fresh|haircut|pole|shave
127914	circus tent|circus|tent
128642	locomotive|caboose|engine|locomotive|railway|steam|train|trains|travel
128643	railway car|car|electric|railway|train|tram|travel|trolleybus
128644	high-speed train|high-speed|railway|shinkansen|speed|train
128645	bullet train|bullet|high-speed|nose|railway|shinkansen|speed|train|travel
128646	train|arrived|choo|railway|train
128647	metro|metro|subway|travel
128648	light rail|arrived|light|monorail|rail|railway
128649	station|railway|station|train
128650	tram|tram|trolleybus
128669	monorail|monorail|vehicle
128670	mountain railway|car|mountain|railway|trip
128651	tram car|bus|car|tram|trolley|trolleybus
128652	bus|bus|school|vehicle
128653	oncoming bus|bus|cars|oncoming
128654	trolleybus|bus|tram|trolley|trolleybus
128656	minibus|bus|drive|minibus|van|vehicle
128657	ambulance|ambulance|emergency|vehicle
128658	fire engine|engine|fire|truck
128659	police car|5–0|car|cops|patrol|police
128660	oncoming police car|car|oncoming|police
128661	taxi|cab|cabbie|car|drive|taxi|vehicle|yellow
128662	oncoming taxi|cab|cabbie|cars|drove|hail|oncoming|taxi|yellow
128663	automobile|automobile|car|driving|vehicle
128664	oncoming automobile|automobile|car|cars|drove|oncoming|vehicle
128665	sport utility vehicle|car|drive|recreational|sport|sportutility|utility|vehicle
128763	pickup truck|automobile|car|flatbed|pick-up|pickup|transportation|truck
128666	delivery truck|car|delivery|drive|truck|vehicle
128667	articulated lorry|articulated|car|drive|lorry|move|semi|truck|vehicle
128668	tractor|tractor|vehicle
127950	racing car|car|racing|zoom
127949	motorcycle|motorcycle|racing
128757	motor scooter|motor|scooter
129469	manual wheelchair|accessibility|manual|wheelchair
129468	motorized wheelchair|accessibility|motorized|wheelchair
128762	auto rickshaw|auto|rickshaw|tuk
128690	bicycle|bicycle|bike|class|cycle|cycling|cyclist|gang|ride|spin|spinning
128756	kick scooter|kick|scooter
128761	skateboard|board|skate|skateboard|skater|wheels
128764	roller skate|blades|roller|skate|skates|sport
128655	bus stop|bus|busstop|stop
128739	motorway|highway|motorway|road
128740	railway track|railway|track|train
128738	oil drum|drum|oil
9981	fuel pump|diesel|fuel|fuelpump|gas|gasoline|pump|station
128734	wheel|car|circle|tire|turn|vehicle|wheel
128680	police car light|alarm|alert|beacon|car|emergency|light|police|revolving|siren
128677	horizontal traffic light|horizontal|intersection|light|signal|stop|stoplight|traffic
128678	vertical traffic light|drove|intersection|light|signal|stop|stoplight|traffic|vertical
128721	stop sign|octagonal|sign|stop
128679	construction|barrier|construction
9875	anchor|anchor|ship|tool
128735	ring buoy|buoy|float|life|lifesaver|preserver|rescue|ring|safety|save|saver|swim
9973	sailboat|boat|resort|sailboat|sailing|sea|yacht
128758	canoe|boat|canoe
128676	speedboat|billionaire|boat|lake|luxury|millionaire|speedboat|summer|travel
128755	passenger ship|passenger|ship
9972	ferry|boat|ferry|passenger
128741	motor boat|boat|motor|motorboat
128674	ship|boat|passenger|ship|travel
9992	airplane|aeroplane|airplane|fly|flying|jet|plane|travel
128745	small airplane|aeroplane|airplane|plane|small
128747	airplane departure|aeroplane|airplane|check-in|departure|departures|plane
128748	airplane arrival|aeroplane|airplane|arrival|arrivals|arriving|landing|plane
129666	parachute|hang-glide|parachute|parasail|skydive
128186	seat|chair|seat
128641	helicopter|copter|helicopter|roflcopter|travel|vehicle
128671	suspension railway|railway|suspension
128672	mountain cableway|cable|cableway|gondola|lift|mountain|ski
128673	aerial tramway|aerial|cable|car|gondola|ropeway|tramway
128752	satellite|satellite|space
128640	rocket|launch|rocket|rockets|space|travel
128760	flying saucer|aliens|extra|flying|saucer|terrestrial|UFO
128718	bellhop bell|bell|bellhop|hotel
129523	luggage|bag|luggage|packing|roller|suitcase|travel
8987	hourglass done|done|hourglass|sand|time|timer
9203	hourglass not done|done|flowing|hourglass|hours|not|sand|timer|waiting|yolo
8986	watch|clock|time|watch
9200	alarm clock|alarm|clock|hours|hrs|late|time|waiting
9201	stopwatch|clock|stopwatch|time
9202	timer clock|clock|timer
128368	mantelpiece clock|clock|mantelpiece|time
128347	twelve o’clock|12|12:00|clock|o’clock|time|twelve
128359	twelve-thirty|12|12:30|30|clock|thirty|time|twelve|twelve-thirty
128336	one o’clock|1|1:00|clock|o’clock|one|time
128348	one-thirty|1|1:30|30|clock|one|one-thirty|thirty|time
128337	two o’clock|2|2:00|clock|o’clock|time|two
128349	two-thirty|2|2:30|30|clock|thirty|time|two|two-thirty
128338	three o’clock|3|3:00|clock|o’clock|three|time
128350	three-thirty|3|3:30|30|clock|thirty|three|three-thirty|time
128339	four o’clock|4|4:00|clock|four|o’clock|time
128351	four-thirty|30|4|4:30|clock|four|four-thirty|thirty|time
128340	five o’clock|5|5:00|clock|five|o’clock|time
128352	five-thirty|30|5|5:30|clock|five|five-thirty|thirty|time
128341	six o’clock|6|6:00|clock|o’clock|six|time
128353	six-thirty|30|6|6:30|clock|six|six-thirty|thirty
128342	seven o’clock|0|7|7:00|clock|o’clock|seven
128354	seven-thirty|30|7|7:30|clock|seven|seven-thirty|thirty
128343	eight o’clock|8|8:00|clock|eight|o’clock|time
128355	eight-thirty|30|8|8:30|clock|eight|eight-thirty|thirty|time
128344	nine o’clock|9|9:00|clock|nine|o’clock|time
128356	nine-thirty|30|9|9:30|clock|nine|nine-thirty|thirty|time
128345	ten o’clock|0|10|10:00|clock|o’clock|ten
128357	ten-thirty|10|10:30|30|clock|ten|ten-thirty|thirty|time
128346	eleven o’clock|11|11:00|clock|eleven|o’clock|time
128358	eleven-thirty|11|11:30|30|clock|eleven|eleven-thirty|thirty|time
127761	new moon|dark|moon|new|space
127762	waxing crescent moon|crescent|dreams|moon|space|waxing
127763	first quarter moon|first|moon|quarter|space
127764	waxing gibbous moon|gibbous|moon|space|waxing
127765	full moon|full|moon|space
127766	waning gibbous moon|gibbous|moon|space|waning
127767	last quarter moon|last|moon|quarter|space
127768	waning crescent moon|crescent|moon|space|waning
127769	crescent moon|crescent|moon|ramadan|space
127770	new moon face|face|moon|new|space
127771	first quarter moon face|face|first|moon|quarter|space
127772	last quarter moon face|dreams|face|last|moon|quarter
127777	thermometer|thermometer|weather
9728	sun|bright|rays|space|sun|sunny|weather
127773	full moon face|bright|face|full|moon
127774	sun with face|beach|bright|day|face|heat|shine|sun|sunny|sunshine|weather
129680	ringed planet|planet|ringed|saturn|saturnine
11088	star|astronomy|medium|star|stars|white
127775	glowing star|glittery|glow|glowing|night|shining|sparkle|star|win
127776	shooting star|falling|night|shooting|space|star
127756	milky way|milky|space|way
9729	cloud|cloud|weather
9925	sun behind cloud|behind|cloud|cloudy|sun|weather
9928	cloud with lightning and rain|cloud|lightning|rain|thunder|thunderstorm
127780	sun behind small cloud|behind|cloud|sun|weather
127781	sun behind large cloud|behind|cloud|sun|weather
127782	sun behind rain cloud|behind|cloud|rain|sun|weather
127783	cloud with rain|cloud|rain|weather
127784	cloud with snow|cloud|cold|snow|weather
127785	cloud with lightning|cloud|lightning|weather
127786	tornado|cloud|tornado|weather|whirlwind
127787	fog|cloud|fog|weather
127788	wind face|blow|cloud|face|wind
127744	cyclone|cyclone|dizzy|hurricane|twister|typhoon|weather
127752	rainbow|gay|genderqueer|glbt|glbtq|lesbian|lgbt|lgbtq|lgbtqia|nature|pride|queer|rain|rainbow|trans|transgender|weather
127746	closed umbrella|closed|clothing|rain|umbrella
9730	umbrella|clothing|rain|umbrella
9748	umbrella with rain drops|clothing|drop|drops|rain|umbrella|weather
9969	umbrella on ground|ground|rain|sun|umbrella
9889	high voltage|danger|electric|electricity|high|lightning|nature|thunder|thunderbolt|voltage|zap
10052	snowflake|cold|snow|snowflake|weather
9731	snowman|cold|man|snow|snowman
9924	snowman without snow|cold|man|snow|snowman
9732	comet|comet|space
128293	fire|af|burn|fire|flame|hot|lit|litaf|tool
128167	droplet|cold|comic|drop|droplet|nature|sad|sweat|tear|water|weather
127754	water wave|nature|ocean|surf|surfer|surfing|water|wave
127875	jack-o-lantern|celebration|halloween|jack|jack-o-lantern|lantern|pumpkin
127876	Christmas tree|celebration|Christmas|tree
127878	fireworks|boom|celebration|entertainment|fireworks|yolo
127879	sparkler|boom|celebration|fireworks|sparkle|sparkler
129512	firecracker|dynamite|explosive|fire|firecracker|fireworks|light|pop|popping|spark
10024	sparkles|*|magic|sparkle|sparkles|star
127880	balloon|balloon|birthday|celebrate|celebration
127881	party popper|awesome|birthday|celebrate|celebration|excited|hooray|party|popper|tada|woohoo
127882	confetti ball|ball|celebrate|celebration|confetti|party|woohoo
127883	tanabata tree|banner|celebration|Japanese|tanabata|tree
127885	pine decoration|bamboo|celebration|decoration|Japanese|pine|plant
127886	Japanese dolls|celebration|doll|dolls|festival|Japanese
127887	carp streamer|carp|celebration|streamer
127888	wind chime|bell|celebration|chime|wind
127889	moon viewing ceremony|celebration|ceremony|moon|viewing
129511	red envelope|envelope|gift|good|hóngbāo|lai|luck|money|red|see
127872	ribbon|celebration|ribbon
127873	wrapped gift|birthday|bow|box|celebration|christmas|gift|present|surprise|wrapped
127895	reminder ribbon|celebration|reminder|ribbon
127903	admission tickets|admission|ticket|tickets
127915	ticket|admission|stub|ticket
127894	military medal|award|celebration|medal|military
127942	trophy|champion|champs|prize|slay|sport|trophy|victory|win|winning
127941	sports medal|award|gold|medal|sports|winner
129351	1st place medal|1st|first|gold|medal|place
129352	2nd place medal|2nd|medal|place|second|silver
129353	3rd place medal|3rd|bronze|medal|place|third
9917	soccer ball|ball|football|futbol|soccer|sport
9918	baseball|ball|baseball|sport
129358	softball|ball|glove|softball|sports|underarm
127936	basketball|ball|basketball|hoop|sport
127952	volleyball|ball|game|volleyball
127944	american football|american|ball|bowl|football|sport|super
127945	rugby football|ball|football|rugby|sport
127934	tennis|ball|racquet|sport|tennis
129359	flying disc|disc|flying|ultimate
127923	bowling|ball|bowling|game|sport|strike
127951	cricket game|ball|bat|cricket|game
127953	field hockey|ball|field|game|hockey|stick
127954	ice hockey|game|hockey|ice|puck|stick
129357	lacrosse|ball|goal|lacrosse|sports|stick
127955	ping pong|ball|bat|game|paddle|ping|pingpong|pong|table|tennis
127992	badminton|badminton|birdie|game|racquet|shuttlecock
129354	boxing glove|boxing|glove
129355	martial arts uniform|arts|judo|karate|martial|taekwondo|uniform
129349	goal net|goal|net
9971	flag in hole|flag|golf|hole|sport
9976	ice skate|ice|skate|skating
127907	fishing pole|entertainment|fish|fishing|pole|sport
129343	diving mask|diving|mask|scuba|snorkeling
127933	running shirt|athletics|running|sash|shirt
127935	skis|ski|skis|snow|sport
128759	sled|luge|sled|sledge|sleigh|snow|toboggan
129356	curling stone|curling|game|rock|stone
127919	bullseye|bull|bullseye|dart|direct|entertainment|game|hit|target
129664	yo-yo|fluctuate|toy|yo-yo
129665	kite|fly|kite|soar
128299	water pistol|gun|handgun|pistol|revolver|tool|water|weapon
127921	pool 8 ball|8|8ball|ball|billiard|eight|game|pool
128302	crystal ball|ball|crystal|fairy|fairytale|fantasy|fortune|future|magic|tale|tool
129668	magic wand|magic|magician|wand|witch|wizard
127918	video game|controller|entertainment|game|video
128377	joystick|game|joystick|video|videogame
127920	slot machine|casino|gamble|gambling|game|machine|slot|slots
127922	game die|dice|die|entertainment|game
129513	puzzle piece|clue|interlocking|jigsaw|piece|puzzle
129528	teddy bear|bear|plaything|plush|stuffed|teddy|toy
129669	piñata|candy|celebrate|celebration|cinco|de|festive|mayo|party|pinada|pinata|piñata
129705	mirror ball|ball|dance|disco|glitter|mirror|party
129670	nesting dolls|babooshka|baboushka|babushka|doll|dolls|matryoshka|nesting|russia
9824	spade suit|card|game|spade|suit
9829	heart suit|card|emotion|game|heart|hearts|suit
9830	diamond suit|card|diamond|game|suit
9827	club suit|card|club|clubs|game|suit
9823	chess pawn|chess|dupe|expendable|pawn
127183	joker|card|game|joker|wildcard
126980	mahjong red dragon|dragon|game|mahjong|red
127924	flower playing cards|card|cards|flower|game|Japanese|playing
127917	performing arts|actor|actress|art|arts|entertainment|mask|performing|theater|theatre|thespian
128444	framed picture|art|frame|framed|museum|painting|picture
127912	artist palette|art|artist|artsy|arty|colorful|creative|entertainment|museum|painter|painting|palette
129525	thread|needle|sewing|spool|string|thread
129697	sewing needle|embroidery|needle|sew|sewing|stitches|sutures|tailoring|thread
129526	yarn|ball|crochet|knit|yarn
129698	knot|cord|knot|rope|tangled|tie|twine|twist
128083	glasses|clothing|eye|eyeglasses|eyewear|glasses
128374	sunglasses|dark|eye|eyewear|glasses|sunglasses
129405	goggles|dive|eye|goggles|protection|scuba|swimming|welding
129404	lab coat|clothes|coat|doctor|dr|experiment|jacket|lab|scientist|white
129466	safety vest|emergency|safety|vest
128084	necktie|clothing|employed|necktie|serious|shirt|tie
128085	t-shirt|blue|casual|clothes|clothing|collar|dressed|shirt|shopping|t-shirt|tshirt|weekend
128086	jeans|blue|casual|clothes|clothing|denim|dressed|jeans|pants|shopping|trousers|weekend
129507	scarf|bundle|cold|neck|scarf|up
129508	gloves|gloves|hand
129509	coat|brr|bundle|coat|cold|jacket|up
129510	socks|socks|stocking
128087	dress|clothes|clothing|dress|dressed|fancy|shopping
128088	kimono|clothing|comfortable|kimono
129403	sari|clothing|dress|sari
129649	one-piece swimsuit|bathing|one-piece|suit|swimsuit
129650	briefs|bathing|briefs|one-piece|suit|swimsuit|underwear
129651	shorts|bathing|pants|shorts|suit|swimsuit|underwear
128089	bikini|bathing|beach|bikini|clothing|pool|suit|swim
128090	woman’s clothes|blouse|clothes|clothing|collar|dress|dressed|lady|shirt|shopping|woman|woman’s
129709	folding hand fan|clack|clap|cool|cooling|dance|fan|flirt|flutter|folding|hand|hot|shy
128091	purse|clothes|clothing|coin|dress|fancy|handbag|purse|shopping
128092	handbag|bag|clothes|clothing|dress|handbag|lady|purse|shopping
128093	clutch bag|bag|clothes|clothing|clutch|dress|handbag|pouch|purse
128717	shopping bags|bag|bags|hotel|shopping
127890	backpack|backpack|backpacking|bag|bookbag|education|rucksack|satchel|school
129652	thong sandal|beach|flip|flop|sandal|sandals|shoe|thong|thongs|zōri
128094	man’s shoe|brown|clothes|clothing|feet|foot|kick|man|man’s|shoe|shoes|shopping
128095	running shoe|athletic|clothes|clothing|fast|kick|running|shoe|shoes|shopping|sneaker|tennis
129406	hiking boot|backpacking|boot|brown|camping|hiking|outdoors|shoe
129407	flat shoe|ballet|comfy|flat|flats|shoe|slip-on|slipper
128096	high-heeled shoe|clothes|clothing|dress|fashion|heel|heels|high-heeled|shoe|shoes|shopping|stiletto|woman
128097	woman’s sandal|clothing|sandal|shoe|woman|woman’s
129648	ballet shoes|ballet|dance|shoes
128098	woman’s boot|boot|clothes|clothing|dress|shoe|shoes|shopping|woman|woman’s
129710	hair pick|Afro|comb|groom|hair|pick
128081	crown|clothing|crown|family|king|medieval|queen|royal|royalty|win
128082	woman’s hat|clothes|clothing|garden|hat|hats|party|woman|woman’s
127913	top hat|clothes|clothing|fancy|formal|hat|magic|top|tophat
127891	graduation cap|cap|celebration|clothing|education|graduation|hat|scholar
129506	billed cap|baseball|bent|billed|cap|dad|hat
129686	military helmet|army|helmet|military|soldier|war|warrior
9937	rescue worker’s helmet|aid|cross|face|hat|helmet|rescue|worker’s
128255	prayer beads|beads|clothing|necklace|prayer|religion
128132	lipstick|cosmetics|date|lipstick|makeup
128141	ring|diamond|engaged|engagement|married|ring|romance|shiny|sparkling|wedding
128142	gem stone|diamond|engagement|gem|jewel|money|romance|stone|wedding
128263	muted speaker|mute|muted|quiet|silent|sound|speaker
128264	speaker low volume|low|soft|sound|speaker|volume
128265	speaker medium volume|medium|sound|speaker|volume
128266	speaker high volume|high|loud|music|sound|speaker|volume
128226	loudspeaker|address|communication|loud|loudspeaker|public|sound
128227	megaphone|cheering|megaphone|sound
128239	postal horn|horn|post|postal
128276	bell|bell|break|church|sound
128277	bell with slash|bell|forbidden|mute|no|not|prohibited|quiet|silent|slash|sound
127932	musical score|music|musical|note|score
127925	musical note|music|musical|note|sound
127926	musical notes|music|musical|note|notes|sound
127897	studio microphone|mic|microphone|music|studio
127898	level slider|level|music|slider
127899	control knobs|control|knobs|music
127908	microphone|karaoke|mic|microphone|music|sing|sound
127911	headphone|earbud|headphone|sound
128251	radio|entertainment|radio|tbt|video
127927	saxophone|instrument|music|sax|saxophone
127930	trumpet|instrument|music|trumpet
129674	trombone|brass|instrument|jazz|music|sad|slide
129687	accordion|accordion|box|concertina|instrument|music|squeeze|squeezebox
127928	guitar|guitar|instrument|music|strat
127929	musical keyboard|instrument|keyboard|music|musical|piano
127931	violin|instrument|music|violin
129685	banjo|banjo|music|stringed
129345	drum|drum|drumsticks|music
129688	long drum|beat|conga|drum|instrument|long|rhythm
129671	maracas|cha|dance|instrument|maracas|music|party|percussion|rattle|shake|shaker
129672	flute|band|fife|flautist|flute|instrument|marching|music|orchestra|piccolo|pipe|recorder|woodwind
129673	harp|cupid|harp|instrument|love|music|orchestra
128241	mobile phone|cell|communication|mobile|phone|telephone
128242	mobile phone with arrow|arrow|build|call|cell|communication|mobile|phone|receive|telephone
9742	telephone|phone|telephone
128222	telephone receiver|communication|phone|receiver|telephone|voip
128223	pager|communication|pager
128224	fax machine|communication|fax|machine
128267	battery|battery
129707	low battery|battery|drained|electronic|energy|low|power
128268	electric plug|electric|electricity|plug
128187	laptop|computer|laptop|office|pc|personal
128421	desktop computer|computer|desktop|monitor
128424	printer|computer|printer
9000	keyboard|computer|keyboard
128433	computer mouse|computer|mouse
128434	trackball|computer|trackball
128189	computer disk|computer|disk|minidisk|optical
128190	floppy disk|computer|disk|floppy
128191	optical disk|blu-ray|CD|computer|disk|dvd|optical
128192	dvd|Blu-ray|cd|computer|disk|DVD|optical
129518	abacus|abacus|calculation|calculator
127909	movie camera|bollywood|camera|cinema|film|hollywood|movie|record
127902	film frames|cinema|film|frames|movie
128253	film projector|cinema|film|movie|projector|video
127916	clapper board|action|board|clapper|movie
128250	television|television|tv|video
128247	camera|camera|photo|selfie|snap|tbt|trip|video
128248	camera with flash|camera|flash|video
128249	video camera|camcorder|camera|tbt|video
128252	videocassette|old|school|tape|vcr|vhs|video|videocassette
128269	magnifying glass tilted left|glass|lab|left|left-pointing|magnifying|science|search|tilted|tool
128270	magnifying glass tilted right|contact|glass|lab|magnifying|right|right-pointing|science|search|tilted|tool
128367	candle|candle|light
128161	light bulb|bulb|comic|electric|idea|light
128294	flashlight|electric|flashlight|light|tool|torch
127982	red paper lantern|bar|lantern|light|paper|red|restaurant
129684	diya lamp|diya|lamp|light|oil
128212	notebook with decorative cover|book|cover|decorated|decorative|education|notebook|school|writing
128213	closed book|book|closed|education
128214	open book|book|education|fantasy|knowledge|library|novels|open|reading
128215	green book|book|education|fantasy|green|library|reading
128216	blue book|blue|book|education|fantasy|library|reading
128217	orange book|book|education|fantasy|library|orange|reading
128218	books|book|books|education|fantasy|knowledge|library|novels|reading|school|study
128211	notebook|notebook
128210	ledger|ledger|notebook
128195	page with curl|curl|document|page|paper
128220	scroll|paper|scroll
128196	page facing up|document|facing|page|paper|up
128240	newspaper|communication|news|newspaper|paper
128478	rolled-up newspaper|news|newspaper|paper|rolled|rolled-up
128209	bookmark tabs|bookmark|mark|marker|tabs
128278	bookmark|bookmark|mark
127991	label|label|tag
129689	coin|coin|dollar|euro|gold|metal|money|rich|silver|treasure
128176	money bag|bag|bank|bet|billion|cash|cost|dollar|gold|million|money|moneybag|paid|paying|pot|rich|win
129678	treasure chest|gem|gold|jewels|loot|money|prize|silver|valuables|wealth
128180	yen banknote|bank|banknote|bill|currency|money|note|yen
128181	dollar banknote|bank|banknote|bill|currency|dollar|money|note
128182	euro banknote|100|bank|banknote|bill|currency|euro|money|note|rich
128183	pound banknote|bank|banknote|bill|billion|cash|currency|money|note|pound|pounds
128184	money with wings|bank|banknote|bill|billion|cash|dollar|fly|million|money|note|pay|wings
128179	credit card|bank|card|cash|charge|credit|money|pay
129534	receipt|accounting|bookkeeping|evidence|invoice|proof|receipt
128185	chart increasing with yen|bank|chart|currency|graph|growth|increasing|market|money|rise|trend|upward|yen
9993	envelope|e-mail|email|envelope|letter
128231	e-mail|e-mail|email|letter|mail
128232	incoming envelope|delivering|e-mail|email|envelope|incoming|letter|mail|receive|sent
128233	envelope with arrow|arrow|communication|down|e-mail|email|envelope|letter|mail|outgoing|send|sent
128228	outbox tray|box|email|letter|mail|outbox|sent|tray
128229	inbox tray|box|email|inbox|letter|mail|receive|tray|zero
128230	package|box|communication|delivery|package|parcel|shipping
128235	closed mailbox with raised flag|closed|communication|flag|mail|mailbox|postbox|raised
128234	closed mailbox with lowered flag|closed|flag|lowered|mail|mailbox|postbox
128236	open mailbox with raised flag|flag|mail|mailbox|open|postbox|raised
128237	open mailbox with lowered flag|flag|lowered|mail|mailbox|open|postbox
128238	postbox|mail|mailbox|postbox
128499	ballot box with ballot|ballot|box
9999	pencil|pencil
10002	black nib|black|nib|pen
128395	fountain pen|fountain|pen
128394	pen|ballpoint|pen
128396	paintbrush|paintbrush|painting
128397	crayon|crayon
128221	memo|communication|media|memo|notes|pencil
128188	briefcase|briefcase|office
128193	file folder|file|folder
128194	open file folder|file|folder|open
128450	card index dividers|card|dividers|index
128197	calendar|calendar|date
128198	tear-off calendar|calendar|tear-off
128466	spiral notepad|note|notepad|pad|spiral
128467	spiral calendar|calendar|pad|spiral
128199	card index|card|index|old|rolodex|school
128200	chart increasing|chart|data|graph|growth|increasing|right|trend|up|upward
128201	chart decreasing|chart|data|decreasing|down|downward|graph|negative|trend
128202	bar chart|bar|chart|data|graph
128203	clipboard|clipboard|do|list|notes
128204	pushpin|collage|pin|pushpin
128205	round pushpin|location|map|pin|pushpin|round
128206	paperclip|paperclip
128391	linked paperclips|link|linked|paperclip|paperclips
128207	straight ruler|angle|edge|math|ruler|straight|straightedge
128208	triangular ruler|angle|math|rule|ruler|set|slide|triangle|triangular
9986	scissors|cut|cutting|paper|scissors|tool
128451	card file box|box|card|file
128452	file cabinet|cabinet|file|filing|paper
128465	wastebasket|can|garbage|trash|waste|wastebasket
128274	locked|closed|lock|locked|private
128275	unlocked|cracked|lock|open|unlock|unlocked
128271	locked with pen|ink|lock|locked|nib|pen|privacy
128272	locked with key|bike|closed|key|lock|locked|secure
128273	key|key|keys|lock|major|password|unlock
128477	old key|clue|key|lock|old
128296	hammer|hammer|home|improvement|repairs|tool
129683	axe|ax|axe|chop|hatchet|split|wood
9935	pick|hammer|mining|pick|tool
9874	hammer and pick|hammer|pick|tool
128736	hammer and wrench|hammer|spanner|tool|wrench
128481	dagger|dagger|knife|weapon
9876	crossed swords|crossed|swords|weapon
128163	bomb|bomb|boom|comic|dangerous|explosion|hot
129667	boomerang|boomerang|rebound|repercussion|weapon
127993	bow and arrow|archer|archery|arrow|bow|Sagittarius|tool|weapon|zodiac
128737	shield|shield|weapon
129690	carpentry saw|carpenter|carpentry|cut|lumber|saw|tool|trim
128295	wrench|home|improvement|spanner|tool|wrench
129691	screwdriver|flathead|handy|screw|screwdriver|tool
128297	nut and bolt|bolt|home|improvement|nut|tool
9881	gear|cog|cogwheel|gear|tool
128476	clamp|clamp|compress|tool|vice
9878	balance scale|balance|justice|Libra|scale|scales|tool|weight|zodiac
129455	white cane|accessibility|blind|cane|probing|white
128279	link|link|links
9939	chains|chain|chains
129693	hook|catch|crook|curve|ensnare|hook|point|selling
129520	toolbox|box|chest|mechanic|red|tool|toolbox
129522	magnet|attraction|horseshoe|magnet|magnetic|negative|positive|shape|u
129692	ladder|climb|ladder|rung|step
129679	shovel|bury|dig|garden|hole|plant|scoop|shovel|snow|spade
9879	alembic|alembic|chemistry|tool
129514	test tube|chemist|chemistry|experiment|lab|science|test|tube
129515	petri dish|bacteria|biologist|biology|culture|dish|lab|petri
129516	dna|biologist|dna|evolution|gene|genetics|life
128300	microscope|experiment|lab|microscope|science|tool
128301	telescope|contact|extraterrestrial|science|telescope|tool
128225	satellite antenna|aliens|antenna|contact|dish|satellite|science
128137	syringe|doctor|flu|medicine|needle|shot|sick|syringe|tool|vaccination
129656	drop of blood|bleed|blood|donation|drop|injury|medicine|menstruation
128138	pill|doctor|drugs|medicated|medicine|pill|pills|sick|vitamin
129657	adhesive bandage|adhesive|bandage
129660	crutch|aid|cane|crutch|disability|help|hurt|injured|mobility|stick
129658	stethoscope|doctor|heart|medicine|stethoscope
129659	x-ray|bones|doctor|medical|skeleton|skull|x-ray|xray
128682	door|back|closet|door|front
128727	elevator|accessibility|elevator|hoist|lift
129694	mirror|makeup|mirror|reflection|reflector|speculum
129695	window|air|frame|fresh|opening|transparent|view|window
128719	bed|bed|hotel|sleep
128715	couch and lamp|couch|hotel|lamp
129681	chair|chair|seat|sit
128701	toilet|bathroom|toilet
129696	plunger|cup|force|plumber|plunger|poop|suction|toilet
128703	shower|shower|water
128705	bathtub|bath|bathtub
129700	mouse trap|bait|cheese|lure|mouse|mousetrap|snare|trap
129682	razor|razor|sharp|shave
129524	lotion bottle|bottle|lotion|moisturizer|shampoo|sunscreen
129527	safety pin|diaper|pin|punk|rock|safety
129529	broom|broom|cleaning|sweeping|witch
129530	basket|basket|farming|laundry|picnic
129531	roll of paper|paper|roll|toilet|towels
129699	bucket|bucket|cask|pail|vat
129532	soap|bar|bathing|clean|cleaning|lather|soap|soapdish
129767	bubbles|bubble|bubbles|burp|clean|floating|pearl|soap|underwater
129701	toothbrush|bathroom|brush|clean|dental|hygiene|teeth|toiletry|toothbrush
129533	sponge|absorbing|cleaning|porous|soak|sponge
129519	fire extinguisher|extinguish|extinguisher|fire|quench
128722	shopping cart|cart|shopping|trolley
128684	cigarette|cigarette|smoking
9904	coffin|coffin|dead|death|vampire
129702	headstone|cemetery|dead|grave|graveyard|headstone|memorial|rip|tomb|tombstone
9905	funeral urn|ashes|death|funeral|urn
129535	nazar amulet|amulet|bead|blue|charm|evil-eye|nazar|talisman
129708	hamsa|amulet|Fatima|fortune|guide|hamsa|hand|Mary|Miriam|palm|protect|protection
128511	moai|face|moai|moyai|statue|stoneface|travel
129703	placard|card|demonstration|notice|picket|placard|plaque|protest|sign
129706	identification card|card|credentials|document|ID|identification|license|security
127975	ATM sign|ATM|automated|bank|cash|money|sign|teller
128686	litter in bin sign|bin|litter|litterbin|sign
128688	potable water|drinking|potable|water
9855	wheelchair symbol|access|handicap|symbol|wheelchair
128697	men’s room|bathroom|lavatory|man|men’s|restroom|room|toilet|WC
128698	women’s room|bathroom|lavatory|restroom|room|toilet|WC|woman|women’s
128699	restroom|bathroom|lavatory|restroom|toilet|WC
128700	baby symbol|baby|changing|symbol
128702	water closet|bathroom|closet|lavatory|restroom|toilet|water|WC
128706	passport control|control|passport
128707	customs|customs|packing
128708	baggage claim|arrived|baggage|bags|case|checked|claim|journey|packing|plane|ready|travel|trip
128709	left luggage|baggage|case|left|locker|luggage
9888	warning|caution|warning
128696	children crossing|child|children|crossing|pedestrian|traffic
9940	no entry|do|entry|fail|forbidden|no|not|pass|prohibited|traffic
128683	prohibited|entry|forbidden|no|not|prohibited|smoke
128691	no bicycles|bicycle|bicycles|bike|forbidden|no|not|prohibited
128685	no smoking|forbidden|no|not|prohibited|smoke|smoking
128687	no littering|forbidden|litter|littering|no|not|prohibited
128689	non-potable water|dry|non-drinking|non-potable|prohibited|water
128695	no pedestrians|forbidden|no|not|pedestrian|pedestrians|prohibited
128245	no mobile phones|cell|forbidden|mobile|no|not|phone|phones|prohibited|telephone
128286	no one under eighteen|18|age|eighteen|forbidden|no|not|one|prohibited|restriction|underage
9762	radioactive|radioactive|sign
9763	biohazard|biohazard|sign
11014	up arrow|arrow|cardinal|direction|north|up
8599	up-right arrow|arrow|direction|intercardinal|northeast|up-right
10145	right arrow|arrow|cardinal|direction|east|right
8600	down-right arrow|arrow|direction|down-right|intercardinal|southeast
11015	down arrow|arrow|cardinal|direction|down|south
8601	down-left arrow|arrow|direction|down-left|intercardinal|southwest
11013	left arrow|arrow|cardinal|direction|left|west
8598	up-left arrow|arrow|direction|intercardinal|northwest|up-left
8597	up-down arrow|arrow|up-down
8596	left-right arrow|arrow|left-right
8622	left right arrow stroke|arrow|left|right|stroke
8617	right arrow curving left|arrow|curving|left|right
8618	left arrow curving right|arrow|curving|left|right
10548	right arrow curving up|arrow|curving|right|up
10549	right arrow curving down|arrow|curving|down|right
128259	clockwise vertical arrows|arrow|arrows|clockwise|refresh|reload|vertical
128260	counterclockwise arrows button|again|anticlockwise|arrow|arrows|button|counterclockwise|deja|refresh|rewindershins|vu
128281	BACK arrow|arrow|BACK
128282	END arrow|arrow|END
128283	ON! arrow|arrow|mark|ON!
128284	SOON arrow|arrow|brb|omw|SOON
128285	TOP arrow|arrow|homie|TOP|up
128720	place of worship|place|pray|religion|worship
9883	atom symbol|atheist|atom|symbol
128329	om|Hindu|om|religion
10017	star of David|David|Jew|Jewish|judaism|religion|star
9784	wheel of dharma|Buddhist|dharma|religion|wheel
9775	yin yang|difficult|lives|religion|tao|taoist|total|yang|yin|yinyang
10013	latin cross|christ|Christian|cross|latin|religion
9766	orthodox cross|Christian|cross|orthodox|religion
9770	star and crescent|crescent|islam|Muslim|ramadan|religion|star
9774	peace symbol|healing|peace|peaceful|symbol
128334	menorah|candelabrum|candlestick|hanukkah|jewish|judaism|menorah|religion
128303	dotted six-pointed star|dotted|fortune|jewish|judaism|six-pointed|star
129711	khanda|Deg|Fateh|Khalsa|Khanda|religion|Sikh|Sikhism|Tegh
9800	Aries|Aries|horoscope|ram|zodiac
9801	Taurus|bull|horoscope|ox|Taurus|zodiac
9802	Gemini|Gemini|horoscope|twins|zodiac
9803	Cancer|Cancer|crab|horoscope|zodiac
9804	Leo|horoscope|Leo|lion|zodiac
9805	Virgo|horoscope|Virgo|zodiac
9806	Libra|balance|horoscope|justice|Libra|scales|zodiac
9807	Scorpio|horoscope|Scorpio|scorpion|Scorpius|zodiac
9808	Sagittarius|archer|horoscope|Sagittarius|zodiac
9809	Capricorn|Capricorn|goat|horoscope|zodiac
9810	Aquarius|Aquarius|bearer|horoscope|water|zodiac
9811	Pisces|fish|horoscope|Pisces|zodiac
9934	Ophiuchus|bearer|Ophiuchus|serpent|snake|zodiac
128256	shuffle tracks button|arrow|button|crossed|shuffle|tracks
128257	repeat button|arrow|button|clockwise|repeat
128258	repeat single button|arrow|button|clockwise|once|repeat|single
9654	play button|arrow|button|play|right|triangle
9193	fast-forward button|arrow|button|double|fast|fast-forward|forward
9197	next track button|arrow|button|next|scene|track|triangle
9199	play or pause button|arrow|button|pause|play|right|triangle
9664	reverse button|arrow|button|left|reverse|triangle
9194	fast reverse button|arrow|button|double|fast|reverse|rewind
9198	last track button|arrow|button|last|previous|scene|track|triangle
128316	upwards button|arrow|button|red|up|upwards
9195	fast up button|arrow|button|double|fast|up
128317	downwards button|arrow|button|down|downwards|red
9196	fast down button|arrow|button|double|down|fast
9208	pause button|bar|button|double|pause|vertical
9209	stop button|button|square|stop
9210	record button|button|circle|record
9167	eject button|button|eject
127910	cinema|camera|cinema|film|movie
128261	dim button|brightness|button|dim|low
128262	bright button|bright|brightness|button|light
128246	antenna bars|antenna|bar|bars|cell|communication|mobile|phone|signal|telephone
128732	wireless|broadband|computer|connectivity|hotspot|internet|network|router|smartphone|wi-fi|wifi|wireless|wlan
128243	vibration mode|cell|communication|mobile|mode|phone|telephone|vibration
128244	mobile phone off|cell|mobile|off|phone|telephone
9792	female sign|female|sign|woman
9794	male sign|male|man|sign
9895	transgender symbol|symbol|transgender
10006	multiply|×|cancel|multiplication|multiply|sign|x
10133	plus|+|plus
10134	minus|-|−|heavy|math|minus|sign
10135	divide|÷|divide|division|heavy|math|sign
129008	heavy equals sign|answer|equal|equality|equals|heavy|math|sign
9854	infinity|forever|infinity|unbounded|universal
8252	double exclamation mark|!|!!|bangbang|double|exclamation|mark|punctuation
8265	exclamation question mark|!|!?|?|exclamation|interrobang|mark|punctuation|question
10067	red question mark|?|mark|punctuation|question|red
10068	white question mark|?|mark|outlined|punctuation|question|white
10069	white exclamation mark|!|exclamation|mark|outlined|punctuation|white
10071	red exclamation mark|!|exclamation|mark|punctuation|red
12336	wavy dash|dash|punctuation|wavy
128177	currency exchange|bank|currency|exchange|money
128178	heavy dollar sign|billion|cash|charge|currency|dollar|heavy|million|money|pay|sign
9877	medical symbol|aesculapius|medical|medicine|staff|symbol
9851	recycling symbol|recycle|recycling|symbol
9884	fleur-de-lis|fleur-de-lis|knights
128305	trident emblem|anchor|emblem|poseidon|ship|tool|trident
128219	name badge|badge|name
128304	Japanese symbol for beginner|beginner|chevron|green|Japanese|leaf|symbol|tool|yellow
11093	hollow red circle|circle|heavy|hollow|large|o|red
9989	check mark button|✓|button|check|checked|checkmark|complete|completed|done|fixed|mark|tick
9745	check box with check|✓|ballot|box|check|checked|done|off|tick
10004	check mark|✓|check|checked|checkmark|done|heavy|mark|tick
10060	cross mark|×|cancel|cross|mark|multiplication|multiply|x
10062	cross mark button|×|button|cross|mark|multiplication|multiply|square|x
10160	curly loop|curl|curly|loop
10175	double curly loop|curl|curly|double|loop
12349	part alternation mark|alternation|mark|part
10035	eight-spoked asterisk|*|asterisk|eight-spoked
10036	eight-pointed star|*|eight-pointed|star
10055	sparkle|*|sparkle
169	copyright|C|copyright
174	registered|R|registered
8482	trade mark|mark|TM|trade|trademark
129759	splatter|drip|holi|ink|liquid|mess|paint|spill|splatter|stain
128288	input latin uppercase|ABCD|input|latin|letters|uppercase
128289	input latin lowercase|abcd|input|latin|letters|lowercase
128290	input numbers|1234|input|numbers
128291	input symbols|&|%|♪|〒|input|symbols
128292	input latin letters|abc|alphabet|input|latin|letters
127344	A button (blood type)|blood|button|type
127374	AB button (blood type)|AB|blood|button|type
127345	B button (blood type)|B|blood|button|type
127377	CL button|button|CL
127378	COOL button|button|COOL
127379	FREE button|button|FREE
8505	information|I|information
127380	ID button|button|ID|identity
9410	circled M|circle|circled|M
127381	NEW button|button|NEW
127382	NG button|button|NG
127358	O button (blood type)|blood|button|O|type
127383	OK button|button|OK|okay
127359	P button|button|P|parking
127384	SOS button|button|help|SOS
127385	UP! button|button|mark|UP|UP!
127386	VS button|button|versus|VS
127489	Japanese “here” button|button|here|Japanese|katakana
127490	Japanese “service charge” button|button|charge|Japanese|katakana|service
127543	Japanese “monthly amount” button|amount|button|ideograph|Japanese|monthly
127542	Japanese “not free of charge” button|button|charge|free|ideograph|Japanese|not
127535	Japanese “reserved” button|button|ideograph|Japanese|reserved
127568	Japanese “bargain” button|bargain|button|ideograph|Japanese
127545	Japanese “discount” button|button|discount|ideograph|Japanese
127514	Japanese “free of charge” button|button|charge|free|ideograph|Japanese
127538	Japanese “prohibited” button|button|ideograph|Japanese|prohibited
127569	Japanese “acceptable” button|acceptable|button|ideograph|Japanese
127544	Japanese “application” button|application|button|ideograph|Japanese
127540	Japanese “passing grade” button|button|grade|ideograph|Japanese|passing
127539	Japanese “vacancy” button|button|ideograph|Japanese|vacancy
12951	Japanese “congratulations” button|button|congratulations|ideograph|Japanese
12953	Japanese “secret” button|button|ideograph|Japanese|secret
127546	Japanese “open for business” button|business|button|ideograph|Japanese|open
127541	Japanese “no vacancy” button|button|ideograph|Japanese|no|vacancy
128308	red circle|circle|geometric|red
128992	orange circle|circle|orange
128993	yellow circle|circle|yellow
128994	green circle|circle|green
128309	blue circle|blue|circle|geometric
128995	purple circle|circle|purple
128996	brown circle|brown|circle
9899	black circle|black|circle|geometric
9898	white circle|circle|geometric|white
128997	red square|card|penalty|red|square
128999	orange square|orange|square
129000	yellow square|card|penalty|square|yellow
129001	green square|green|square
128998	blue square|blue|square
129002	purple square|purple|square
129003	brown square|brown|square
11035	black large square|black|geometric|large|square
11036	white large square|geometric|large|square|white
9724	black medium square|black|geometric|medium|square
9723	white medium square|geometric|medium|square|white
9726	black medium-small square|black|geometric|medium-small|square
9725	white medium-small square|geometric|medium-small|square|white
9642	black small square|black|geometric|small|square
9643	white small square|geometric|small|square|white
128310	large orange diamond|diamond|geometric|large|orange
128311	large blue diamond|blue|diamond|geometric|large
128312	small orange diamond|diamond|geometric|orange|small
128313	small blue diamond|blue|diamond|geometric|small
128314	red triangle pointed up|geometric|pointed|red|triangle|up
128315	red triangle pointed down|down|geometric|pointed|red|triangle
128160	diamond with a dot|comic|diamond|dot|geometric
128280	radio button|button|geometric|radio
128307	white square button|button|geometric|outlined|square|white
128306	black square button|black|button|geometric|square
127937	chequered flag|checkered|chequered|finish|flag|flags|game|race|racing|sport|win
128681	triangular flag|construction|flag|golf|post|triangular
127884	crossed flags|celebration|cross|crossed|flags|Japanese
127988	black flag|black|flag|waving
127987	white flag|flag|waving|white
162	cent|cent
36	dollar|dollar|money|peso|USD
163	pound|currency|EGP|GBP|pound
165	yen|CNY|currency|JPY|yen|yuan
8354	cruzeiro|BRB|cruzeiro|currency
8355	french franc|currency|franc|french
8356	lira|currency|lira
8357	mill|mil|mill
8361	won|KPW|KRW|won
8364	euro|currency|EUR|euro
8368	german penny|currency|german|penny|pfennig
8369	peso|peso
8371	austral|ARA|austral|currency
8374	livre tournois|currency|livre|tournois
8375	spesmilo|currency|spesmilo
8377	indian rupee|currency|indian|rupee
8381	ruble|currency|ruble
8383	bitcoin|bitcoin|BTC
48	keycap: 0|0|keycap|zero
49	keycap: 1|1|keycap|one
50	keycap: 2|2|keycap|two
51	keycap: 3|3|keycap|three
52	keycap: 4|4|four|keycap
53	keycap: 5|5|five|keycap
54	keycap: 6|6|keycap|six
55	keycap: 7|7|keycap|seven
56	keycap: 8|8|eight|keycap
57	keycap: 9|9|keycap|nine
185	superscript one|one|superscript
178	superscript two|squared|superscript|two
179	superscript three|cubed|superscript|three
8360	rupee|currency|rupee
181	micro sign|measure|micro|sign
65020	rial|currency|rial
