231A..231B    ; Basic_Emoji                  ; watch..hourglass done                                          # E0.6   [2] (⌚..⌛)
23E9..23EC    ; Basic_Emoji                  ; fast-forward button..fast down button                          # E0.6   [4] (⏩..⏬)
23F0          ; Basic_Emoji                  ; alarm clock                                                    # E0.6   [1] (⏰)
23F3          ; Basic_Emoji                  ; hourglass not done                                             # E0.6   [1] (⏳)
25FD..25FE    ; Basic_Emoji                  ; white medium-small square..black medium-small square           # E0.6   [2] (◽..◾)
2614..2615    ; Basic_Emoji                  ; umbrella with rain drops..hot beverage                         # E0.6   [2] (☔..☕)
2648..2653    ; Basic_Emoji                  ; Aries..Pisces                                                  # E0.6  [12] (♈..♓)
267F          ; Basic_Emoji                  ; wheelchair symbol                                              # E0.6   [1] (♿)
2693          ; Basic_Emoji                  ; anchor                                                         # E0.6   [1] (⚓)
26A1          ; Basic_Emoji                  ; high voltage                                                   # E0.6   [1] (⚡)
26AA..26AB    ; Basic_Emoji                  ; white circle..black circle                                     # E0.6   [2] (⚪..⚫)
26BD..26BE    ; Basic_Emoji                  ; soccer ball..baseball                                          # E0.6   [2] (⚽..⚾)
26C4..26C5    ; Basic_Emoji                  ; snowman without snow..sun behind cloud                         # E0.6   [2] (⛄..⛅)
26CE          ; Basic_Emoji                  ; Ophiuchus                                                      # E0.6   [1] (⛎)
26D4          ; Basic_Emoji                  ; no entry                                                       # E0.6   [1] (⛔)
26EA          ; Basic_Emoji                  ; church                                                         # E0.6   [1] (⛪)
26F2..26F3    ; Basic_Emoji                  ; fountain..flag in hole                                         # E0.6   [2] (⛲..⛳)
26F5          ; Basic_Emoji                  ; sailboat                                                       # E0.6   [1] (⛵)
26FA          ; Basic_Emoji                  ; tent                                                           # E0.6   [1] (⛺)
26FD          ; Basic_Emoji                  ; fuel pump                                                      # E0.6   [1] (⛽)
2705          ; Basic_Emoji                  ; check mark button                                              # E0.6   [1] (✅)
270A..270B    ; Basic_Emoji                  ; raised fist..raised hand                                       # E0.6   [2] (✊..✋)
2728          ; Basic_Emoji                  ; sparkles                                                       # E0.6   [1] (✨)
274C          ; Basic_Emoji                  ; cross mark                                                     # E0.6   [1] (❌)
274E          ; Basic_Emoji                  ; cross mark button                                              # E0.6   [1] (❎)
2753..2755    ; Basic_Emoji                  ; red question mark..white exclamation mark                      # E0.6   [3] (❓..❕)
2757          ; Basic_Emoji                  ; red exclamation mark                                           # E0.6   [1] (❗)
2795..2797    ; Basic_Emoji                  ; plus..divide                                                   # E0.6   [3] (➕..➗)
27B0          ; Basic_Emoji                  ; curly loop                                                     # E0.6   [1] (➰)
27BF          ; Basic_Emoji                  ; double curly loop                                              # E1.0   [1] (➿)
2B1B..2B1C    ; Basic_Emoji                  ; black large square..white large square                         # E0.6   [2] (⬛..⬜)
2B50          ; Basic_Emoji                  ; star                                                           # E0.6   [1] (⭐)
2B55          ; Basic_Emoji                  ; hollow red circle                                              # E0.6   [1] (⭕)
1F004         ; Basic_Emoji                  ; mahjong red dragon                                             # E0.6   [1] (🀄)
1F0CF         ; Basic_Emoji                  ; joker                                                          # E0.6   [1] (🃏)
1F18E         ; Basic_Emoji                  ; AB button (blood type)                                         # E0.6   [1] (🆎)
1F191..1F19A  ; Basic_Emoji                  ; CL button..VS button                                           # E0.6  [10] (🆑..🆚)
1F201         ; Basic_Emoji                  ; Japanese “here” button                                         # E0.6   [1] (🈁)
1F21A         ; Basic_Emoji                  ; Japanese “free of charge” button                               # E0.6   [1] (🈚)
1F22F         ; Basic_Emoji                  ; Japanese “reserved” button                                     # E0.6   [1] (🈯)
1F232..1F236  ; Basic_Emoji                  ; Japanese “prohibited” button..Japanese “not free of charge” button#E0.6 [5] (🈲..🈶)
1F238..1F23A  ; Basic_Emoji                  ; Japanese “application” button..Japanese “open for business” button#E0.6 [3] (🈸..🈺)
1F250..1F251  ; Basic_Emoji                  ; Japanese “bargain” button..Japanese “acceptable” button        # E0.6   [2] (🉐..🉑)
1F300..1F30C  ; Basic_Emoji                  ; cyclone..milky way                                             # E0.6  [13] (🌀..🌌)
1F30D..1F30E  ; Basic_Emoji                  ; globe showing Europe-Africa..globe showing Americas            # E0.7   [2] (🌍..🌎)
1F30F         ; Basic_Emoji                  ; globe showing Asia-Australia                                   # E0.6   [1] (🌏)
1F310         ; Basic_Emoji                  ; globe with meridians                                           # E1.0   [1] (🌐)
1F311         ; Basic_Emoji                  ; new moon                                                       # E0.6   [1] (🌑)
1F312         ; Basic_Emoji                  ; waxing crescent moon                                           # E1.0   [1] (🌒)
1F313..1F315  ; Basic_Emoji                  ; first quarter moon..full moon                                  # E0.6   [3] (🌓..🌕)
1F316..1F318  ; Basic_Emoji                  ; waning gibbous moon..waning crescent moon                      # E1.0   [3] (🌖..🌘)
1F319         ; Basic_Emoji                  ; crescent moon                                                  # E0.6   [1] (🌙)
1F31A         ; Basic_Emoji                  ; new moon face                                                  # E1.0   [1] (🌚)
1F31B         ; Basic_Emoji                  ; first quarter moon face                                        # E0.6   [1] (🌛)
1F31C         ; Basic_Emoji                  ; last quarter moon face                                         # E0.7   [1] (🌜)
1F31D..1F31E  ; Basic_Emoji                  ; full moon face..sun with face                                  # E1.0   [2] (🌝..🌞)
1F31F..1F320  ; Basic_Emoji                  ; glowing star..shooting star                                    # E0.6   [2] (🌟..🌠)
1F32D..1F32F  ; Basic_Emoji                  ; hot dog..burrito                                               # E1.0   [3] (🌭..🌯)
1F330..1F331  ; Basic_Emoji                  ; chestnut..seedling                                             # E0.6   [2] (🌰..🌱)
1F332..1F333  ; Basic_Emoji                  ; evergreen tree..deciduous tree                                 # E1.0   [2] (🌲..🌳)
1F334..1F335  ; Basic_Emoji                  ; palm tree..cactus                                              # E0.6   [2] (🌴..🌵)
1F337..1F34A  ; Basic_Emoji                  ; tulip..tangerine                                               # E0.6  [20] (🌷..🍊)
1F34B         ; Basic_Emoji                  ; lemon                                                          # E1.0   [1] (🍋)
1F34C..1F34F  ; Basic_Emoji                  ; banana..green apple                                            # E0.6   [4] (🍌..🍏)
1F350         ; Basic_Emoji                  ; pear                                                           # E1.0   [1] (🍐)
1F351..1F37B  ; Basic_Emoji                  ; peach..clinking beer mugs                                      # E0.6  [43] (🍑..🍻)
1F37C         ; Basic_Emoji                  ; baby bottle                                                    # E1.0   [1] (🍼)
1F37E..1F37F  ; Basic_Emoji                  ; bottle with popping cork..popcorn                              # E1.0   [2] (🍾..🍿)
1F380..1F393  ; Basic_Emoji                  ; ribbon..graduation cap                                         # E0.6  [20] (🎀..🎓)
1F3A0..1F3C4  ; Basic_Emoji                  ; carousel horse..person surfing                                 # E0.6  [37] (🎠..🏄)
1F3C5         ; Basic_Emoji                  ; sports medal                                                   # E1.0   [1] (🏅)
1F3C6         ; Basic_Emoji                  ; trophy                                                         # E0.6   [1] (🏆)
1F3C7         ; Basic_Emoji                  ; horse racing                                                   # E1.0   [1] (🏇)
1F3C8         ; Basic_Emoji                  ; american football                                              # E0.6   [1] (🏈)
1F3C9         ; Basic_Emoji                  ; rugby football                                                 # E1.0   [1] (🏉)
1F3CA         ; Basic_Emoji                  ; person swimming                                                # E0.6   [1] (🏊)
1F3CF..1F3D3  ; Basic_Emoji                  ; cricket game..ping pong                                        # E1.0   [5] (🏏..🏓)
1F3E0..1F3E3  ; Basic_Emoji                  ; house..Japanese post office                                    # E0.6   [4] (🏠..🏣)
1F3E4         ; Basic_Emoji                  ; post office                                                    # E1.0   [1] (🏤)
1F3E5..1F3F0  ; Basic_Emoji                  ; hospital..castle                                               # E0.6  [12] (🏥..🏰)
1F3F4         ; Basic_Emoji                  ; black flag                                                     # E1.0   [1] (🏴)
1F3F8..1F407  ; Basic_Emoji                  ; badminton..rabbit                                              # E1.0  [16] (🏸..🐇)
1F408         ; Basic_Emoji                  ; cat                                                            # E0.7   [1] (🐈)
1F409..1F40B  ; Basic_Emoji                  ; dragon..whale                                                  # E1.0   [3] (🐉..🐋)
1F40C..1F40E  ; Basic_Emoji                  ; snail..horse                                                   # E0.6   [3] (🐌..🐎)
1F40F..1F410  ; Basic_Emoji                  ; ram..goat                                                      # E1.0   [2] (🐏..🐐)
1F411..1F412  ; Basic_Emoji                  ; ewe..monkey                                                    # E0.6   [2] (🐑..🐒)
1F413         ; Basic_Emoji                  ; rooster                                                        # E1.0   [1] (🐓)
1F414         ; Basic_Emoji                  ; chicken                                                        # E0.6   [1] (🐔)
1F415         ; Basic_Emoji                  ; dog                                                            # E0.7   [1] (🐕)
1F416         ; Basic_Emoji                  ; pig                                                            # E1.0   [1] (🐖)
1F417..1F429  ; Basic_Emoji                  ; boar..poodle                                                   # E0.6  [19] (🐗..🐩)
1F42A         ; Basic_Emoji                  ; camel                                                          # E1.0   [1] (🐪)
1F42B..1F43E  ; Basic_Emoji                  ; two-hump camel..paw prints                                     # E0.6  [20] (🐫..🐾)
1F440         ; Basic_Emoji                  ; eyes                                                           # E0.6   [1] (👀)
1F442..1F464  ; Basic_Emoji                  ; ear..bust in silhouette                                        # E0.6  [35] (👂..👤)
1F465         ; Basic_Emoji                  ; busts in silhouette                                            # E1.0   [1] (👥)
1F466..1F46B  ; Basic_Emoji                  ; boy..woman and man holding hands                               # E0.6   [6] (👦..👫)
1F46C..1F46D  ; Basic_Emoji                  ; men holding hands..women holding hands                         # E1.0   [2] (👬..👭)
1F46E..1F4AC  ; Basic_Emoji                  ; police officer..speech balloon                                 # E0.6  [63] (👮..💬)
1F4AD         ; Basic_Emoji                  ; thought balloon                                                # E1.0   [1] (💭)
1F4AE..1F4B5  ; Basic_Emoji                  ; white flower..dollar banknote                                  # E0.6   [8] (💮..💵)
1F4B6..1F4B7  ; Basic_Emoji                  ; euro banknote..pound banknote                                  # E1.0   [2] (💶..💷)
1F4B8..1F4EB  ; Basic_Emoji                  ; money with wings..closed mailbox with raised flag              # E0.6  [52] (💸..📫)
1F4EC..1F4ED  ; Basic_Emoji                  ; open mailbox with raised flag..open mailbox with lowered flag  # E0.7   [2] (📬..📭)
1F4EE         ; Basic_Emoji                  ; postbox                                                        # E0.6   [1] (📮)
1F4EF         ; Basic_Emoji                  ; postal horn                                                    # E1.0   [1] (📯)
1F4F0..1F4F4  ; Basic_Emoji                  ; newspaper..mobile phone off                                    # E0.6   [5] (📰..📴)
1F4F5         ; Basic_Emoji                  ; no mobile phones                                               # E1.0   [1] (📵)
1F4F6..1F4F7  ; Basic_Emoji                  ; antenna bars..camera                                           # E0.6   [2] (📶..📷)
1F4F8         ; Basic_Emoji                  ; camera with flash                                              # E1.0   [1] (📸)
1F4F9..1F4FC  ; Basic_Emoji                  ; video camera..videocassette                                    # E0.6   [4] (📹..📼)
1F4FF..1F502  ; Basic_Emoji                  ; prayer beads..repeat single button                             # E1.0   [4] (📿..🔂)
1F503         ; Basic_Emoji                  ; clockwise vertical arrows                                      # E0.6   [1] (🔃)
1F504..1F507  ; Basic_Emoji                  ; counterclockwise arrows button..muted speaker                  # E1.0   [4] (🔄..🔇)
1F508         ; Basic_Emoji                  ; speaker low volume                                             # E0.7   [1] (🔈)
1F509         ; Basic_Emoji                  ; speaker medium volume                                          # E1.0   [1] (🔉)
1F50A..1F514  ; Basic_Emoji                  ; speaker high volume..bell                                      # E0.6  [11] (🔊..🔔)
1F515         ; Basic_Emoji                  ; bell with slash                                                # E1.0   [1] (🔕)
1F516..1F52B  ; Basic_Emoji                  ; bookmark..water pistol                                         # E0.6  [22] (🔖..🔫)
1F52C..1F52D  ; Basic_Emoji                  ; microscope..telescope                                          # E1.0   [2] (🔬..🔭)
1F52E..1F53D  ; Basic_Emoji                  ; crystal ball..downwards button                                 # E0.6  [16] (🔮..🔽)
1F54B..1F54E  ; Basic_Emoji                  ; kaaba..menorah                                                 # E1.0   [4] (🕋..🕎)
1F550..1F55B  ; Basic_Emoji                  ; one o’clock..twelve o’clock                                    # E0.6  [12] (🕐..🕛)
1F55C..1F567  ; Basic_Emoji                  ; one-thirty..twelve-thirty                                      # E0.7  [12] (🕜..🕧)
1F57A         ; Basic_Emoji                  ; man dancing                                                    # E3.0   [1] (🕺)
1F595..1F596  ; Basic_Emoji                  ; middle finger..vulcan salute                                   # E1.0   [2] (🖕..🖖)
1F5A4         ; Basic_Emoji                  ; black heart                                                    # E3.0   [1] (🖤)
1F5FB..1F5FF  ; Basic_Emoji                  ; mount fuji..moai                                               # E0.6   [5] (🗻..🗿)
1F600         ; Basic_Emoji                  ; grinning face                                                  # E1.0   [1] (😀)
1F601..1F606  ; Basic_Emoji                  ; beaming face with smiling eyes..grinning squinting face        # E0.6   [6] (😁..😆)
1F607..1F608  ; Basic_Emoji                  ; smiling face with halo..smiling face with horns                # E1.0   [2] (😇..😈)
1F609..1F60D  ; Basic_Emoji                  ; winking face..smiling face with heart-eyes                     # E0.6   [5] (😉..😍)
1F60E         ; Basic_Emoji                  ; smiling face with sunglasses                                   # E1.0   [1] (😎)
1F60F         ; Basic_Emoji                  ; smirking face                                                  # E0.6   [1] (😏)
1F610         ; Basic_Emoji                  ; neutral face                                                   # E0.7   [1] (😐)
1F611         ; Basic_Emoji                  ; expressionless face                                            # E1.0   [1] (😑)
1F612..1F614  ; Basic_Emoji                  ; unamused face..pensive face                                    # E0.6   [3] (😒..😔)
1F615         ; Basic_Emoji                  ; confused face                                                  # E1.0   [1] (😕)
1F616         ; Basic_Emoji                  ; confounded face                                                # E0.6   [1] (😖)
1F617         ; Basic_Emoji                  ; kissing face                                                   # E1.0   [1] (😗)
1F618         ; Basic_Emoji                  ; face blowing a kiss                                            # E0.6   [1] (😘)
1F619         ; Basic_Emoji                  ; kissing face with smiling eyes                                 # E1.0   [1] (😙)
1F61A         ; Basic_Emoji                  ; kissing face with closed eyes                                  # E0.6   [1] (😚)
1F61B         ; Basic_Emoji                  ; face with tongue                                               # E1.0   [1] (😛)
1F61C..1F61E  ; Basic_Emoji                  ; winking face with tongue..disappointed face                    # E0.6   [3] (😜..😞)
1F61F         ; Basic_Emoji                  ; worried face                                                   # E1.0   [1] (😟)
1F620..1F625  ; Basic_Emoji                  ; angry face..sad but relieved face                              # E0.6   [6] (😠..😥)
1F626..1F627  ; Basic_Emoji                  ; frowning face with open mouth..anguished face                  # E1.0   [2] (😦..😧)
1F628..1F62B  ; Basic_Emoji                  ; fearful face..tired face                                       # E0.6   [4] (😨..😫)
1F62C         ; Basic_Emoji                  ; grimacing face                                                 # E1.0   [1] (😬)
1F62D         ; Basic_Emoji                  ; loudly crying face                                             # E0.6   [1] (😭)
1F62E..1F62F  ; Basic_Emoji                  ; face with open mouth..hushed face                              # E1.0   [2] (😮..😯)
1F630..1F633  ; Basic_Emoji                  ; anxious face with sweat..flushed face                          # E0.6   [4] (😰..😳)
1F634         ; Basic_Emoji                  ; sleeping face                                                  # E1.0   [1] (😴)
1F635         ; Basic_Emoji                  ; face with crossed-out eyes                                     # E0.6   [1] (😵)
1F636         ; Basic_Emoji                  ; face without mouth                                             # E1.0   [1] (😶)
1F637..1F640  ; Basic_Emoji                  ; face with medical mask..weary cat                              # E0.6  [10] (😷..🙀)
1F641..1F644  ; Basic_Emoji                  ; slightly frowning face..face with rolling eyes                 # E1.0   [4] (🙁..🙄)
1F645..1F64F  ; Basic_Emoji                  ; person gesturing NO..folded hands                              # E0.6  [11] (🙅..🙏)
1F680         ; Basic_Emoji                  ; rocket                                                         # E0.6   [1] (🚀)
1F681..1F682  ; Basic_Emoji                  ; helicopter..locomotive                                         # E1.0   [2] (🚁..🚂)
1F683..1F685  ; Basic_Emoji                  ; railway car..bullet train                                      # E0.6   [3] (🚃..🚅)
1F686         ; Basic_Emoji                  ; train                                                          # E1.0   [1] (🚆)
1F687         ; Basic_Emoji                  ; metro                                                          # E0.6   [1] (🚇)
1F688         ; Basic_Emoji                  ; light rail                                                     # E1.0   [1] (🚈)
1F689         ; Basic_Emoji                  ; station                                                        # E0.6   [1] (🚉)
1F68A..1F68B  ; Basic_Emoji                  ; tram..tram car                                                 # E1.0   [2] (🚊..🚋)
1F68C         ; Basic_Emoji                  ; bus                                                            # E0.6   [1] (🚌)
1F68D         ; Basic_Emoji                  ; oncoming bus                                                   # E0.7   [1] (🚍)
1F68E         ; Basic_Emoji                  ; trolleybus                                                     # E1.0   [1] (🚎)
1F68F         ; Basic_Emoji                  ; bus stop                                                       # E0.6   [1] (🚏)
1F690         ; Basic_Emoji                  ; minibus                                                        # E1.0   [1] (🚐)
1F691..1F693  ; Basic_Emoji                  ; ambulance..police car                                          # E0.6   [3] (🚑..🚓)
1F694         ; Basic_Emoji                  ; oncoming police car                                            # E0.7   [1] (🚔)
1F695         ; Basic_Emoji                  ; taxi                                                           # E0.6   [1] (🚕)
1F696         ; Basic_Emoji                  ; oncoming taxi                                                  # E1.0   [1] (🚖)
1F697         ; Basic_Emoji                  ; automobile                                                     # E0.6   [1] (🚗)
1F698         ; Basic_Emoji                  ; oncoming automobile                                            # E0.7   [1] (🚘)
1F699..1F69A  ; Basic_Emoji                  ; sport utility vehicle..delivery truck                          # E0.6   [2] (🚙..🚚)
1F69B..1F6A1  ; Basic_Emoji                  ; articulated lorry..aerial tramway                              # E1.0   [7] (🚛..🚡)
1F6A2         ; Basic_Emoji                  ; ship                                                           # E0.6   [1] (🚢)
1F6A3         ; Basic_Emoji                  ; person rowing boat                                             # E1.0   [1] (🚣)
1F6A4..1F6A5  ; Basic_Emoji                  ; speedboat..horizontal traffic light                            # E0.6   [2] (🚤..🚥)
1F6A6         ; Basic_Emoji                  ; vertical traffic light                                         # E1.0   [1] (🚦)
1F6A7..1F6AD  ; Basic_Emoji                  ; construction..no smoking                                       # E0.6   [7] (🚧..🚭)
1F6AE..1F6B1  ; Basic_Emoji                  ; litter in bin sign..non-potable water                          # E1.0   [4] (🚮..🚱)
1F6B2         ; Basic_Emoji                  ; bicycle                                                        # E0.6   [1] (🚲)
1F6B3..1F6B5  ; Basic_Emoji                  ; no bicycles..person mountain biking                            # E1.0   [3] (🚳..🚵)
1F6B6         ; Basic_Emoji                  ; person walking                                                 # E0.6   [1] (🚶)
1F6B7..1F6B8  ; Basic_Emoji                  ; no pedestrians..children crossing                              # E1.0   [2] (🚷..🚸)
1F6B9..1F6BE  ; Basic_Emoji                  ; men’s room..water closet                                       # E0.6   [6] (🚹..🚾)
1F6BF         ; Basic_Emoji                  ; shower                                                         # E1.0   [1] (🚿)
1F6C0         ; Basic_Emoji                  ; person taking bath                                             # E0.6   [1] (🛀)
1F6C1..1F6C5  ; Basic_Emoji                  ; bathtub..left luggage                                          # E1.0   [5] (🛁..🛅)
1F6CC         ; Basic_Emoji                  ; person in bed                                                  # E1.0   [1] (🛌)
1F6D0         ; Basic_Emoji                  ; place of worship                                               # E1.0   [1] (🛐)
1F6D1..1F6D2  ; Basic_Emoji                  ; stop sign..shopping cart                                       # E3.0   [2] (🛑..🛒)
1F6D5         ; Basic_Emoji                  ; hindu temple                                                   # E12.0  [1] (🛕)
1F6D6..1F6D7  ; Basic_Emoji                  ; hut..elevator                                                  # E13.0  [2] (🛖..🛗)
1F6D8         ; Basic_Emoji                  ; landslide                                                      # E17.0  [1] (🛘)
1F6D9         ; Basic_Emoji                  ; lighthouse                                                     # E18.0  [1] (🛙)
1F6DC         ; Basic_Emoji                  ; wireless                                                       # E15.0  [1] (🛜)
1F6DD..1F6DF  ; Basic_Emoji                  ; playground slide..ring buoy                                    # E14.0  [3] (🛝..🛟)
1F6EB..1F6EC  ; Basic_Emoji                  ; airplane departure..airplane arrival                           # E1.0   [2] (🛫..🛬)
1F6F4..1F6F6  ; Basic_Emoji                  ; kick scooter..canoe                                            # E3.0   [3] (🛴..🛶)
1F6F7..1F6F8  ; Basic_Emoji                  ; sled..flying saucer                                            # E5.0   [2] (🛷..🛸)
1F6F9         ; Basic_Emoji                  ; skateboard                                                     # E11.0  [1] (🛹)
1F6FA         ; Basic_Emoji                  ; auto rickshaw                                                  # E12.0  [1] (🛺)
1F6FB..1F6FC  ; Basic_Emoji                  ; pickup truck..roller skate                                     # E13.0  [2] (🛻..🛼)
1F7E0..1F7EB  ; Basic_Emoji                  ; orange circle..brown square                                    # E12.0 [12] (🟠..🟫)
1F7F0         ; Basic_Emoji                  ; heavy equals sign                                              # E14.0  [1] (🟰)
1F90C         ; Basic_Emoji                  ; pinched fingers                                                # E13.0  [1] (🤌)
1F90D..1F90F  ; Basic_Emoji                  ; white heart..pinching hand                                     # E12.0  [3] (🤍..🤏)
1F910..1F918  ; Basic_Emoji                  ; zipper-mouth face..sign of the horns                           # E1.0   [9] (🤐..🤘)
1F919..1F91E  ; Basic_Emoji                  ; call me hand..crossed fingers                                  # E3.0   [6] (🤙..🤞)
1F91F         ; Basic_Emoji                  ; love-you gesture                                               # E5.0   [1] (🤟)
1F920..1F927  ; Basic_Emoji                  ; cowboy hat face..sneezing face                                 # E3.0   [8] (🤠..🤧)
1F928..1F92F  ; Basic_Emoji                  ; face with raised eyebrow..exploding head                       # E5.0   [8] (🤨..🤯)
1F930         ; Basic_Emoji                  ; pregnant woman                                                 # E3.0   [1] (🤰)
1F931..1F932  ; Basic_Emoji                  ; breast-feeding..palms up together                              # E5.0   [2] (🤱..🤲)
1F933..1F93A  ; Basic_Emoji                  ; selfie..person fencing                                         # E3.0   [8] (🤳..🤺)
1F93C..1F93E  ; Basic_Emoji                  ; people wrestling..person playing handball                      # E3.0   [3] (🤼..🤾)
1F93F         ; Basic_Emoji                  ; diving mask                                                    # E12.0  [1] (🤿)
1F940..1F945  ; Basic_Emoji                  ; wilted flower..goal net                                        # E3.0   [6] (🥀..🥅)
1F947..1F94B  ; Basic_Emoji                  ; 1st place medal..martial arts uniform                          # E3.0   [5] (🥇..🥋)
1F94C         ; Basic_Emoji                  ; curling stone                                                  # E5.0   [1] (🥌)
1F94D..1F94F  ; Basic_Emoji                  ; lacrosse..flying disc                                          # E11.0  [3] (🥍..🥏)
1F950..1F95E  ; Basic_Emoji                  ; croissant..pancakes                                            # E3.0  [15] (🥐..🥞)
1F95F..1F96B  ; Basic_Emoji                  ; dumpling..canned food                                          # E5.0  [13] (🥟..🥫)
1F96C..1F970  ; Basic_Emoji                  ; leafy green..smiling face with hearts                          # E11.0  [5] (🥬..🥰)
1F971         ; Basic_Emoji                  ; yawning face                                                   # E12.0  [1] (🥱)
1F972         ; Basic_Emoji                  ; smiling face with tear                                         # E13.0  [1] (🥲)
1F973..1F976  ; Basic_Emoji                  ; partying face..cold face                                       # E11.0  [4] (🥳..🥶)
1F977..1F978  ; Basic_Emoji                  ; ninja..disguised face                                          # E13.0  [2] (🥷..🥸)
1F979         ; Basic_Emoji                  ; face holding back tears                                        # E14.0  [1] (🥹)
1F97A         ; Basic_Emoji                  ; pleading face                                                  # E11.0  [1] (🥺)
1F97B         ; Basic_Emoji                  ; sari                                                           # E12.0  [1] (🥻)
1F97C..1F97F  ; Basic_Emoji                  ; lab coat..flat shoe                                            # E11.0  [4] (🥼..🥿)
1F980..1F984  ; Basic_Emoji                  ; crab..unicorn                                                  # E1.0   [5] (🦀..🦄)
1F985..1F991  ; Basic_Emoji                  ; eagle..squid                                                   # E3.0  [13] (🦅..🦑)
1F992..1F997  ; Basic_Emoji                  ; giraffe..cricket                                               # E5.0   [6] (🦒..🦗)
1F998..1F9A2  ; Basic_Emoji                  ; kangaroo..swan                                                 # E11.0 [11] (🦘..🦢)
1F9A3..1F9A4  ; Basic_Emoji                  ; mammoth..dodo                                                  # E13.0  [2] (🦣..🦤)
1F9A5..1F9AA  ; Basic_Emoji                  ; sloth..oyster                                                  # E12.0  [6] (🦥..🦪)
1F9AB..1F9AD  ; Basic_Emoji                  ; beaver..seal                                                   # E13.0  [3] (🦫..🦭)
1F9AE..1F9AF  ; Basic_Emoji                  ; guide dog..white cane                                          # E12.0  [2] (🦮..🦯)
1F9B0..1F9B9  ; Basic_Emoji                  ; red hair..supervillain                                         # E11.0 [10] (🦰..🦹)
1F9BA..1F9BF  ; Basic_Emoji                  ; safety vest..mechanical leg                                    # E12.0  [6] (🦺..🦿)
1F9C0         ; Basic_Emoji                  ; cheese wedge                                                   # E1.0   [1] (🧀)
1F9C1..1F9C2  ; Basic_Emoji                  ; cupcake..salt                                                  # E11.0  [2] (🧁..🧂)
1F9C3..1F9CA  ; Basic_Emoji                  ; beverage box..ice                                              # E12.0  [8] (🧃..🧊)
1F9CB         ; Basic_Emoji                  ; bubble tea                                                     # E13.0  [1] (🧋)
1F9CC         ; Basic_Emoji                  ; troll                                                          # E14.0  [1] (🧌)
1F9CD..1F9CF  ; Basic_Emoji                  ; person standing..deaf person                                   # E12.0  [3] (🧍..🧏)
1F9D0..1F9E6  ; Basic_Emoji                  ; face with monocle..socks                                       # E5.0  [23] (🧐..🧦)
1F9E7..1F9FF  ; Basic_Emoji                  ; red envelope..nazar amulet                                     # E11.0 [25] (🧧..🧿)
1FA70..1FA73  ; Basic_Emoji                  ; ballet shoes..shorts                                           # E12.0  [4] (🩰..🩳)
1FA74         ; Basic_Emoji                  ; thong sandal                                                   # E13.0  [1] (🩴)
1FA75..1FA77  ; Basic_Emoji                  ; light blue heart..pink heart                                   # E15.0  [3] (🩵..🩷)
1FA78..1FA7A  ; Basic_Emoji                  ; drop of blood..stethoscope                                     # E12.0  [3] (🩸..🩺)
1FA7B..1FA7C  ; Basic_Emoji                  ; x-ray..crutch                                                  # E14.0  [2] (🩻..🩼)
1FA80..1FA82  ; Basic_Emoji                  ; yo-yo..parachute                                               # E12.0  [3] (🪀..🪂)
1FA83..1FA86  ; Basic_Emoji                  ; boomerang..nesting dolls                                       # E13.0  [4] (🪃..🪆)
1FA87..1FA88  ; Basic_Emoji                  ; maracas..flute                                                 # E15.0  [2] (🪇..🪈)
1FA89         ; Basic_Emoji                  ; harp                                                           # E16.0  [1] (🪉)
1FA8A         ; Basic_Emoji                  ; trombone                                                       # E17.0  [1] (🪊)
1FA8B..1FA8D  ; Basic_Emoji                  ; meteor..net with handle                                        # E18.0  [3] (🪋..🪍)
1FA8E         ; Basic_Emoji                  ; treasure chest                                                 # E17.0  [1] (🪎)
1FA8F         ; Basic_Emoji                  ; shovel                                                         # E16.0  [1] (🪏)
1FA90..1FA95  ; Basic_Emoji                  ; ringed planet..banjo                                           # E12.0  [6] (🪐..🪕)
1FA96..1FAA8  ; Basic_Emoji                  ; military helmet..rock                                          # E13.0 [19] (🪖..🪨)
1FAA9..1FAAC  ; Basic_Emoji                  ; mirror ball..hamsa                                             # E14.0  [4] (🪩..🪬)
1FAAD..1FAAF  ; Basic_Emoji                  ; folding hand fan..khanda                                       # E15.0  [3] (🪭..🪯)
1FAB0..1FAB6  ; Basic_Emoji                  ; fly..feather                                                   # E13.0  [7] (🪰..🪶)
1FAB7..1FABA  ; Basic_Emoji                  ; lotus..nest with eggs                                          # E14.0  [4] (🪷..🪺)
1FABB..1FABD  ; Basic_Emoji                  ; hyacinth..wing                                                 # E15.0  [3] (🪻..🪽)
1FABE         ; Basic_Emoji                  ; leafless tree                                                  # E16.0  [1] (🪾)
1FABF         ; Basic_Emoji                  ; goose                                                          # E15.0  [1] (🪿)
1FAC0..1FAC2  ; Basic_Emoji                  ; anatomical heart..people hugging                               # E13.0  [3] (🫀..🫂)
1FAC3..1FAC5  ; Basic_Emoji                  ; pregnant man..person with crown                                # E14.0  [3] (🫃..🫅)
1FAC6         ; Basic_Emoji                  ; fingerprint                                                    # E16.0  [1] (🫆)
1FAC8         ; Basic_Emoji                  ; hairy creature                                                 # E17.0  [1] (🫈)
1FACC         ; Basic_Emoji                  ; monarch butterfly                                              # E18.0  [1] (🫌)
1FACD         ; Basic_Emoji                  ; orca                                                           # E17.0  [1] (🫍)
1FACE..1FACF  ; Basic_Emoji                  ; moose..donkey                                                  # E15.0  [2] (🫎..🫏)
1FAD0..1FAD6  ; Basic_Emoji                  ; blueberries..teapot                                            # E13.0  [7] (🫐..🫖)
1FAD7..1FAD9  ; Basic_Emoji                  ; pouring liquid..jar                                            # E14.0  [3] (🫗..🫙)
1FADA..1FADB  ; Basic_Emoji                  ; ginger root..pea pod                                           # E15.0  [2] (🫚..🫛)
1FADC         ; Basic_Emoji                  ; root vegetable                                                 # E16.0  [1] (🫜)
1FADD         ; Basic_Emoji                  ; pickle                                                         # E18.0  [1] (🫝)
1FADF         ; Basic_Emoji                  ; splatter                                                       # E16.0  [1] (🫟)
1FAE0..1FAE7  ; Basic_Emoji                  ; melting face..bubbles                                          # E14.0  [8] (🫠..🫧)
1FAE8         ; Basic_Emoji                  ; shaking face                                                   # E15.0  [1] (🫨)
1FAE9         ; Basic_Emoji                  ; face with bags under eyes                                      # E16.0  [1] (🫩)
1FAEA         ; Basic_Emoji                  ; distorted face                                                 # E17.0  [1] (🫪)
1FAEB         ; Basic_Emoji                  ; cracking face                                                  # E18.0  [1] (🫫)
1FAEF         ; Basic_Emoji                  ; fight cloud                                                    # E17.0  [1] (🫯)
1FAF0..1FAF6  ; Basic_Emoji                  ; hand with index finger and thumb crossed..heart hands          # E14.0  [7] (🫰..🫶)
1FAF7..1FAF8  ; Basic_Emoji                  ; leftwards pushing hand..rightwards pushing hand                # E15.0  [2] (🫷..🫸)
1FAF9..1FAFA  ; Basic_Emoji                  ; leftwards thumb sign..rightwards thumb sign                    # E18.0  [2] (🫹..🫺)
00A9 FE0F     ; Basic_Emoji                  ; copyright                                                      # E0.6   [1] (©️)
00AE FE0F     ; Basic_Emoji                  ; registered                                                     # E0.6   [1] (®️)
203C FE0F     ; Basic_Emoji                  ; double exclamation mark                                        # E0.6   [1] (‼️)
2049 FE0F     ; Basic_Emoji                  ; exclamation question mark                                      # E0.6   [1] (⁉️)
2122 FE0F     ; Basic_Emoji                  ; trade mark                                                     # E0.6   [1] (™️)
2139 FE0F     ; Basic_Emoji                  ; information                                                    # E0.6   [1] (ℹ️)
2194 FE0F     ; Basic_Emoji                  ; left-right arrow                                               # E0.6   [1] (↔️)
2195 FE0F     ; Basic_Emoji                  ; up-down arrow                                                  # E0.6   [1] (↕️)
2196 FE0F     ; Basic_Emoji                  ; up-left arrow                                                  # E0.6   [1] (↖️)
2197 FE0F     ; Basic_Emoji                  ; up-right arrow                                                 # E0.6   [1] (↗️)
2198 FE0F     ; Basic_Emoji                  ; down-right arrow                                               # E0.6   [1] (↘️)
2199 FE0F     ; Basic_Emoji                  ; down-left arrow                                                # E0.6   [1] (↙️)
21A9 FE0F     ; Basic_Emoji                  ; right arrow curving left                                       # E0.6   [1] (↩️)
21AA FE0F     ; Basic_Emoji                  ; left arrow curving right                                       # E0.6   [1] (↪️)
2328 FE0F     ; Basic_Emoji                  ; keyboard                                                       # E1.0   [1] (⌨️)
23CF FE0F     ; Basic_Emoji                  ; eject button                                                   # E1.0   [1] (⏏️)
23ED FE0F     ; Basic_Emoji                  ; next track button                                              # E0.7   [1] (⏭️)
23EE FE0F     ; Basic_Emoji                  ; last track button                                              # E0.7   [1] (⏮️)
23EF FE0F     ; Basic_Emoji                  ; play or pause button                                           # E1.0   [1] (⏯️)
23F1 FE0F     ; Basic_Emoji                  ; stopwatch                                                      # E1.0   [1] (⏱️)
23F2 FE0F     ; Basic_Emoji                  ; timer clock                                                    # E1.0   [1] (⏲️)
23F8 FE0F     ; Basic_Emoji                  ; pause button                                                   # E0.7   [1] (⏸️)
23F9 FE0F     ; Basic_Emoji                  ; stop button                                                    # E0.7   [1] (⏹️)
23FA FE0F     ; Basic_Emoji                  ; record button                                                  # E0.7   [1] (⏺️)
24C2 FE0F     ; Basic_Emoji                  ; circled M                                                      # E0.6   [1] (Ⓜ️)
25AA FE0F     ; Basic_Emoji                  ; black small square                                             # E0.6   [1] (▪️)
25AB FE0F     ; Basic_Emoji                  ; white small square                                             # E0.6   [1] (▫️)
25B6 FE0F     ; Basic_Emoji                  ; play button                                                    # E0.6   [1] (▶️)
25C0 FE0F     ; Basic_Emoji                  ; reverse button                                                 # E0.6   [1] (◀️)
25FB FE0F     ; Basic_Emoji                  ; white medium square                                            # E0.6   [1] (◻️)
25FC FE0F     ; Basic_Emoji                  ; black medium square                                            # E0.6   [1] (◼️)
2600 FE0F     ; Basic_Emoji                  ; sun                                                            # E0.6   [1] (☀️)
2601 FE0F     ; Basic_Emoji                  ; cloud                                                          # E0.6   [1] (☁️)
2602 FE0F     ; Basic_Emoji                  ; umbrella                                                       # E0.7   [1] (☂️)
2603 FE0F     ; Basic_Emoji                  ; snowman                                                        # E0.7   [1] (☃️)
2604 FE0F     ; Basic_Emoji                  ; comet                                                          # E1.0   [1] (☄️)
260E FE0F     ; Basic_Emoji                  ; telephone                                                      # E0.6   [1] (☎️)
2611 FE0F     ; Basic_Emoji                  ; check box with check                                           # E0.6   [1] (☑️)
2618 FE0F     ; Basic_Emoji                  ; shamrock                                                       # E1.0   [1] (☘️)
261D FE0F     ; Basic_Emoji                  ; index pointing up                                              # E0.6   [1] (☝️)
2620 FE0F     ; Basic_Emoji                  ; skull and crossbones                                           # E1.0   [1] (☠️)
2622 FE0F     ; Basic_Emoji                  ; radioactive                                                    # E1.0   [1] (☢️)
2623 FE0F     ; Basic_Emoji                  ; biohazard                                                      # E1.0   [1] (☣️)
2626 FE0F     ; Basic_Emoji                  ; orthodox cross                                                 # E1.0   [1] (☦️)
262A FE0F     ; Basic_Emoji                  ; star and crescent                                              # E0.7   [1] (☪️)
262E FE0F     ; Basic_Emoji                  ; peace symbol                                                   # E1.0   [1] (☮️)
262F FE0F     ; Basic_Emoji                  ; yin yang                                                       # E0.7   [1] (☯️)
2638 FE0F     ; Basic_Emoji                  ; wheel of dharma                                                # E0.7   [1] (☸️)
2639 FE0F     ; Basic_Emoji                  ; frowning face                                                  # E0.7   [1] (☹️)
263A FE0F     ; Basic_Emoji                  ; smiling face                                                   # E0.6   [1] (☺️)
2640 FE0F     ; Basic_Emoji                  ; female sign                                                    # E4.0   [1] (♀️)
2642 FE0F     ; Basic_Emoji                  ; male sign                                                      # E4.0   [1] (♂️)
265F FE0F     ; Basic_Emoji                  ; chess pawn                                                     # E11.0  [1] (♟️)
2660 FE0F     ; Basic_Emoji                  ; spade suit                                                     # E0.6   [1] (♠️)
2663 FE0F     ; Basic_Emoji                  ; club suit                                                      # E0.6   [1] (♣️)
2665 FE0F     ; Basic_Emoji                  ; heart suit                                                     # E0.6   [1] (♥️)
2666 FE0F     ; Basic_Emoji                  ; diamond suit                                                   # E0.6   [1] (♦️)
2668 FE0F     ; Basic_Emoji                  ; hot springs                                                    # E0.6   [1] (♨️)
267B FE0F     ; Basic_Emoji                  ; recycling symbol                                               # E0.6   [1] (♻️)
267E FE0F     ; Basic_Emoji                  ; infinity                                                       # E11.0  [1] (♾️)
2692 FE0F     ; Basic_Emoji                  ; hammer and pick                                                # E1.0   [1] (⚒️)
2694 FE0F     ; Basic_Emoji                  ; crossed swords                                                 # E1.0   [1] (⚔️)
2695 FE0F     ; Basic_Emoji                  ; medical symbol                                                 # E4.0   [1] (⚕️)
2696 FE0F     ; Basic_Emoji                  ; balance scale                                                  # E1.0   [1] (⚖️)
2697 FE0F     ; Basic_Emoji                  ; alembic                                                        # E1.0   [1] (⚗️)
2699 FE0F     ; Basic_Emoji                  ; gear                                                           # E1.0   [1] (⚙️)
269B FE0F     ; Basic_Emoji                  ; atom symbol                                                    # E1.0   [1] (⚛️)
269C FE0F     ; Basic_Emoji                  ; fleur-de-lis                                                   # E1.0   [1] (⚜️)
26A0 FE0F     ; Basic_Emoji                  ; warning                                                        # E0.6   [1] (⚠️)
26A7 FE0F     ; Basic_Emoji                  ; transgender symbol                                             # E13.0  [1] (⚧️)
26B0 FE0F     ; Basic_Emoji                  ; coffin                                                         # E1.0   [1] (⚰️)
26B1 FE0F     ; Basic_Emoji                  ; funeral urn                                                    # E1.0   [1] (⚱️)
26C8 FE0F     ; Basic_Emoji                  ; cloud with lightning and rain                                  # E0.7   [1] (⛈️)
26CF FE0F     ; Basic_Emoji                  ; pick                                                           # E0.7   [1] (⛏️)
26D1 FE0F     ; Basic_Emoji                  ; rescue worker’s helmet                                         # E0.7   [1] (⛑️)
26D3 FE0F     ; Basic_Emoji                  ; chains                                                         # E0.7   [1] (⛓️)
26E9 FE0F     ; Basic_Emoji                  ; shinto shrine                                                  # E0.7   [1] (⛩️)
26F0 FE0F     ; Basic_Emoji                  ; mountain                                                       # E0.7   [1] (⛰️)
26F1 FE0F     ; Basic_Emoji                  ; umbrella on ground                                             # E0.7   [1] (⛱️)
26F4 FE0F     ; Basic_Emoji                  ; ferry                                                          # E0.7   [1] (⛴️)
26F7 FE0F     ; Basic_Emoji                  ; skier                                                          # E0.7   [1] (⛷️)
26F8 FE0F     ; Basic_Emoji                  ; ice skate                                                      # E0.7   [1] (⛸️)
26F9 FE0F     ; Basic_Emoji                  ; person bouncing ball                                           # E0.7   [1] (⛹️)
2702 FE0F     ; Basic_Emoji                  ; scissors                                                       # E0.6   [1] (✂️)
2708 FE0F     ; Basic_Emoji                  ; airplane                                                       # E0.6   [1] (✈️)
2709 FE0F     ; Basic_Emoji                  ; envelope                                                       # E0.6   [1] (✉️)
270C FE0F     ; Basic_Emoji                  ; victory hand                                                   # E0.6   [1] (✌️)
270D FE0F     ; Basic_Emoji                  ; writing hand                                                   # E0.7   [1] (✍️)
270F FE0F     ; Basic_Emoji                  ; pencil                                                         # E0.6   [1] (✏️)
2712 FE0F     ; Basic_Emoji                  ; black nib                                                      # E0.6   [1] (✒️)
2714 FE0F     ; Basic_Emoji                  ; check mark                                                     # E0.6   [1] (✔️)
2716 FE0F     ; Basic_Emoji                  ; multiply                                                       # E0.6   [1] (✖️)
271D FE0F     ; Basic_Emoji                  ; latin cross                                                    # E0.7   [1] (✝️)
2721 FE0F     ; Basic_Emoji                  ; star of David                                                  # E0.7   [1] (✡️)
2733 FE0F     ; Basic_Emoji                  ; eight-spoked asterisk                                          # E0.6   [1] (✳️)
2734 FE0F     ; Basic_Emoji                  ; eight-pointed star                                             # E0.6   [1] (✴️)
2744 FE0F     ; Basic_Emoji                  ; snowflake                                                      # E0.6   [1] (❄️)
2747 FE0F     ; Basic_Emoji                  ; sparkle                                                        # E0.6   [1] (❇️)
2763 FE0F     ; Basic_Emoji                  ; heart exclamation                                              # E1.0   [1] (❣️)
2764 FE0F     ; Basic_Emoji                  ; red heart                                                      # E0.6   [1] (❤️)
27A1 FE0F     ; Basic_Emoji                  ; right arrow                                                    # E0.6   [1] (➡️)
2934 FE0F     ; Basic_Emoji                  ; right arrow curving up                                         # E0.6   [1] (⤴️)
2935 FE0F     ; Basic_Emoji                  ; right arrow curving down                                       # E0.6   [1] (⤵️)
2B05 FE0F     ; Basic_Emoji                  ; left arrow                                                     # E0.6   [1] (⬅️)
2B06 FE0F     ; Basic_Emoji                  ; up arrow                                                       # E0.6   [1] (⬆️)
2B07 FE0F     ; Basic_Emoji                  ; down arrow                                                     # E0.6   [1] (⬇️)
3030 FE0F     ; Basic_Emoji                  ; wavy dash                                                      # E0.6   [1] (〰️)
303D FE0F     ; Basic_Emoji                  ; part alternation mark                                          # E0.6   [1] (〽️)
3297 FE0F     ; Basic_Emoji                  ; Japanese “congratulations” button                              # E0.6   [1] (㊗️)
3299 FE0F     ; Basic_Emoji                  ; Japanese “secret” button                                       # E0.6   [1] (㊙️)
1F170 FE0F    ; Basic_Emoji                  ; A button (blood type)                                          # E0.6   [1] (🅰️)
1F171 FE0F    ; Basic_Emoji                  ; B button (blood type)                                          # E0.6   [1] (🅱️)
1F17E FE0F    ; Basic_Emoji                  ; O button (blood type)                                          # E0.6   [1] (🅾️)
1F17F FE0F    ; Basic_Emoji                  ; P button                                                       # E0.6   [1] (🅿️)
1F202 FE0F    ; Basic_Emoji                  ; Japanese “service charge” button                               # E0.6   [1] (🈂️)
1F237 FE0F    ; Basic_Emoji                  ; Japanese “monthly amount” button                               # E0.6   [1] (🈷️)
1F321 FE0F    ; Basic_Emoji                  ; thermometer                                                    # E0.7   [1] (🌡️)
1F324 FE0F    ; Basic_Emoji                  ; sun behind small cloud                                         # E0.7   [1] (🌤️)
1F325 FE0F    ; Basic_Emoji                  ; sun behind large cloud                                         # E0.7   [1] (🌥️)
1F326 FE0F    ; Basic_Emoji                  ; sun behind rain cloud                                          # E0.7   [1] (🌦️)
1F327 FE0F    ; Basic_Emoji                  ; cloud with rain                                                # E0.7   [1] (🌧️)
1F328 FE0F    ; Basic_Emoji                  ; cloud with snow                                                # E0.7   [1] (🌨️)
1F329 FE0F    ; Basic_Emoji                  ; cloud with lightning                                           # E0.7   [1] (🌩️)
1F32A FE0F    ; Basic_Emoji                  ; tornado                                                        # E0.7   [1] (🌪️)
1F32B FE0F    ; Basic_Emoji                  ; fog                                                            # E0.7   [1] (🌫️)
1F32C FE0F    ; Basic_Emoji                  ; wind face                                                      # E0.7   [1] (🌬️)
1F336 FE0F    ; Basic_Emoji                  ; hot pepper                                                     # E0.7   [1] (🌶️)
1F37D FE0F    ; Basic_Emoji                  ; fork and knife with plate                                      # E0.7   [1] (🍽️)
1F396 FE0F    ; Basic_Emoji                  ; military medal                                                 # E0.7   [1] (🎖️)
1F397 FE0F    ; Basic_Emoji                  ; reminder ribbon                                                # E0.7   [1] (🎗️)
1F399 FE0F    ; Basic_Emoji                  ; studio microphone                                              # E0.7   [1] (🎙️)
1F39A FE0F    ; Basic_Emoji                  ; level slider                                                   # E0.7   [1] (🎚️)
1F39B FE0F    ; Basic_Emoji                  ; control knobs                                                  # E0.7   [1] (🎛️)
1F39E FE0F    ; Basic_Emoji                  ; film frames                                                    # E0.7   [1] (🎞️)
1F39F FE0F    ; Basic_Emoji                  ; admission tickets                                              # E0.7   [1] (🎟️)
1F3CB FE0F    ; Basic_Emoji                  ; person lifting weights                                         # E0.7   [1] (🏋️)
1F3CC FE0F    ; Basic_Emoji                  ; person golfing                                                 # E0.7   [1] (🏌️)
1F3CD FE0F    ; Basic_Emoji                  ; motorcycle                                                     # E0.7   [1] (🏍️)
1F3CE FE0F    ; Basic_Emoji                  ; racing car                                                     # E0.7   [1] (🏎️)
1F3D4 FE0F    ; Basic_Emoji                  ; snow-capped mountain                                           # E0.7   [1] (🏔️)
1F3D5 FE0F    ; Basic_Emoji                  ; camping                                                        # E0.7   [1] (🏕️)
1F3D6 FE0F    ; Basic_Emoji                  ; beach with umbrella                                            # E0.7   [1] (🏖️)
1F3D7 FE0F    ; Basic_Emoji                  ; building construction                                          # E0.7   [1] (🏗️)
1F3D8 FE0F    ; Basic_Emoji                  ; houses                                                         # E0.7   [1] (🏘️)
1F3D9 FE0F    ; Basic_Emoji                  ; cityscape                                                      # E0.7   [1] (🏙️)
1F3DA FE0F    ; Basic_Emoji                  ; derelict house                                                 # E0.7   [1] (🏚️)
1F3DB FE0F    ; Basic_Emoji                  ; classical building                                             # E0.7   [1] (🏛️)
1F3DC FE0F    ; Basic_Emoji                  ; desert                                                         # E0.7   [1] (🏜️)
1F3DD FE0F    ; Basic_Emoji                  ; desert island                                                  # E0.7   [1] (🏝️)
1F3DE FE0F    ; Basic_Emoji                  ; national park                                                  # E0.7   [1] (🏞️)
1F3DF FE0F    ; Basic_Emoji                  ; stadium                                                        # E0.7   [1] (🏟️)
1F3F3 FE0F    ; Basic_Emoji                  ; white flag                                                     # E0.7   [1] (🏳️)
1F3F5 FE0F    ; Basic_Emoji                  ; rosette                                                        # E0.7   [1] (🏵️)
1F3F7 FE0F    ; Basic_Emoji                  ; label                                                          # E0.7   [1] (🏷️)
1F43F FE0F    ; Basic_Emoji                  ; chipmunk                                                       # E0.7   [1] (🐿️)
1F441 FE0F    ; Basic_Emoji                  ; eye                                                            # E0.7   [1] (👁️)
1F4FD FE0F    ; Basic_Emoji                  ; film projector                                                 # E0.7   [1] (📽️)
1F549 FE0F    ; Basic_Emoji                  ; om                                                             # E0.7   [1] (🕉️)
1F54A FE0F    ; Basic_Emoji                  ; dove                                                           # E0.7   [1] (🕊️)
1F56F FE0F    ; Basic_Emoji                  ; candle                                                         # E0.7   [1] (🕯️)
1F570 FE0F    ; Basic_Emoji                  ; mantelpiece clock                                              # E0.7   [1] (🕰️)
1F573 FE0F    ; Basic_Emoji                  ; hole                                                           # E0.7   [1] (🕳️)
1F574 FE0F    ; Basic_Emoji                  ; person in suit levitating                                      # E0.7   [1] (🕴️)
1F575 FE0F    ; Basic_Emoji                  ; detective                                                      # E0.7   [1] (🕵️)
1F576 FE0F    ; Basic_Emoji                  ; sunglasses                                                     # E0.7   [1] (🕶️)
1F577 FE0F    ; Basic_Emoji                  ; spider                                                         # E0.7   [1] (🕷️)
1F578 FE0F    ; Basic_Emoji                  ; spider web                                                     # E0.7   [1] (🕸️)
1F579 FE0F    ; Basic_Emoji                  ; joystick                                                       # E0.7   [1] (🕹️)
1F587 FE0F    ; Basic_Emoji                  ; linked paperclips                                              # E0.7   [1] (🖇️)
1F58A FE0F    ; Basic_Emoji                  ; pen                                                            # E0.7   [1] (🖊️)
1F58B FE0F    ; Basic_Emoji                  ; fountain pen                                                   # E0.7   [1] (🖋️)
1F58C FE0F    ; Basic_Emoji                  ; paintbrush                                                     # E0.7   [1] (🖌️)
1F58D FE0F    ; Basic_Emoji                  ; crayon                                                         # E0.7   [1] (🖍️)
1F590 FE0F    ; Basic_Emoji                  ; hand with fingers splayed                                      # E0.7   [1] (🖐️)
1F5A5 FE0F    ; Basic_Emoji                  ; desktop computer                                               # E0.7   [1] (🖥️)
1F5A8 FE0F    ; Basic_Emoji                  ; printer                                                        # E0.7   [1] (🖨️)
1F5B1 FE0F    ; Basic_Emoji                  ; computer mouse                                                 # E0.7   [1] (🖱️)
1F5B2 FE0F    ; Basic_Emoji                  ; trackball                                                      # E0.7   [1] (🖲️)
1F5BC FE0F    ; Basic_Emoji                  ; framed picture                                                 # E0.7   [1] (🖼️)
1F5C2 FE0F    ; Basic_Emoji                  ; card index dividers                                            # E0.7   [1] (🗂️)
1F5C3 FE0F    ; Basic_Emoji                  ; card file box                                                  # E0.7   [1] (🗃️)
1F5C4 FE0F    ; Basic_Emoji                  ; file cabinet                                                   # E0.7   [1] (🗄️)
1F5D1 FE0F    ; Basic_Emoji                  ; wastebasket                                                    # E0.7   [1] (🗑️)
1F5D2 FE0F    ; Basic_Emoji                  ; spiral notepad                                                 # E0.7   [1] (🗒️)
1F5D3 FE0F    ; Basic_Emoji                  ; spiral calendar                                                # E0.7   [1] (🗓️)
1F5DC FE0F    ; Basic_Emoji                  ; clamp                                                          # E0.7   [1] (🗜️)
1F5DD FE0F    ; Basic_Emoji                  ; old key                                                        # E0.7   [1] (🗝️)
1F5DE FE0F    ; Basic_Emoji                  ; rolled-up newspaper                                            # E0.7   [1] (🗞️)
1F5E1 FE0F    ; Basic_Emoji                  ; dagger                                                         # E0.7   [1] (🗡️)
1F5E3 FE0F    ; Basic_Emoji                  ; speaking head                                                  # E0.7   [1] (🗣️)
1F5E8 FE0F    ; Basic_Emoji                  ; left speech bubble                                             # E2.0   [1] (🗨️)
1F5EF FE0F    ; Basic_Emoji                  ; right anger bubble                                             # E0.7   [1] (🗯️)
1F5F3 FE0F    ; Basic_Emoji                  ; ballot box with ballot                                         # E0.7   [1] (🗳️)
1F5FA FE0F    ; Basic_Emoji                  ; world map                                                      # E0.7   [1] (🗺️)
1F6CB FE0F    ; Basic_Emoji                  ; couch and lamp                                                 # E0.7   [1] (🛋️)
1F6CD FE0F    ; Basic_Emoji                  ; shopping bags                                                  # E0.7   [1] (🛍️)
1F6CE FE0F    ; Basic_Emoji                  ; bellhop bell                                                   # E0.7   [1] (🛎️)
1F6CF FE0F    ; Basic_Emoji                  ; bed                                                            # E0.7   [1] (🛏️)
1F6E0 FE0F    ; Basic_Emoji                  ; hammer and wrench                                              # E0.7   [1] (🛠️)
1F6E1 FE0F    ; Basic_Emoji                  ; shield                                                         # E0.7   [1] (🛡️)
1F6E2 FE0F    ; Basic_Emoji                  ; oil drum                                                       # E0.7   [1] (🛢️)
1F6E3 FE0F    ; Basic_Emoji                  ; motorway                                                       # E0.7   [1] (🛣️)
1F6E4 FE0F    ; Basic_Emoji                  ; railway track                                                  # E0.7   [1] (🛤️)
1F6E5 FE0F    ; Basic_Emoji                  ; motor boat                                                     # E0.7   [1] (🛥️)
1F6E9 FE0F    ; Basic_Emoji                  ; small airplane                                                 # E0.7   [1] (🛩️)
1F6F0 FE0F    ; Basic_Emoji                  ; satellite                                                      # E0.7   [1] (🛰️)
1F6F3 FE0F    ; Basic_Emoji                  ; passenger ship                                                 # E0.7   [1] (🛳️)
0023 FE0F 20E3; Emoji_Keycap_Sequence        ; keycap: \x{23}                                                 # E0.6   [1] (#️⃣)
002A FE0F 20E3; Emoji_Keycap_Sequence        ; keycap: *                                                      # E2.0   [1] (*️⃣)
0030 FE0F 20E3; Emoji_Keycap_Sequence        ; keycap: 0                                                      # E0.6   [1] (0️⃣)
0031 FE0F 20E3; Emoji_Keycap_Sequence        ; keycap: 1                                                      # E0.6   [1] (1️⃣)
0032 FE0F 20E3; Emoji_Keycap_Sequence        ; keycap: 2                                                      # E0.6   [1] (2️⃣)
0033 FE0F 20E3; Emoji_Keycap_Sequence        ; keycap: 3                                                      # E0.6   [1] (3️⃣)
0034 FE0F 20E3; Emoji_Keycap_Sequence        ; keycap: 4                                                      # E0.6   [1] (4️⃣)
0035 FE0F 20E3; Emoji_Keycap_Sequence        ; keycap: 5                                                      # E0.6   [1] (5️⃣)
0036 FE0F 20E3; Emoji_Keycap_Sequence        ; keycap: 6                                                      # E0.6   [1] (6️⃣)
0037 FE0F 20E3; Emoji_Keycap_Sequence        ; keycap: 7                                                      # E0.6   [1] (7️⃣)
0038 FE0F 20E3; Emoji_Keycap_Sequence        ; keycap: 8                                                      # E0.6   [1] (8️⃣)
0039 FE0F 20E3; Emoji_Keycap_Sequence        ; keycap: 9                                                      # E0.6   [1] (9️⃣)
1F1E6 1F1E8   ; RGI_Emoji_Flag_Sequence      ; flag: Ascension Island                                         # E2.0   [1] (🇦🇨)
1F1E6 1F1E9   ; RGI_Emoji_Flag_Sequence      ; flag: Andorra                                                  # E2.0   [1] (🇦🇩)
1F1E6 1F1EA   ; RGI_Emoji_Flag_Sequence      ; flag: United Arab Emirates                                     # E2.0   [1] (🇦🇪)
1F1E6 1F1EB   ; RGI_Emoji_Flag_Sequence      ; flag: Afghanistan                                              # E2.0   [1] (🇦🇫)
1F1E6 1F1EC   ; RGI_Emoji_Flag_Sequence      ; flag: Antigua & Barbuda                                        # E2.0   [1] (🇦🇬)
1F1E6 1F1EE   ; RGI_Emoji_Flag_Sequence      ; flag: Anguilla                                                 # E2.0   [1] (🇦🇮)
1F1E6 1F1F1   ; RGI_Emoji_Flag_Sequence      ; flag: Albania                                                  # E2.0   [1] (🇦🇱)
1F1E6 1F1F2   ; RGI_Emoji_Flag_Sequence      ; flag: Armenia                                                  # E2.0   [1] (🇦🇲)
1F1E6 1F1F4   ; RGI_Emoji_Flag_Sequence      ; flag: Angola                                                   # E2.0   [1] (🇦🇴)
1F1E6 1F1F6   ; RGI_Emoji_Flag_Sequence      ; flag: Antarctica                                               # E2.0   [1] (🇦🇶)
1F1E6 1F1F7   ; RGI_Emoji_Flag_Sequence      ; flag: Argentina                                                # E2.0   [1] (🇦🇷)
1F1E6 1F1F8   ; RGI_Emoji_Flag_Sequence      ; flag: American Samoa                                           # E2.0   [1] (🇦🇸)
1F1E6 1F1F9   ; RGI_Emoji_Flag_Sequence      ; flag: Austria                                                  # E2.0   [1] (🇦🇹)
1F1E6 1F1FA   ; RGI_Emoji_Flag_Sequence      ; flag: Australia                                                # E2.0   [1] (🇦🇺)
1F1E6 1F1FC   ; RGI_Emoji_Flag_Sequence      ; flag: Aruba                                                    # E2.0   [1] (🇦🇼)
1F1E6 1F1FD   ; RGI_Emoji_Flag_Sequence      ; flag: Åland Islands                                            # E2.0   [1] (🇦🇽)
1F1E6 1F1FF   ; RGI_Emoji_Flag_Sequence      ; flag: Azerbaijan                                               # E2.0   [1] (🇦🇿)
1F1E7 1F1E6   ; RGI_Emoji_Flag_Sequence      ; flag: Bosnia & Herzegovina                                     # E2.0   [1] (🇧🇦)
1F1E7 1F1E7   ; RGI_Emoji_Flag_Sequence      ; flag: Barbados                                                 # E2.0   [1] (🇧🇧)
1F1E7 1F1E9   ; RGI_Emoji_Flag_Sequence      ; flag: Bangladesh                                               # E2.0   [1] (🇧🇩)
1F1E7 1F1EA   ; RGI_Emoji_Flag_Sequence      ; flag: Belgium                                                  # E2.0   [1] (🇧🇪)
1F1E7 1F1EB   ; RGI_Emoji_Flag_Sequence      ; flag: Burkina Faso                                             # E2.0   [1] (🇧🇫)
1F1E7 1F1EC   ; RGI_Emoji_Flag_Sequence      ; flag: Bulgaria                                                 # E2.0   [1] (🇧🇬)
1F1E7 1F1ED   ; RGI_Emoji_Flag_Sequence      ; flag: Bahrain                                                  # E2.0   [1] (🇧🇭)
1F1E7 1F1EE   ; RGI_Emoji_Flag_Sequence      ; flag: Burundi                                                  # E2.0   [1] (🇧🇮)
1F1E7 1F1EF   ; RGI_Emoji_Flag_Sequence      ; flag: Benin                                                    # E2.0   [1] (🇧🇯)
1F1E7 1F1F1   ; RGI_Emoji_Flag_Sequence      ; flag: St. Barthélemy                                           # E2.0   [1] (🇧🇱)
1F1E7 1F1F2   ; RGI_Emoji_Flag_Sequence      ; flag: Bermuda                                                  # E2.0   [1] (🇧🇲)
1F1E7 1F1F3   ; RGI_Emoji_Flag_Sequence      ; flag: Brunei                                                   # E2.0   [1] (🇧🇳)
1F1E7 1F1F4   ; RGI_Emoji_Flag_Sequence      ; flag: Bolivia                                                  # E2.0   [1] (🇧🇴)
1F1E7 1F1F6   ; RGI_Emoji_Flag_Sequence      ; flag: Caribbean Netherlands                                    # E2.0   [1] (🇧🇶)
1F1E7 1F1F7   ; RGI_Emoji_Flag_Sequence      ; flag: Brazil                                                   # E2.0   [1] (🇧🇷)
1F1E7 1F1F8   ; RGI_Emoji_Flag_Sequence      ; flag: Bahamas                                                  # E2.0   [1] (🇧🇸)
1F1E7 1F1F9   ; RGI_Emoji_Flag_Sequence      ; flag: Bhutan                                                   # E2.0   [1] (🇧🇹)
1F1E7 1F1FB   ; RGI_Emoji_Flag_Sequence      ; flag: Bouvet Island                                            # E2.0   [1] (🇧🇻)
1F1E7 1F1FC   ; RGI_Emoji_Flag_Sequence      ; flag: Botswana                                                 # E2.0   [1] (🇧🇼)
1F1E7 1F1FE   ; RGI_Emoji_Flag_Sequence      ; flag: Belarus                                                  # E2.0   [1] (🇧🇾)
1F1E7 1F1FF   ; RGI_Emoji_Flag_Sequence      ; flag: Belize                                                   # E2.0   [1] (🇧🇿)
1F1E8 1F1E6   ; RGI_Emoji_Flag_Sequence      ; flag: Canada                                                   # E2.0   [1] (🇨🇦)
1F1E8 1F1E8   ; RGI_Emoji_Flag_Sequence      ; flag: Cocos (Keeling) Islands                                  # E2.0   [1] (🇨🇨)
1F1E8 1F1E9   ; RGI_Emoji_Flag_Sequence      ; flag: Congo - Kinshasa                                         # E2.0   [1] (🇨🇩)
1F1E8 1F1EB   ; RGI_Emoji_Flag_Sequence      ; flag: Central African Republic                                 # E2.0   [1] (🇨🇫)
1F1E8 1F1EC   ; RGI_Emoji_Flag_Sequence      ; flag: Congo - Brazzaville                                      # E2.0   [1] (🇨🇬)
1F1E8 1F1ED   ; RGI_Emoji_Flag_Sequence      ; flag: Switzerland                                              # E2.0   [1] (🇨🇭)
1F1E8 1F1EE   ; RGI_Emoji_Flag_Sequence      ; flag: Côte d’Ivoire                                            # E2.0   [1] (🇨🇮)
1F1E8 1F1F0   ; RGI_Emoji_Flag_Sequence      ; flag: Cook Islands                                             # E2.0   [1] (🇨🇰)
1F1E8 1F1F1   ; RGI_Emoji_Flag_Sequence      ; flag: Chile                                                    # E2.0   [1] (🇨🇱)
1F1E8 1F1F2   ; RGI_Emoji_Flag_Sequence      ; flag: Cameroon                                                 # E2.0   [1] (🇨🇲)
1F1E8 1F1F3   ; RGI_Emoji_Flag_Sequence      ; flag: China                                                    # E0.6   [1] (🇨🇳)
1F1E8 1F1F4   ; RGI_Emoji_Flag_Sequence      ; flag: Colombia                                                 # E2.0   [1] (🇨🇴)
1F1E8 1F1F5   ; RGI_Emoji_Flag_Sequence      ; flag: Clipperton Island                                        # E2.0   [1] (🇨🇵)
1F1E8 1F1F6   ; RGI_Emoji_Flag_Sequence      ; flag: Sark                                                     # E16.0  [1] (🇨🇶)
1F1E8 1F1F7   ; RGI_Emoji_Flag_Sequence      ; flag: Costa Rica                                               # E2.0   [1] (🇨🇷)
1F1E8 1F1FA   ; RGI_Emoji_Flag_Sequence      ; flag: Cuba                                                     # E2.0   [1] (🇨🇺)
1F1E8 1F1FB   ; RGI_Emoji_Flag_Sequence      ; flag: Cape Verde                                               # E2.0   [1] (🇨🇻)
1F1E8 1F1FC   ; RGI_Emoji_Flag_Sequence      ; flag: Curaçao                                                  # E2.0   [1] (🇨🇼)
1F1E8 1F1FD   ; RGI_Emoji_Flag_Sequence      ; flag: Christmas Island                                         # E2.0   [1] (🇨🇽)
1F1E8 1F1FE   ; RGI_Emoji_Flag_Sequence      ; flag: Cyprus                                                   # E2.0   [1] (🇨🇾)
1F1E8 1F1FF   ; RGI_Emoji_Flag_Sequence      ; flag: Czechia                                                  # E2.0   [1] (🇨🇿)
1F1E9 1F1EA   ; RGI_Emoji_Flag_Sequence      ; flag: Germany                                                  # E0.6   [1] (🇩🇪)
1F1E9 1F1EC   ; RGI_Emoji_Flag_Sequence      ; flag: Diego Garcia                                             # E2.0   [1] (🇩🇬)
1F1E9 1F1EF   ; RGI_Emoji_Flag_Sequence      ; flag: Djibouti                                                 # E2.0   [1] (🇩🇯)
1F1E9 1F1F0   ; RGI_Emoji_Flag_Sequence      ; flag: Denmark                                                  # E2.0   [1] (🇩🇰)
1F1E9 1F1F2   ; RGI_Emoji_Flag_Sequence      ; flag: Dominica                                                 # E2.0   [1] (🇩🇲)
1F1E9 1F1F4   ; RGI_Emoji_Flag_Sequence      ; flag: Dominican Republic                                       # E2.0   [1] (🇩🇴)
1F1E9 1F1FF   ; RGI_Emoji_Flag_Sequence      ; flag: Algeria                                                  # E2.0   [1] (🇩🇿)
1F1EA 1F1E6   ; RGI_Emoji_Flag_Sequence      ; flag: Ceuta & Melilla                                          # E2.0   [1] (🇪🇦)
1F1EA 1F1E8   ; RGI_Emoji_Flag_Sequence      ; flag: Ecuador                                                  # E2.0   [1] (🇪🇨)
1F1EA 1F1EA   ; RGI_Emoji_Flag_Sequence      ; flag: Estonia                                                  # E2.0   [1] (🇪🇪)
1F1EA 1F1EC   ; RGI_Emoji_Flag_Sequence      ; flag: Egypt                                                    # E2.0   [1] (🇪🇬)
1F1EA 1F1ED   ; RGI_Emoji_Flag_Sequence      ; flag: Western Sahara                                           # E2.0   [1] (🇪🇭)
1F1EA 1F1F7   ; RGI_Emoji_Flag_Sequence      ; flag: Eritrea                                                  # E2.0   [1] (🇪🇷)
1F1EA 1F1F8   ; RGI_Emoji_Flag_Sequence      ; flag: Spain                                                    # E0.6   [1] (🇪🇸)
1F1EA 1F1F9   ; RGI_Emoji_Flag_Sequence      ; flag: Ethiopia                                                 # E2.0   [1] (🇪🇹)
1F1EA 1F1FA   ; RGI_Emoji_Flag_Sequence      ; flag: European Union                                           # E2.0   [1] (🇪🇺)
1F1EB 1F1EE   ; RGI_Emoji_Flag_Sequence      ; flag: Finland                                                  # E2.0   [1] (🇫🇮)
1F1EB 1F1EF   ; RGI_Emoji_Flag_Sequence      ; flag: Fiji                                                     # E2.0   [1] (🇫🇯)
1F1EB 1F1F0   ; RGI_Emoji_Flag_Sequence      ; flag: Falkland Islands                                         # E2.0   [1] (🇫🇰)
1F1EB 1F1F2   ; RGI_Emoji_Flag_Sequence      ; flag: Micronesia                                               # E2.0   [1] (🇫🇲)
1F1EB 1F1F4   ; RGI_Emoji_Flag_Sequence      ; flag: Faroe Islands                                            # E2.0   [1] (🇫🇴)
1F1EB 1F1F7   ; RGI_Emoji_Flag_Sequence      ; flag: France                                                   # E0.6   [1] (🇫🇷)
1F1EC 1F1E6   ; RGI_Emoji_Flag_Sequence      ; flag: Gabon                                                    # E2.0   [1] (🇬🇦)
1F1EC 1F1E7   ; RGI_Emoji_Flag_Sequence      ; flag: United Kingdom                                           # E0.6   [1] (🇬🇧)
1F1EC 1F1E9   ; RGI_Emoji_Flag_Sequence      ; flag: Grenada                                                  # E2.0   [1] (🇬🇩)
1F1EC 1F1EA   ; RGI_Emoji_Flag_Sequence      ; flag: Georgia                                                  # E2.0   [1] (🇬🇪)
1F1EC 1F1EB   ; RGI_Emoji_Flag_Sequence      ; flag: French Guiana                                            # E2.0   [1] (🇬🇫)
1F1EC 1F1EC   ; RGI_Emoji_Flag_Sequence      ; flag: Guernsey                                                 # E2.0   [1] (🇬🇬)
1F1EC 1F1ED   ; RGI_Emoji_Flag_Sequence      ; flag: Ghana                                                    # E2.0   [1] (🇬🇭)
1F1EC 1F1EE   ; RGI_Emoji_Flag_Sequence      ; flag: Gibraltar                                                # E2.0   [1] (🇬🇮)
1F1EC 1F1F1   ; RGI_Emoji_Flag_Sequence      ; flag: Greenland                                                # E2.0   [1] (🇬🇱)
1F1EC 1F1F2   ; RGI_Emoji_Flag_Sequence      ; flag: Gambia                                                   # E2.0   [1] (🇬🇲)
1F1EC 1F1F3   ; RGI_Emoji_Flag_Sequence      ; flag: Guinea                                                   # E2.0   [1] (🇬🇳)
1F1EC 1F1F5   ; RGI_Emoji_Flag_Sequence      ; flag: Guadeloupe                                               # E2.0   [1] (🇬🇵)
1F1EC 1F1F6   ; RGI_Emoji_Flag_Sequence      ; flag: Equatorial Guinea                                        # E2.0   [1] (🇬🇶)
1F1EC 1F1F7   ; RGI_Emoji_Flag_Sequence      ; flag: Greece                                                   # E2.0   [1] (🇬🇷)
1F1EC 1F1F8   ; RGI_Emoji_Flag_Sequence      ; flag: South Georgia & South Sandwich Islands                   # E2.0   [1] (🇬🇸)
1F1EC 1F1F9   ; RGI_Emoji_Flag_Sequence      ; flag: Guatemala                                                # E2.0   [1] (🇬🇹)
1F1EC 1F1FA   ; RGI_Emoji_Flag_Sequence      ; flag: Guam                                                     # E2.0   [1] (🇬🇺)
1F1EC 1F1FC   ; RGI_Emoji_Flag_Sequence      ; flag: Guinea-Bissau                                            # E2.0   [1] (🇬🇼)
1F1EC 1F1FE   ; RGI_Emoji_Flag_Sequence      ; flag: Guyana                                                   # E2.0   [1] (🇬🇾)
1F1ED 1F1F0   ; RGI_Emoji_Flag_Sequence      ; flag: Hong Kong SAR China                                      # E2.0   [1] (🇭🇰)
1F1ED 1F1F2   ; RGI_Emoji_Flag_Sequence      ; flag: Heard & McDonald Islands                                 # E2.0   [1] (🇭🇲)
1F1ED 1F1F3   ; RGI_Emoji_Flag_Sequence      ; flag: Honduras                                                 # E2.0   [1] (🇭🇳)
1F1ED 1F1F7   ; RGI_Emoji_Flag_Sequence      ; flag: Croatia                                                  # E2.0   [1] (🇭🇷)
1F1ED 1F1F9   ; RGI_Emoji_Flag_Sequence      ; flag: Haiti                                                    # E2.0   [1] (🇭🇹)
1F1ED 1F1FA   ; RGI_Emoji_Flag_Sequence      ; flag: Hungary                                                  # E2.0   [1] (🇭🇺)
1F1EE 1F1E8   ; RGI_Emoji_Flag_Sequence      ; flag: Canary Islands                                           # E2.0   [1] (🇮🇨)
1F1EE 1F1E9   ; RGI_Emoji_Flag_Sequence      ; flag: Indonesia                                                # E2.0   [1] (🇮🇩)
1F1EE 1F1EA   ; RGI_Emoji_Flag_Sequence      ; flag: Ireland                                                  # E2.0   [1] (🇮🇪)
1F1EE 1F1F1   ; RGI_Emoji_Flag_Sequence      ; flag: Israel                                                   # E2.0   [1] (🇮🇱)
1F1EE 1F1F2   ; RGI_Emoji_Flag_Sequence      ; flag: Isle of Man                                              # E2.0   [1] (🇮🇲)
1F1EE 1F1F3   ; RGI_Emoji_Flag_Sequence      ; flag: India                                                    # E2.0   [1] (🇮🇳)
1F1EE 1F1F4   ; RGI_Emoji_Flag_Sequence      ; flag: British Indian Ocean Territory                           # E2.0   [1] (🇮🇴)
1F1EE 1F1F6   ; RGI_Emoji_Flag_Sequence      ; flag: Iraq                                                     # E2.0   [1] (🇮🇶)
1F1EE 1F1F7   ; RGI_Emoji_Flag_Sequence      ; flag: Iran                                                     # E2.0   [1] (🇮🇷)
1F1EE 1F1F8   ; RGI_Emoji_Flag_Sequence      ; flag: Iceland                                                  # E2.0   [1] (🇮🇸)
1F1EE 1F1F9   ; RGI_Emoji_Flag_Sequence      ; flag: Italy                                                    # E0.6   [1] (🇮🇹)
1F1EF 1F1EA   ; RGI_Emoji_Flag_Sequence      ; flag: Jersey                                                   # E2.0   [1] (🇯🇪)
1F1EF 1F1F2   ; RGI_Emoji_Flag_Sequence      ; flag: Jamaica                                                  # E2.0   [1] (🇯🇲)
1F1EF 1F1F4   ; RGI_Emoji_Flag_Sequence      ; flag: Jordan                                                   # E2.0   [1] (🇯🇴)
1F1EF 1F1F5   ; RGI_Emoji_Flag_Sequence      ; flag: Japan                                                    # E0.6   [1] (🇯🇵)
1F1F0 1F1EA   ; RGI_Emoji_Flag_Sequence      ; flag: Kenya                                                    # E2.0   [1] (🇰🇪)
1F1F0 1F1EC   ; RGI_Emoji_Flag_Sequence      ; flag: Kyrgyzstan                                               # E2.0   [1] (🇰🇬)
1F1F0 1F1ED   ; RGI_Emoji_Flag_Sequence      ; flag: Cambodia                                                 # E2.0   [1] (🇰🇭)
1F1F0 1F1EE   ; RGI_Emoji_Flag_Sequence      ; flag: Kiribati                                                 # E2.0   [1] (🇰🇮)
1F1F0 1F1F2   ; RGI_Emoji_Flag_Sequence      ; flag: Comoros                                                  # E2.0   [1] (🇰🇲)
1F1F0 1F1F3   ; RGI_Emoji_Flag_Sequence      ; flag: St. Kitts & Nevis                                        # E2.0   [1] (🇰🇳)
1F1F0 1F1F5   ; RGI_Emoji_Flag_Sequence      ; flag: North Korea                                              # E2.0   [1] (🇰🇵)
1F1F0 1F1F7   ; RGI_Emoji_Flag_Sequence      ; flag: South Korea                                              # E0.6   [1] (🇰🇷)
1F1F0 1F1FC   ; RGI_Emoji_Flag_Sequence      ; flag: Kuwait                                                   # E2.0   [1] (🇰🇼)
1F1F0 1F1FE   ; RGI_Emoji_Flag_Sequence      ; flag: Cayman Islands                                           # E2.0   [1] (🇰🇾)
1F1F0 1F1FF   ; RGI_Emoji_Flag_Sequence      ; flag: Kazakhstan                                               # E2.0   [1] (🇰🇿)
1F1F1 1F1E6   ; RGI_Emoji_Flag_Sequence      ; flag: Laos                                                     # E2.0   [1] (🇱🇦)
1F1F1 1F1E7   ; RGI_Emoji_Flag_Sequence      ; flag: Lebanon                                                  # E2.0   [1] (🇱🇧)
1F1F1 1F1E8   ; RGI_Emoji_Flag_Sequence      ; flag: St. Lucia                                                # E2.0   [1] (🇱🇨)
1F1F1 1F1EE   ; RGI_Emoji_Flag_Sequence      ; flag: Liechtenstein                                            # E2.0   [1] (🇱🇮)
1F1F1 1F1F0   ; RGI_Emoji_Flag_Sequence      ; flag: Sri Lanka                                                # E2.0   [1] (🇱🇰)
1F1F1 1F1F7   ; RGI_Emoji_Flag_Sequence      ; flag: Liberia                                                  # E2.0   [1] (🇱🇷)
1F1F1 1F1F8   ; RGI_Emoji_Flag_Sequence      ; flag: Lesotho                                                  # E2.0   [1] (🇱🇸)
1F1F1 1F1F9   ; RGI_Emoji_Flag_Sequence      ; flag: Lithuania                                                # E2.0   [1] (🇱🇹)
1F1F1 1F1FA   ; RGI_Emoji_Flag_Sequence      ; flag: Luxembourg                                               # E2.0   [1] (🇱🇺)
1F1F1 1F1FB   ; RGI_Emoji_Flag_Sequence      ; flag: Latvia                                                   # E2.0   [1] (🇱🇻)
1F1F1 1F1FE   ; RGI_Emoji_Flag_Sequence      ; flag: Libya                                                    # E2.0   [1] (🇱🇾)
1F1F2 1F1E6   ; RGI_Emoji_Flag_Sequence      ; flag: Morocco                                                  # E2.0   [1] (🇲🇦)
1F1F2 1F1E8   ; RGI_Emoji_Flag_Sequence      ; flag: Monaco                                                   # E2.0   [1] (🇲🇨)
1F1F2 1F1E9   ; RGI_Emoji_Flag_Sequence      ; flag: Moldova                                                  # E2.0   [1] (🇲🇩)
1F1F2 1F1EA   ; RGI_Emoji_Flag_Sequence      ; flag: Montenegro                                               # E2.0   [1] (🇲🇪)
1F1F2 1F1EB   ; RGI_Emoji_Flag_Sequence      ; flag: St. Martin                                               # E2.0   [1] (🇲🇫)
1F1F2 1F1EC   ; RGI_Emoji_Flag_Sequence      ; flag: Madagascar                                               # E2.0   [1] (🇲🇬)
1F1F2 1F1ED   ; RGI_Emoji_Flag_Sequence      ; flag: Marshall Islands                                         # E2.0   [1] (🇲🇭)
1F1F2 1F1F0   ; RGI_Emoji_Flag_Sequence      ; flag: North Macedonia                                          # E2.0   [1] (🇲🇰)
1F1F2 1F1F1   ; RGI_Emoji_Flag_Sequence      ; flag: Mali                                                     # E2.0   [1] (🇲🇱)
1F1F2 1F1F2   ; RGI_Emoji_Flag_Sequence      ; flag: Myanmar (Burma)                                          # E2.0   [1] (🇲🇲)
1F1F2 1F1F3   ; RGI_Emoji_Flag_Sequence      ; flag: Mongolia                                                 # E2.0   [1] (🇲🇳)
1F1F2 1F1F4   ; RGI_Emoji_Flag_Sequence      ; flag: Macao SAR China                                          # E2.0   [1] (🇲🇴)
1F1F2 1F1F5   ; RGI_Emoji_Flag_Sequence      ; flag: Northern Mariana Islands                                 # E2.0   [1] (🇲🇵)
1F1F2 1F1F6   ; RGI_Emoji_Flag_Sequence      ; flag: Martinique                                               # E2.0   [1] (🇲🇶)
1F1F2 1F1F7   ; RGI_Emoji_Flag_Sequence      ; flag: Mauritania                                               # E2.0   [1] (🇲🇷)
1F1F2 1F1F8   ; RGI_Emoji_Flag_Sequence      ; flag: Montserrat                                               # E2.0   [1] (🇲🇸)
1F1F2 1F1F9   ; RGI_Emoji_Flag_Sequence      ; flag: Malta                                                    # E2.0   [1] (🇲🇹)
1F1F2 1F1FA   ; RGI_Emoji_Flag_Sequence      ; flag: Mauritius                                                # E2.0   [1] (🇲🇺)
1F1F2 1F1FB   ; RGI_Emoji_Flag_Sequence      ; flag: Maldives                                                 # E2.0   [1] (🇲🇻)
1F1F2 1F1FC   ; RGI_Emoji_Flag_Sequence      ; flag: Malawi                                                   # E2.0   [1] (🇲🇼)
1F1F2 1F1FD   ; RGI_Emoji_Flag_Sequence      ; flag: Mexico                                                   # E2.0   [1] (🇲🇽)
1F1F2 1F1FE   ; RGI_Emoji_Flag_Sequence      ; flag: Malaysia                                                 # E2.0   [1] (🇲🇾)
1F1F2 1F1FF   ; RGI_Emoji_Flag_Sequence      ; flag: Mozambique                                               # E2.0   [1] (🇲🇿)
1F1F3 1F1E6   ; RGI_Emoji_Flag_Sequence      ; flag: Namibia                                                  # E2.0   [1] (🇳🇦)
1F1F3 1F1E8   ; RGI_Emoji_Flag_Sequence      ; flag: New Caledonia                                            # E2.0   [1] (🇳🇨)
1F1F3 1F1EA   ; RGI_Emoji_Flag_Sequence      ; flag: Niger                                                    # E2.0   [1] (🇳🇪)
1F1F3 1F1EB   ; RGI_Emoji_Flag_Sequence      ; flag: Norfolk Island                                           # E2.0   [1] (🇳🇫)
1F1F3 1F1EC   ; RGI_Emoji_Flag_Sequence      ; flag: Nigeria                                                  # E2.0   [1] (🇳🇬)
1F1F3 1F1EE   ; RGI_Emoji_Flag_Sequence      ; flag: Nicaragua                                                # E2.0   [1] (🇳🇮)
1F1F3 1F1F1   ; RGI_Emoji_Flag_Sequence      ; flag: Netherlands                                              # E2.0   [1] (🇳🇱)
1F1F3 1F1F4   ; RGI_Emoji_Flag_Sequence      ; flag: Norway                                                   # E2.0   [1] (🇳🇴)
1F1F3 1F1F5   ; RGI_Emoji_Flag_Sequence      ; flag: Nepal                                                    # E2.0   [1] (🇳🇵)
1F1F3 1F1F7   ; RGI_Emoji_Flag_Sequence      ; flag: Nauru                                                    # E2.0   [1] (🇳🇷)
1F1F3 1F1FA   ; RGI_Emoji_Flag_Sequence      ; flag: Niue                                                     # E2.0   [1] (🇳🇺)
1F1F3 1F1FF   ; RGI_Emoji_Flag_Sequence      ; flag: New Zealand                                              # E2.0   [1] (🇳🇿)
1F1F4 1F1F2   ; RGI_Emoji_Flag_Sequence      ; flag: Oman                                                     # E2.0   [1] (🇴🇲)
1F1F5 1F1E6   ; RGI_Emoji_Flag_Sequence      ; flag: Panama                                                   # E2.0   [1] (🇵🇦)
1F1F5 1F1EA   ; RGI_Emoji_Flag_Sequence      ; flag: Peru                                                     # E2.0   [1] (🇵🇪)
1F1F5 1F1EB   ; RGI_Emoji_Flag_Sequence      ; flag: French Polynesia                                         # E2.0   [1] (🇵🇫)
1F1F5 1F1EC   ; RGI_Emoji_Flag_Sequence      ; flag: Papua New Guinea                                         # E2.0   [1] (🇵🇬)
1F1F5 1F1ED   ; RGI_Emoji_Flag_Sequence      ; flag: Philippines                                              # E2.0   [1] (🇵🇭)
1F1F5 1F1F0   ; RGI_Emoji_Flag_Sequence      ; flag: Pakistan                                                 # E2.0   [1] (🇵🇰)
1F1F5 1F1F1   ; RGI_Emoji_Flag_Sequence      ; flag: Poland                                                   # E2.0   [1] (🇵🇱)
1F1F5 1F1F2   ; RGI_Emoji_Flag_Sequence      ; flag: St. Pierre & Miquelon                                    # E2.0   [1] (🇵🇲)
1F1F5 1F1F3   ; RGI_Emoji_Flag_Sequence      ; flag: Pitcairn Islands                                         # E2.0   [1] (🇵🇳)
1F1F5 1F1F7   ; RGI_Emoji_Flag_Sequence      ; flag: Puerto Rico                                              # E2.0   [1] (🇵🇷)
1F1F5 1F1F8   ; RGI_Emoji_Flag_Sequence      ; flag: Palestinian Territories                                  # E2.0   [1] (🇵🇸)
1F1F5 1F1F9   ; RGI_Emoji_Flag_Sequence      ; flag: Portugal                                                 # E2.0   [1] (🇵🇹)
1F1F5 1F1FC   ; RGI_Emoji_Flag_Sequence      ; flag: Palau                                                    # E2.0   [1] (🇵🇼)
1F1F5 1F1FE   ; RGI_Emoji_Flag_Sequence      ; flag: Paraguay                                                 # E2.0   [1] (🇵🇾)
1F1F6 1F1E6   ; RGI_Emoji_Flag_Sequence      ; flag: Qatar                                                    # E2.0   [1] (🇶🇦)
1F1F7 1F1EA   ; RGI_Emoji_Flag_Sequence      ; flag: Réunion                                                  # E2.0   [1] (🇷🇪)
1F1F7 1F1F4   ; RGI_Emoji_Flag_Sequence      ; flag: Romania                                                  # E2.0   [1] (🇷🇴)
1F1F7 1F1F8   ; RGI_Emoji_Flag_Sequence      ; flag: Serbia                                                   # E2.0   [1] (🇷🇸)
1F1F7 1F1FA   ; RGI_Emoji_Flag_Sequence      ; flag: Russia                                                   # E0.6   [1] (🇷🇺)
1F1F7 1F1FC   ; RGI_Emoji_Flag_Sequence      ; flag: Rwanda                                                   # E2.0   [1] (🇷🇼)
1F1F8 1F1E6   ; RGI_Emoji_Flag_Sequence      ; flag: Saudi Arabia                                             # E2.0   [1] (🇸🇦)
1F1F8 1F1E7   ; RGI_Emoji_Flag_Sequence      ; flag: Solomon Islands                                          # E2.0   [1] (🇸🇧)
1F1F8 1F1E8   ; RGI_Emoji_Flag_Sequence      ; flag: Seychelles                                               # E2.0   [1] (🇸🇨)
1F1F8 1F1E9   ; RGI_Emoji_Flag_Sequence      ; flag: Sudan                                                    # E2.0   [1] (🇸🇩)
1F1F8 1F1EA   ; RGI_Emoji_Flag_Sequence      ; flag: Sweden                                                   # E2.0   [1] (🇸🇪)
1F1F8 1F1EC   ; RGI_Emoji_Flag_Sequence      ; flag: Singapore                                                # E2.0   [1] (🇸🇬)
1F1F8 1F1ED   ; RGI_Emoji_Flag_Sequence      ; flag: St. Helena                                               # E2.0   [1] (🇸🇭)
1F1F8 1F1EE   ; RGI_Emoji_Flag_Sequence      ; flag: Slovenia                                                 # E2.0   [1] (🇸🇮)
1F1F8 1F1EF   ; RGI_Emoji_Flag_Sequence      ; flag: Svalbard & Jan Mayen                                     # E2.0   [1] (🇸🇯)
1F1F8 1F1F0   ; RGI_Emoji_Flag_Sequence      ; flag: Slovakia                                                 # E2.0   [1] (🇸🇰)
1F1F8 1F1F1   ; RGI_Emoji_Flag_Sequence      ; flag: Sierra Leone                                             # E2.0   [1] (🇸🇱)
1F1F8 1F1F2   ; RGI_Emoji_Flag_Sequence      ; flag: San Marino                                               # E2.0   [1] (🇸🇲)
1F1F8 1F1F3   ; RGI_Emoji_Flag_Sequence      ; flag: Senegal                                                  # E2.0   [1] (🇸🇳)
1F1F8 1F1F4   ; RGI_Emoji_Flag_Sequence      ; flag: Somalia                                                  # E2.0   [1] (🇸🇴)
1F1F8 1F1F7   ; RGI_Emoji_Flag_Sequence      ; flag: Suriname                                                 # E2.0   [1] (🇸🇷)
1F1F8 1F1F8   ; RGI_Emoji_Flag_Sequence      ; flag: South Sudan                                              # E2.0   [1] (🇸🇸)
1F1F8 1F1F9   ; RGI_Emoji_Flag_Sequence      ; flag: São Tomé & Príncipe                                      # E2.0   [1] (🇸🇹)
1F1F8 1F1FB   ; RGI_Emoji_Flag_Sequence      ; flag: El Salvador                                              # E2.0   [1] (🇸🇻)
1F1F8 1F1FD   ; RGI_Emoji_Flag_Sequence      ; flag: Sint Maarten                                             # E2.0   [1] (🇸🇽)
1F1F8 1F1FE   ; RGI_Emoji_Flag_Sequence      ; flag: Syria                                                    # E2.0   [1] (🇸🇾)
1F1F8 1F1FF   ; RGI_Emoji_Flag_Sequence      ; flag: Eswatini                                                 # E2.0   [1] (🇸🇿)
1F1F9 1F1E6   ; RGI_Emoji_Flag_Sequence      ; flag: Tristan da Cunha                                         # E2.0   [1] (🇹🇦)
1F1F9 1F1E8   ; RGI_Emoji_Flag_Sequence      ; flag: Turks & Caicos Islands                                   # E2.0   [1] (🇹🇨)
1F1F9 1F1E9   ; RGI_Emoji_Flag_Sequence      ; flag: Chad                                                     # E2.0   [1] (🇹🇩)
1F1F9 1F1EB   ; RGI_Emoji_Flag_Sequence      ; flag: French Southern Territories                              # E2.0   [1] (🇹🇫)
1F1F9 1F1EC   ; RGI_Emoji_Flag_Sequence      ; flag: Togo                                                     # E2.0   [1] (🇹🇬)
1F1F9 1F1ED   ; RGI_Emoji_Flag_Sequence      ; flag: Thailand                                                 # E2.0   [1] (🇹🇭)
1F1F9 1F1EF   ; RGI_Emoji_Flag_Sequence      ; flag: Tajikistan                                               # E2.0   [1] (🇹🇯)
1F1F9 1F1F0   ; RGI_Emoji_Flag_Sequence      ; flag: Tokelau                                                  # E2.0   [1] (🇹🇰)
1F1F9 1F1F1   ; RGI_Emoji_Flag_Sequence      ; flag: Timor-Leste                                              # E2.0   [1] (🇹🇱)
1F1F9 1F1F2   ; RGI_Emoji_Flag_Sequence      ; flag: Turkmenistan                                             # E2.0   [1] (🇹🇲)
1F1F9 1F1F3   ; RGI_Emoji_Flag_Sequence      ; flag: Tunisia                                                  # E2.0   [1] (🇹🇳)
1F1F9 1F1F4   ; RGI_Emoji_Flag_Sequence      ; flag: Tonga                                                    # E2.0   [1] (🇹🇴)
1F1F9 1F1F7   ; RGI_Emoji_Flag_Sequence      ; flag: Türkiye                                                  # E2.0   [1] (🇹🇷)
1F1F9 1F1F9   ; RGI_Emoji_Flag_Sequence      ; flag: Trinidad & Tobago                                        # E2.0   [1] (🇹🇹)
1F1F9 1F1FB   ; RGI_Emoji_Flag_Sequence      ; flag: Tuvalu                                                   # E2.0   [1] (🇹🇻)
1F1F9 1F1FC   ; RGI_Emoji_Flag_Sequence      ; flag: Taiwan                                                   # E2.0   [1] (🇹🇼)
1F1F9 1F1FF   ; RGI_Emoji_Flag_Sequence      ; flag: Tanzania                                                 # E2.0   [1] (🇹🇿)
1F1FA 1F1E6   ; RGI_Emoji_Flag_Sequence      ; flag: Ukraine                                                  # E2.0   [1] (🇺🇦)
1F1FA 1F1EC   ; RGI_Emoji_Flag_Sequence      ; flag: Uganda                                                   # E2.0   [1] (🇺🇬)
1F1FA 1F1F2   ; RGI_Emoji_Flag_Sequence      ; flag: U.S. Outlying Islands                                    # E2.0   [1] (🇺🇲)
1F1FA 1F1F3   ; RGI_Emoji_Flag_Sequence      ; flag: United Nations                                           # E4.0   [1] (🇺🇳)
1F1FA 1F1F8   ; RGI_Emoji_Flag_Sequence      ; flag: United States                                            # E0.6   [1] (🇺🇸)
1F1FA 1F1FE   ; RGI_Emoji_Flag_Sequence      ; flag: Uruguay                                                  # E2.0   [1] (🇺🇾)
1F1FA 1F1FF   ; RGI_Emoji_Flag_Sequence      ; flag: Uzbekistan                                               # E2.0   [1] (🇺🇿)
1F1FB 1F1E6   ; RGI_Emoji_Flag_Sequence      ; flag: Vatican City                                             # E2.0   [1] (🇻🇦)
1F1FB 1F1E8   ; RGI_Emoji_Flag_Sequence      ; flag: St. Vincent & Grenadines                                 # E2.0   [1] (🇻🇨)
1F1FB 1F1EA   ; RGI_Emoji_Flag_Sequence      ; flag: Venezuela                                                # E2.0   [1] (🇻🇪)
1F1FB 1F1EC   ; RGI_Emoji_Flag_Sequence      ; flag: British Virgin Islands                                   # E2.0   [1] (🇻🇬)
1F1FB 1F1EE   ; RGI_Emoji_Flag_Sequence      ; flag: U.S. Virgin Islands                                      # E2.0   [1] (🇻🇮)
1F1FB 1F1F3   ; RGI_Emoji_Flag_Sequence      ; flag: Vietnam                                                  # E2.0   [1] (🇻🇳)
1F1FB 1F1FA   ; RGI_Emoji_Flag_Sequence      ; flag: Vanuatu                                                  # E2.0   [1] (🇻🇺)
1F1FC 1F1EB   ; RGI_Emoji_Flag_Sequence      ; flag: Wallis & Futuna                                          # E2.0   [1] (🇼🇫)
1F1FC 1F1F8   ; RGI_Emoji_Flag_Sequence      ; flag: Samoa                                                    # E2.0   [1] (🇼🇸)
1F1FD 1F1F0   ; RGI_Emoji_Flag_Sequence      ; flag: Kosovo                                                   # E2.0   [1] (🇽🇰)
1F1FE 1F1EA   ; RGI_Emoji_Flag_Sequence      ; flag: Yemen                                                    # E2.0   [1] (🇾🇪)
1F1FE 1F1F9   ; RGI_Emoji_Flag_Sequence      ; flag: Mayotte                                                  # E2.0   [1] (🇾🇹)
1F1FF 1F1E6   ; RGI_Emoji_Flag_Sequence      ; flag: South Africa                                             # E2.0   [1] (🇿🇦)
1F1FF 1F1F2   ; RGI_Emoji_Flag_Sequence      ; flag: Zambia                                                   # E2.0   [1] (🇿🇲)
1F1FF 1F1FC   ; RGI_Emoji_Flag_Sequence      ; flag: Zimbabwe                                                 # E2.0   [1] (🇿🇼)
1F3F4 E0067 E0062 E0065 E006E E0067 E007F; RGI_Emoji_Tag_Sequence; flag: England                              # E5.0   [1] (🏴󠁧󠁢󠁥󠁮󠁧󠁿)
1F3F4 E0067 E0062 E0073 E0063 E0074 E007F; RGI_Emoji_Tag_Sequence; flag: Scotland                             # E5.0   [1] (🏴󠁧󠁢󠁳󠁣󠁴󠁿)
1F3F4 E0067 E0062 E0077 E006C E0073 E007F; RGI_Emoji_Tag_Sequence; flag: Wales                                # E5.0   [1] (🏴󠁧󠁢󠁷󠁬󠁳󠁿)
261D 1F3FB    ; RGI_Emoji_Modifier_Sequence  ; index pointing up: light skin tone                             # E1.0   [1] (☝🏻)
261D 1F3FC    ; RGI_Emoji_Modifier_Sequence  ; index pointing up: medium-light skin tone                      # E1.0   [1] (☝🏼)
261D 1F3FD    ; RGI_Emoji_Modifier_Sequence  ; index pointing up: medium skin tone                            # E1.0   [1] (☝🏽)
261D 1F3FE    ; RGI_Emoji_Modifier_Sequence  ; index pointing up: medium-dark skin tone                       # E1.0   [1] (☝🏾)
261D 1F3FF    ; RGI_Emoji_Modifier_Sequence  ; index pointing up: dark skin tone                              # E1.0   [1] (☝🏿)
26F9 1F3FB    ; RGI_Emoji_Modifier_Sequence  ; person bouncing ball: light skin tone                          # E2.0   [1] (⛹🏻)
26F9 1F3FC    ; RGI_Emoji_Modifier_Sequence  ; person bouncing ball: medium-light skin tone                   # E2.0   [1] (⛹🏼)
26F9 1F3FD    ; RGI_Emoji_Modifier_Sequence  ; person bouncing ball: medium skin tone                         # E2.0   [1] (⛹🏽)
26F9 1F3FE    ; RGI_Emoji_Modifier_Sequence  ; person bouncing ball: medium-dark skin tone                    # E2.0   [1] (⛹🏾)
26F9 1F3FF    ; RGI_Emoji_Modifier_Sequence  ; person bouncing ball: dark skin tone                           # E2.0   [1] (⛹🏿)
270A 1F3FB    ; RGI_Emoji_Modifier_Sequence  ; raised fist: light skin tone                                   # E1.0   [1] (✊🏻)
270A 1F3FC    ; RGI_Emoji_Modifier_Sequence  ; raised fist: medium-light skin tone                            # E1.0   [1] (✊🏼)
270A 1F3FD    ; RGI_Emoji_Modifier_Sequence  ; raised fist: medium skin tone                                  # E1.0   [1] (✊🏽)
270A 1F3FE    ; RGI_Emoji_Modifier_Sequence  ; raised fist: medium-dark skin tone                             # E1.0   [1] (✊🏾)
270A 1F3FF    ; RGI_Emoji_Modifier_Sequence  ; raised fist: dark skin tone                                    # E1.0   [1] (✊🏿)
270B 1F3FB    ; RGI_Emoji_Modifier_Sequence  ; raised hand: light skin tone                                   # E1.0   [1] (✋🏻)
270B 1F3FC    ; RGI_Emoji_Modifier_Sequence  ; raised hand: medium-light skin tone                            # E1.0   [1] (✋🏼)
270B 1F3FD    ; RGI_Emoji_Modifier_Sequence  ; raised hand: medium skin tone                                  # E1.0   [1] (✋🏽)
270B 1F3FE    ; RGI_Emoji_Modifier_Sequence  ; raised hand: medium-dark skin tone                             # E1.0   [1] (✋🏾)
270B 1F3FF    ; RGI_Emoji_Modifier_Sequence  ; raised hand: dark skin tone                                    # E1.0   [1] (✋🏿)
270C 1F3FB    ; RGI_Emoji_Modifier_Sequence  ; victory hand: light skin tone                                  # E1.0   [1] (✌🏻)
270C 1F3FC    ; RGI_Emoji_Modifier_Sequence  ; victory hand: medium-light skin tone                           # E1.0   [1] (✌🏼)
270C 1F3FD    ; RGI_Emoji_Modifier_Sequence  ; victory hand: medium skin tone                                 # E1.0   [1] (✌🏽)
270C 1F3FE    ; RGI_Emoji_Modifier_Sequence  ; victory hand: medium-dark skin tone                            # E1.0   [1] (✌🏾)
270C 1F3FF    ; RGI_Emoji_Modifier_Sequence  ; victory hand: dark skin tone                                   # E1.0   [1] (✌🏿)
270D 1F3FB    ; RGI_Emoji_Modifier_Sequence  ; writing hand: light skin tone                                  # E1.0   [1] (✍🏻)
270D 1F3FC    ; RGI_Emoji_Modifier_Sequence  ; writing hand: medium-light skin tone                           # E1.0   [1] (✍🏼)
270D 1F3FD    ; RGI_Emoji_Modifier_Sequence  ; writing hand: medium skin tone                                 # E1.0   [1] (✍🏽)
270D 1F3FE    ; RGI_Emoji_Modifier_Sequence  ; writing hand: medium-dark skin tone                            # E1.0   [1] (✍🏾)
270D 1F3FF    ; RGI_Emoji_Modifier_Sequence  ; writing hand: dark skin tone                                   # E1.0   [1] (✍🏿)
1F385 1F3FB   ; RGI_Emoji_Modifier_Sequence  ; Santa Claus: light skin tone                                   # E1.0   [1] (🎅🏻)
1F385 1F3FC   ; RGI_Emoji_Modifier_Sequence  ; Santa Claus: medium-light skin tone                            # E1.0   [1] (🎅🏼)
1F385 1F3FD   ; RGI_Emoji_Modifier_Sequence  ; Santa Claus: medium skin tone                                  # E1.0   [1] (🎅🏽)
1F385 1F3FE   ; RGI_Emoji_Modifier_Sequence  ; Santa Claus: medium-dark skin tone                             # E1.0   [1] (🎅🏾)
1F385 1F3FF   ; RGI_Emoji_Modifier_Sequence  ; Santa Claus: dark skin tone                                    # E1.0   [1] (🎅🏿)
1F3C2 1F3FB   ; RGI_Emoji_Modifier_Sequence  ; snowboarder: light skin tone                                   # E1.0   [1] (🏂🏻)
1F3C2 1F3FC   ; RGI_Emoji_Modifier_Sequence  ; snowboarder: medium-light skin tone                            # E1.0   [1] (🏂🏼)
1F3C2 1F3FD   ; RGI_Emoji_Modifier_Sequence  ; snowboarder: medium skin tone                                  # E1.0   [1] (🏂🏽)
1F3C2 1F3FE   ; RGI_Emoji_Modifier_Sequence  ; snowboarder: medium-dark skin tone                             # E1.0   [1] (🏂🏾)
1F3C2 1F3FF   ; RGI_Emoji_Modifier_Sequence  ; snowboarder: dark skin tone                                    # E1.0   [1] (🏂🏿)
1F3C3 1F3FB   ; RGI_Emoji_Modifier_Sequence  ; person running: light skin tone                                # E1.0   [1] (🏃🏻)
1F3C3 1F3FC   ; RGI_Emoji_Modifier_Sequence  ; person running: medium-light skin tone                         # E1.0   [1] (🏃🏼)
1F3C3 1F3FD   ; RGI_Emoji_Modifier_Sequence  ; person running: medium skin tone                               # E1.0   [1] (🏃🏽)
1F3C3 1F3FE   ; RGI_Emoji_Modifier_Sequence  ; person running: medium-dark skin tone                          # E1.0   [1] (🏃🏾)
1F3C3 1F3FF   ; RGI_Emoji_Modifier_Sequence  ; person running: dark skin tone                                 # E1.0   [1] (🏃🏿)
1F3C4 1F3FB   ; RGI_Emoji_Modifier_Sequence  ; person surfing: light skin tone                                # E1.0   [1] (🏄🏻)
1F3C4 1F3FC   ; RGI_Emoji_Modifier_Sequence  ; person surfing: medium-light skin tone                         # E1.0   [1] (🏄🏼)
1F3C4 1F3FD   ; RGI_Emoji_Modifier_Sequence  ; person surfing: medium skin tone                               # E1.0   [1] (🏄🏽)
1F3C4 1F3FE   ; RGI_Emoji_Modifier_Sequence  ; person surfing: medium-dark skin tone                          # E1.0   [1] (🏄🏾)
1F3C4 1F3FF   ; RGI_Emoji_Modifier_Sequence  ; person surfing: dark skin tone                                 # E1.0   [1] (🏄🏿)
1F3C7 1F3FB   ; RGI_Emoji_Modifier_Sequence  ; horse racing: light skin tone                                  # E1.0   [1] (🏇🏻)
1F3C7 1F3FC   ; RGI_Emoji_Modifier_Sequence  ; horse racing: medium-light skin tone                           # E1.0   [1] (🏇🏼)
1F3C7 1F3FD   ; RGI_Emoji_Modifier_Sequence  ; horse racing: medium skin tone                                 # E1.0   [1] (🏇🏽)
1F3C7 1F3FE   ; RGI_Emoji_Modifier_Sequence  ; horse racing: medium-dark skin tone                            # E1.0   [1] (🏇🏾)
1F3C7 1F3FF   ; RGI_Emoji_Modifier_Sequence  ; horse racing: dark skin tone                                   # E1.0   [1] (🏇🏿)
1F3CA 1F3FB   ; RGI_Emoji_Modifier_Sequence  ; person swimming: light skin tone                               # E1.0   [1] (🏊🏻)
1F3CA 1F3FC   ; RGI_Emoji_Modifier_Sequence  ; person swimming: medium-light skin tone                        # E1.0   [1] (🏊🏼)
1F3CA 1F3FD   ; RGI_Emoji_Modifier_Sequence  ; person swimming: medium skin tone                              # E1.0   [1] (🏊🏽)
1F3CA 1F3FE   ; RGI_Emoji_Modifier_Sequence  ; person swimming: medium-dark skin tone                         # E1.0   [1] (🏊🏾)
1F3CA 1F3FF   ; RGI_Emoji_Modifier_Sequence  ; person swimming: dark skin tone                                # E1.0   [1] (🏊🏿)
1F3CB 1F3FB   ; RGI_Emoji_Modifier_Sequence  ; person lifting weights: light skin tone                        # E2.0   [1] (🏋🏻)
1F3CB 1F3FC   ; RGI_Emoji_Modifier_Sequence  ; person lifting weights: medium-light skin tone                 # E2.0   [1] (🏋🏼)
1F3CB 1F3FD   ; RGI_Emoji_Modifier_Sequence  ; person lifting weights: medium skin tone                       # E2.0   [1] (🏋🏽)
1F3CB 1F3FE   ; RGI_Emoji_Modifier_Sequence  ; person lifting weights: medium-dark skin tone                  # E2.0   [1] (🏋🏾)
1F3CB 1F3FF   ; RGI_Emoji_Modifier_Sequence  ; person lifting weights: dark skin tone                         # E2.0   [1] (🏋🏿)
1F3CC 1F3FB   ; RGI_Emoji_Modifier_Sequence  ; person golfing: light skin tone                                # E4.0   [1] (🏌🏻)
1F3CC 1F3FC   ; RGI_Emoji_Modifier_Sequence  ; person golfing: medium-light skin tone                         # E4.0   [1] (🏌🏼)
1F3CC 1F3FD   ; RGI_Emoji_Modifier_Sequence  ; person golfing: medium skin tone                               # E4.0   [1] (🏌🏽)
1F3CC 1F3FE   ; RGI_Emoji_Modifier_Sequence  ; person golfing: medium-dark skin tone                          # E4.0   [1] (🏌🏾)
1F3CC 1F3FF   ; RGI_Emoji_Modifier_Sequence  ; person golfing: dark skin tone                                 # E4.0   [1] (🏌🏿)
1F442 1F3FB   ; RGI_Emoji_Modifier_Sequence  ; ear: light skin tone                                           # E1.0   [1] (👂🏻)
1F442 1F3FC   ; RGI_Emoji_Modifier_Sequence  ; ear: medium-light skin tone                                    # E1.0   [1] (👂🏼)
1F442 1F3FD   ; RGI_Emoji_Modifier_Sequence  ; ear: medium skin tone                                          # E1.0   [1] (👂🏽)
1F442 1F3FE   ; RGI_Emoji_Modifier_Sequence  ; ear: medium-dark skin tone                                     # E1.0   [1] (👂🏾)
1F442 1F3FF   ; RGI_Emoji_Modifier_Sequence  ; ear: dark skin tone                                            # E1.0   [1] (👂🏿)
1F443 1F3FB   ; RGI_Emoji_Modifier_Sequence  ; nose: light skin tone                                          # E1.0   [1] (👃🏻)
1F443 1F3FC   ; RGI_Emoji_Modifier_Sequence  ; nose: medium-light skin tone                                   # E1.0   [1] (👃🏼)
1F443 1F3FD   ; RGI_Emoji_Modifier_Sequence  ; nose: medium skin tone                                         # E1.0   [1] (👃🏽)
1F443 1F3FE   ; RGI_Emoji_Modifier_Sequence  ; nose: medium-dark skin tone                                    # E1.0   [1] (👃🏾)
1F443 1F3FF   ; RGI_Emoji_Modifier_Sequence  ; nose: dark skin tone                                           # E1.0   [1] (👃🏿)
1F446 1F3FB   ; RGI_Emoji_Modifier_Sequence  ; backhand index pointing up: light skin tone                    # E1.0   [1] (👆🏻)
1F446 1F3FC   ; RGI_Emoji_Modifier_Sequence  ; backhand index pointing up: medium-light skin tone             # E1.0   [1] (👆🏼)
1F446 1F3FD   ; RGI_Emoji_Modifier_Sequence  ; backhand index pointing up: medium skin tone                   # E1.0   [1] (👆🏽)
1F446 1F3FE   ; RGI_Emoji_Modifier_Sequence  ; backhand index pointing up: medium-dark skin tone              # E1.0   [1] (👆🏾)
1F446 1F3FF   ; RGI_Emoji_Modifier_Sequence  ; backhand index pointing up: dark skin tone                     # E1.0   [1] (👆🏿)
1F447 1F3FB   ; RGI_Emoji_Modifier_Sequence  ; backhand index pointing down: light skin tone                  # E1.0   [1] (👇🏻)
1F447 1F3FC   ; RGI_Emoji_Modifier_Sequence  ; backhand index pointing down: medium-light skin tone           # E1.0   [1] (👇🏼)
1F447 1F3FD   ; RGI_Emoji_Modifier_Sequence  ; backhand index pointing down: medium skin tone                 # E1.0   [1] (👇🏽)
1F447 1F3FE   ; RGI_Emoji_Modifier_Sequence  ; backhand index pointing down: medium-dark skin tone            # E1.0   [1] (👇🏾)
1F447 1F3FF   ; RGI_Emoji_Modifier_Sequence  ; backhand index pointing down: dark skin tone                   # E1.0   [1] (👇🏿)
1F448 1F3FB   ; RGI_Emoji_Modifier_Sequence  ; backhand index pointing left: light skin tone                  # E1.0   [1] (👈🏻)
1F448 1F3FC   ; RGI_Emoji_Modifier_Sequence  ; backhand index pointing left: medium-light skin tone           # E1.0   [1] (👈🏼)
1F448 1F3FD   ; RGI_Emoji_Modifier_Sequence  ; backhand index pointing left: medium skin tone                 # E1.0   [1] (👈🏽)
1F448 1F3FE   ; RGI_Emoji_Modifier_Sequence  ; backhand index pointing left: medium-dark skin tone            # E1.0   [1] (👈🏾)
1F448 1F3FF   ; RGI_Emoji_Modifier_Sequence  ; backhand index pointing left: dark skin tone                   # E1.0   [1] (👈🏿)
1F449 1F3FB   ; RGI_Emoji_Modifier_Sequence  ; backhand index pointing right: light skin tone                 # E1.0   [1] (👉🏻)
1F449 1F3FC   ; RGI_Emoji_Modifier_Sequence  ; backhand index pointing right: medium-light skin tone          # E1.0   [1] (👉🏼)
1F449 1F3FD   ; RGI_Emoji_Modifier_Sequence  ; backhand index pointing right: medium skin tone                # E1.0   [1] (👉🏽)
1F449 1F3FE   ; RGI_Emoji_Modifier_Sequence  ; backhand index pointing right: medium-dark skin tone           # E1.0   [1] (👉🏾)
1F449 1F3FF   ; RGI_Emoji_Modifier_Sequence  ; backhand index pointing right: dark skin tone                  # E1.0   [1] (👉🏿)
1F44A 1F3FB   ; RGI_Emoji_Modifier_Sequence  ; oncoming fist: light skin tone                                 # E1.0   [1] (👊🏻)
1F44A 1F3FC   ; RGI_Emoji_Modifier_Sequence  ; oncoming fist: medium-light skin tone                          # E1.0   [1] (👊🏼)
1F44A 1F3FD   ; RGI_Emoji_Modifier_Sequence  ; oncoming fist: medium skin tone                                # E1.0   [1] (👊🏽)
1F44A 1F3FE   ; RGI_Emoji_Modifier_Sequence  ; oncoming fist: medium-dark skin tone                           # E1.0   [1] (👊🏾)
1F44A 1F3FF   ; RGI_Emoji_Modifier_Sequence  ; oncoming fist: dark skin tone                                  # E1.0   [1] (👊🏿)
1F44B 1F3FB   ; RGI_Emoji_Modifier_Sequence  ; waving hand: light skin tone                                   # E1.0   [1] (👋🏻)
1F44B 1F3FC   ; RGI_Emoji_Modifier_Sequence  ; waving hand: medium-light skin tone                            # E1.0   [1] (👋🏼)
1F44B 1F3FD   ; RGI_Emoji_Modifier_Sequence  ; waving hand: medium skin tone                                  # E1.0   [1] (👋🏽)
1F44B 1F3FE   ; RGI_Emoji_Modifier_Sequence  ; waving hand: medium-dark skin tone                             # E1.0   [1] (👋🏾)
1F44B 1F3FF   ; RGI_Emoji_Modifier_Sequence  ; waving hand: dark skin tone                                    # E1.0   [1] (👋🏿)
1F44C 1F3FB   ; RGI_Emoji_Modifier_Sequence  ; OK hand: light skin tone                                       # E1.0   [1] (👌🏻)
1F44C 1F3FC   ; RGI_Emoji_Modifier_Sequence  ; OK hand: medium-light skin tone                                # E1.0   [1] (👌🏼)
1F44C 1F3FD   ; RGI_Emoji_Modifier_Sequence  ; OK hand: medium skin tone                                      # E1.0   [1] (👌🏽)
1F44C 1F3FE   ; RGI_Emoji_Modifier_Sequence  ; OK hand: medium-dark skin tone                                 # E1.0   [1] (👌🏾)
1F44C 1F3FF   ; RGI_Emoji_Modifier_Sequence  ; OK hand: dark skin tone                                        # E1.0   [1] (👌🏿)
1F44D 1F3FB   ; RGI_Emoji_Modifier_Sequence  ; thumbs up: light skin tone                                     # E1.0   [1] (👍🏻)
1F44D 1F3FC   ; RGI_Emoji_Modifier_Sequence  ; thumbs up: medium-light skin tone                              # E1.0   [1] (👍🏼)
1F44D 1F3FD   ; RGI_Emoji_Modifier_Sequence  ; thumbs up: medium skin tone                                    # E1.0   [1] (👍🏽)
1F44D 1F3FE   ; RGI_Emoji_Modifier_Sequence  ; thumbs up: medium-dark skin tone                               # E1.0   [1] (👍🏾)
1F44D 1F3FF   ; RGI_Emoji_Modifier_Sequence  ; thumbs up: dark skin tone                                      # E1.0   [1] (👍🏿)
1F44E 1F3FB   ; RGI_Emoji_Modifier_Sequence  ; thumbs down: light skin tone                                   # E1.0   [1] (👎🏻)
1F44E 1F3FC   ; RGI_Emoji_Modifier_Sequence  ; thumbs down: medium-light skin tone                            # E1.0   [1] (👎🏼)
1F44E 1F3FD   ; RGI_Emoji_Modifier_Sequence  ; thumbs down: medium skin tone                                  # E1.0   [1] (👎🏽)
1F44E 1F3FE   ; RGI_Emoji_Modifier_Sequence  ; thumbs down: medium-dark skin tone                             # E1.0   [1] (👎🏾)
1F44E 1F3FF   ; RGI_Emoji_Modifier_Sequence  ; thumbs down: dark skin tone                                    # E1.0   [1] (👎🏿)
1F44F 1F3FB   ; RGI_Emoji_Modifier_Sequence  ; clapping hands: light skin tone                                # E1.0   [1] (👏🏻)
1F44F 1F3FC   ; RGI_Emoji_Modifier_Sequence  ; clapping hands: medium-light skin tone                         # E1.0   [1] (👏🏼)
1F44F 1F3FD   ; RGI_Emoji_Modifier_Sequence  ; clapping hands: medium skin tone                               # E1.0   [1] (👏🏽)
1F44F 1F3FE   ; RGI_Emoji_Modifier_Sequence  ; clapping hands: medium-dark skin tone                          # E1.0   [1] (👏🏾)
1F44F 1F3FF   ; RGI_Emoji_Modifier_Sequence  ; clapping hands: dark skin tone                                 # E1.0   [1] (👏🏿)
1F450 1F3FB   ; RGI_Emoji_Modifier_Sequence  ; open hands: light skin tone                                    # E1.0   [1] (👐🏻)
1F450 1F3FC   ; RGI_Emoji_Modifier_Sequence  ; open hands: medium-light skin tone                             # E1.0   [1] (👐🏼)
1F450 1F3FD   ; RGI_Emoji_Modifier_Sequence  ; open hands: medium skin tone                                   # E1.0   [1] (👐🏽)
1F450 1F3FE   ; RGI_Emoji_Modifier_Sequence  ; open hands: medium-dark skin tone                              # E1.0   [1] (👐🏾)
1F450 1F3FF   ; RGI_Emoji_Modifier_Sequence  ; open hands: dark skin tone                                     # E1.0   [1] (👐🏿)
1F466 1F3FB   ; RGI_Emoji_Modifier_Sequence  ; boy: light skin tone                                           # E1.0   [1] (👦🏻)
1F466 1F3FC   ; RGI_Emoji_Modifier_Sequence  ; boy: medium-light skin tone                                    # E1.0   [1] (👦🏼)
1F466 1F3FD   ; RGI_Emoji_Modifier_Sequence  ; boy: medium skin tone                                          # E1.0   [1] (👦🏽)
1F466 1F3FE   ; RGI_Emoji_Modifier_Sequence  ; boy: medium-dark skin tone                                     # E1.0   [1] (👦🏾)
1F466 1F3FF   ; RGI_Emoji_Modifier_Sequence  ; boy: dark skin tone                                            # E1.0   [1] (👦🏿)
1F467 1F3FB   ; RGI_Emoji_Modifier_Sequence  ; girl: light skin tone                                          # E1.0   [1] (👧🏻)
1F467 1F3FC   ; RGI_Emoji_Modifier_Sequence  ; girl: medium-light skin tone                                   # E1.0   [1] (👧🏼)
1F467 1F3FD   ; RGI_Emoji_Modifier_Sequence  ; girl: medium skin tone                                         # E1.0   [1] (👧🏽)
1F467 1F3FE   ; RGI_Emoji_Modifier_Sequence  ; girl: medium-dark skin tone                                    # E1.0   [1] (👧🏾)
1F467 1F3FF   ; RGI_Emoji_Modifier_Sequence  ; girl: dark skin tone                                           # E1.0   [1] (👧🏿)
1F468 1F3FB   ; RGI_Emoji_Modifier_Sequence  ; man: light skin tone                                           # E1.0   [1] (👨🏻)
1F468 1F3FC   ; RGI_Emoji_Modifier_Sequence  ; man: medium-light skin tone                                    # E1.0   [1] (👨🏼)
1F468 1F3FD   ; RGI_Emoji_Modifier_Sequence  ; man: medium skin tone                                          # E1.0   [1] (👨🏽)
1F468 1F3FE   ; RGI_Emoji_Modifier_Sequence  ; man: medium-dark skin tone                                     # E1.0   [1] (👨🏾)
1F468 1F3FF   ; RGI_Emoji_Modifier_Sequence  ; man: dark skin tone                                            # E1.0   [1] (👨🏿)
1F469 1F3FB   ; RGI_Emoji_Modifier_Sequence  ; woman: light skin tone                                         # E1.0   [1] (👩🏻)
1F469 1F3FC   ; RGI_Emoji_Modifier_Sequence  ; woman: medium-light skin tone                                  # E1.0   [1] (👩🏼)
1F469 1F3FD   ; RGI_Emoji_Modifier_Sequence  ; woman: medium skin tone                                        # E1.0   [1] (👩🏽)
1F469 1F3FE   ; RGI_Emoji_Modifier_Sequence  ; woman: medium-dark skin tone                                   # E1.0   [1] (👩🏾)
1F469 1F3FF   ; RGI_Emoji_Modifier_Sequence  ; woman: dark skin tone                                          # E1.0   [1] (👩🏿)
1F46B 1F3FB   ; RGI_Emoji_Modifier_Sequence  ; woman and man holding hands: light skin tone                   # E12.0  [1] (👫🏻)
1F46B 1F3FC   ; RGI_Emoji_Modifier_Sequence  ; woman and man holding hands: medium-light skin tone            # E12.0  [1] (👫🏼)
1F46B 1F3FD   ; RGI_Emoji_Modifier_Sequence  ; woman and man holding hands: medium skin tone                  # E12.0  [1] (👫🏽)
1F46B 1F3FE   ; RGI_Emoji_Modifier_Sequence  ; woman and man holding hands: medium-dark skin tone             # E12.0  [1] (👫🏾)
1F46B 1F3FF   ; RGI_Emoji_Modifier_Sequence  ; woman and man holding hands: dark skin tone                    # E12.0  [1] (👫🏿)
1F46C 1F3FB   ; RGI_Emoji_Modifier_Sequence  ; men holding hands: light skin tone                             # E12.0  [1] (👬🏻)
1F46C 1F3FC   ; RGI_Emoji_Modifier_Sequence  ; men holding hands: medium-light skin tone                      # E12.0  [1] (👬🏼)
1F46C 1F3FD   ; RGI_Emoji_Modifier_Sequence  ; men holding hands: medium skin tone                            # E12.0  [1] (👬🏽)
1F46C 1F3FE   ; RGI_Emoji_Modifier_Sequence  ; men holding hands: medium-dark skin tone                       # E12.0  [1] (👬🏾)
1F46C 1F3FF   ; RGI_Emoji_Modifier_Sequence  ; men holding hands: dark skin tone                              # E12.0  [1] (👬🏿)
1F46D 1F3FB   ; RGI_Emoji_Modifier_Sequence  ; women holding hands: light skin tone                           # E12.0  [1] (👭🏻)
1F46D 1F3FC   ; RGI_Emoji_Modifier_Sequence  ; women holding hands: medium-light skin tone                    # E12.0  [1] (👭🏼)
1F46D 1F3FD   ; RGI_Emoji_Modifier_Sequence  ; women holding hands: medium skin tone                          # E12.0  [1] (👭🏽)
1F46D 1F3FE   ; RGI_Emoji_Modifier_Sequence  ; women holding hands: medium-dark skin tone                     # E12.0  [1] (👭🏾)
1F46D 1F3FF   ; RGI_Emoji_Modifier_Sequence  ; women holding hands: dark skin tone                            # E12.0  [1] (👭🏿)
1F46E 1F3FB   ; RGI_Emoji_Modifier_Sequence  ; police officer: light skin tone                                # E1.0   [1] (👮🏻)
1F46E 1F3FC   ; RGI_Emoji_Modifier_Sequence  ; police officer: medium-light skin tone                         # E1.0   [1] (👮🏼)
1F46E 1F3FD   ; RGI_Emoji_Modifier_Sequence  ; police officer: medium skin tone                               # E1.0   [1] (👮🏽)
1F46E 1F3FE   ; RGI_Emoji_Modifier_Sequence  ; police officer: medium-dark skin tone                          # E1.0   [1] (👮🏾)
1F46E 1F3FF   ; RGI_Emoji_Modifier_Sequence  ; police officer: dark skin tone                                 # E1.0   [1] (👮🏿)
1F46F 1F3FB   ; RGI_Emoji_Modifier_Sequence  ; people with bunny ears: light skin tone                        # E17.0  [1] (👯🏻)
1F46F 1F3FC   ; RGI_Emoji_Modifier_Sequence  ; people with bunny ears: medium-light skin tone                 # E17.0  [1] (👯🏼)
1F46F 1F3FD   ; RGI_Emoji_Modifier_Sequence  ; people with bunny ears: medium skin tone                       # E17.0  [1] (👯🏽)
1F46F 1F3FE   ; RGI_Emoji_Modifier_Sequence  ; people with bunny ears: medium-dark skin tone                  # E17.0  [1] (👯🏾)
1F46F 1F3FF   ; RGI_Emoji_Modifier_Sequence  ; people with bunny ears: dark skin tone                         # E17.0  [1] (👯🏿)
1F470 1F3FB   ; RGI_Emoji_Modifier_Sequence  ; person with veil: light skin tone                              # E1.0   [1] (👰🏻)
1F470 1F3FC   ; RGI_Emoji_Modifier_Sequence  ; person with veil: medium-light skin tone                       # E1.0   [1] (👰🏼)
1F470 1F3FD   ; RGI_Emoji_Modifier_Sequence  ; person with veil: medium skin tone                             # E1.0   [1] (👰🏽)
1F470 1F3FE   ; RGI_Emoji_Modifier_Sequence  ; person with veil: medium-dark skin tone                        # E1.0   [1] (👰🏾)
1F470 1F3FF   ; RGI_Emoji_Modifier_Sequence  ; person with veil: dark skin tone                               # E1.0   [1] (👰🏿)
1F471 1F3FB   ; RGI_Emoji_Modifier_Sequence  ; person: light skin tone, blond hair                            # E1.0   [1] (👱🏻)
1F471 1F3FC   ; RGI_Emoji_Modifier_Sequence  ; person: medium-light skin tone, blond hair                     # E1.0   [1] (👱🏼)
1F471 1F3FD   ; RGI_Emoji_Modifier_Sequence  ; person: medium skin tone, blond hair                           # E1.0   [1] (👱🏽)
1F471 1F3FE   ; RGI_Emoji_Modifier_Sequence  ; person: medium-dark skin tone, blond hair                      # E1.0   [1] (👱🏾)
1F471 1F3FF   ; RGI_Emoji_Modifier_Sequence  ; person: dark skin tone, blond hair                             # E1.0   [1] (👱🏿)
1F472 1F3FB   ; RGI_Emoji_Modifier_Sequence  ; person with skullcap: light skin tone                          # E1.0   [1] (👲🏻)
1F472 1F3FC   ; RGI_Emoji_Modifier_Sequence  ; person with skullcap: medium-light skin tone                   # E1.0   [1] (👲🏼)
1F472 1F3FD   ; RGI_Emoji_Modifier_Sequence  ; person with skullcap: medium skin tone                         # E1.0   [1] (👲🏽)
1F472 1F3FE   ; RGI_Emoji_Modifier_Sequence  ; person with skullcap: medium-dark skin tone                    # E1.0   [1] (👲🏾)
1F472 1F3FF   ; RGI_Emoji_Modifier_Sequence  ; person with skullcap: dark skin tone                           # E1.0   [1] (👲🏿)
1F473 1F3FB   ; RGI_Emoji_Modifier_Sequence  ; person wearing turban: light skin tone                         # E1.0   [1] (👳🏻)
1F473 1F3FC   ; RGI_Emoji_Modifier_Sequence  ; person wearing turban: medium-light skin tone                  # E1.0   [1] (👳🏼)
1F473 1F3FD   ; RGI_Emoji_Modifier_Sequence  ; person wearing turban: medium skin tone                        # E1.0   [1] (👳🏽)
1F473 1F3FE   ; RGI_Emoji_Modifier_Sequence  ; person wearing turban: medium-dark skin tone                   # E1.0   [1] (👳🏾)
1F473 1F3FF   ; RGI_Emoji_Modifier_Sequence  ; person wearing turban: dark skin tone                          # E1.0   [1] (👳🏿)
1F474 1F3FB   ; RGI_Emoji_Modifier_Sequence  ; old man: light skin tone                                       # E1.0   [1] (👴🏻)
1F474 1F3FC   ; RGI_Emoji_Modifier_Sequence  ; old man: medium-light skin tone                                # E1.0   [1] (👴🏼)
1F474 1F3FD   ; RGI_Emoji_Modifier_Sequence  ; old man: medium skin tone                                      # E1.0   [1] (👴🏽)
1F474 1F3FE   ; RGI_Emoji_Modifier_Sequence  ; old man: medium-dark skin tone                                 # E1.0   [1] (👴🏾)
1F474 1F3FF   ; RGI_Emoji_Modifier_Sequence  ; old man: dark skin tone                                        # E1.0   [1] (👴🏿)
1F475 1F3FB   ; RGI_Emoji_Modifier_Sequence  ; old woman: light skin tone                                     # E1.0   [1] (👵🏻)
1F475 1F3FC   ; RGI_Emoji_Modifier_Sequence  ; old woman: medium-light skin tone                              # E1.0   [1] (👵🏼)
1F475 1F3FD   ; RGI_Emoji_Modifier_Sequence  ; old woman: medium skin tone                                    # E1.0   [1] (👵🏽)
1F475 1F3FE   ; RGI_Emoji_Modifier_Sequence  ; old woman: medium-dark skin tone                               # E1.0   [1] (👵🏾)
1F475 1F3FF   ; RGI_Emoji_Modifier_Sequence  ; old woman: dark skin tone                                      # E1.0   [1] (👵🏿)
1F476 1F3FB   ; RGI_Emoji_Modifier_Sequence  ; baby: light skin tone                                          # E1.0   [1] (👶🏻)
1F476 1F3FC   ; RGI_Emoji_Modifier_Sequence  ; baby: medium-light skin tone                                   # E1.0   [1] (👶🏼)
1F476 1F3FD   ; RGI_Emoji_Modifier_Sequence  ; baby: medium skin tone                                         # E1.0   [1] (👶🏽)
1F476 1F3FE   ; RGI_Emoji_Modifier_Sequence  ; baby: medium-dark skin tone                                    # E1.0   [1] (👶🏾)
1F476 1F3FF   ; RGI_Emoji_Modifier_Sequence  ; baby: dark skin tone                                           # E1.0   [1] (👶🏿)
1F477 1F3FB   ; RGI_Emoji_Modifier_Sequence  ; construction worker: light skin tone                           # E1.0   [1] (👷🏻)
1F477 1F3FC   ; RGI_Emoji_Modifier_Sequence  ; construction worker: medium-light skin tone                    # E1.0   [1] (👷🏼)
1F477 1F3FD   ; RGI_Emoji_Modifier_Sequence  ; construction worker: medium skin tone                          # E1.0   [1] (👷🏽)
1F477 1F3FE   ; RGI_Emoji_Modifier_Sequence  ; construction worker: medium-dark skin tone                     # E1.0   [1] (👷🏾)
1F477 1F3FF   ; RGI_Emoji_Modifier_Sequence  ; construction worker: dark skin tone                            # E1.0   [1] (👷🏿)
1F478 1F3FB   ; RGI_Emoji_Modifier_Sequence  ; princess: light skin tone                                      # E1.0   [1] (👸🏻)
1F478 1F3FC   ; RGI_Emoji_Modifier_Sequence  ; princess: medium-light skin tone                               # E1.0   [1] (👸🏼)
1F478 1F3FD   ; RGI_Emoji_Modifier_Sequence  ; princess: medium skin tone                                     # E1.0   [1] (👸🏽)
1F478 1F3FE   ; RGI_Emoji_Modifier_Sequence  ; princess: medium-dark skin tone                                # E1.0   [1] (👸🏾)
1F478 1F3FF   ; RGI_Emoji_Modifier_Sequence  ; princess: dark skin tone                                       # E1.0   [1] (👸🏿)
1F47C 1F3FB   ; RGI_Emoji_Modifier_Sequence  ; baby angel: light skin tone                                    # E1.0   [1] (👼🏻)
1F47C 1F3FC   ; RGI_Emoji_Modifier_Sequence  ; baby angel: medium-light skin tone                             # E1.0   [1] (👼🏼)
1F47C 1F3FD   ; RGI_Emoji_Modifier_Sequence  ; baby angel: medium skin tone                                   # E1.0   [1] (👼🏽)
1F47C 1F3FE   ; RGI_Emoji_Modifier_Sequence  ; baby angel: medium-dark skin tone                              # E1.0   [1] (👼🏾)
1F47C 1F3FF   ; RGI_Emoji_Modifier_Sequence  ; baby angel: dark skin tone                                     # E1.0   [1] (👼🏿)
1F481 1F3FB   ; RGI_Emoji_Modifier_Sequence  ; person tipping hand: light skin tone                           # E1.0   [1] (💁🏻)
1F481 1F3FC   ; RGI_Emoji_Modifier_Sequence  ; person tipping hand: medium-light skin tone                    # E1.0   [1] (💁🏼)
1F481 1F3FD   ; RGI_Emoji_Modifier_Sequence  ; person tipping hand: medium skin tone                          # E1.0   [1] (💁🏽)
1F481 1F3FE   ; RGI_Emoji_Modifier_Sequence  ; person tipping hand: medium-dark skin tone                     # E1.0   [1] (💁🏾)
1F481 1F3FF   ; RGI_Emoji_Modifier_Sequence  ; person tipping hand: dark skin tone                            # E1.0   [1] (💁🏿)
1F482 1F3FB   ; RGI_Emoji_Modifier_Sequence  ; guard: light skin tone                                         # E1.0   [1] (💂🏻)
1F482 1F3FC   ; RGI_Emoji_Modifier_Sequence  ; guard: medium-light skin tone                                  # E1.0   [1] (💂🏼)
1F482 1F3FD   ; RGI_Emoji_Modifier_Sequence  ; guard: medium skin tone                                        # E1.0   [1] (💂🏽)
1F482 1F3FE   ; RGI_Emoji_Modifier_Sequence  ; guard: medium-dark skin tone                                   # E1.0   [1] (💂🏾)
1F482 1F3FF   ; RGI_Emoji_Modifier_Sequence  ; guard: dark skin tone                                          # E1.0   [1] (💂🏿)
1F483 1F3FB   ; RGI_Emoji_Modifier_Sequence  ; woman dancing: light skin tone                                 # E1.0   [1] (💃🏻)
1F483 1F3FC   ; RGI_Emoji_Modifier_Sequence  ; woman dancing: medium-light skin tone                          # E1.0   [1] (💃🏼)
1F483 1F3FD   ; RGI_Emoji_Modifier_Sequence  ; woman dancing: medium skin tone                                # E1.0   [1] (💃🏽)
1F483 1F3FE   ; RGI_Emoji_Modifier_Sequence  ; woman dancing: medium-dark skin tone                           # E1.0   [1] (💃🏾)
1F483 1F3FF   ; RGI_Emoji_Modifier_Sequence  ; woman dancing: dark skin tone                                  # E1.0   [1] (💃🏿)
1F485 1F3FB   ; RGI_Emoji_Modifier_Sequence  ; nail polish: light skin tone                                   # E1.0   [1] (💅🏻)
1F485 1F3FC   ; RGI_Emoji_Modifier_Sequence  ; nail polish: medium-light skin tone                            # E1.0   [1] (💅🏼)
1F485 1F3FD   ; RGI_Emoji_Modifier_Sequence  ; nail polish: medium skin tone                                  # E1.0   [1] (💅🏽)
1F485 1F3FE   ; RGI_Emoji_Modifier_Sequence  ; nail polish: medium-dark skin tone                             # E1.0   [1] (💅🏾)
1F485 1F3FF   ; RGI_Emoji_Modifier_Sequence  ; nail polish: dark skin tone                                    # E1.0   [1] (💅🏿)
1F486 1F3FB   ; RGI_Emoji_Modifier_Sequence  ; person getting massage: light skin tone                        # E1.0   [1] (💆🏻)
1F486 1F3FC   ; RGI_Emoji_Modifier_Sequence  ; person getting massage: medium-light skin tone                 # E1.0   [1] (💆🏼)
1F486 1F3FD   ; RGI_Emoji_Modifier_Sequence  ; person getting massage: medium skin tone                       # E1.0   [1] (💆🏽)
1F486 1F3FE   ; RGI_Emoji_Modifier_Sequence  ; person getting massage: medium-dark skin tone                  # E1.0   [1] (💆🏾)
1F486 1F3FF   ; RGI_Emoji_Modifier_Sequence  ; person getting massage: dark skin tone                         # E1.0   [1] (💆🏿)
1F487 1F3FB   ; RGI_Emoji_Modifier_Sequence  ; person getting haircut: light skin tone                        # E1.0   [1] (💇🏻)
1F487 1F3FC   ; RGI_Emoji_Modifier_Sequence  ; person getting haircut: medium-light skin tone                 # E1.0   [1] (💇🏼)
1F487 1F3FD   ; RGI_Emoji_Modifier_Sequence  ; person getting haircut: medium skin tone                       # E1.0   [1] (💇🏽)
1F487 1F3FE   ; RGI_Emoji_Modifier_Sequence  ; person getting haircut: medium-dark skin tone                  # E1.0   [1] (💇🏾)
1F487 1F3FF   ; RGI_Emoji_Modifier_Sequence  ; person getting haircut: dark skin tone                         # E1.0   [1] (💇🏿)
1F48F 1F3FB   ; RGI_Emoji_Modifier_Sequence  ; kiss: light skin tone                                          # E13.1  [1] (💏🏻)
1F48F 1F3FC   ; RGI_Emoji_Modifier_Sequence  ; kiss: medium-light skin tone                                   # E13.1  [1] (💏🏼)
1F48F 1F3FD   ; RGI_Emoji_Modifier_Sequence  ; kiss: medium skin tone                                         # E13.1  [1] (💏🏽)
1F48F 1F3FE   ; RGI_Emoji_Modifier_Sequence  ; kiss: medium-dark skin tone                                    # E13.1  [1] (💏🏾)
1F48F 1F3FF   ; RGI_Emoji_Modifier_Sequence  ; kiss: dark skin tone                                           # E13.1  [1] (💏🏿)
1F491 1F3FB   ; RGI_Emoji_Modifier_Sequence  ; couple with heart: light skin tone                             # E13.1  [1] (💑🏻)
1F491 1F3FC   ; RGI_Emoji_Modifier_Sequence  ; couple with heart: medium-light skin tone                      # E13.1  [1] (💑🏼)
1F491 1F3FD   ; RGI_Emoji_Modifier_Sequence  ; couple with heart: medium skin tone                            # E13.1  [1] (💑🏽)
1F491 1F3FE   ; RGI_Emoji_Modifier_Sequence  ; couple with heart: medium-dark skin tone                       # E13.1  [1] (💑🏾)
1F491 1F3FF   ; RGI_Emoji_Modifier_Sequence  ; couple with heart: dark skin tone                              # E13.1  [1] (💑🏿)
1F4AA 1F3FB   ; RGI_Emoji_Modifier_Sequence  ; flexed biceps: light skin tone                                 # E1.0   [1] (💪🏻)
1F4AA 1F3FC   ; RGI_Emoji_Modifier_Sequence  ; flexed biceps: medium-light skin tone                          # E1.0   [1] (💪🏼)
1F4AA 1F3FD   ; RGI_Emoji_Modifier_Sequence  ; flexed biceps: medium skin tone                                # E1.0   [1] (💪🏽)
1F4AA 1F3FE   ; RGI_Emoji_Modifier_Sequence  ; flexed biceps: medium-dark skin tone                           # E1.0   [1] (💪🏾)
1F4AA 1F3FF   ; RGI_Emoji_Modifier_Sequence  ; flexed biceps: dark skin tone                                  # E1.0   [1] (💪🏿)
1F574 1F3FB   ; RGI_Emoji_Modifier_Sequence  ; person in suit levitating: light skin tone                     # E4.0   [1] (🕴🏻)
1F574 1F3FC   ; RGI_Emoji_Modifier_Sequence  ; person in suit levitating: medium-light skin tone              # E4.0   [1] (🕴🏼)
1F574 1F3FD   ; RGI_Emoji_Modifier_Sequence  ; person in suit levitating: medium skin tone                    # E4.0   [1] (🕴🏽)
1F574 1F3FE   ; RGI_Emoji_Modifier_Sequence  ; person in suit levitating: medium-dark skin tone               # E4.0   [1] (🕴🏾)
1F574 1F3FF   ; RGI_Emoji_Modifier_Sequence  ; person in suit levitating: dark skin tone                      # E4.0   [1] (🕴🏿)
1F575 1F3FB   ; RGI_Emoji_Modifier_Sequence  ; detective: light skin tone                                     # E2.0   [1] (🕵🏻)
1F575 1F3FC   ; RGI_Emoji_Modifier_Sequence  ; detective: medium-light skin tone                              # E2.0   [1] (🕵🏼)
1F575 1F3FD   ; RGI_Emoji_Modifier_Sequence  ; detective: medium skin tone                                    # E2.0   [1] (🕵🏽)
1F575 1F3FE   ; RGI_Emoji_Modifier_Sequence  ; detective: medium-dark skin tone                               # E2.0   [1] (🕵🏾)
1F575 1F3FF   ; RGI_Emoji_Modifier_Sequence  ; detective: dark skin tone                                      # E2.0   [1] (🕵🏿)
1F57A 1F3FB   ; RGI_Emoji_Modifier_Sequence  ; man dancing: light skin tone                                   # E3.0   [1] (🕺🏻)
1F57A 1F3FC   ; RGI_Emoji_Modifier_Sequence  ; man dancing: medium-light skin tone                            # E3.0   [1] (🕺🏼)
1F57A 1F3FD   ; RGI_Emoji_Modifier_Sequence  ; man dancing: medium skin tone                                  # E3.0   [1] (🕺🏽)
1F57A 1F3FE   ; RGI_Emoji_Modifier_Sequence  ; man dancing: medium-dark skin tone                             # E3.0   [1] (🕺🏾)
1F57A 1F3FF   ; RGI_Emoji_Modifier_Sequence  ; man dancing: dark skin tone                                    # E3.0   [1] (🕺🏿)
1F590 1F3FB   ; RGI_Emoji_Modifier_Sequence  ; hand with fingers splayed: light skin tone                     # E1.0   [1] (🖐🏻)
1F590 1F3FC   ; RGI_Emoji_Modifier_Sequence  ; hand with fingers splayed: medium-light skin tone              # E1.0   [1] (🖐🏼)
1F590 1F3FD   ; RGI_Emoji_Modifier_Sequence  ; hand with fingers splayed: medium skin tone                    # E1.0   [1] (🖐🏽)
1F590 1F3FE   ; RGI_Emoji_Modifier_Sequence  ; hand with fingers splayed: medium-dark skin tone               # E1.0   [1] (🖐🏾)
1F590 1F3FF   ; RGI_Emoji_Modifier_Sequence  ; hand with fingers splayed: dark skin tone                      # E1.0   [1] (🖐🏿)
1F595 1F3FB   ; RGI_Emoji_Modifier_Sequence  ; middle finger: light skin tone                                 # E1.0   [1] (🖕🏻)
1F595 1F3FC   ; RGI_Emoji_Modifier_Sequence  ; middle finger: medium-light skin tone                          # E1.0   [1] (🖕🏼)
1F595 1F3FD   ; RGI_Emoji_Modifier_Sequence  ; middle finger: medium skin tone                                # E1.0   [1] (🖕🏽)
1F595 1F3FE   ; RGI_Emoji_Modifier_Sequence  ; middle finger: medium-dark skin tone                           # E1.0   [1] (🖕🏾)
1F595 1F3FF   ; RGI_Emoji_Modifier_Sequence  ; middle finger: dark skin tone                                  # E1.0   [1] (🖕🏿)
1F596 1F3FB   ; RGI_Emoji_Modifier_Sequence  ; vulcan salute: light skin tone                                 # E1.0   [1] (🖖🏻)
1F596 1F3FC   ; RGI_Emoji_Modifier_Sequence  ; vulcan salute: medium-light skin tone                          # E1.0   [1] (🖖🏼)
1F596 1F3FD   ; RGI_Emoji_Modifier_Sequence  ; vulcan salute: medium skin tone                                # E1.0   [1] (🖖🏽)
1F596 1F3FE   ; RGI_Emoji_Modifier_Sequence  ; vulcan salute: medium-dark skin tone                           # E1.0   [1] (🖖🏾)
1F596 1F3FF   ; RGI_Emoji_Modifier_Sequence  ; vulcan salute: dark skin tone                                  # E1.0   [1] (🖖🏿)
1F645 1F3FB   ; RGI_Emoji_Modifier_Sequence  ; person gesturing NO: light skin tone                           # E1.0   [1] (🙅🏻)
1F645 1F3FC   ; RGI_Emoji_Modifier_Sequence  ; person gesturing NO: medium-light skin tone                    # E1.0   [1] (🙅🏼)
1F645 1F3FD   ; RGI_Emoji_Modifier_Sequence  ; person gesturing NO: medium skin tone                          # E1.0   [1] (🙅🏽)
1F645 1F3FE   ; RGI_Emoji_Modifier_Sequence  ; person gesturing NO: medium-dark skin tone                     # E1.0   [1] (🙅🏾)
1F645 1F3FF   ; RGI_Emoji_Modifier_Sequence  ; person gesturing NO: dark skin tone                            # E1.0   [1] (🙅🏿)
1F646 1F3FB   ; RGI_Emoji_Modifier_Sequence  ; person gesturing OK: light skin tone                           # E1.0   [1] (🙆🏻)
1F646 1F3FC   ; RGI_Emoji_Modifier_Sequence  ; person gesturing OK: medium-light skin tone                    # E1.0   [1] (🙆🏼)
1F646 1F3FD   ; RGI_Emoji_Modifier_Sequence  ; person gesturing OK: medium skin tone                          # E1.0   [1] (🙆🏽)
1F646 1F3FE   ; RGI_Emoji_Modifier_Sequence  ; person gesturing OK: medium-dark skin tone                     # E1.0   [1] (🙆🏾)
1F646 1F3FF   ; RGI_Emoji_Modifier_Sequence  ; person gesturing OK: dark skin tone                            # E1.0   [1] (🙆🏿)
1F647 1F3FB   ; RGI_Emoji_Modifier_Sequence  ; person bowing: light skin tone                                 # E1.0   [1] (🙇🏻)
1F647 1F3FC   ; RGI_Emoji_Modifier_Sequence  ; person bowing: medium-light skin tone                          # E1.0   [1] (🙇🏼)
1F647 1F3FD   ; RGI_Emoji_Modifier_Sequence  ; person bowing: medium skin tone                                # E1.0   [1] (🙇🏽)
1F647 1F3FE   ; RGI_Emoji_Modifier_Sequence  ; person bowing: medium-dark skin tone                           # E1.0   [1] (🙇🏾)
1F647 1F3FF   ; RGI_Emoji_Modifier_Sequence  ; person bowing: dark skin tone                                  # E1.0   [1] (🙇🏿)
1F64B 1F3FB   ; RGI_Emoji_Modifier_Sequence  ; person raising hand: light skin tone                           # E1.0   [1] (🙋🏻)
1F64B 1F3FC   ; RGI_Emoji_Modifier_Sequence  ; person raising hand: medium-light skin tone                    # E1.0   [1] (🙋🏼)
1F64B 1F3FD   ; RGI_Emoji_Modifier_Sequence  ; person raising hand: medium skin tone                          # E1.0   [1] (🙋🏽)
1F64B 1F3FE   ; RGI_Emoji_Modifier_Sequence  ; person raising hand: medium-dark skin tone                     # E1.0   [1] (🙋🏾)
1F64B 1F3FF   ; RGI_Emoji_Modifier_Sequence  ; person raising hand: dark skin tone                            # E1.0   [1] (🙋🏿)
1F64C 1F3FB   ; RGI_Emoji_Modifier_Sequence  ; raising hands: light skin tone                                 # E1.0   [1] (🙌🏻)
1F64C 1F3FC   ; RGI_Emoji_Modifier_Sequence  ; raising hands: medium-light skin tone                          # E1.0   [1] (🙌🏼)
1F64C 1F3FD   ; RGI_Emoji_Modifier_Sequence  ; raising hands: medium skin tone                                # E1.0   [1] (🙌🏽)
1F64C 1F3FE   ; RGI_Emoji_Modifier_Sequence  ; raising hands: medium-dark skin tone                           # E1.0   [1] (🙌🏾)
1F64C 1F3FF   ; RGI_Emoji_Modifier_Sequence  ; raising hands: dark skin tone                                  # E1.0   [1] (🙌🏿)
1F64D 1F3FB   ; RGI_Emoji_Modifier_Sequence  ; person frowning: light skin tone                               # E1.0   [1] (🙍🏻)
1F64D 1F3FC   ; RGI_Emoji_Modifier_Sequence  ; person frowning: medium-light skin tone                        # E1.0   [1] (🙍🏼)
1F64D 1F3FD   ; RGI_Emoji_Modifier_Sequence  ; person frowning: medium skin tone                              # E1.0   [1] (🙍🏽)
1F64D 1F3FE   ; RGI_Emoji_Modifier_Sequence  ; person frowning: medium-dark skin tone                         # E1.0   [1] (🙍🏾)
1F64D 1F3FF   ; RGI_Emoji_Modifier_Sequence  ; person frowning: dark skin tone                                # E1.0   [1] (🙍🏿)
1F64E 1F3FB   ; RGI_Emoji_Modifier_Sequence  ; person pouting: light skin tone                                # E1.0   [1] (🙎🏻)
1F64E 1F3FC   ; RGI_Emoji_Modifier_Sequence  ; person pouting: medium-light skin tone                         # E1.0   [1] (🙎🏼)
1F64E 1F3FD   ; RGI_Emoji_Modifier_Sequence  ; person pouting: medium skin tone                               # E1.0   [1] (🙎🏽)
1F64E 1F3FE   ; RGI_Emoji_Modifier_Sequence  ; person pouting: medium-dark skin tone                          # E1.0   [1] (🙎🏾)
1F64E 1F3FF   ; RGI_Emoji_Modifier_Sequence  ; person pouting: dark skin tone                                 # E1.0   [1] (🙎🏿)
1F64F 1F3FB   ; RGI_Emoji_Modifier_Sequence  ; folded hands: light skin tone                                  # E1.0   [1] (🙏🏻)
1F64F 1F3FC   ; RGI_Emoji_Modifier_Sequence  ; folded hands: medium-light skin tone                           # E1.0   [1] (🙏🏼)
1F64F 1F3FD   ; RGI_Emoji_Modifier_Sequence  ; folded hands: medium skin tone                                 # E1.0   [1] (🙏🏽)
1F64F 1F3FE   ; RGI_Emoji_Modifier_Sequence  ; folded hands: medium-dark skin tone                            # E1.0   [1] (🙏🏾)
1F64F 1F3FF   ; RGI_Emoji_Modifier_Sequence  ; folded hands: dark skin tone                                   # E1.0   [1] (🙏🏿)
1F6A3 1F3FB   ; RGI_Emoji_Modifier_Sequence  ; person rowing boat: light skin tone                            # E1.0   [1] (🚣🏻)
1F6A3 1F3FC   ; RGI_Emoji_Modifier_Sequence  ; person rowing boat: medium-light skin tone                     # E1.0   [1] (🚣🏼)
1F6A3 1F3FD   ; RGI_Emoji_Modifier_Sequence  ; person rowing boat: medium skin tone                           # E1.0   [1] (🚣🏽)
1F6A3 1F3FE   ; RGI_Emoji_Modifier_Sequence  ; person rowing boat: medium-dark skin tone                      # E1.0   [1] (🚣🏾)
1F6A3 1F3FF   ; RGI_Emoji_Modifier_Sequence  ; person rowing boat: dark skin tone                             # E1.0   [1] (🚣🏿)
1F6B4 1F3FB   ; RGI_Emoji_Modifier_Sequence  ; person biking: light skin tone                                 # E1.0   [1] (🚴🏻)
1F6B4 1F3FC   ; RGI_Emoji_Modifier_Sequence  ; person biking: medium-light skin tone                          # E1.0   [1] (🚴🏼)
1F6B4 1F3FD   ; RGI_Emoji_Modifier_Sequence  ; person biking: medium skin tone                                # E1.0   [1] (🚴🏽)
1F6B4 1F3FE   ; RGI_Emoji_Modifier_Sequence  ; person biking: medium-dark skin tone                           # E1.0   [1] (🚴🏾)
1F6B4 1F3FF   ; RGI_Emoji_Modifier_Sequence  ; person biking: dark skin tone                                  # E1.0   [1] (🚴🏿)
1F6B5 1F3FB   ; RGI_Emoji_Modifier_Sequence  ; person mountain biking: light skin tone                        # E1.0   [1] (🚵🏻)
1F6B5 1F3FC   ; RGI_Emoji_Modifier_Sequence  ; person mountain biking: medium-light skin tone                 # E1.0   [1] (🚵🏼)
1F6B5 1F3FD   ; RGI_Emoji_Modifier_Sequence  ; person mountain biking: medium skin tone                       # E1.0   [1] (🚵🏽)
1F6B5 1F3FE   ; RGI_Emoji_Modifier_Sequence  ; person mountain biking: medium-dark skin tone                  # E1.0   [1] (🚵🏾)
1F6B5 1F3FF   ; RGI_Emoji_Modifier_Sequence  ; person mountain biking: dark skin tone                         # E1.0   [1] (🚵🏿)
1F6B6 1F3FB   ; RGI_Emoji_Modifier_Sequence  ; person walking: light skin tone                                # E1.0   [1] (🚶🏻)
1F6B6 1F3FC   ; RGI_Emoji_Modifier_Sequence  ; person walking: medium-light skin tone                         # E1.0   [1] (🚶🏼)
1F6B6 1F3FD   ; RGI_Emoji_Modifier_Sequence  ; person walking: medium skin tone                               # E1.0   [1] (🚶🏽)
1F6B6 1F3FE   ; RGI_Emoji_Modifier_Sequence  ; person walking: medium-dark skin tone                          # E1.0   [1] (🚶🏾)
1F6B6 1F3FF   ; RGI_Emoji_Modifier_Sequence  ; person walking: dark skin tone                                 # E1.0   [1] (🚶🏿)
1F6C0 1F3FB   ; RGI_Emoji_Modifier_Sequence  ; person taking bath: light skin tone                            # E1.0   [1] (🛀🏻)
1F6C0 1F3FC   ; RGI_Emoji_Modifier_Sequence  ; person taking bath: medium-light skin tone                     # E1.0   [1] (🛀🏼)
1F6C0 1F3FD   ; RGI_Emoji_Modifier_Sequence  ; person taking bath: medium skin tone                           # E1.0   [1] (🛀🏽)
1F6C0 1F3FE   ; RGI_Emoji_Modifier_Sequence  ; person taking bath: medium-dark skin tone                      # E1.0   [1] (🛀🏾)
1F6C0 1F3FF   ; RGI_Emoji_Modifier_Sequence  ; person taking bath: dark skin tone                             # E1.0   [1] (🛀🏿)
1F6CC 1F3FB   ; RGI_Emoji_Modifier_Sequence  ; person in bed: light skin tone                                 # E4.0   [1] (🛌🏻)
1F6CC 1F3FC   ; RGI_Emoji_Modifier_Sequence  ; person in bed: medium-light skin tone                          # E4.0   [1] (🛌🏼)
1F6CC 1F3FD   ; RGI_Emoji_Modifier_Sequence  ; person in bed: medium skin tone                                # E4.0   [1] (🛌🏽)
1F6CC 1F3FE   ; RGI_Emoji_Modifier_Sequence  ; person in bed: medium-dark skin tone                           # E4.0   [1] (🛌🏾)
1F6CC 1F3FF   ; RGI_Emoji_Modifier_Sequence  ; person in bed: dark skin tone                                  # E4.0   [1] (🛌🏿)
1F90C 1F3FB   ; RGI_Emoji_Modifier_Sequence  ; pinched fingers: light skin tone                               # E13.0  [1] (🤌🏻)
1F90C 1F3FC   ; RGI_Emoji_Modifier_Sequence  ; pinched fingers: medium-light skin tone                        # E13.0  [1] (🤌🏼)
1F90C 1F3FD   ; RGI_Emoji_Modifier_Sequence  ; pinched fingers: medium skin tone                              # E13.0  [1] (🤌🏽)
1F90C 1F3FE   ; RGI_Emoji_Modifier_Sequence  ; pinched fingers: medium-dark skin tone                         # E13.0  [1] (🤌🏾)
1F90C 1F3FF   ; RGI_Emoji_Modifier_Sequence  ; pinched fingers: dark skin tone                                # E13.0  [1] (🤌🏿)
1F90F 1F3FB   ; RGI_Emoji_Modifier_Sequence  ; pinching hand: light skin tone                                 # E12.0  [1] (🤏🏻)
1F90F 1F3FC   ; RGI_Emoji_Modifier_Sequence  ; pinching hand: medium-light skin tone                          # E12.0  [1] (🤏🏼)
1F90F 1F3FD   ; RGI_Emoji_Modifier_Sequence  ; pinching hand: medium skin tone                                # E12.0  [1] (🤏🏽)
1F90F 1F3FE   ; RGI_Emoji_Modifier_Sequence  ; pinching hand: medium-dark skin tone                           # E12.0  [1] (🤏🏾)
1F90F 1F3FF   ; RGI_Emoji_Modifier_Sequence  ; pinching hand: dark skin tone                                  # E12.0  [1] (🤏🏿)
1F918 1F3FB   ; RGI_Emoji_Modifier_Sequence  ; sign of the horns: light skin tone                             # E1.0   [1] (🤘🏻)
1F918 1F3FC   ; RGI_Emoji_Modifier_Sequence  ; sign of the horns: medium-light skin tone                      # E1.0   [1] (🤘🏼)
1F918 1F3FD   ; RGI_Emoji_Modifier_Sequence  ; sign of the horns: medium skin tone                            # E1.0   [1] (🤘🏽)
1F918 1F3FE   ; RGI_Emoji_Modifier_Sequence  ; sign of the horns: medium-dark skin tone                       # E1.0   [1] (🤘🏾)
1F918 1F3FF   ; RGI_Emoji_Modifier_Sequence  ; sign of the horns: dark skin tone                              # E1.0   [1] (🤘🏿)
1F919 1F3FB   ; RGI_Emoji_Modifier_Sequence  ; call me hand: light skin tone                                  # E3.0   [1] (🤙🏻)
1F919 1F3FC   ; RGI_Emoji_Modifier_Sequence  ; call me hand: medium-light skin tone                           # E3.0   [1] (🤙🏼)
1F919 1F3FD   ; RGI_Emoji_Modifier_Sequence  ; call me hand: medium skin tone                                 # E3.0   [1] (🤙🏽)
1F919 1F3FE   ; RGI_Emoji_Modifier_Sequence  ; call me hand: medium-dark skin tone                            # E3.0   [1] (🤙🏾)
1F919 1F3FF   ; RGI_Emoji_Modifier_Sequence  ; call me hand: dark skin tone                                   # E3.0   [1] (🤙🏿)
1F91A 1F3FB   ; RGI_Emoji_Modifier_Sequence  ; raised back of hand: light skin tone                           # E3.0   [1] (🤚🏻)
1F91A 1F3FC   ; RGI_Emoji_Modifier_Sequence  ; raised back of hand: medium-light skin tone                    # E3.0   [1] (🤚🏼)
1F91A 1F3FD   ; RGI_Emoji_Modifier_Sequence  ; raised back of hand: medium skin tone                          # E3.0   [1] (🤚🏽)
1F91A 1F3FE   ; RGI_Emoji_Modifier_Sequence  ; raised back of hand: medium-dark skin tone                     # E3.0   [1] (🤚🏾)
1F91A 1F3FF   ; RGI_Emoji_Modifier_Sequence  ; raised back of hand: dark skin tone                            # E3.0   [1] (🤚🏿)
1F91B 1F3FB   ; RGI_Emoji_Modifier_Sequence  ; left-facing fist: light skin tone                              # E3.0   [1] (🤛🏻)
1F91B 1F3FC   ; RGI_Emoji_Modifier_Sequence  ; left-facing fist: medium-light skin tone                       # E3.0   [1] (🤛🏼)
1F91B 1F3FD   ; RGI_Emoji_Modifier_Sequence  ; left-facing fist: medium skin tone                             # E3.0   [1] (🤛🏽)
1F91B 1F3FE   ; RGI_Emoji_Modifier_Sequence  ; left-facing fist: medium-dark skin tone                        # E3.0   [1] (🤛🏾)
1F91B 1F3FF   ; RGI_Emoji_Modifier_Sequence  ; left-facing fist: dark skin tone                               # E3.0   [1] (🤛🏿)
1F91C 1F3FB   ; RGI_Emoji_Modifier_Sequence  ; right-facing fist: light skin tone                             # E3.0   [1] (🤜🏻)
1F91C 1F3FC   ; RGI_Emoji_Modifier_Sequence  ; right-facing fist: medium-light skin tone                      # E3.0   [1] (🤜🏼)
1F91C 1F3FD   ; RGI_Emoji_Modifier_Sequence  ; right-facing fist: medium skin tone                            # E3.0   [1] (🤜🏽)
1F91C 1F3FE   ; RGI_Emoji_Modifier_Sequence  ; right-facing fist: medium-dark skin tone                       # E3.0   [1] (🤜🏾)
1F91C 1F3FF   ; RGI_Emoji_Modifier_Sequence  ; right-facing fist: dark skin tone                              # E3.0   [1] (🤜🏿)
1F91D 1F3FB   ; RGI_Emoji_Modifier_Sequence  ; handshake: light skin tone                                     # E14.0  [1] (🤝🏻)
1F91D 1F3FC   ; RGI_Emoji_Modifier_Sequence  ; handshake: medium-light skin tone                              # E14.0  [1] (🤝🏼)
1F91D 1F3FD   ; RGI_Emoji_Modifier_Sequence  ; handshake: medium skin tone                                    # E14.0  [1] (🤝🏽)
1F91D 1F3FE   ; RGI_Emoji_Modifier_Sequence  ; handshake: medium-dark skin tone                               # E14.0  [1] (🤝🏾)
1F91D 1F3FF   ; RGI_Emoji_Modifier_Sequence  ; handshake: dark skin tone                                      # E14.0  [1] (🤝🏿)
1F91E 1F3FB   ; RGI_Emoji_Modifier_Sequence  ; crossed fingers: light skin tone                               # E3.0   [1] (🤞🏻)
1F91E 1F3FC   ; RGI_Emoji_Modifier_Sequence  ; crossed fingers: medium-light skin tone                        # E3.0   [1] (🤞🏼)
1F91E 1F3FD   ; RGI_Emoji_Modifier_Sequence  ; crossed fingers: medium skin tone                              # E3.0   [1] (🤞🏽)
1F91E 1F3FE   ; RGI_Emoji_Modifier_Sequence  ; crossed fingers: medium-dark skin tone                         # E3.0   [1] (🤞🏾)
1F91E 1F3FF   ; RGI_Emoji_Modifier_Sequence  ; crossed fingers: dark skin tone                                # E3.0   [1] (🤞🏿)
1F91F 1F3FB   ; RGI_Emoji_Modifier_Sequence  ; love-you gesture: light skin tone                              # E5.0   [1] (🤟🏻)
1F91F 1F3FC   ; RGI_Emoji_Modifier_Sequence  ; love-you gesture: medium-light skin tone                       # E5.0   [1] (🤟🏼)
1F91F 1F3FD   ; RGI_Emoji_Modifier_Sequence  ; love-you gesture: medium skin tone                             # E5.0   [1] (🤟🏽)
1F91F 1F3FE   ; RGI_Emoji_Modifier_Sequence  ; love-you gesture: medium-dark skin tone                        # E5.0   [1] (🤟🏾)
1F91F 1F3FF   ; RGI_Emoji_Modifier_Sequence  ; love-you gesture: dark skin tone                               # E5.0   [1] (🤟🏿)
1F926 1F3FB   ; RGI_Emoji_Modifier_Sequence  ; person facepalming: light skin tone                            # E3.0   [1] (🤦🏻)
1F926 1F3FC   ; RGI_Emoji_Modifier_Sequence  ; person facepalming: medium-light skin tone                     # E3.0   [1] (🤦🏼)
1F926 1F3FD   ; RGI_Emoji_Modifier_Sequence  ; person facepalming: medium skin tone                           # E3.0   [1] (🤦🏽)
1F926 1F3FE   ; RGI_Emoji_Modifier_Sequence  ; person facepalming: medium-dark skin tone                      # E3.0   [1] (🤦🏾)
1F926 1F3FF   ; RGI_Emoji_Modifier_Sequence  ; person facepalming: dark skin tone                             # E3.0   [1] (🤦🏿)
1F930 1F3FB   ; RGI_Emoji_Modifier_Sequence  ; pregnant woman: light skin tone                                # E3.0   [1] (🤰🏻)
1F930 1F3FC   ; RGI_Emoji_Modifier_Sequence  ; pregnant woman: medium-light skin tone                         # E3.0   [1] (🤰🏼)
1F930 1F3FD   ; RGI_Emoji_Modifier_Sequence  ; pregnant woman: medium skin tone                               # E3.0   [1] (🤰🏽)
1F930 1F3FE   ; RGI_Emoji_Modifier_Sequence  ; pregnant woman: medium-dark skin tone                          # E3.0   [1] (🤰🏾)
1F930 1F3FF   ; RGI_Emoji_Modifier_Sequence  ; pregnant woman: dark skin tone                                 # E3.0   [1] (🤰🏿)
1F931 1F3FB   ; RGI_Emoji_Modifier_Sequence  ; breast-feeding: light skin tone                                # E5.0   [1] (🤱🏻)
1F931 1F3FC   ; RGI_Emoji_Modifier_Sequence  ; breast-feeding: medium-light skin tone                         # E5.0   [1] (🤱🏼)
1F931 1F3FD   ; RGI_Emoji_Modifier_Sequence  ; breast-feeding: medium skin tone                               # E5.0   [1] (🤱🏽)
1F931 1F3FE   ; RGI_Emoji_Modifier_Sequence  ; breast-feeding: medium-dark skin tone                          # E5.0   [1] (🤱🏾)
1F931 1F3FF   ; RGI_Emoji_Modifier_Sequence  ; breast-feeding: dark skin tone                                 # E5.0   [1] (🤱🏿)
1F932 1F3FB   ; RGI_Emoji_Modifier_Sequence  ; palms up together: light skin tone                             # E5.0   [1] (🤲🏻)
1F932 1F3FC   ; RGI_Emoji_Modifier_Sequence  ; palms up together: medium-light skin tone                      # E5.0   [1] (🤲🏼)
1F932 1F3FD   ; RGI_Emoji_Modifier_Sequence  ; palms up together: medium skin tone                            # E5.0   [1] (🤲🏽)
1F932 1F3FE   ; RGI_Emoji_Modifier_Sequence  ; palms up together: medium-dark skin tone                       # E5.0   [1] (🤲🏾)
1F932 1F3FF   ; RGI_Emoji_Modifier_Sequence  ; palms up together: dark skin tone                              # E5.0   [1] (🤲🏿)
1F933 1F3FB   ; RGI_Emoji_Modifier_Sequence  ; selfie: light skin tone                                        # E3.0   [1] (🤳🏻)
1F933 1F3FC   ; RGI_Emoji_Modifier_Sequence  ; selfie: medium-light skin tone                                 # E3.0   [1] (🤳🏼)
1F933 1F3FD   ; RGI_Emoji_Modifier_Sequence  ; selfie: medium skin tone                                       # E3.0   [1] (🤳🏽)
1F933 1F3FE   ; RGI_Emoji_Modifier_Sequence  ; selfie: medium-dark skin tone                                  # E3.0   [1] (🤳🏾)
1F933 1F3FF   ; RGI_Emoji_Modifier_Sequence  ; selfie: dark skin tone                                         # E3.0   [1] (🤳🏿)
1F934 1F3FB   ; RGI_Emoji_Modifier_Sequence  ; prince: light skin tone                                        # E3.0   [1] (🤴🏻)
1F934 1F3FC   ; RGI_Emoji_Modifier_Sequence  ; prince: medium-light skin tone                                 # E3.0   [1] (🤴🏼)
1F934 1F3FD   ; RGI_Emoji_Modifier_Sequence  ; prince: medium skin tone                                       # E3.0   [1] (🤴🏽)
1F934 1F3FE   ; RGI_Emoji_Modifier_Sequence  ; prince: medium-dark skin tone                                  # E3.0   [1] (🤴🏾)
1F934 1F3FF   ; RGI_Emoji_Modifier_Sequence  ; prince: dark skin tone                                         # E3.0   [1] (🤴🏿)
1F935 1F3FB   ; RGI_Emoji_Modifier_Sequence  ; person in tuxedo: light skin tone                              # E3.0   [1] (🤵🏻)
1F935 1F3FC   ; RGI_Emoji_Modifier_Sequence  ; person in tuxedo: medium-light skin tone                       # E3.0   [1] (🤵🏼)
1F935 1F3FD   ; RGI_Emoji_Modifier_Sequence  ; person in tuxedo: medium skin tone                             # E3.0   [1] (🤵🏽)
1F935 1F3FE   ; RGI_Emoji_Modifier_Sequence  ; person in tuxedo: medium-dark skin tone                        # E3.0   [1] (🤵🏾)
1F935 1F3FF   ; RGI_Emoji_Modifier_Sequence  ; person in tuxedo: dark skin tone                               # E3.0   [1] (🤵🏿)
1F936 1F3FB   ; RGI_Emoji_Modifier_Sequence  ; Mrs. Claus: light skin tone                                    # E3.0   [1] (🤶🏻)
1F936 1F3FC   ; RGI_Emoji_Modifier_Sequence  ; Mrs. Claus: medium-light skin tone                             # E3.0   [1] (🤶🏼)
1F936 1F3FD   ; RGI_Emoji_Modifier_Sequence  ; Mrs. Claus: medium skin tone                                   # E3.0   [1] (🤶🏽)
1F936 1F3FE   ; RGI_Emoji_Modifier_Sequence  ; Mrs. Claus: medium-dark skin tone                              # E3.0   [1] (🤶🏾)
1F936 1F3FF   ; RGI_Emoji_Modifier_Sequence  ; Mrs. Claus: dark skin tone                                     # E3.0   [1] (🤶🏿)
1F937 1F3FB   ; RGI_Emoji_Modifier_Sequence  ; person shrugging: light skin tone                              # E3.0   [1] (🤷🏻)
1F937 1F3FC   ; RGI_Emoji_Modifier_Sequence  ; person shrugging: medium-light skin tone                       # E3.0   [1] (🤷🏼)
1F937 1F3FD   ; RGI_Emoji_Modifier_Sequence  ; person shrugging: medium skin tone                             # E3.0   [1] (🤷🏽)
1F937 1F3FE   ; RGI_Emoji_Modifier_Sequence  ; person shrugging: medium-dark skin tone                        # E3.0   [1] (🤷🏾)
1F937 1F3FF   ; RGI_Emoji_Modifier_Sequence  ; person shrugging: dark skin tone                               # E3.0   [1] (🤷🏿)
1F938 1F3FB   ; RGI_Emoji_Modifier_Sequence  ; person cartwheeling: light skin tone                           # E3.0   [1] (🤸🏻)
1F938 1F3FC   ; RGI_Emoji_Modifier_Sequence  ; person cartwheeling: medium-light skin tone                    # E3.0   [1] (🤸🏼)
1F938 1F3FD   ; RGI_Emoji_Modifier_Sequence  ; person cartwheeling: medium skin tone                          # E3.0   [1] (🤸🏽)
1F938 1F3FE   ; RGI_Emoji_Modifier_Sequence  ; person cartwheeling: medium-dark skin tone                     # E3.0   [1] (🤸🏾)
1F938 1F3FF   ; RGI_Emoji_Modifier_Sequence  ; person cartwheeling: dark skin tone                            # E3.0   [1] (🤸🏿)
1F939 1F3FB   ; RGI_Emoji_Modifier_Sequence  ; person juggling: light skin tone                               # E3.0   [1] (🤹🏻)
1F939 1F3FC   ; RGI_Emoji_Modifier_Sequence  ; person juggling: medium-light skin tone                        # E3.0   [1] (🤹🏼)
1F939 1F3FD   ; RGI_Emoji_Modifier_Sequence  ; person juggling: medium skin tone                              # E3.0   [1] (🤹🏽)
1F939 1F3FE   ; RGI_Emoji_Modifier_Sequence  ; person juggling: medium-dark skin tone                         # E3.0   [1] (🤹🏾)
1F939 1F3FF   ; RGI_Emoji_Modifier_Sequence  ; person juggling: dark skin tone                                # E3.0   [1] (🤹🏿)
1F93C 1F3FB   ; RGI_Emoji_Modifier_Sequence  ; people wrestling: light skin tone                              # E17.0  [1] (🤼🏻)
1F93C 1F3FC   ; RGI_Emoji_Modifier_Sequence  ; people wrestling: medium-light skin tone                       # E17.0  [1] (🤼🏼)
1F93C 1F3FD   ; RGI_Emoji_Modifier_Sequence  ; people wrestling: medium skin tone                             # E17.0  [1] (🤼🏽)
1F93C 1F3FE   ; RGI_Emoji_Modifier_Sequence  ; people wrestling: medium-dark skin tone                        # E17.0  [1] (🤼🏾)
1F93C 1F3FF   ; RGI_Emoji_Modifier_Sequence  ; people wrestling: dark skin tone                               # E17.0  [1] (🤼🏿)
1F93D 1F3FB   ; RGI_Emoji_Modifier_Sequence  ; person playing water polo: light skin tone                     # E3.0   [1] (🤽🏻)
1F93D 1F3FC   ; RGI_Emoji_Modifier_Sequence  ; person playing water polo: medium-light skin tone              # E3.0   [1] (🤽🏼)
1F93D 1F3FD   ; RGI_Emoji_Modifier_Sequence  ; person playing water polo: medium skin tone                    # E3.0   [1] (🤽🏽)
1F93D 1F3FE   ; RGI_Emoji_Modifier_Sequence  ; person playing water polo: medium-dark skin tone               # E3.0   [1] (🤽🏾)
1F93D 1F3FF   ; RGI_Emoji_Modifier_Sequence  ; person playing water polo: dark skin tone                      # E3.0   [1] (🤽🏿)
1F93E 1F3FB   ; RGI_Emoji_Modifier_Sequence  ; person playing handball: light skin tone                       # E3.0   [1] (🤾🏻)
1F93E 1F3FC   ; RGI_Emoji_Modifier_Sequence  ; person playing handball: medium-light skin tone                # E3.0   [1] (🤾🏼)
1F93E 1F3FD   ; RGI_Emoji_Modifier_Sequence  ; person playing handball: medium skin tone                      # E3.0   [1] (🤾🏽)
1F93E 1F3FE   ; RGI_Emoji_Modifier_Sequence  ; person playing handball: medium-dark skin tone                 # E3.0   [1] (🤾🏾)
1F93E 1F3FF   ; RGI_Emoji_Modifier_Sequence  ; person playing handball: dark skin tone                        # E3.0   [1] (🤾🏿)
1F977 1F3FB   ; RGI_Emoji_Modifier_Sequence  ; ninja: light skin tone                                         # E13.0  [1] (🥷🏻)
1F977 1F3FC   ; RGI_Emoji_Modifier_Sequence  ; ninja: medium-light skin tone                                  # E13.0  [1] (🥷🏼)
1F977 1F3FD   ; RGI_Emoji_Modifier_Sequence  ; ninja: medium skin tone                                        # E13.0  [1] (🥷🏽)
1F977 1F3FE   ; RGI_Emoji_Modifier_Sequence  ; ninja: medium-dark skin tone                                   # E13.0  [1] (🥷🏾)
1F977 1F3FF   ; RGI_Emoji_Modifier_Sequence  ; ninja: dark skin tone                                          # E13.0  [1] (🥷🏿)
1F9B5 1F3FB   ; RGI_Emoji_Modifier_Sequence  ; leg: light skin tone                                           # E11.0  [1] (🦵🏻)
1F9B5 1F3FC   ; RGI_Emoji_Modifier_Sequence  ; leg: medium-light skin tone                                    # E11.0  [1] (🦵🏼)
1F9B5 1F3FD   ; RGI_Emoji_Modifier_Sequence  ; leg: medium skin tone                                          # E11.0  [1] (🦵🏽)
1F9B5 1F3FE   ; RGI_Emoji_Modifier_Sequence  ; leg: medium-dark skin tone                                     # E11.0  [1] (🦵🏾)
1F9B5 1F3FF   ; RGI_Emoji_Modifier_Sequence  ; leg: dark skin tone                                            # E11.0  [1] (🦵🏿)
1F9B6 1F3FB   ; RGI_Emoji_Modifier_Sequence  ; foot: light skin tone                                          # E11.0  [1] (🦶🏻)
1F9B6 1F3FC   ; RGI_Emoji_Modifier_Sequence  ; foot: medium-light skin tone                                   # E11.0  [1] (🦶🏼)
1F9B6 1F3FD   ; RGI_Emoji_Modifier_Sequence  ; foot: medium skin tone                                         # E11.0  [1] (🦶🏽)
1F9B6 1F3FE   ; RGI_Emoji_Modifier_Sequence  ; foot: medium-dark skin tone                                    # E11.0  [1] (🦶🏾)
1F9B6 1F3FF   ; RGI_Emoji_Modifier_Sequence  ; foot: dark skin tone                                           # E11.0  [1] (🦶🏿)
1F9B8 1F3FB   ; RGI_Emoji_Modifier_Sequence  ; superhero: light skin tone                                     # E11.0  [1] (🦸🏻)
1F9B8 1F3FC   ; RGI_Emoji_Modifier_Sequence  ; superhero: medium-light skin tone                              # E11.0  [1] (🦸🏼)
1F9B8 1F3FD   ; RGI_Emoji_Modifier_Sequence  ; superhero: medium skin tone                                    # E11.0  [1] (🦸🏽)
1F9B8 1F3FE   ; RGI_Emoji_Modifier_Sequence  ; superhero: medium-dark skin tone                               # E11.0  [1] (🦸🏾)
1F9B8 1F3FF   ; RGI_Emoji_Modifier_Sequence  ; superhero: dark skin tone                                      # E11.0  [1] (🦸🏿)
1F9B9 1F3FB   ; RGI_Emoji_Modifier_Sequence  ; supervillain: light skin tone                                  # E11.0  [1] (🦹🏻)
1F9B9 1F3FC   ; RGI_Emoji_Modifier_Sequence  ; supervillain: medium-light skin tone                           # E11.0  [1] (🦹🏼)
1F9B9 1F3FD   ; RGI_Emoji_Modifier_Sequence  ; supervillain: medium skin tone                                 # E11.0  [1] (🦹🏽)
1F9B9 1F3FE   ; RGI_Emoji_Modifier_Sequence  ; supervillain: medium-dark skin tone                            # E11.0  [1] (🦹🏾)
1F9B9 1F3FF   ; RGI_Emoji_Modifier_Sequence  ; supervillain: dark skin tone                                   # E11.0  [1] (🦹🏿)
1F9BB 1F3FB   ; RGI_Emoji_Modifier_Sequence  ; ear with hearing aid: light skin tone                          # E12.0  [1] (🦻🏻)
1F9BB 1F3FC   ; RGI_Emoji_Modifier_Sequence  ; ear with hearing aid: medium-light skin tone                   # E12.0  [1] (🦻🏼)
1F9BB 1F3FD   ; RGI_Emoji_Modifier_Sequence  ; ear with hearing aid: medium skin tone                         # E12.0  [1] (🦻🏽)
1F9BB 1F3FE   ; RGI_Emoji_Modifier_Sequence  ; ear with hearing aid: medium-dark skin tone                    # E12.0  [1] (🦻🏾)
1F9BB 1F3FF   ; RGI_Emoji_Modifier_Sequence  ; ear with hearing aid: dark skin tone                           # E12.0  [1] (🦻🏿)
1F9CD 1F3FB   ; RGI_Emoji_Modifier_Sequence  ; person standing: light skin tone                               # E12.0  [1] (🧍🏻)
1F9CD 1F3FC   ; RGI_Emoji_Modifier_Sequence  ; person standing: medium-light skin tone                        # E12.0  [1] (🧍🏼)
1F9CD 1F3FD   ; RGI_Emoji_Modifier_Sequence  ; person standing: medium skin tone                              # E12.0  [1] (🧍🏽)
1F9CD 1F3FE   ; RGI_Emoji_Modifier_Sequence  ; person standing: medium-dark skin tone                         # E12.0  [1] (🧍🏾)
1F9CD 1F3FF   ; RGI_Emoji_Modifier_Sequence  ; person standing: dark skin tone                                # E12.0  [1] (🧍🏿)
1F9CE 1F3FB   ; RGI_Emoji_Modifier_Sequence  ; person kneeling: light skin tone                               # E12.0  [1] (🧎🏻)
1F9CE 1F3FC   ; RGI_Emoji_Modifier_Sequence  ; person kneeling: medium-light skin tone                        # E12.0  [1] (🧎🏼)
1F9CE 1F3FD   ; RGI_Emoji_Modifier_Sequence  ; person kneeling: medium skin tone                              # E12.0  [1] (🧎🏽)
1F9CE 1F3FE   ; RGI_Emoji_Modifier_Sequence  ; person kneeling: medium-dark skin tone                         # E12.0  [1] (🧎🏾)
1F9CE 1F3FF   ; RGI_Emoji_Modifier_Sequence  ; person kneeling: dark skin tone                                # E12.0  [1] (🧎🏿)
1F9CF 1F3FB   ; RGI_Emoji_Modifier_Sequence  ; deaf person: light skin tone                                   # E12.0  [1] (🧏🏻)
1F9CF 1F3FC   ; RGI_Emoji_Modifier_Sequence  ; deaf person: medium-light skin tone                            # E12.0  [1] (🧏🏼)
1F9CF 1F3FD   ; RGI_Emoji_Modifier_Sequence  ; deaf person: medium skin tone                                  # E12.0  [1] (🧏🏽)
1F9CF 1F3FE   ; RGI_Emoji_Modifier_Sequence  ; deaf person: medium-dark skin tone                             # E12.0  [1] (🧏🏾)
1F9CF 1F3FF   ; RGI_Emoji_Modifier_Sequence  ; deaf person: dark skin tone                                    # E12.0  [1] (🧏🏿)
1F9D1 1F3FB   ; RGI_Emoji_Modifier_Sequence  ; person: light skin tone                                        # E5.0   [1] (🧑🏻)
1F9D1 1F3FC   ; RGI_Emoji_Modifier_Sequence  ; person: medium-light skin tone                                 # E5.0   [1] (🧑🏼)
1F9D1 1F3FD   ; RGI_Emoji_Modifier_Sequence  ; person: medium skin tone                                       # E5.0   [1] (🧑🏽)
1F9D1 1F3FE   ; RGI_Emoji_Modifier_Sequence  ; person: medium-dark skin tone                                  # E5.0   [1] (🧑🏾)
1F9D1 1F3FF   ; RGI_Emoji_Modifier_Sequence  ; person: dark skin tone                                         # E5.0   [1] (🧑🏿)
1F9D2 1F3FB   ; RGI_Emoji_Modifier_Sequence  ; child: light skin tone                                         # E5.0   [1] (🧒🏻)
1F9D2 1F3FC   ; RGI_Emoji_Modifier_Sequence  ; child: medium-light skin tone                                  # E5.0   [1] (🧒🏼)
1F9D2 1F3FD   ; RGI_Emoji_Modifier_Sequence  ; child: medium skin tone                                        # E5.0   [1] (🧒🏽)
1F9D2 1F3FE   ; RGI_Emoji_Modifier_Sequence  ; child: medium-dark skin tone                                   # E5.0   [1] (🧒🏾)
1F9D2 1F3FF   ; RGI_Emoji_Modifier_Sequence  ; child: dark skin tone                                          # E5.0   [1] (🧒🏿)
1F9D3 1F3FB   ; RGI_Emoji_Modifier_Sequence  ; older person: light skin tone                                  # E5.0   [1] (🧓🏻)
1F9D3 1F3FC   ; RGI_Emoji_Modifier_Sequence  ; older person: medium-light skin tone                           # E5.0   [1] (🧓🏼)
1F9D3 1F3FD   ; RGI_Emoji_Modifier_Sequence  ; older person: medium skin tone                                 # E5.0   [1] (🧓🏽)
1F9D3 1F3FE   ; RGI_Emoji_Modifier_Sequence  ; older person: medium-dark skin tone                            # E5.0   [1] (🧓🏾)
1F9D3 1F3FF   ; RGI_Emoji_Modifier_Sequence  ; older person: dark skin tone                                   # E5.0   [1] (🧓🏿)
1F9D4 1F3FB   ; RGI_Emoji_Modifier_Sequence  ; person: light skin tone, beard                                 # E5.0   [1] (🧔🏻)
1F9D4 1F3FC   ; RGI_Emoji_Modifier_Sequence  ; person: medium-light skin tone, beard                          # E5.0   [1] (🧔🏼)
1F9D4 1F3FD   ; RGI_Emoji_Modifier_Sequence  ; person: medium skin tone, beard                                # E5.0   [1] (🧔🏽)
1F9D4 1F3FE   ; RGI_Emoji_Modifier_Sequence  ; person: medium-dark skin tone, beard                           # E5.0   [1] (🧔🏾)
1F9D4 1F3FF   ; RGI_Emoji_Modifier_Sequence  ; person: dark skin tone, beard                                  # E5.0   [1] (🧔🏿)
1F9D5 1F3FB   ; RGI_Emoji_Modifier_Sequence  ; woman with headscarf: light skin tone                          # E5.0   [1] (🧕🏻)
1F9D5 1F3FC   ; RGI_Emoji_Modifier_Sequence  ; woman with headscarf: medium-light skin tone                   # E5.0   [1] (🧕🏼)
1F9D5 1F3FD   ; RGI_Emoji_Modifier_Sequence  ; woman with headscarf: medium skin tone                         # E5.0   [1] (🧕🏽)
1F9D5 1F3FE   ; RGI_Emoji_Modifier_Sequence  ; woman with headscarf: medium-dark skin tone                    # E5.0   [1] (🧕🏾)
1F9D5 1F3FF   ; RGI_Emoji_Modifier_Sequence  ; woman with headscarf: dark skin tone                           # E5.0   [1] (🧕🏿)
1F9D6 1F3FB   ; RGI_Emoji_Modifier_Sequence  ; person in steamy room: light skin tone                         # E5.0   [1] (🧖🏻)
1F9D6 1F3FC   ; RGI_Emoji_Modifier_Sequence  ; person in steamy room: medium-light skin tone                  # E5.0   [1] (🧖🏼)
1F9D6 1F3FD   ; RGI_Emoji_Modifier_Sequence  ; person in steamy room: medium skin tone                        # E5.0   [1] (🧖🏽)
1F9D6 1F3FE   ; RGI_Emoji_Modifier_Sequence  ; person in steamy room: medium-dark skin tone                   # E5.0   [1] (🧖🏾)
1F9D6 1F3FF   ; RGI_Emoji_Modifier_Sequence  ; person in steamy room: dark skin tone                          # E5.0   [1] (🧖🏿)
1F9D7 1F3FB   ; RGI_Emoji_Modifier_Sequence  ; person climbing: light skin tone                               # E5.0   [1] (🧗🏻)
1F9D7 1F3FC   ; RGI_Emoji_Modifier_Sequence  ; person climbing: medium-light skin tone                        # E5.0   [1] (🧗🏼)
1F9D7 1F3FD   ; RGI_Emoji_Modifier_Sequence  ; person climbing: medium skin tone                              # E5.0   [1] (🧗🏽)
1F9D7 1F3FE   ; RGI_Emoji_Modifier_Sequence  ; person climbing: medium-dark skin tone                         # E5.0   [1] (🧗🏾)
1F9D7 1F3FF   ; RGI_Emoji_Modifier_Sequence  ; person climbing: dark skin tone                                # E5.0   [1] (🧗🏿)
1F9D8 1F3FB   ; RGI_Emoji_Modifier_Sequence  ; person in lotus position: light skin tone                      # E5.0   [1] (🧘🏻)
1F9D8 1F3FC   ; RGI_Emoji_Modifier_Sequence  ; person in lotus position: medium-light skin tone               # E5.0   [1] (🧘🏼)
1F9D8 1F3FD   ; RGI_Emoji_Modifier_Sequence  ; person in lotus position: medium skin tone                     # E5.0   [1] (🧘🏽)
1F9D8 1F3FE   ; RGI_Emoji_Modifier_Sequence  ; person in lotus position: medium-dark skin tone                # E5.0   [1] (🧘🏾)
1F9D8 1F3FF   ; RGI_Emoji_Modifier_Sequence  ; person in lotus position: dark skin tone                       # E5.0   [1] (🧘🏿)
1F9D9 1F3FB   ; RGI_Emoji_Modifier_Sequence  ; mage: light skin tone                                          # E5.0   [1] (🧙🏻)
1F9D9 1F3FC   ; RGI_Emoji_Modifier_Sequence  ; mage: medium-light skin tone                                   # E5.0   [1] (🧙🏼)
1F9D9 1F3FD   ; RGI_Emoji_Modifier_Sequence  ; mage: medium skin tone                                         # E5.0   [1] (🧙🏽)
1F9D9 1F3FE   ; RGI_Emoji_Modifier_Sequence  ; mage: medium-dark skin tone                                    # E5.0   [1] (🧙🏾)
1F9D9 1F3FF   ; RGI_Emoji_Modifier_Sequence  ; mage: dark skin tone                                           # E5.0   [1] (🧙🏿)
1F9DA 1F3FB   ; RGI_Emoji_Modifier_Sequence  ; fairy: light skin tone                                         # E5.0   [1] (🧚🏻)
1F9DA 1F3FC   ; RGI_Emoji_Modifier_Sequence  ; fairy: medium-light skin tone                                  # E5.0   [1] (🧚🏼)
1F9DA 1F3FD   ; RGI_Emoji_Modifier_Sequence  ; fairy: medium skin tone                                        # E5.0   [1] (🧚🏽)
1F9DA 1F3FE   ; RGI_Emoji_Modifier_Sequence  ; fairy: medium-dark skin tone                                   # E5.0   [1] (🧚🏾)
1F9DA 1F3FF   ; RGI_Emoji_Modifier_Sequence  ; fairy: dark skin tone                                          # E5.0   [1] (🧚🏿)
1F9DB 1F3FB   ; RGI_Emoji_Modifier_Sequence  ; vampire: light skin tone                                       # E5.0   [1] (🧛🏻)
1F9DB 1F3FC   ; RGI_Emoji_Modifier_Sequence  ; vampire: medium-light skin tone                                # E5.0   [1] (🧛🏼)
1F9DB 1F3FD   ; RGI_Emoji_Modifier_Sequence  ; vampire: medium skin tone                                      # E5.0   [1] (🧛🏽)
1F9DB 1F3FE   ; RGI_Emoji_Modifier_Sequence  ; vampire: medium-dark skin tone                                 # E5.0   [1] (🧛🏾)
1F9DB 1F3FF   ; RGI_Emoji_Modifier_Sequence  ; vampire: dark skin tone                                        # E5.0   [1] (🧛🏿)
1F9DC 1F3FB   ; RGI_Emoji_Modifier_Sequence  ; merperson: light skin tone                                     # E5.0   [1] (🧜🏻)
1F9DC 1F3FC   ; RGI_Emoji_Modifier_Sequence  ; merperson: medium-light skin tone                              # E5.0   [1] (🧜🏼)
1F9DC 1F3FD   ; RGI_Emoji_Modifier_Sequence  ; merperson: medium skin tone                                    # E5.0   [1] (🧜🏽)
1F9DC 1F3FE   ; RGI_Emoji_Modifier_Sequence  ; merperson: medium-dark skin tone                               # E5.0   [1] (🧜🏾)
1F9DC 1F3FF   ; RGI_Emoji_Modifier_Sequence  ; merperson: dark skin tone                                      # E5.0   [1] (🧜🏿)
1F9DD 1F3FB   ; RGI_Emoji_Modifier_Sequence  ; elf: light skin tone                                           # E5.0   [1] (🧝🏻)
1F9DD 1F3FC   ; RGI_Emoji_Modifier_Sequence  ; elf: medium-light skin tone                                    # E5.0   [1] (🧝🏼)
1F9DD 1F3FD   ; RGI_Emoji_Modifier_Sequence  ; elf: medium skin tone                                          # E5.0   [1] (🧝🏽)
1F9DD 1F3FE   ; RGI_Emoji_Modifier_Sequence  ; elf: medium-dark skin tone                                     # E5.0   [1] (🧝🏾)
1F9DD 1F3FF   ; RGI_Emoji_Modifier_Sequence  ; elf: dark skin tone                                            # E5.0   [1] (🧝🏿)
1FAC3 1F3FB   ; RGI_Emoji_Modifier_Sequence  ; pregnant man: light skin tone                                  # E14.0  [1] (🫃🏻)
1FAC3 1F3FC   ; RGI_Emoji_Modifier_Sequence  ; pregnant man: medium-light skin tone                           # E14.0  [1] (🫃🏼)
1FAC3 1F3FD   ; RGI_Emoji_Modifier_Sequence  ; pregnant man: medium skin tone                                 # E14.0  [1] (🫃🏽)
1FAC3 1F3FE   ; RGI_Emoji_Modifier_Sequence  ; pregnant man: medium-dark skin tone                            # E14.0  [1] (🫃🏾)
1FAC3 1F3FF   ; RGI_Emoji_Modifier_Sequence  ; pregnant man: dark skin tone                                   # E14.0  [1] (🫃🏿)
1FAC4 1F3FB   ; RGI_Emoji_Modifier_Sequence  ; pregnant person: light skin tone                               # E14.0  [1] (🫄🏻)
1FAC4 1F3FC   ; RGI_Emoji_Modifier_Sequence  ; pregnant person: medium-light skin tone                        # E14.0  [1] (🫄🏼)
1FAC4 1F3FD   ; RGI_Emoji_Modifier_Sequence  ; pregnant person: medium skin tone                              # E14.0  [1] (🫄🏽)
1FAC4 1F3FE   ; RGI_Emoji_Modifier_Sequence  ; pregnant person: medium-dark skin tone                         # E14.0  [1] (🫄🏾)
1FAC4 1F3FF   ; RGI_Emoji_Modifier_Sequence  ; pregnant person: dark skin tone                                # E14.0  [1] (🫄🏿)
1FAC5 1F3FB   ; RGI_Emoji_Modifier_Sequence  ; person with crown: light skin tone                             # E14.0  [1] (🫅🏻)
1FAC5 1F3FC   ; RGI_Emoji_Modifier_Sequence  ; person with crown: medium-light skin tone                      # E14.0  [1] (🫅🏼)
1FAC5 1F3FD   ; RGI_Emoji_Modifier_Sequence  ; person with crown: medium skin tone                            # E14.0  [1] (🫅🏽)
1FAC5 1F3FE   ; RGI_Emoji_Modifier_Sequence  ; person with crown: medium-dark skin tone                       # E14.0  [1] (🫅🏾)
1FAC5 1F3FF   ; RGI_Emoji_Modifier_Sequence  ; person with crown: dark skin tone                              # E14.0  [1] (🫅🏿)
1FAF0 1F3FB   ; RGI_Emoji_Modifier_Sequence  ; hand with index finger and thumb crossed: light skin tone      # E14.0  [1] (🫰🏻)
1FAF0 1F3FC   ; RGI_Emoji_Modifier_Sequence  ; hand with index finger and thumb crossed: medium-light skin tone #E14.0 [1] (🫰🏼)
1FAF0 1F3FD   ; RGI_Emoji_Modifier_Sequence  ; hand with index finger and thumb crossed: medium skin tone     # E14.0  [1] (🫰🏽)
1FAF0 1F3FE   ; RGI_Emoji_Modifier_Sequence  ; hand with index finger and thumb crossed: medium-dark skin tone #E14.0  [1] (🫰🏾)
1FAF0 1F3FF   ; RGI_Emoji_Modifier_Sequence  ; hand with index finger and thumb crossed: dark skin tone       # E14.0  [1] (🫰🏿)
1FAF1 1F3FB   ; RGI_Emoji_Modifier_Sequence  ; rightwards hand: light skin tone                               # E14.0  [1] (🫱🏻)
1FAF1 1F3FC   ; RGI_Emoji_Modifier_Sequence  ; rightwards hand: medium-light skin tone                        # E14.0  [1] (🫱🏼)
1FAF1 1F3FD   ; RGI_Emoji_Modifier_Sequence  ; rightwards hand: medium skin tone                              # E14.0  [1] (🫱🏽)
1FAF1 1F3FE   ; RGI_Emoji_Modifier_Sequence  ; rightwards hand: medium-dark skin tone                         # E14.0  [1] (🫱🏾)
1FAF1 1F3FF   ; RGI_Emoji_Modifier_Sequence  ; rightwards hand: dark skin tone                                # E14.0  [1] (🫱🏿)
1FAF2 1F3FB   ; RGI_Emoji_Modifier_Sequence  ; leftwards hand: light skin tone                                # E14.0  [1] (🫲🏻)
1FAF2 1F3FC   ; RGI_Emoji_Modifier_Sequence  ; leftwards hand: medium-light skin tone                         # E14.0  [1] (🫲🏼)
1FAF2 1F3FD   ; RGI_Emoji_Modifier_Sequence  ; leftwards hand: medium skin tone                               # E14.0  [1] (🫲🏽)
1FAF2 1F3FE   ; RGI_Emoji_Modifier_Sequence  ; leftwards hand: medium-dark skin tone                          # E14.0  [1] (🫲🏾)
1FAF2 1F3FF   ; RGI_Emoji_Modifier_Sequence  ; leftwards hand: dark skin tone                                 # E14.0  [1] (🫲🏿)
1FAF3 1F3FB   ; RGI_Emoji_Modifier_Sequence  ; palm down hand: light skin tone                                # E14.0  [1] (🫳🏻)
1FAF3 1F3FC   ; RGI_Emoji_Modifier_Sequence  ; palm down hand: medium-light skin tone                         # E14.0  [1] (🫳🏼)
1FAF3 1F3FD   ; RGI_Emoji_Modifier_Sequence  ; palm down hand: medium skin tone                               # E14.0  [1] (🫳🏽)
1FAF3 1F3FE   ; RGI_Emoji_Modifier_Sequence  ; palm down hand: medium-dark skin tone                          # E14.0  [1] (🫳🏾)
1FAF3 1F3FF   ; RGI_Emoji_Modifier_Sequence  ; palm down hand: dark skin tone                                 # E14.0  [1] (🫳🏿)
1FAF4 1F3FB   ; RGI_Emoji_Modifier_Sequence  ; palm up hand: light skin tone                                  # E14.0  [1] (🫴🏻)
1FAF4 1F3FC   ; RGI_Emoji_Modifier_Sequence  ; palm up hand: medium-light skin tone                           # E14.0  [1] (🫴🏼)
1FAF4 1F3FD   ; RGI_Emoji_Modifier_Sequence  ; palm up hand: medium skin tone                                 # E14.0  [1] (🫴🏽)
1FAF4 1F3FE   ; RGI_Emoji_Modifier_Sequence  ; palm up hand: medium-dark skin tone                            # E14.0  [1] (🫴🏾)
1FAF4 1F3FF   ; RGI_Emoji_Modifier_Sequence  ; palm up hand: dark skin tone                                   # E14.0  [1] (🫴🏿)
1FAF5 1F3FB   ; RGI_Emoji_Modifier_Sequence  ; index pointing at the viewer: light skin tone                  # E14.0  [1] (🫵🏻)
1FAF5 1F3FC   ; RGI_Emoji_Modifier_Sequence  ; index pointing at the viewer: medium-light skin tone           # E14.0  [1] (🫵🏼)
1FAF5 1F3FD   ; RGI_Emoji_Modifier_Sequence  ; index pointing at the viewer: medium skin tone                 # E14.0  [1] (🫵🏽)
1FAF5 1F3FE   ; RGI_Emoji_Modifier_Sequence  ; index pointing at the viewer: medium-dark skin tone            # E14.0  [1] (🫵🏾)
1FAF5 1F3FF   ; RGI_Emoji_Modifier_Sequence  ; index pointing at the viewer: dark skin tone                   # E14.0  [1] (🫵🏿)
1FAF6 1F3FB   ; RGI_Emoji_Modifier_Sequence  ; heart hands: light skin tone                                   # E14.0  [1] (🫶🏻)
1FAF6 1F3FC   ; RGI_Emoji_Modifier_Sequence  ; heart hands: medium-light skin tone                            # E14.0  [1] (🫶🏼)
1FAF6 1F3FD   ; RGI_Emoji_Modifier_Sequence  ; heart hands: medium skin tone                                  # E14.0  [1] (🫶🏽)
1FAF6 1F3FE   ; RGI_Emoji_Modifier_Sequence  ; heart hands: medium-dark skin tone                             # E14.0  [1] (🫶🏾)
1FAF6 1F3FF   ; RGI_Emoji_Modifier_Sequence  ; heart hands: dark skin tone                                    # E14.0  [1] (🫶🏿)
1FAF7 1F3FB   ; RGI_Emoji_Modifier_Sequence  ; leftwards pushing hand: light skin tone                        # E15.0  [1] (🫷🏻)
1FAF7 1F3FC   ; RGI_Emoji_Modifier_Sequence  ; leftwards pushing hand: medium-light skin tone                 # E15.0  [1] (🫷🏼)
1FAF7 1F3FD   ; RGI_Emoji_Modifier_Sequence  ; leftwards pushing hand: medium skin tone                       # E15.0  [1] (🫷🏽)
1FAF7 1F3FE   ; RGI_Emoji_Modifier_Sequence  ; leftwards pushing hand: medium-dark skin tone                  # E15.0  [1] (🫷🏾)
1FAF7 1F3FF   ; RGI_Emoji_Modifier_Sequence  ; leftwards pushing hand: dark skin tone                         # E15.0  [1] (🫷🏿)
1FAF8 1F3FB   ; RGI_Emoji_Modifier_Sequence  ; rightwards pushing hand: light skin tone                       # E15.0  [1] (🫸🏻)
1FAF8 1F3FC   ; RGI_Emoji_Modifier_Sequence  ; rightwards pushing hand: medium-light skin tone                # E15.0  [1] (🫸🏼)
1FAF8 1F3FD   ; RGI_Emoji_Modifier_Sequence  ; rightwards pushing hand: medium skin tone                      # E15.0  [1] (🫸🏽)
1FAF8 1F3FE   ; RGI_Emoji_Modifier_Sequence  ; rightwards pushing hand: medium-dark skin tone                 # E15.0  [1] (🫸🏾)
1FAF8 1F3FF   ; RGI_Emoji_Modifier_Sequence  ; rightwards pushing hand: dark skin tone                        # E15.0  [1] (🫸🏿)
1FAF9 1F3FB   ; RGI_Emoji_Modifier_Sequence  ; leftwards thumb sign: light skin tone                          # E18.0  [1] (🫹🏻)
1FAF9 1F3FC   ; RGI_Emoji_Modifier_Sequence  ; leftwards thumb sign: medium-light skin tone                   # E18.0  [1] (🫹🏼)
1FAF9 1F3FD   ; RGI_Emoji_Modifier_Sequence  ; leftwards thumb sign: medium skin tone                         # E18.0  [1] (🫹🏽)
1FAF9 1F3FE   ; RGI_Emoji_Modifier_Sequence  ; leftwards thumb sign: medium-dark skin tone                    # E18.0  [1] (🫹🏾)
1FAF9 1F3FF   ; RGI_Emoji_Modifier_Sequence  ; leftwards thumb sign: dark skin tone                           # E18.0  [1] (🫹🏿)
1FAFA 1F3FB   ; RGI_Emoji_Modifier_Sequence  ; rightwards thumb sign: light skin tone                         # E18.0  [1] (🫺🏻)
1FAFA 1F3FC   ; RGI_Emoji_Modifier_Sequence  ; rightwards thumb sign: medium-light skin tone                  # E18.0  [1] (🫺🏼)
1FAFA 1F3FD   ; RGI_Emoji_Modifier_Sequence  ; rightwards thumb sign: medium skin tone                        # E18.0  [1] (🫺🏽)
1FAFA 1F3FE   ; RGI_Emoji_Modifier_Sequence  ; rightwards thumb sign: medium-dark skin tone                   # E18.0  [1] (🫺🏾)
1FAFA 1F3FF   ; RGI_Emoji_Modifier_Sequence  ; rightwards thumb sign: dark skin tone                          # E18.0  [1] (🫺🏿)
1F468 200D 2764 FE0F 200D 1F468             ; RGI_Emoji_ZWJ_Sequence  ; couple with heart: man, man                                    # E2.0   [1] (👨‍❤️‍👨)
1F468 200D 2764 FE0F 200D 1F48B 200D 1F468  ; RGI_Emoji_ZWJ_Sequence  ; kiss: man, man                                                 # E2.0   [1] (👨‍❤️‍💋‍👨)
1F468 200D 1F466                            ; RGI_Emoji_ZWJ_Sequence  ; family: man, boy                                               # E4.0   [1] (👨‍👦)
1F468 200D 1F466 200D 1F466                 ; RGI_Emoji_ZWJ_Sequence  ; family: man, boy, boy                                          # E4.0   [1] (👨‍👦‍👦)
1F468 200D 1F467                            ; RGI_Emoji_ZWJ_Sequence  ; family: man, girl                                              # E4.0   [1] (👨‍👧)
1F468 200D 1F467 200D 1F466                 ; RGI_Emoji_ZWJ_Sequence  ; family: man, girl, boy                                         # E4.0   [1] (👨‍👧‍👦)
1F468 200D 1F467 200D 1F467                 ; RGI_Emoji_ZWJ_Sequence  ; family: man, girl, girl                                        # E4.0   [1] (👨‍👧‍👧)
1F468 200D 1F468 200D 1F466                 ; RGI_Emoji_ZWJ_Sequence  ; family: man, man, boy                                          # E2.0   [1] (👨‍👨‍👦)
1F468 200D 1F468 200D 1F466 200D 1F466      ; RGI_Emoji_ZWJ_Sequence  ; family: man, man, boy, boy                                     # E2.0   [1] (👨‍👨‍👦‍👦)
1F468 200D 1F468 200D 1F467                 ; RGI_Emoji_ZWJ_Sequence  ; family: man, man, girl                                         # E2.0   [1] (👨‍👨‍👧)
1F468 200D 1F468 200D 1F467 200D 1F466      ; RGI_Emoji_ZWJ_Sequence  ; family: man, man, girl, boy                                    # E2.0   [1] (👨‍👨‍👧‍👦)
1F468 200D 1F468 200D 1F467 200D 1F467      ; RGI_Emoji_ZWJ_Sequence  ; family: man, man, girl, girl                                   # E2.0   [1] (👨‍👨‍👧‍👧)
1F468 200D 1F469 200D 1F466                 ; RGI_Emoji_ZWJ_Sequence  ; family: man, woman, boy                                        # E2.0   [1] (👨‍👩‍👦)
1F468 200D 1F469 200D 1F466 200D 1F466      ; RGI_Emoji_ZWJ_Sequence  ; family: man, woman, boy, boy                                   # E2.0   [1] (👨‍👩‍👦‍👦)
1F468 200D 1F469 200D 1F467                 ; RGI_Emoji_ZWJ_Sequence  ; family: man, woman, girl                                       # E2.0   [1] (👨‍👩‍👧)
1F468 200D 1F469 200D 1F467 200D 1F466      ; RGI_Emoji_ZWJ_Sequence  ; family: man, woman, girl, boy                                  # E2.0   [1] (👨‍👩‍👧‍👦)
1F468 200D 1F469 200D 1F467 200D 1F467      ; RGI_Emoji_ZWJ_Sequence  ; family: man, woman, girl, girl                                 # E2.0   [1] (👨‍👩‍👧‍👧)
1F468 1F3FB 200D 2764 FE0F 200D 1F468 1F3FB ; RGI_Emoji_ZWJ_Sequence  ; couple with heart: man, man, light skin tone                   # E13.1  [1] (👨🏻‍❤️‍👨🏻)
1F468 1F3FB 200D 2764 FE0F 200D 1F468 1F3FC ; RGI_Emoji_ZWJ_Sequence  ; couple with heart: man, man, light skin tone, medium-light skin tone #E13.1[1] (👨🏻‍❤️‍👨🏼)
1F468 1F3FB 200D 2764 FE0F 200D 1F468 1F3FD ; RGI_Emoji_ZWJ_Sequence  ; couple with heart: man, man, light skin tone, medium skin tone # E13.1  [1] (👨🏻‍❤️‍👨🏽)
1F468 1F3FB 200D 2764 FE0F 200D 1F468 1F3FE ; RGI_Emoji_ZWJ_Sequence  ; couple with heart: man, man, light skin tone, medium-dark skin tone #E13.1[1] (👨🏻‍❤️‍👨🏾)
1F468 1F3FB 200D 2764 FE0F 200D 1F468 1F3FF ; RGI_Emoji_ZWJ_Sequence  ; couple with heart: man, man, light skin tone, dark skin tone   # E13.1  [1] (👨🏻‍❤️‍👨🏿)
1F468 1F3FB 200D 2764 FE0F 200D 1F48B 200D 1F468 1F3FB; RGI_Emoji_ZWJ_Sequence; kiss: man, man, light skin tone                        # E13.1  [1] (👨🏻‍❤️‍💋‍👨🏻)
1F468 1F3FB 200D 2764 FE0F 200D 1F48B 200D 1F468 1F3FC; RGI_Emoji_ZWJ_Sequence; kiss: man, man, light skin tone, medium-light skin tone #E13.1  [1] (👨🏻‍❤️‍💋‍👨🏼)
1F468 1F3FB 200D 2764 FE0F 200D 1F48B 200D 1F468 1F3FD; RGI_Emoji_ZWJ_Sequence; kiss: man, man, light skin tone, medium skin tone      # E13.1  [1] (👨🏻‍❤️‍💋‍👨🏽)
1F468 1F3FB 200D 2764 FE0F 200D 1F48B 200D 1F468 1F3FE; RGI_Emoji_ZWJ_Sequence; kiss: man, man, light skin tone, medium-dark skin tone # E13.1  [1] (👨🏻‍❤️‍💋‍👨🏾)
1F468 1F3FB 200D 2764 FE0F 200D 1F48B 200D 1F468 1F3FF; RGI_Emoji_ZWJ_Sequence; kiss: man, man, light skin tone, dark skin tone        # E13.1  [1] (👨🏻‍❤️‍💋‍👨🏿)
1F468 1F3FB 200D 1F430 200D 1F468 1F3FC     ; RGI_Emoji_ZWJ_Sequence  ; men with bunny ears: light skin tone, medium-light skin tone   # E17.0  [1] (👨🏻‍🐰‍👨🏼)
1F468 1F3FB 200D 1F430 200D 1F468 1F3FD     ; RGI_Emoji_ZWJ_Sequence  ; men with bunny ears: light skin tone, medium skin tone         # E17.0  [1] (👨🏻‍🐰‍👨🏽)
1F468 1F3FB 200D 1F430 200D 1F468 1F3FE     ; RGI_Emoji_ZWJ_Sequence  ; men with bunny ears: light skin tone, medium-dark skin tone    # E17.0  [1] (👨🏻‍🐰‍👨🏾)
1F468 1F3FB 200D 1F430 200D 1F468 1F3FF     ; RGI_Emoji_ZWJ_Sequence  ; men with bunny ears: light skin tone, dark skin tone           # E17.0  [1] (👨🏻‍🐰‍👨🏿)
1F468 1F3FB 200D 1F91D 200D 1F468 1F3FC     ; RGI_Emoji_ZWJ_Sequence  ; men holding hands: light skin tone, medium-light skin tone     # E12.1  [1] (👨🏻‍🤝‍👨🏼)
1F468 1F3FB 200D 1F91D 200D 1F468 1F3FD     ; RGI_Emoji_ZWJ_Sequence  ; men holding hands: light skin tone, medium skin tone           # E12.1  [1] (👨🏻‍🤝‍👨🏽)
1F468 1F3FB 200D 1F91D 200D 1F468 1F3FE     ; RGI_Emoji_ZWJ_Sequence  ; men holding hands: light skin tone, medium-dark skin tone      # E12.1  [1] (👨🏻‍🤝‍👨🏾)
1F468 1F3FB 200D 1F91D 200D 1F468 1F3FF     ; RGI_Emoji_ZWJ_Sequence  ; men holding hands: light skin tone, dark skin tone             # E12.1  [1] (👨🏻‍🤝‍👨🏿)
1F468 1F3FB 200D 1FAEF 200D 1F468 1F3FC     ; RGI_Emoji_ZWJ_Sequence  ; men wrestling: light skin tone, medium-light skin tone         # E17.0  [1] (👨🏻‍🫯‍👨🏼)
1F468 1F3FB 200D 1FAEF 200D 1F468 1F3FD     ; RGI_Emoji_ZWJ_Sequence  ; men wrestling: light skin tone, medium skin tone               # E17.0  [1] (👨🏻‍🫯‍👨🏽)
1F468 1F3FB 200D 1FAEF 200D 1F468 1F3FE     ; RGI_Emoji_ZWJ_Sequence  ; men wrestling: light skin tone, medium-dark skin tone          # E17.0  [1] (👨🏻‍🫯‍👨🏾)
1F468 1F3FB 200D 1FAEF 200D 1F468 1F3FF     ; RGI_Emoji_ZWJ_Sequence  ; men wrestling: light skin tone, dark skin tone                 # E17.0  [1] (👨🏻‍🫯‍👨🏿)
1F468 1F3FC 200D 2764 FE0F 200D 1F468 1F3FB ; RGI_Emoji_ZWJ_Sequence  ; couple with heart: man, man, medium-light skin tone, light skin tone #E13.1[1] (👨🏼‍❤️‍👨🏻)
1F468 1F3FC 200D 2764 FE0F 200D 1F468 1F3FC ; RGI_Emoji_ZWJ_Sequence  ; couple with heart: man, man, medium-light skin tone            # E13.1  [1] (👨🏼‍❤️‍👨🏼)
1F468 1F3FC 200D 2764 FE0F 200D 1F468 1F3FD ; RGI_Emoji_ZWJ_Sequence  ; couple with heart: man, man, medium-light skin tone, medium skin tone #E13.1[1] (👨🏼‍❤️‍👨🏽)
1F468 1F3FC 200D 2764 FE0F 200D 1F468 1F3FE ; RGI_Emoji_ZWJ_Sequence  ; couple with heart: man, man, medium-light skin tone, medium-dark skin tone #E13.1[1] (👨🏼‍❤️‍👨🏾)
1F468 1F3FC 200D 2764 FE0F 200D 1F468 1F3FF ; RGI_Emoji_ZWJ_Sequence  ; couple with heart: man, man, medium-light skin tone, dark skin tone #E13.1[1] (👨🏼‍❤️‍👨🏿)
1F468 1F3FC 200D 2764 FE0F 200D 1F48B 200D 1F468 1F3FB; RGI_Emoji_ZWJ_Sequence; kiss: man, man, medium-light skin tone, light skin tone #E13.1  [1] (👨🏼‍❤️‍💋‍👨🏻)
1F468 1F3FC 200D 2764 FE0F 200D 1F48B 200D 1F468 1F3FC; RGI_Emoji_ZWJ_Sequence; kiss: man, man, medium-light skin tone                 # E13.1  [1] (👨🏼‍❤️‍💋‍👨🏼)
1F468 1F3FC 200D 2764 FE0F 200D 1F48B 200D 1F468 1F3FD; RGI_Emoji_ZWJ_Sequence; kiss: man, man, medium-light skin tone, medium skin tone #E13.1 [1] (👨🏼‍❤️‍💋‍👨🏽)
1F468 1F3FC 200D 2764 FE0F 200D 1F48B 200D 1F468 1F3FE; RGI_Emoji_ZWJ_Sequence; kiss: man, man, medium-light skin tone, medium-dark skin tone #E13.1[1] (👨🏼‍❤️‍💋‍👨🏾)
1F468 1F3FC 200D 2764 FE0F 200D 1F48B 200D 1F468 1F3FF; RGI_Emoji_ZWJ_Sequence; kiss: man, man, medium-light skin tone, dark skin tone # E13.1  [1] (👨🏼‍❤️‍💋‍👨🏿)
1F468 1F3FC 200D 1F430 200D 1F468 1F3FB     ; RGI_Emoji_ZWJ_Sequence  ; men with bunny ears: medium-light skin tone, light skin tone   # E17.0  [1] (👨🏼‍🐰‍👨🏻)
1F468 1F3FC 200D 1F430 200D 1F468 1F3FD     ; RGI_Emoji_ZWJ_Sequence  ; men with bunny ears: medium-light skin tone, medium skin tone  # E17.0  [1] (👨🏼‍🐰‍👨🏽)
1F468 1F3FC 200D 1F430 200D 1F468 1F3FE     ; RGI_Emoji_ZWJ_Sequence  ; men with bunny ears: medium-light skin tone, medium-dark skin tone #E17.0[1] (👨🏼‍🐰‍👨🏾)
1F468 1F3FC 200D 1F430 200D 1F468 1F3FF     ; RGI_Emoji_ZWJ_Sequence  ; men with bunny ears: medium-light skin tone, dark skin tone    # E17.0  [1] (👨🏼‍🐰‍👨🏿)
1F468 1F3FC 200D 1F91D 200D 1F468 1F3FB     ; RGI_Emoji_ZWJ_Sequence  ; men holding hands: medium-light skin tone, light skin tone     # E12.0  [1] (👨🏼‍🤝‍👨🏻)
1F468 1F3FC 200D 1F91D 200D 1F468 1F3FD     ; RGI_Emoji_ZWJ_Sequence  ; men holding hands: medium-light skin tone, medium skin tone    # E12.1  [1] (👨🏼‍🤝‍👨🏽)
1F468 1F3FC 200D 1F91D 200D 1F468 1F3FE     ; RGI_Emoji_ZWJ_Sequence  ; men holding hands: medium-light skin tone, medium-dark skin tone #E12.1 [1] (👨🏼‍🤝‍👨🏾)
1F468 1F3FC 200D 1F91D 200D 1F468 1F3FF     ; RGI_Emoji_ZWJ_Sequence  ; men holding hands: medium-light skin tone, dark skin tone      # E12.1  [1] (👨🏼‍🤝‍👨🏿)
1F468 1F3FC 200D 1FAEF 200D 1F468 1F3FB     ; RGI_Emoji_ZWJ_Sequence  ; men wrestling: medium-light skin tone, light skin tone         # E17.0  [1] (👨🏼‍🫯‍👨🏻)
1F468 1F3FC 200D 1FAEF 200D 1F468 1F3FD     ; RGI_Emoji_ZWJ_Sequence  ; men wrestling: medium-light skin tone, medium skin tone        # E17.0  [1] (👨🏼‍🫯‍👨🏽)
1F468 1F3FC 200D 1FAEF 200D 1F468 1F3FE     ; RGI_Emoji_ZWJ_Sequence  ; men wrestling: medium-light skin tone, medium-dark skin tone   # E17.0  [1] (👨🏼‍🫯‍👨🏾)
1F468 1F3FC 200D 1FAEF 200D 1F468 1F3FF     ; RGI_Emoji_ZWJ_Sequence  ; men wrestling: medium-light skin tone, dark skin tone          # E17.0  [1] (👨🏼‍🫯‍👨🏿)
1F468 1F3FD 200D 2764 FE0F 200D 1F468 1F3FB ; RGI_Emoji_ZWJ_Sequence  ; couple with heart: man, man, medium skin tone, light skin tone # E13.1  [1] (👨🏽‍❤️‍👨🏻)
1F468 1F3FD 200D 2764 FE0F 200D 1F468 1F3FC ; RGI_Emoji_ZWJ_Sequence  ; couple with heart: man, man, medium skin tone, medium-light skin tone #E13.1[1] (👨🏽‍❤️‍👨🏼)
1F468 1F3FD 200D 2764 FE0F 200D 1F468 1F3FD ; RGI_Emoji_ZWJ_Sequence  ; couple with heart: man, man, medium skin tone                  # E13.1  [1] (👨🏽‍❤️‍👨🏽)
1F468 1F3FD 200D 2764 FE0F 200D 1F468 1F3FE ; RGI_Emoji_ZWJ_Sequence  ; couple with heart: man, man, medium skin tone, medium-dark skin tone #E13.1[1] (👨🏽‍❤️‍👨🏾)
1F468 1F3FD 200D 2764 FE0F 200D 1F468 1F3FF ; RGI_Emoji_ZWJ_Sequence  ; couple with heart: man, man, medium skin tone, dark skin tone  # E13.1  [1] (👨🏽‍❤️‍👨🏿)
1F468 1F3FD 200D 2764 FE0F 200D 1F48B 200D 1F468 1F3FB; RGI_Emoji_ZWJ_Sequence; kiss: man, man, medium skin tone, light skin tone      # E13.1  [1] (👨🏽‍❤️‍💋‍👨🏻)
1F468 1F3FD 200D 2764 FE0F 200D 1F48B 200D 1F468 1F3FC; RGI_Emoji_ZWJ_Sequence; kiss: man, man, medium skin tone, medium-light skin tone #E13.1 [1] (👨🏽‍❤️‍💋‍👨🏼)
1F468 1F3FD 200D 2764 FE0F 200D 1F48B 200D 1F468 1F3FD; RGI_Emoji_ZWJ_Sequence; kiss: man, man, medium skin tone                       # E13.1  [1] (👨🏽‍❤️‍💋‍👨🏽)
1F468 1F3FD 200D 2764 FE0F 200D 1F48B 200D 1F468 1F3FE; RGI_Emoji_ZWJ_Sequence; kiss: man, man, medium skin tone, medium-dark skin tone #E13.1  [1] (👨🏽‍❤️‍💋‍👨🏾)
1F468 1F3FD 200D 2764 FE0F 200D 1F48B 200D 1F468 1F3FF; RGI_Emoji_ZWJ_Sequence; kiss: man, man, medium skin tone, dark skin tone       # E13.1  [1] (👨🏽‍❤️‍💋‍👨🏿)
1F468 1F3FD 200D 1F430 200D 1F468 1F3FB     ; RGI_Emoji_ZWJ_Sequence  ; men with bunny ears: medium skin tone, light skin tone         # E17.0  [1] (👨🏽‍🐰‍👨🏻)
1F468 1F3FD 200D 1F430 200D 1F468 1F3FC     ; RGI_Emoji_ZWJ_Sequence  ; men with bunny ears: medium skin tone, medium-light skin tone  # E17.0  [1] (👨🏽‍🐰‍👨🏼)
1F468 1F3FD 200D 1F430 200D 1F468 1F3FE     ; RGI_Emoji_ZWJ_Sequence  ; men with bunny ears: medium skin tone, medium-dark skin tone   # E17.0  [1] (👨🏽‍🐰‍👨🏾)
1F468 1F3FD 200D 1F430 200D 1F468 1F3FF     ; RGI_Emoji_ZWJ_Sequence  ; men with bunny ears: medium skin tone, dark skin tone          # E17.0  [1] (👨🏽‍🐰‍👨🏿)
1F468 1F3FD 200D 1F91D 200D 1F468 1F3FB     ; RGI_Emoji_ZWJ_Sequence  ; men holding hands: medium skin tone, light skin tone           # E12.0  [1] (👨🏽‍🤝‍👨🏻)
1F468 1F3FD 200D 1F91D 200D 1F468 1F3FC     ; RGI_Emoji_ZWJ_Sequence  ; men holding hands: medium skin tone, medium-light skin tone    # E12.0  [1] (👨🏽‍🤝‍👨🏼)
1F468 1F3FD 200D 1F91D 200D 1F468 1F3FE     ; RGI_Emoji_ZWJ_Sequence  ; men holding hands: medium skin tone, medium-dark skin tone     # E12.1  [1] (👨🏽‍🤝‍👨🏾)
1F468 1F3FD 200D 1F91D 200D 1F468 1F3FF     ; RGI_Emoji_ZWJ_Sequence  ; men holding hands: medium skin tone, dark skin tone            # E12.1  [1] (👨🏽‍🤝‍👨🏿)
1F468 1F3FD 200D 1FAEF 200D 1F468 1F3FB     ; RGI_Emoji_ZWJ_Sequence  ; men wrestling: medium skin tone, light skin tone               # E17.0  [1] (👨🏽‍🫯‍👨🏻)
1F468 1F3FD 200D 1FAEF 200D 1F468 1F3FC     ; RGI_Emoji_ZWJ_Sequence  ; men wrestling: medium skin tone, medium-light skin tone        # E17.0  [1] (👨🏽‍🫯‍👨🏼)
1F468 1F3FD 200D 1FAEF 200D 1F468 1F3FE     ; RGI_Emoji_ZWJ_Sequence  ; men wrestling: medium skin tone, medium-dark skin tone         # E17.0  [1] (👨🏽‍🫯‍👨🏾)
1F468 1F3FD 200D 1FAEF 200D 1F468 1F3FF     ; RGI_Emoji_ZWJ_Sequence  ; men wrestling: medium skin tone, dark skin tone                # E17.0  [1] (👨🏽‍🫯‍👨🏿)
1F468 1F3FE 200D 2764 FE0F 200D 1F468 1F3FB ; RGI_Emoji_ZWJ_Sequence  ; couple with heart: man, man, medium-dark skin tone, light skin tone #E13.1[1] (👨🏾‍❤️‍👨🏻)
1F468 1F3FE 200D 2764 FE0F 200D 1F468 1F3FC ; RGI_Emoji_ZWJ_Sequence  ; couple with heart: man, man, medium-dark skin tone, medium-light skin tone #E13.1[1] (👨🏾‍❤️‍👨🏼)
1F468 1F3FE 200D 2764 FE0F 200D 1F468 1F3FD ; RGI_Emoji_ZWJ_Sequence  ; couple with heart: man, man, medium-dark skin tone, medium skin tone #E13.1[1] (👨🏾‍❤️‍👨🏽)
1F468 1F3FE 200D 2764 FE0F 200D 1F468 1F3FE ; RGI_Emoji_ZWJ_Sequence  ; couple with heart: man, man, medium-dark skin tone             # E13.1  [1] (👨🏾‍❤️‍👨🏾)
1F468 1F3FE 200D 2764 FE0F 200D 1F468 1F3FF ; RGI_Emoji_ZWJ_Sequence  ; couple with heart: man, man, medium-dark skin tone, dark skin tone #E13.1[1] (👨🏾‍❤️‍👨🏿)
1F468 1F3FE 200D 2764 FE0F 200D 1F48B 200D 1F468 1F3FB; RGI_Emoji_ZWJ_Sequence; kiss: man, man, medium-dark skin tone, light skin tone # E13.1  [1] (👨🏾‍❤️‍💋‍👨🏻)
1F468 1F3FE 200D 2764 FE0F 200D 1F48B 200D 1F468 1F3FC; RGI_Emoji_ZWJ_Sequence; kiss: man, man, medium-dark skin tone, medium-light skin tone #E13.1[1] (👨🏾‍❤️‍💋‍👨🏼)
1F468 1F3FE 200D 2764 FE0F 200D 1F48B 200D 1F468 1F3FD; RGI_Emoji_ZWJ_Sequence; kiss: man, man, medium-dark skin tone, medium skin tone #E13.1  [1] (👨🏾‍❤️‍💋‍👨🏽)
1F468 1F3FE 200D 2764 FE0F 200D 1F48B 200D 1F468 1F3FE; RGI_Emoji_ZWJ_Sequence; kiss: man, man, medium-dark skin tone                  # E13.1  [1] (👨🏾‍❤️‍💋‍👨🏾)
1F468 1F3FE 200D 2764 FE0F 200D 1F48B 200D 1F468 1F3FF; RGI_Emoji_ZWJ_Sequence; kiss: man, man, medium-dark skin tone, dark skin tone  # E13.1  [1] (👨🏾‍❤️‍💋‍👨🏿)
1F468 1F3FE 200D 1F430 200D 1F468 1F3FB     ; RGI_Emoji_ZWJ_Sequence  ; men with bunny ears: medium-dark skin tone, light skin tone    # E17.0  [1] (👨🏾‍🐰‍👨🏻)
1F468 1F3FE 200D 1F430 200D 1F468 1F3FC     ; RGI_Emoji_ZWJ_Sequence  ; men with bunny ears: medium-dark skin tone, medium-light skin tone #E17.0[1] (👨🏾‍🐰‍👨🏼)
1F468 1F3FE 200D 1F430 200D 1F468 1F3FD     ; RGI_Emoji_ZWJ_Sequence  ; men with bunny ears: medium-dark skin tone, medium skin tone   # E17.0  [1] (👨🏾‍🐰‍👨🏽)
1F468 1F3FE 200D 1F430 200D 1F468 1F3FF     ; RGI_Emoji_ZWJ_Sequence  ; men with bunny ears: medium-dark skin tone, dark skin tone     # E17.0  [1] (👨🏾‍🐰‍👨🏿)
1F468 1F3FE 200D 1F91D 200D 1F468 1F3FB     ; RGI_Emoji_ZWJ_Sequence  ; men holding hands: medium-dark skin tone, light skin tone      # E12.0  [1] (👨🏾‍🤝‍👨🏻)
1F468 1F3FE 200D 1F91D 200D 1F468 1F3FC     ; RGI_Emoji_ZWJ_Sequence  ; men holding hands: medium-dark skin tone, medium-light skin tone #E12.0 [1] (👨🏾‍🤝‍👨🏼)
1F468 1F3FE 200D 1F91D 200D 1F468 1F3FD     ; RGI_Emoji_ZWJ_Sequence  ; men holding hands: medium-dark skin tone, medium skin tone     # E12.0  [1] (👨🏾‍🤝‍👨🏽)
1F468 1F3FE 200D 1F91D 200D 1F468 1F3FF     ; RGI_Emoji_ZWJ_Sequence  ; men holding hands: medium-dark skin tone, dark skin tone       # E12.1  [1] (👨🏾‍🤝‍👨🏿)
1F468 1F3FE 200D 1FAEF 200D 1F468 1F3FB     ; RGI_Emoji_ZWJ_Sequence  ; men wrestling: medium-dark skin tone, light skin tone          # E17.0  [1] (👨🏾‍🫯‍👨🏻)
1F468 1F3FE 200D 1FAEF 200D 1F468 1F3FC     ; RGI_Emoji_ZWJ_Sequence  ; men wrestling: medium-dark skin tone, medium-light skin tone   # E17.0  [1] (👨🏾‍🫯‍👨🏼)
1F468 1F3FE 200D 1FAEF 200D 1F468 1F3FD     ; RGI_Emoji_ZWJ_Sequence  ; men wrestling: medium-dark skin tone, medium skin tone         # E17.0  [1] (👨🏾‍🫯‍👨🏽)
1F468 1F3FE 200D 1FAEF 200D 1F468 1F3FF     ; RGI_Emoji_ZWJ_Sequence  ; men wrestling: medium-dark skin tone, dark skin tone           # E17.0  [1] (👨🏾‍🫯‍👨🏿)
1F468 1F3FF 200D 2764 FE0F 200D 1F468 1F3FB ; RGI_Emoji_ZWJ_Sequence  ; couple with heart: man, man, dark skin tone, light skin tone   # E13.1  [1] (👨🏿‍❤️‍👨🏻)
1F468 1F3FF 200D 2764 FE0F 200D 1F468 1F3FC ; RGI_Emoji_ZWJ_Sequence  ; couple with heart: man, man, dark skin tone, medium-light skin tone #E13.1[1] (👨🏿‍❤️‍👨🏼)
1F468 1F3FF 200D 2764 FE0F 200D 1F468 1F3FD ; RGI_Emoji_ZWJ_Sequence  ; couple with heart: man, man, dark skin tone, medium skin tone  # E13.1  [1] (👨🏿‍❤️‍👨🏽)
1F468 1F3FF 200D 2764 FE0F 200D 1F468 1F3FE ; RGI_Emoji_ZWJ_Sequence  ; couple with heart: man, man, dark skin tone, medium-dark skin tone #E13.1[1] (👨🏿‍❤️‍👨🏾)
1F468 1F3FF 200D 2764 FE0F 200D 1F468 1F3FF ; RGI_Emoji_ZWJ_Sequence  ; couple with heart: man, man, dark skin tone                    # E13.1  [1] (👨🏿‍❤️‍👨🏿)
1F468 1F3FF 200D 2764 FE0F 200D 1F48B 200D 1F468 1F3FB; RGI_Emoji_ZWJ_Sequence; kiss: man, man, dark skin tone, light skin tone        # E13.1  [1] (👨🏿‍❤️‍💋‍👨🏻)
1F468 1F3FF 200D 2764 FE0F 200D 1F48B 200D 1F468 1F3FC; RGI_Emoji_ZWJ_Sequence; kiss: man, man, dark skin tone, medium-light skin tone # E13.1  [1] (👨🏿‍❤️‍💋‍👨🏼)
1F468 1F3FF 200D 2764 FE0F 200D 1F48B 200D 1F468 1F3FD; RGI_Emoji_ZWJ_Sequence; kiss: man, man, dark skin tone, medium skin tone       # E13.1  [1] (👨🏿‍❤️‍💋‍👨🏽)
1F468 1F3FF 200D 2764 FE0F 200D 1F48B 200D 1F468 1F3FE; RGI_Emoji_ZWJ_Sequence; kiss: man, man, dark skin tone, medium-dark skin tone  # E13.1  [1] (👨🏿‍❤️‍💋‍👨🏾)
1F468 1F3FF 200D 2764 FE0F 200D 1F48B 200D 1F468 1F3FF; RGI_Emoji_ZWJ_Sequence; kiss: man, man, dark skin tone                         # E13.1  [1] (👨🏿‍❤️‍💋‍👨🏿)
1F468 1F3FF 200D 1F430 200D 1F468 1F3FB     ; RGI_Emoji_ZWJ_Sequence  ; men with bunny ears: dark skin tone, light skin tone           # E17.0  [1] (👨🏿‍🐰‍👨🏻)
1F468 1F3FF 200D 1F430 200D 1F468 1F3FC     ; RGI_Emoji_ZWJ_Sequence  ; men with bunny ears: dark skin tone, medium-light skin tone    # E17.0  [1] (👨🏿‍🐰‍👨🏼)
1F468 1F3FF 200D 1F430 200D 1F468 1F3FD     ; RGI_Emoji_ZWJ_Sequence  ; men with bunny ears: dark skin tone, medium skin tone          # E17.0  [1] (👨🏿‍🐰‍👨🏽)
1F468 1F3FF 200D 1F430 200D 1F468 1F3FE     ; RGI_Emoji_ZWJ_Sequence  ; men with bunny ears: dark skin tone, medium-dark skin tone     # E17.0  [1] (👨🏿‍🐰‍👨🏾)
1F468 1F3FF 200D 1F91D 200D 1F468 1F3FB     ; RGI_Emoji_ZWJ_Sequence  ; men holding hands: dark skin tone, light skin tone             # E12.0  [1] (👨🏿‍🤝‍👨🏻)
1F468 1F3FF 200D 1F91D 200D 1F468 1F3FC     ; RGI_Emoji_ZWJ_Sequence  ; men holding hands: dark skin tone, medium-light skin tone      # E12.0  [1] (👨🏿‍🤝‍👨🏼)
1F468 1F3FF 200D 1F91D 200D 1F468 1F3FD     ; RGI_Emoji_ZWJ_Sequence  ; men holding hands: dark skin tone, medium skin tone            # E12.0  [1] (👨🏿‍🤝‍👨🏽)
1F468 1F3FF 200D 1F91D 200D 1F468 1F3FE     ; RGI_Emoji_ZWJ_Sequence  ; men holding hands: dark skin tone, medium-dark skin tone       # E12.0  [1] (👨🏿‍🤝‍👨🏾)
1F468 1F3FF 200D 1FAEF 200D 1F468 1F3FB     ; RGI_Emoji_ZWJ_Sequence  ; men wrestling: dark skin tone, light skin tone                 # E17.0  [1] (👨🏿‍🫯‍👨🏻)
1F468 1F3FF 200D 1FAEF 200D 1F468 1F3FC     ; RGI_Emoji_ZWJ_Sequence  ; men wrestling: dark skin tone, medium-light skin tone          # E17.0  [1] (👨🏿‍🫯‍👨🏼)
1F468 1F3FF 200D 1FAEF 200D 1F468 1F3FD     ; RGI_Emoji_ZWJ_Sequence  ; men wrestling: dark skin tone, medium skin tone                # E17.0  [1] (👨🏿‍🫯‍👨🏽)
1F468 1F3FF 200D 1FAEF 200D 1F468 1F3FE     ; RGI_Emoji_ZWJ_Sequence  ; men wrestling: dark skin tone, medium-dark skin tone           # E17.0  [1] (👨🏿‍🫯‍👨🏾)
1F469 200D 2764 FE0F 200D 1F468             ; RGI_Emoji_ZWJ_Sequence  ; couple with heart: woman, man                                  # E2.0   [1] (👩‍❤️‍👨)
1F469 200D 2764 FE0F 200D 1F469             ; RGI_Emoji_ZWJ_Sequence  ; couple with heart: woman, woman                                # E2.0   [1] (👩‍❤️‍👩)
1F469 200D 2764 FE0F 200D 1F48B 200D 1F468  ; RGI_Emoji_ZWJ_Sequence  ; kiss: woman, man                                               # E2.0   [1] (👩‍❤️‍💋‍👨)
1F469 200D 2764 FE0F 200D 1F48B 200D 1F469  ; RGI_Emoji_ZWJ_Sequence  ; kiss: woman, woman                                             # E2.0   [1] (👩‍❤️‍💋‍👩)
1F469 200D 1F466                            ; RGI_Emoji_ZWJ_Sequence  ; family: woman, boy                                             # E4.0   [1] (👩‍👦)
1F469 200D 1F466 200D 1F466                 ; RGI_Emoji_ZWJ_Sequence  ; family: woman, boy, boy                                        # E4.0   [1] (👩‍👦‍👦)
1F469 200D 1F467                            ; RGI_Emoji_ZWJ_Sequence  ; family: woman, girl                                            # E4.0   [1] (👩‍👧)
1F469 200D 1F467 200D 1F466                 ; RGI_Emoji_ZWJ_Sequence  ; family: woman, girl, boy                                       # E4.0   [1] (👩‍👧‍👦)
1F469 200D 1F467 200D 1F467                 ; RGI_Emoji_ZWJ_Sequence  ; family: woman, girl, girl                                      # E4.0   [1] (👩‍👧‍👧)
1F469 200D 1F469 200D 1F466                 ; RGI_Emoji_ZWJ_Sequence  ; family: woman, woman, boy                                      # E2.0   [1] (👩‍👩‍👦)
1F469 200D 1F469 200D 1F466 200D 1F466      ; RGI_Emoji_ZWJ_Sequence  ; family: woman, woman, boy, boy                                 # E2.0   [1] (👩‍👩‍👦‍👦)
1F469 200D 1F469 200D 1F467                 ; RGI_Emoji_ZWJ_Sequence  ; family: woman, woman, girl                                     # E2.0   [1] (👩‍👩‍👧)
1F469 200D 1F469 200D 1F467 200D 1F466      ; RGI_Emoji_ZWJ_Sequence  ; family: woman, woman, girl, boy                                # E2.0   [1] (👩‍👩‍👧‍👦)
1F469 200D 1F469 200D 1F467 200D 1F467      ; RGI_Emoji_ZWJ_Sequence  ; family: woman, woman, girl, girl                               # E2.0   [1] (👩‍👩‍👧‍👧)
1F469 1F3FB 200D 2764 FE0F 200D 1F468 1F3FB ; RGI_Emoji_ZWJ_Sequence  ; couple with heart: woman, man, light skin tone                 # E13.1  [1] (👩🏻‍❤️‍👨🏻)
1F469 1F3FB 200D 2764 FE0F 200D 1F468 1F3FC ; RGI_Emoji_ZWJ_Sequence  ; couple with heart: woman, man, light skin tone, medium-light skin tone #E13.1[1] (👩🏻‍❤️‍👨🏼)
1F469 1F3FB 200D 2764 FE0F 200D 1F468 1F3FD ; RGI_Emoji_ZWJ_Sequence  ; couple with heart: woman, man, light skin tone, medium skin tone #E13.1 [1] (👩🏻‍❤️‍👨🏽)
1F469 1F3FB 200D 2764 FE0F 200D 1F468 1F3FE ; RGI_Emoji_ZWJ_Sequence  ; couple with heart: woman, man, light skin tone, medium-dark skin tone #E13.1[1] (👩🏻‍❤️‍👨🏾)
1F469 1F3FB 200D 2764 FE0F 200D 1F468 1F3FF ; RGI_Emoji_ZWJ_Sequence  ; couple with heart: woman, man, light skin tone, dark skin tone # E13.1  [1] (👩🏻‍❤️‍👨🏿)
1F469 1F3FB 200D 2764 FE0F 200D 1F469 1F3FB ; RGI_Emoji_ZWJ_Sequence  ; couple with heart: woman, woman, light skin tone               # E13.1  [1] (👩🏻‍❤️‍👩🏻)
1F469 1F3FB 200D 2764 FE0F 200D 1F469 1F3FC ; RGI_Emoji_ZWJ_Sequence  ; couple with heart: woman, woman, light skin tone, medium-light skin tone #E13.1[1] (👩🏻‍❤️‍👩🏼)
1F469 1F3FB 200D 2764 FE0F 200D 1F469 1F3FD ; RGI_Emoji_ZWJ_Sequence  ; couple with heart: woman, woman, light skin tone, medium skin tone #E13.1[1] (👩🏻‍❤️‍👩🏽)
1F469 1F3FB 200D 2764 FE0F 200D 1F469 1F3FE ; RGI_Emoji_ZWJ_Sequence  ; couple with heart: woman, woman, light skin tone, medium-dark skin tone #E13.1[1] (👩🏻‍❤️‍👩🏾)
1F469 1F3FB 200D 2764 FE0F 200D 1F469 1F3FF ; RGI_Emoji_ZWJ_Sequence  ; couple with heart: woman, woman, light skin tone, dark skin tone #E13.1 [1] (👩🏻‍❤️‍👩🏿)
1F469 1F3FB 200D 2764 FE0F 200D 1F48B 200D 1F468 1F3FB; RGI_Emoji_ZWJ_Sequence; kiss: woman, man, light skin tone                      # E13.1  [1] (👩🏻‍❤️‍💋‍👨🏻)
1F469 1F3FB 200D 2764 FE0F 200D 1F48B 200D 1F468 1F3FC; RGI_Emoji_ZWJ_Sequence; kiss: woman, man, light skin tone, medium-light skin tone #E13.1[1] (👩🏻‍❤️‍💋‍👨🏼)
1F469 1F3FB 200D 2764 FE0F 200D 1F48B 200D 1F468 1F3FD; RGI_Emoji_ZWJ_Sequence; kiss: woman, man, light skin tone, medium skin tone    # E13.1  [1] (👩🏻‍❤️‍💋‍👨🏽)
1F469 1F3FB 200D 2764 FE0F 200D 1F48B 200D 1F468 1F3FE; RGI_Emoji_ZWJ_Sequence; kiss: woman, man, light skin tone, medium-dark skin tone #E13.1 [1] (👩🏻‍❤️‍💋‍👨🏾)
1F469 1F3FB 200D 2764 FE0F 200D 1F48B 200D 1F468 1F3FF; RGI_Emoji_ZWJ_Sequence; kiss: woman, man, light skin tone, dark skin tone      # E13.1  [1] (👩🏻‍❤️‍💋‍👨🏿)
1F469 1F3FB 200D 2764 FE0F 200D 1F48B 200D 1F469 1F3FB; RGI_Emoji_ZWJ_Sequence; kiss: woman, woman, light skin tone                    # E13.1  [1] (👩🏻‍❤️‍💋‍👩🏻)
1F469 1F3FB 200D 2764 FE0F 200D 1F48B 200D 1F469 1F3FC; RGI_Emoji_ZWJ_Sequence; kiss: woman, woman, light skin tone, medium-light skin tone #E13.1[1] (👩🏻‍❤️‍💋‍👩🏼)
1F469 1F3FB 200D 2764 FE0F 200D 1F48B 200D 1F469 1F3FD; RGI_Emoji_ZWJ_Sequence; kiss: woman, woman, light skin tone, medium skin tone  # E13.1  [1] (👩🏻‍❤️‍💋‍👩🏽)
1F469 1F3FB 200D 2764 FE0F 200D 1F48B 200D 1F469 1F3FE; RGI_Emoji_ZWJ_Sequence; kiss: woman, woman, light skin tone, medium-dark skin tone #E13.1[1] (👩🏻‍❤️‍💋‍👩🏾)
1F469 1F3FB 200D 2764 FE0F 200D 1F48B 200D 1F469 1F3FF; RGI_Emoji_ZWJ_Sequence; kiss: woman, woman, light skin tone, dark skin tone    # E13.1  [1] (👩🏻‍❤️‍💋‍👩🏿)
1F469 1F3FB 200D 1F430 200D 1F469 1F3FC     ; RGI_Emoji_ZWJ_Sequence  ; women with bunny ears: light skin tone, medium-light skin tone # E17.0  [1] (👩🏻‍🐰‍👩🏼)
1F469 1F3FB 200D 1F430 200D 1F469 1F3FD     ; RGI_Emoji_ZWJ_Sequence  ; women with bunny ears: light skin tone, medium skin tone       # E17.0  [1] (👩🏻‍🐰‍👩🏽)
1F469 1F3FB 200D 1F430 200D 1F469 1F3FE     ; RGI_Emoji_ZWJ_Sequence  ; women with bunny ears: light skin tone, medium-dark skin tone  # E17.0  [1] (👩🏻‍🐰‍👩🏾)
1F469 1F3FB 200D 1F430 200D 1F469 1F3FF     ; RGI_Emoji_ZWJ_Sequence  ; women with bunny ears: light skin tone, dark skin tone         # E17.0  [1] (👩🏻‍🐰‍👩🏿)
1F469 1F3FB 200D 1F91D 200D 1F468 1F3FC     ; RGI_Emoji_ZWJ_Sequence  ; woman and man holding hands: light skin tone, medium-light skin tone #E12.0[1] (👩🏻‍🤝‍👨🏼)
1F469 1F3FB 200D 1F91D 200D 1F468 1F3FD     ; RGI_Emoji_ZWJ_Sequence  ; woman and man holding hands: light skin tone, medium skin tone # E12.0  [1] (👩🏻‍🤝‍👨🏽)
1F469 1F3FB 200D 1F91D 200D 1F468 1F3FE     ; RGI_Emoji_ZWJ_Sequence  ; woman and man holding hands: light skin tone, medium-dark skin tone #E12.0[1] (👩🏻‍🤝‍👨🏾)
1F469 1F3FB 200D 1F91D 200D 1F468 1F3FF     ; RGI_Emoji_ZWJ_Sequence  ; woman and man holding hands: light skin tone, dark skin tone   # E12.0  [1] (👩🏻‍🤝‍👨🏿)
1F469 1F3FB 200D 1F91D 200D 1F469 1F3FC     ; RGI_Emoji_ZWJ_Sequence  ; women holding hands: light skin tone, medium-light skin tone   # E12.1  [1] (👩🏻‍🤝‍👩🏼)
1F469 1F3FB 200D 1F91D 200D 1F469 1F3FD     ; RGI_Emoji_ZWJ_Sequence  ; women holding hands: light skin tone, medium skin tone         # E12.1  [1] (👩🏻‍🤝‍👩🏽)
1F469 1F3FB 200D 1F91D 200D 1F469 1F3FE     ; RGI_Emoji_ZWJ_Sequence  ; women holding hands: light skin tone, medium-dark skin tone    # E12.1  [1] (👩🏻‍🤝‍👩🏾)
1F469 1F3FB 200D 1F91D 200D 1F469 1F3FF     ; RGI_Emoji_ZWJ_Sequence  ; women holding hands: light skin tone, dark skin tone           # E12.1  [1] (👩🏻‍🤝‍👩🏿)
1F469 1F3FB 200D 1FAEF 200D 1F469 1F3FC     ; RGI_Emoji_ZWJ_Sequence  ; women wrestling: light skin tone, medium-light skin tone       # E17.0  [1] (👩🏻‍🫯‍👩🏼)
1F469 1F3FB 200D 1FAEF 200D 1F469 1F3FD     ; RGI_Emoji_ZWJ_Sequence  ; women wrestling: light skin tone, medium skin tone             # E17.0  [1] (👩🏻‍🫯‍👩🏽)
1F469 1F3FB 200D 1FAEF 200D 1F469 1F3FE     ; RGI_Emoji_ZWJ_Sequence  ; women wrestling: light skin tone, medium-dark skin tone        # E17.0  [1] (👩🏻‍🫯‍👩🏾)
1F469 1F3FB 200D 1FAEF 200D 1F469 1F3FF     ; RGI_Emoji_ZWJ_Sequence  ; women wrestling: light skin tone, dark skin tone               # E17.0  [1] (👩🏻‍🫯‍👩🏿)
1F469 1F3FC 200D 2764 FE0F 200D 1F468 1F3FB ; RGI_Emoji_ZWJ_Sequence  ; couple with heart: woman, man, medium-light skin tone, light skin tone #E13.1[1] (👩🏼‍❤️‍👨🏻)
1F469 1F3FC 200D 2764 FE0F 200D 1F468 1F3FC ; RGI_Emoji_ZWJ_Sequence  ; couple with heart: woman, man, medium-light skin tone          # E13.1  [1] (👩🏼‍❤️‍👨🏼)
1F469 1F3FC 200D 2764 FE0F 200D 1F468 1F3FD ; RGI_Emoji_ZWJ_Sequence  ; couple with heart: woman, man, medium-light skin tone, medium skin tone #E13.1[1] (👩🏼‍❤️‍👨🏽)
1F469 1F3FC 200D 2764 FE0F 200D 1F468 1F3FE ; RGI_Emoji_ZWJ_Sequence  ; couple with heart: woman, man, medium-light skin tone, medium-dark skin tone #E13.1[1] (👩🏼‍❤️‍👨🏾)
1F469 1F3FC 200D 2764 FE0F 200D 1F468 1F3FF ; RGI_Emoji_ZWJ_Sequence  ; couple with heart: woman, man, medium-light skin tone, dark skin tone #E13.1[1] (👩🏼‍❤️‍👨🏿)
1F469 1F3FC 200D 2764 FE0F 200D 1F469 1F3FB ; RGI_Emoji_ZWJ_Sequence  ; couple with heart: woman, woman, medium-light skin tone, light skin tone #E13.1[1] (👩🏼‍❤️‍👩🏻)
1F469 1F3FC 200D 2764 FE0F 200D 1F469 1F3FC ; RGI_Emoji_ZWJ_Sequence  ; couple with heart: woman, woman, medium-light skin tone        # E13.1  [1] (👩🏼‍❤️‍👩🏼)
1F469 1F3FC 200D 2764 FE0F 200D 1F469 1F3FD ; RGI_Emoji_ZWJ_Sequence  ; couple with heart: woman, woman, medium-light skin tone, medium skin tone #E13.1[1] (👩🏼‍❤️‍👩🏽)
1F469 1F3FC 200D 2764 FE0F 200D 1F469 1F3FE ; RGI_Emoji_ZWJ_Sequence  ; couple with heart: woman, woman, medium-light skin tone, medium-dark skin tone #E13.1[1] (👩🏼‍❤️‍👩🏾)
1F469 1F3FC 200D 2764 FE0F 200D 1F469 1F3FF ; RGI_Emoji_ZWJ_Sequence  ; couple with heart: woman, woman, medium-light skin tone, dark skin tone #E13.1[1] (👩🏼‍❤️‍👩🏿)
1F469 1F3FC 200D 2764 FE0F 200D 1F48B 200D 1F468 1F3FB; RGI_Emoji_ZWJ_Sequence; kiss: woman, man, medium-light skin tone, light skin tone #E13.1[1] (👩🏼‍❤️‍💋‍👨🏻)
1F469 1F3FC 200D 2764 FE0F 200D 1F48B 200D 1F468 1F3FC; RGI_Emoji_ZWJ_Sequence; kiss: woman, man, medium-light skin tone               # E13.1  [1] (👩🏼‍❤️‍💋‍👨🏼)
1F469 1F3FC 200D 2764 FE0F 200D 1F48B 200D 1F468 1F3FD; RGI_Emoji_ZWJ_Sequence; kiss: woman, man, medium-light skin tone, medium skin tone #E13.1[1] (👩🏼‍❤️‍💋‍👨🏽)
1F469 1F3FC 200D 2764 FE0F 200D 1F48B 200D 1F468 1F3FE; RGI_Emoji_ZWJ_Sequence; kiss: woman, man, medium-light skin tone, medium-dark skin tone #E13.1[1] (👩🏼‍❤️‍💋‍👨🏾)
1F469 1F3FC 200D 2764 FE0F 200D 1F48B 200D 1F468 1F3FF; RGI_Emoji_ZWJ_Sequence; kiss: woman, man, medium-light skin tone, dark skin tone #E13.1 [1] (👩🏼‍❤️‍💋‍👨🏿)
1F469 1F3FC 200D 2764 FE0F 200D 1F48B 200D 1F469 1F3FB; RGI_Emoji_ZWJ_Sequence; kiss: woman, woman, medium-light skin tone, light skin tone #E13.1[1] (👩🏼‍❤️‍💋‍👩🏻)
1F469 1F3FC 200D 2764 FE0F 200D 1F48B 200D 1F469 1F3FC; RGI_Emoji_ZWJ_Sequence; kiss: woman, woman, medium-light skin tone             # E13.1  [1] (👩🏼‍❤️‍💋‍👩🏼)
1F469 1F3FC 200D 2764 FE0F 200D 1F48B 200D 1F469 1F3FD; RGI_Emoji_ZWJ_Sequence; kiss: woman, woman, medium-light skin tone, medium skin tone #E13.1[1] (👩🏼‍❤️‍💋‍👩🏽)
1F469 1F3FC 200D 2764 FE0F 200D 1F48B 200D 1F469 1F3FE; RGI_Emoji_ZWJ_Sequence; kiss: woman, woman, medium-light skin tone, medium-dark skin tone #E13.1[1] (👩🏼‍❤️‍💋‍👩🏾)
1F469 1F3FC 200D 2764 FE0F 200D 1F48B 200D 1F469 1F3FF; RGI_Emoji_ZWJ_Sequence; kiss: woman, woman, medium-light skin tone, dark skin tone #E13.1[1] (👩🏼‍❤️‍💋‍👩🏿)
1F469 1F3FC 200D 1F430 200D 1F469 1F3FB     ; RGI_Emoji_ZWJ_Sequence  ; women with bunny ears: medium-light skin tone, light skin tone # E17.0  [1] (👩🏼‍🐰‍👩🏻)
1F469 1F3FC 200D 1F430 200D 1F469 1F3FD     ; RGI_Emoji_ZWJ_Sequence  ; women with bunny ears: medium-light skin tone, medium skin tone #E17.0  [1] (👩🏼‍🐰‍👩🏽)
1F469 1F3FC 200D 1F430 200D 1F469 1F3FE     ; RGI_Emoji_ZWJ_Sequence  ; women with bunny ears: medium-light skin tone, medium-dark skin tone #E17.0[1] (👩🏼‍🐰‍👩🏾)
1F469 1F3FC 200D 1F430 200D 1F469 1F3FF     ; RGI_Emoji_ZWJ_Sequence  ; women with bunny ears: medium-light skin tone, dark skin tone  # E17.0  [1] (👩🏼‍🐰‍👩🏿)
1F469 1F3FC 200D 1F91D 200D 1F468 1F3FB     ; RGI_Emoji_ZWJ_Sequence  ; woman and man holding hands: medium-light skin tone, light skin tone #E12.0[1] (👩🏼‍🤝‍👨🏻)
1F469 1F3FC 200D 1F91D 200D 1F468 1F3FD     ; RGI_Emoji_ZWJ_Sequence  ; woman and man holding hands: medium-light skin tone, medium skin tone #E12.0[1] (👩🏼‍🤝‍👨🏽)
1F469 1F3FC 200D 1F91D 200D 1F468 1F3FE     ; RGI_Emoji_ZWJ_Sequence  ; woman and man holding hands: medium-light skin tone, medium-dark skin tone #E12.0[1] (👩🏼‍🤝‍👨🏾)
1F469 1F3FC 200D 1F91D 200D 1F468 1F3FF     ; RGI_Emoji_ZWJ_Sequence  ; woman and man holding hands: medium-light skin tone, dark skin tone #E12.0[1] (👩🏼‍🤝‍👨🏿)
1F469 1F3FC 200D 1F91D 200D 1F469 1F3FB     ; RGI_Emoji_ZWJ_Sequence  ; women holding hands: medium-light skin tone, light skin tone   # E12.0  [1] (👩🏼‍🤝‍👩🏻)
1F469 1F3FC 200D 1F91D 200D 1F469 1F3FD     ; RGI_Emoji_ZWJ_Sequence  ; women holding hands: medium-light skin tone, medium skin tone  # E12.1  [1] (👩🏼‍🤝‍👩🏽)
1F469 1F3FC 200D 1F91D 200D 1F469 1F3FE     ; RGI_Emoji_ZWJ_Sequence  ; women holding hands: medium-light skin tone, medium-dark skin tone #E12.1[1] (👩🏼‍🤝‍👩🏾)
1F469 1F3FC 200D 1F91D 200D 1F469 1F3FF     ; RGI_Emoji_ZWJ_Sequence  ; women holding hands: medium-light skin tone, dark skin tone    # E12.1  [1] (👩🏼‍🤝‍👩🏿)
1F469 1F3FC 200D 1FAEF 200D 1F469 1F3FB     ; RGI_Emoji_ZWJ_Sequence  ; women wrestling: medium-light skin tone, light skin tone       # E17.0  [1] (👩🏼‍🫯‍👩🏻)
1F469 1F3FC 200D 1FAEF 200D 1F469 1F3FD     ; RGI_Emoji_ZWJ_Sequence  ; women wrestling: medium-light skin tone, medium skin tone      # E17.0  [1] (👩🏼‍🫯‍👩🏽)
1F469 1F3FC 200D 1FAEF 200D 1F469 1F3FE     ; RGI_Emoji_ZWJ_Sequence  ; women wrestling: medium-light skin tone, medium-dark skin tone # E17.0  [1] (👩🏼‍🫯‍👩🏾)
1F469 1F3FC 200D 1FAEF 200D 1F469 1F3FF     ; RGI_Emoji_ZWJ_Sequence  ; women wrestling: medium-light skin tone, dark skin tone        # E17.0  [1] (👩🏼‍🫯‍👩🏿)
1F469 1F3FD 200D 2764 FE0F 200D 1F468 1F3FB ; RGI_Emoji_ZWJ_Sequence  ; couple with heart: woman, man, medium skin tone, light skin tone #E13.1 [1] (👩🏽‍❤️‍👨🏻)
1F469 1F3FD 200D 2764 FE0F 200D 1F468 1F3FC ; RGI_Emoji_ZWJ_Sequence  ; couple with heart: woman, man, medium skin tone, medium-light skin tone #E13.1[1] (👩🏽‍❤️‍👨🏼)
1F469 1F3FD 200D 2764 FE0F 200D 1F468 1F3FD ; RGI_Emoji_ZWJ_Sequence  ; couple with heart: woman, man, medium skin tone                # E13.1  [1] (👩🏽‍❤️‍👨🏽)
1F469 1F3FD 200D 2764 FE0F 200D 1F468 1F3FE ; RGI_Emoji_ZWJ_Sequence  ; couple with heart: woman, man, medium skin tone, medium-dark skin tone #E13.1[1] (👩🏽‍❤️‍👨🏾)
1F469 1F3FD 200D 2764 FE0F 200D 1F468 1F3FF ; RGI_Emoji_ZWJ_Sequence  ; couple with heart: woman, man, medium skin tone, dark skin tone #E13.1  [1] (👩🏽‍❤️‍👨🏿)
1F469 1F3FD 200D 2764 FE0F 200D 1F469 1F3FB ; RGI_Emoji_ZWJ_Sequence  ; couple with heart: woman, woman, medium skin tone, light skin tone #E13.1[1] (👩🏽‍❤️‍👩🏻)
1F469 1F3FD 200D 2764 FE0F 200D 1F469 1F3FC ; RGI_Emoji_ZWJ_Sequence  ; couple with heart: woman, woman, medium skin tone, medium-light skin tone #E13.1[1] (👩🏽‍❤️‍👩🏼)
1F469 1F3FD 200D 2764 FE0F 200D 1F469 1F3FD ; RGI_Emoji_ZWJ_Sequence  ; couple with heart: woman, woman, medium skin tone              # E13.1  [1] (👩🏽‍❤️‍👩🏽)
1F469 1F3FD 200D 2764 FE0F 200D 1F469 1F3FE ; RGI_Emoji_ZWJ_Sequence  ; couple with heart: woman, woman, medium skin tone, medium-dark skin tone #E13.1[1] (👩🏽‍❤️‍👩🏾)
1F469 1F3FD 200D 2764 FE0F 200D 1F469 1F3FF ; RGI_Emoji_ZWJ_Sequence  ; couple with heart: woman, woman, medium skin tone, dark skin tone #E13.1[1] (👩🏽‍❤️‍👩🏿)
1F469 1F3FD 200D 2764 FE0F 200D 1F48B 200D 1F468 1F3FB; RGI_Emoji_ZWJ_Sequence; kiss: woman, man, medium skin tone, light skin tone    # E13.1  [1] (👩🏽‍❤️‍💋‍👨🏻)
1F469 1F3FD 200D 2764 FE0F 200D 1F48B 200D 1F468 1F3FC; RGI_Emoji_ZWJ_Sequence; kiss: woman, man, medium skin tone, medium-light skin tone #E13.1[1] (👩🏽‍❤️‍💋‍👨🏼)
1F469 1F3FD 200D 2764 FE0F 200D 1F48B 200D 1F468 1F3FD; RGI_Emoji_ZWJ_Sequence; kiss: woman, man, medium skin tone                     # E13.1  [1] (👩🏽‍❤️‍💋‍👨🏽)
1F469 1F3FD 200D 2764 FE0F 200D 1F48B 200D 1F468 1F3FE; RGI_Emoji_ZWJ_Sequence; kiss: woman, man, medium skin tone, medium-dark skin tone #E13.1[1] (👩🏽‍❤️‍💋‍👨🏾)
1F469 1F3FD 200D 2764 FE0F 200D 1F48B 200D 1F468 1F3FF; RGI_Emoji_ZWJ_Sequence; kiss: woman, man, medium skin tone, dark skin tone     # E13.1  [1] (👩🏽‍❤️‍💋‍👨🏿)
1F469 1F3FD 200D 2764 FE0F 200D 1F48B 200D 1F469 1F3FB; RGI_Emoji_ZWJ_Sequence; kiss: woman, woman, medium skin tone, light skin tone  # E13.1  [1] (👩🏽‍❤️‍💋‍👩🏻)
1F469 1F3FD 200D 2764 FE0F 200D 1F48B 200D 1F469 1F3FC; RGI_Emoji_ZWJ_Sequence; kiss: woman, woman, medium skin tone, medium-light skin tone #E13.1[1] (👩🏽‍❤️‍💋‍👩🏼)
1F469 1F3FD 200D 2764 FE0F 200D 1F48B 200D 1F469 1F3FD; RGI_Emoji_ZWJ_Sequence; kiss: woman, woman, medium skin tone                   # E13.1  [1] (👩🏽‍❤️‍💋‍👩🏽)
1F469 1F3FD 200D 2764 FE0F 200D 1F48B 200D 1F469 1F3FE; RGI_Emoji_ZWJ_Sequence; kiss: woman, woman, medium skin tone, medium-dark skin tone #E13.1[1] (👩🏽‍❤️‍💋‍👩🏾)
1F469 1F3FD 200D 2764 FE0F 200D 1F48B 200D 1F469 1F3FF; RGI_Emoji_ZWJ_Sequence; kiss: woman, woman, medium skin tone, dark skin tone   # E13.1  [1] (👩🏽‍❤️‍💋‍👩🏿)
1F469 1F3FD 200D 1F430 200D 1F469 1F3FB     ; RGI_Emoji_ZWJ_Sequence  ; women with bunny ears: medium skin tone, light skin tone       # E17.0  [1] (👩🏽‍🐰‍👩🏻)
1F469 1F3FD 200D 1F430 200D 1F469 1F3FC     ; RGI_Emoji_ZWJ_Sequence  ; women with bunny ears: medium skin tone, medium-light skin tone #E17.0  [1] (👩🏽‍🐰‍👩🏼)
1F469 1F3FD 200D 1F430 200D 1F469 1F3FE     ; RGI_Emoji_ZWJ_Sequence  ; women with bunny ears: medium skin tone, medium-dark skin tone # E17.0  [1] (👩🏽‍🐰‍👩🏾)
1F469 1F3FD 200D 1F430 200D 1F469 1F3FF     ; RGI_Emoji_ZWJ_Sequence  ; women with bunny ears: medium skin tone, dark skin tone        # E17.0  [1] (👩🏽‍🐰‍👩🏿)
1F469 1F3FD 200D 1F91D 200D 1F468 1F3FB     ; RGI_Emoji_ZWJ_Sequence  ; woman and man holding hands: medium skin tone, light skin tone # E12.0  [1] (👩🏽‍🤝‍👨🏻)
1F469 1F3FD 200D 1F91D 200D 1F468 1F3FC     ; RGI_Emoji_ZWJ_Sequence  ; woman and man holding hands: medium skin tone, medium-light skin tone #E12.0[1] (👩🏽‍🤝‍👨🏼)
1F469 1F3FD 200D 1F91D 200D 1F468 1F3FE     ; RGI_Emoji_ZWJ_Sequence  ; woman and man holding hands: medium skin tone, medium-dark skin tone #E12.0[1] (👩🏽‍🤝‍👨🏾)
1F469 1F3FD 200D 1F91D 200D 1F468 1F3FF     ; RGI_Emoji_ZWJ_Sequence  ; woman and man holding hands: medium skin tone, dark skin tone  # E12.0  [1] (👩🏽‍🤝‍👨🏿)
1F469 1F3FD 200D 1F91D 200D 1F469 1F3FB     ; RGI_Emoji_ZWJ_Sequence  ; women holding hands: medium skin tone, light skin tone         # E12.0  [1] (👩🏽‍🤝‍👩🏻)
1F469 1F3FD 200D 1F91D 200D 1F469 1F3FC     ; RGI_Emoji_ZWJ_Sequence  ; women holding hands: medium skin tone, medium-light skin tone  # E12.0  [1] (👩🏽‍🤝‍👩🏼)
1F469 1F3FD 200D 1F91D 200D 1F469 1F3FE     ; RGI_Emoji_ZWJ_Sequence  ; women holding hands: medium skin tone, medium-dark skin tone   # E12.1  [1] (👩🏽‍🤝‍👩🏾)
1F469 1F3FD 200D 1F91D 200D 1F469 1F3FF     ; RGI_Emoji_ZWJ_Sequence  ; women holding hands: medium skin tone, dark skin tone          # E12.1  [1] (👩🏽‍🤝‍👩🏿)
1F469 1F3FD 200D 1FAEF 200D 1F469 1F3FB     ; RGI_Emoji_ZWJ_Sequence  ; women wrestling: medium skin tone, light skin tone             # E17.0  [1] (👩🏽‍🫯‍👩🏻)
1F469 1F3FD 200D 1FAEF 200D 1F469 1F3FC     ; RGI_Emoji_ZWJ_Sequence  ; women wrestling: medium skin tone, medium-light skin tone      # E17.0  [1] (👩🏽‍🫯‍👩🏼)
1F469 1F3FD 200D 1FAEF 200D 1F469 1F3FE     ; RGI_Emoji_ZWJ_Sequence  ; women wrestling: medium skin tone, medium-dark skin tone       # E17.0  [1] (👩🏽‍🫯‍👩🏾)
1F469 1F3FD 200D 1FAEF 200D 1F469 1F3FF     ; RGI_Emoji_ZWJ_Sequence  ; women wrestling: medium skin tone, dark skin tone              # E17.0  [1] (👩🏽‍🫯‍👩🏿)
1F469 1F3FE 200D 2764 FE0F 200D 1F468 1F3FB ; RGI_Emoji_ZWJ_Sequence  ; couple with heart: woman, man, medium-dark skin tone, light skin tone #E13.1[1] (👩🏾‍❤️‍👨🏻)
1F469 1F3FE 200D 2764 FE0F 200D 1F468 1F3FC ; RGI_Emoji_ZWJ_Sequence  ; couple with heart: woman, man, medium-dark skin tone, medium-light skin tone #E13.1[1] (👩🏾‍❤️‍👨🏼)
1F469 1F3FE 200D 2764 FE0F 200D 1F468 1F3FD ; RGI_Emoji_ZWJ_Sequence  ; couple with heart: woman, man, medium-dark skin tone, medium skin tone #E13.1[1] (👩🏾‍❤️‍👨🏽)
1F469 1F3FE 200D 2764 FE0F 200D 1F468 1F3FE ; RGI_Emoji_ZWJ_Sequence  ; couple with heart: woman, man, medium-dark skin tone           # E13.1  [1] (👩🏾‍❤️‍👨🏾)
1F469 1F3FE 200D 2764 FE0F 200D 1F468 1F3FF ; RGI_Emoji_ZWJ_Sequence  ; couple with heart: woman, man, medium-dark skin tone, dark skin tone #E13.1[1] (👩🏾‍❤️‍👨🏿)
1F469 1F3FE 200D 2764 FE0F 200D 1F469 1F3FB ; RGI_Emoji_ZWJ_Sequence  ; couple with heart: woman, woman, medium-dark skin tone, light skin tone #E13.1[1] (👩🏾‍❤️‍👩🏻)
1F469 1F3FE 200D 2764 FE0F 200D 1F469 1F3FC ; RGI_Emoji_ZWJ_Sequence  ; couple with heart: woman, woman, medium-dark skin tone, medium-light skin tone #E13.1[1] (👩🏾‍❤️‍👩🏼)
1F469 1F3FE 200D 2764 FE0F 200D 1F469 1F3FD ; RGI_Emoji_ZWJ_Sequence  ; couple with heart: woman, woman, medium-dark skin tone, medium skin tone #E13.1[1] (👩🏾‍❤️‍👩🏽)
1F469 1F3FE 200D 2764 FE0F 200D 1F469 1F3FE ; RGI_Emoji_ZWJ_Sequence  ; couple with heart: woman, woman, medium-dark skin tone         # E13.1  [1] (👩🏾‍❤️‍👩🏾)
1F469 1F3FE 200D 2764 FE0F 200D 1F469 1F3FF ; RGI_Emoji_ZWJ_Sequence  ; couple with heart: woman, woman, medium-dark skin tone, dark skin tone #E13.1[1] (👩🏾‍❤️‍👩🏿)
1F469 1F3FE 200D 2764 FE0F 200D 1F48B 200D 1F468 1F3FB; RGI_Emoji_ZWJ_Sequence; kiss: woman, man, medium-dark skin tone, light skin tone #E13.1 [1] (👩🏾‍❤️‍💋‍👨🏻)
1F469 1F3FE 200D 2764 FE0F 200D 1F48B 200D 1F468 1F3FC; RGI_Emoji_ZWJ_Sequence; kiss: woman, man, medium-dark skin tone, medium-light skin tone #E13.1[1] (👩🏾‍❤️‍💋‍👨🏼)
1F469 1F3FE 200D 2764 FE0F 200D 1F48B 200D 1F468 1F3FD; RGI_Emoji_ZWJ_Sequence; kiss: woman, man, medium-dark skin tone, medium skin tone #E13.1[1] (👩🏾‍❤️‍💋‍👨🏽)
1F469 1F3FE 200D 2764 FE0F 200D 1F48B 200D 1F468 1F3FE; RGI_Emoji_ZWJ_Sequence; kiss: woman, man, medium-dark skin tone                # E13.1  [1] (👩🏾‍❤️‍💋‍👨🏾)
1F469 1F3FE 200D 2764 FE0F 200D 1F48B 200D 1F468 1F3FF; RGI_Emoji_ZWJ_Sequence; kiss: woman, man, medium-dark skin tone, dark skin tone #E13.1  [1] (👩🏾‍❤️‍💋‍👨🏿)
1F469 1F3FE 200D 2764 FE0F 200D 1F48B 200D 1F469 1F3FB; RGI_Emoji_ZWJ_Sequence; kiss: woman, woman, medium-dark skin tone, light skin tone #E13.1[1] (👩🏾‍❤️‍💋‍👩🏻)
1F469 1F3FE 200D 2764 FE0F 200D 1F48B 200D 1F469 1F3FC; RGI_Emoji_ZWJ_Sequence; kiss: woman, woman, medium-dark skin tone, medium-light skin tone #E13.1[1] (👩🏾‍❤️‍💋‍👩🏼)
1F469 1F3FE 200D 2764 FE0F 200D 1F48B 200D 1F469 1F3FD; RGI_Emoji_ZWJ_Sequence; kiss: woman, woman, medium-dark skin tone, medium skin tone #E13.1[1] (👩🏾‍❤️‍💋‍👩🏽)
1F469 1F3FE 200D 2764 FE0F 200D 1F48B 200D 1F469 1F3FE; RGI_Emoji_ZWJ_Sequence; kiss: woman, woman, medium-dark skin tone              # E13.1  [1] (👩🏾‍❤️‍💋‍👩🏾)
1F469 1F3FE 200D 2764 FE0F 200D 1F48B 200D 1F469 1F3FF; RGI_Emoji_ZWJ_Sequence; kiss: woman, woman, medium-dark skin tone, dark skin tone #E13.1[1] (👩🏾‍❤️‍💋‍👩🏿)
1F469 1F3FE 200D 1F430 200D 1F469 1F3FB     ; RGI_Emoji_ZWJ_Sequence  ; women with bunny ears: medium-dark skin tone, light skin tone  # E17.0  [1] (👩🏾‍🐰‍👩🏻)
1F469 1F3FE 200D 1F430 200D 1F469 1F3FC     ; RGI_Emoji_ZWJ_Sequence  ; women with bunny ears: medium-dark skin tone, medium-light skin tone #E17.0[1] (👩🏾‍🐰‍👩🏼)
1F469 1F3FE 200D 1F430 200D 1F469 1F3FD     ; RGI_Emoji_ZWJ_Sequence  ; women with bunny ears: medium-dark skin tone, medium skin tone # E17.0  [1] (👩🏾‍🐰‍👩🏽)
1F469 1F3FE 200D 1F430 200D 1F469 1F3FF     ; RGI_Emoji_ZWJ_Sequence  ; women with bunny ears: medium-dark skin tone, dark skin tone   # E17.0  [1] (👩🏾‍🐰‍👩🏿)
1F469 1F3FE 200D 1F91D 200D 1F468 1F3FB     ; RGI_Emoji_ZWJ_Sequence  ; woman and man holding hands: medium-dark skin tone, light skin tone #E12.0[1] (👩🏾‍🤝‍👨🏻)
1F469 1F3FE 200D 1F91D 200D 1F468 1F3FC     ; RGI_Emoji_ZWJ_Sequence  ; woman and man holding hands: medium-dark skin tone, medium-light skin tone #E12.0[1] (👩🏾‍🤝‍👨🏼)
1F469 1F3FE 200D 1F91D 200D 1F468 1F3FD     ; RGI_Emoji_ZWJ_Sequence  ; woman and man holding hands: medium-dark skin tone, medium skin tone #E12.0[1] (👩🏾‍🤝‍👨🏽)
1F469 1F3FE 200D 1F91D 200D 1F468 1F3FF     ; RGI_Emoji_ZWJ_Sequence  ; woman and man holding hands: medium-dark skin tone, dark skin tone #E12.0[1] (👩🏾‍🤝‍👨🏿)
1F469 1F3FE 200D 1F91D 200D 1F469 1F3FB     ; RGI_Emoji_ZWJ_Sequence  ; women holding hands: medium-dark skin tone, light skin tone    # E12.0  [1] (👩🏾‍🤝‍👩🏻)
1F469 1F3FE 200D 1F91D 200D 1F469 1F3FC     ; RGI_Emoji_ZWJ_Sequence  ; women holding hands: medium-dark skin tone, medium-light skin tone #E12.0[1] (👩🏾‍🤝‍👩🏼)
1F469 1F3FE 200D 1F91D 200D 1F469 1F3FD     ; RGI_Emoji_ZWJ_Sequence  ; women holding hands: medium-dark skin tone, medium skin tone   # E12.0  [1] (👩🏾‍🤝‍👩🏽)
1F469 1F3FE 200D 1F91D 200D 1F469 1F3FF     ; RGI_Emoji_ZWJ_Sequence  ; women holding hands: medium-dark skin tone, dark skin tone     # E12.1  [1] (👩🏾‍🤝‍👩🏿)
1F469 1F3FE 200D 1FAEF 200D 1F469 1F3FB     ; RGI_Emoji_ZWJ_Sequence  ; women wrestling: medium-dark skin tone, light skin tone        # E17.0  [1] (👩🏾‍🫯‍👩🏻)
1F469 1F3FE 200D 1FAEF 200D 1F469 1F3FC     ; RGI_Emoji_ZWJ_Sequence  ; women wrestling: medium-dark skin tone, medium-light skin tone # E17.0  [1] (👩🏾‍🫯‍👩🏼)
1F469 1F3FE 200D 1FAEF 200D 1F469 1F3FD     ; RGI_Emoji_ZWJ_Sequence  ; women wrestling: medium-dark skin tone, medium skin tone       # E17.0  [1] (👩🏾‍🫯‍👩🏽)
1F469 1F3FE 200D 1FAEF 200D 1F469 1F3FF     ; RGI_Emoji_ZWJ_Sequence  ; women wrestling: medium-dark skin tone, dark skin tone         # E17.0  [1] (👩🏾‍🫯‍👩🏿)
1F469 1F3FF 200D 2764 FE0F 200D 1F468 1F3FB ; RGI_Emoji_ZWJ_Sequence  ; couple with heart: woman, man, dark skin tone, light skin tone # E13.1  [1] (👩🏿‍❤️‍👨🏻)
1F469 1F3FF 200D 2764 FE0F 200D 1F468 1F3FC ; RGI_Emoji_ZWJ_Sequence  ; couple with heart: woman, man, dark skin tone, medium-light skin tone #E13.1[1] (👩🏿‍❤️‍👨🏼)
1F469 1F3FF 200D 2764 FE0F 200D 1F468 1F3FD ; RGI_Emoji_ZWJ_Sequence  ; couple with heart: woman, man, dark skin tone, medium skin tone #E13.1  [1] (👩🏿‍❤️‍👨🏽)
1F469 1F3FF 200D 2764 FE0F 200D 1F468 1F3FE ; RGI_Emoji_ZWJ_Sequence  ; couple with heart: woman, man, dark skin tone, medium-dark skin tone #E13.1[1] (👩🏿‍❤️‍👨🏾)
1F469 1F3FF 200D 2764 FE0F 200D 1F468 1F3FF ; RGI_Emoji_ZWJ_Sequence  ; couple with heart: woman, man, dark skin tone                  # E13.1  [1] (👩🏿‍❤️‍👨🏿)
1F469 1F3FF 200D 2764 FE0F 200D 1F469 1F3FB ; RGI_Emoji_ZWJ_Sequence  ; couple with heart: woman, woman, dark skin tone, light skin tone #E13.1 [1] (👩🏿‍❤️‍👩🏻)
1F469 1F3FF 200D 2764 FE0F 200D 1F469 1F3FC ; RGI_Emoji_ZWJ_Sequence  ; couple with heart: woman, woman, dark skin tone, medium-light skin tone #E13.1[1] (👩🏿‍❤️‍👩🏼)
1F469 1F3FF 200D 2764 FE0F 200D 1F469 1F3FD ; RGI_Emoji_ZWJ_Sequence  ; couple with heart: woman, woman, dark skin tone, medium skin tone #E13.1[1] (👩🏿‍❤️‍👩🏽)
1F469 1F3FF 200D 2764 FE0F 200D 1F469 1F3FE ; RGI_Emoji_ZWJ_Sequence  ; couple with heart: woman, woman, dark skin tone, medium-dark skin tone #E13.1[1] (👩🏿‍❤️‍👩🏾)
1F469 1F3FF 200D 2764 FE0F 200D 1F469 1F3FF ; RGI_Emoji_ZWJ_Sequence  ; couple with heart: woman, woman, dark skin tone                # E13.1  [1] (👩🏿‍❤️‍👩🏿)
1F469 1F3FF 200D 2764 FE0F 200D 1F48B 200D 1F468 1F3FB; RGI_Emoji_ZWJ_Sequence; kiss: woman, man, dark skin tone, light skin tone      # E13.1  [1] (👩🏿‍❤️‍💋‍👨🏻)
1F469 1F3FF 200D 2764 FE0F 200D 1F48B 200D 1F468 1F3FC; RGI_Emoji_ZWJ_Sequence; kiss: woman, man, dark skin tone, medium-light skin tone #E13.1 [1] (👩🏿‍❤️‍💋‍👨🏼)
1F469 1F3FF 200D 2764 FE0F 200D 1F48B 200D 1F468 1F3FD; RGI_Emoji_ZWJ_Sequence; kiss: woman, man, dark skin tone, medium skin tone     # E13.1  [1] (👩🏿‍❤️‍💋‍👨🏽)
1F469 1F3FF 200D 2764 FE0F 200D 1F48B 200D 1F468 1F3FE; RGI_Emoji_ZWJ_Sequence; kiss: woman, man, dark skin tone, medium-dark skin tone #E13.1  [1] (👩🏿‍❤️‍💋‍👨🏾)
1F469 1F3FF 200D 2764 FE0F 200D 1F48B 200D 1F468 1F3FF; RGI_Emoji_ZWJ_Sequence; kiss: woman, man, dark skin tone                       # E13.1  [1] (👩🏿‍❤️‍💋‍👨🏿)
1F469 1F3FF 200D 2764 FE0F 200D 1F48B 200D 1F469 1F3FB; RGI_Emoji_ZWJ_Sequence; kiss: woman, woman, dark skin tone, light skin tone    # E13.1  [1] (👩🏿‍❤️‍💋‍👩🏻)
1F469 1F3FF 200D 2764 FE0F 200D 1F48B 200D 1F469 1F3FC; RGI_Emoji_ZWJ_Sequence; kiss: woman, woman, dark skin tone, medium-light skin tone #E13.1[1] (👩🏿‍❤️‍💋‍👩🏼)
1F469 1F3FF 200D 2764 FE0F 200D 1F48B 200D 1F469 1F3FD; RGI_Emoji_ZWJ_Sequence; kiss: woman, woman, dark skin tone, medium skin tone   # E13.1  [1] (👩🏿‍❤️‍💋‍👩🏽)
1F469 1F3FF 200D 2764 FE0F 200D 1F48B 200D 1F469 1F3FE; RGI_Emoji_ZWJ_Sequence; kiss: woman, woman, dark skin tone, medium-dark skin tone #E13.1[1] (👩🏿‍❤️‍💋‍👩🏾)
1F469 1F3FF 200D 2764 FE0F 200D 1F48B 200D 1F469 1F3FF; RGI_Emoji_ZWJ_Sequence; kiss: woman, woman, dark skin tone                     # E13.1  [1] (👩🏿‍❤️‍💋‍👩🏿)
1F469 1F3FF 200D 1F430 200D 1F469 1F3FB     ; RGI_Emoji_ZWJ_Sequence  ; women with bunny ears: dark skin tone, light skin tone         # E17.0  [1] (👩🏿‍🐰‍👩🏻)
1F469 1F3FF 200D 1F430 200D 1F469 1F3FC     ; RGI_Emoji_ZWJ_Sequence  ; women with bunny ears: dark skin tone, medium-light skin tone  # E17.0  [1] (👩🏿‍🐰‍👩🏼)
1F469 1F3FF 200D 1F430 200D 1F469 1F3FD     ; RGI_Emoji_ZWJ_Sequence  ; women with bunny ears: dark skin tone, medium skin tone        # E17.0  [1] (👩🏿‍🐰‍👩🏽)
1F469 1F3FF 200D 1F430 200D 1F469 1F3FE     ; RGI_Emoji_ZWJ_Sequence  ; women with bunny ears: dark skin tone, medium-dark skin tone   # E17.0  [1] (👩🏿‍🐰‍👩🏾)
1F469 1F3FF 200D 1F91D 200D 1F468 1F3FB     ; RGI_Emoji_ZWJ_Sequence  ; woman and man holding hands: dark skin tone, light skin tone   # E12.0  [1] (👩🏿‍🤝‍👨🏻)
1F469 1F3FF 200D 1F91D 200D 1F468 1F3FC     ; RGI_Emoji_ZWJ_Sequence  ; woman and man holding hands: dark skin tone, medium-light skin tone #E12.0[1] (👩🏿‍🤝‍👨🏼)
1F469 1F3FF 200D 1F91D 200D 1F468 1F3FD     ; RGI_Emoji_ZWJ_Sequence  ; woman and man holding hands: dark skin tone, medium skin tone  # E12.0  [1] (👩🏿‍🤝‍👨🏽)
1F469 1F3FF 200D 1F91D 200D 1F468 1F3FE     ; RGI_Emoji_ZWJ_Sequence  ; woman and man holding hands: dark skin tone, medium-dark skin tone #E12.0[1] (👩🏿‍🤝‍👨🏾)
1F469 1F3FF 200D 1F91D 200D 1F469 1F3FB     ; RGI_Emoji_ZWJ_Sequence  ; women holding hands: dark skin tone, light skin tone           # E12.0  [1] (👩🏿‍🤝‍👩🏻)
1F469 1F3FF 200D 1F91D 200D 1F469 1F3FC     ; RGI_Emoji_ZWJ_Sequence  ; women holding hands: dark skin tone, medium-light skin tone    # E12.0  [1] (👩🏿‍🤝‍👩🏼)
1F469 1F3FF 200D 1F91D 200D 1F469 1F3FD     ; RGI_Emoji_ZWJ_Sequence  ; women holding hands: dark skin tone, medium skin tone          # E12.0  [1] (👩🏿‍🤝‍👩🏽)
1F469 1F3FF 200D 1F91D 200D 1F469 1F3FE     ; RGI_Emoji_ZWJ_Sequence  ; women holding hands: dark skin tone, medium-dark skin tone     # E12.0  [1] (👩🏿‍🤝‍👩🏾)
1F469 1F3FF 200D 1FAEF 200D 1F469 1F3FB     ; RGI_Emoji_ZWJ_Sequence  ; women wrestling: dark skin tone, light skin tone               # E17.0  [1] (👩🏿‍🫯‍👩🏻)
1F469 1F3FF 200D 1FAEF 200D 1F469 1F3FC     ; RGI_Emoji_ZWJ_Sequence  ; women wrestling: dark skin tone, medium-light skin tone        # E17.0  [1] (👩🏿‍🫯‍👩🏼)
1F469 1F3FF 200D 1FAEF 200D 1F469 1F3FD     ; RGI_Emoji_ZWJ_Sequence  ; women wrestling: dark skin tone, medium skin tone              # E17.0  [1] (👩🏿‍🫯‍👩🏽)
1F469 1F3FF 200D 1FAEF 200D 1F469 1F3FE     ; RGI_Emoji_ZWJ_Sequence  ; women wrestling: dark skin tone, medium-dark skin tone         # E17.0  [1] (👩🏿‍🫯‍👩🏾)
1F9D1 200D 1F91D 200D 1F9D1                 ; RGI_Emoji_ZWJ_Sequence  ; people holding hands                                           # E12.0  [1] (🧑‍🤝‍🧑)
1F9D1 200D 1F9D1 200D 1F9D2                 ; RGI_Emoji_ZWJ_Sequence  ; family: adult, adult, child                                    # E15.1  [1] (🧑‍🧑‍🧒)
1F9D1 200D 1F9D1 200D 1F9D2 200D 1F9D2      ; RGI_Emoji_ZWJ_Sequence  ; family: adult, adult, child, child                             # E15.1  [1] (🧑‍🧑‍🧒‍🧒)
1F9D1 200D 1F9D2                            ; RGI_Emoji_ZWJ_Sequence  ; family: adult, child                                           # E15.1  [1] (🧑‍🧒)
1F9D1 200D 1F9D2 200D 1F9D2                 ; RGI_Emoji_ZWJ_Sequence  ; family: adult, child, child                                    # E15.1  [1] (🧑‍🧒‍🧒)
1F9D1 1F3FB 200D 2764 FE0F 200D 1F48B 200D 1F9D1 1F3FC; RGI_Emoji_ZWJ_Sequence; kiss: person, person, light skin tone, medium-light skin tone #E13.1[1] (🧑🏻‍❤️‍💋‍🧑🏼)
1F9D1 1F3FB 200D 2764 FE0F 200D 1F48B 200D 1F9D1 1F3FD; RGI_Emoji_ZWJ_Sequence; kiss: person, person, light skin tone, medium skin tone #E13.1  [1] (🧑🏻‍❤️‍💋‍🧑🏽)
1F9D1 1F3FB 200D 2764 FE0F 200D 1F48B 200D 1F9D1 1F3FE; RGI_Emoji_ZWJ_Sequence; kiss: person, person, light skin tone, medium-dark skin tone #E13.1[1] (🧑🏻‍❤️‍💋‍🧑🏾)
1F9D1 1F3FB 200D 2764 FE0F 200D 1F48B 200D 1F9D1 1F3FF; RGI_Emoji_ZWJ_Sequence; kiss: person, person, light skin tone, dark skin tone  # E13.1  [1] (🧑🏻‍❤️‍💋‍🧑🏿)
1F9D1 1F3FB 200D 2764 FE0F 200D 1F9D1 1F3FC ; RGI_Emoji_ZWJ_Sequence  ; couple with heart: person, person, light skin tone, medium-light skin tone #E13.1[1] (🧑🏻‍❤️‍🧑🏼)
1F9D1 1F3FB 200D 2764 FE0F 200D 1F9D1 1F3FD ; RGI_Emoji_ZWJ_Sequence  ; couple with heart: person, person, light skin tone, medium skin tone #E13.1[1] (🧑🏻‍❤️‍🧑🏽)
1F9D1 1F3FB 200D 2764 FE0F 200D 1F9D1 1F3FE ; RGI_Emoji_ZWJ_Sequence  ; couple with heart: person, person, light skin tone, medium-dark skin tone #E13.1[1] (🧑🏻‍❤️‍🧑🏾)
1F9D1 1F3FB 200D 2764 FE0F 200D 1F9D1 1F3FF ; RGI_Emoji_ZWJ_Sequence  ; couple with heart: person, person, light skin tone, dark skin tone #E13.1[1] (🧑🏻‍❤️‍🧑🏿)
1F9D1 1F3FB 200D 1F91D 200D 1F9D1 1F3FB     ; RGI_Emoji_ZWJ_Sequence  ; people holding hands: light skin tone                          # E12.0  [1] (🧑🏻‍🤝‍🧑🏻)
1F9D1 1F3FB 200D 1F91D 200D 1F9D1 1F3FC     ; RGI_Emoji_ZWJ_Sequence  ; people holding hands: light skin tone, medium-light skin tone  # E12.1  [1] (🧑🏻‍🤝‍🧑🏼)
1F9D1 1F3FB 200D 1F91D 200D 1F9D1 1F3FD     ; RGI_Emoji_ZWJ_Sequence  ; people holding hands: light skin tone, medium skin tone        # E12.1  [1] (🧑🏻‍🤝‍🧑🏽)
1F9D1 1F3FB 200D 1F91D 200D 1F9D1 1F3FE     ; RGI_Emoji_ZWJ_Sequence  ; people holding hands: light skin tone, medium-dark skin tone   # E12.1  [1] (🧑🏻‍🤝‍🧑🏾)
1F9D1 1F3FB 200D 1F91D 200D 1F9D1 1F3FF     ; RGI_Emoji_ZWJ_Sequence  ; people holding hands: light skin tone, dark skin tone          # E12.1  [1] (🧑🏻‍🤝‍🧑🏿)
1F9D1 1F3FC 200D 2764 FE0F 200D 1F48B 200D 1F9D1 1F3FB; RGI_Emoji_ZWJ_Sequence; kiss: person, person, medium-light skin tone, light skin tone #E13.1[1] (🧑🏼‍❤️‍💋‍🧑🏻)
1F9D1 1F3FC 200D 2764 FE0F 200D 1F48B 200D 1F9D1 1F3FD; RGI_Emoji_ZWJ_Sequence; kiss: person, person, medium-light skin tone, medium skin tone #E13.1[1] (🧑🏼‍❤️‍💋‍🧑🏽)
1F9D1 1F3FC 200D 2764 FE0F 200D 1F48B 200D 1F9D1 1F3FE; RGI_Emoji_ZWJ_Sequence; kiss: person, person, medium-light skin tone, medium-dark skin tone #E13.1[1] (🧑🏼‍❤️‍💋‍🧑🏾)
1F9D1 1F3FC 200D 2764 FE0F 200D 1F48B 200D 1F9D1 1F3FF; RGI_Emoji_ZWJ_Sequence; kiss: person, person, medium-light skin tone, dark skin tone #E13.1[1] (🧑🏼‍❤️‍💋‍🧑🏿)
1F9D1 1F3FC 200D 2764 FE0F 200D 1F9D1 1F3FB ; RGI_Emoji_ZWJ_Sequence  ; couple with heart: person, person, medium-light skin tone, light skin tone #E13.1[1] (🧑🏼‍❤️‍🧑🏻)
1F9D1 1F3FC 200D 2764 FE0F 200D 1F9D1 1F3FD ; RGI_Emoji_ZWJ_Sequence  ; couple with heart: person, person, medium-light skin tone, medium skin tone #E13.1[1] (🧑🏼‍❤️‍🧑🏽)
1F9D1 1F3FC 200D 2764 FE0F 200D 1F9D1 1F3FE ; RGI_Emoji_ZWJ_Sequence  ; couple with heart: person, person, medium-light skin tone, medium-dark skin tone #E13.1[1] (🧑🏼‍❤️‍🧑🏾)
1F9D1 1F3FC 200D 2764 FE0F 200D 1F9D1 1F3FF ; RGI_Emoji_ZWJ_Sequence  ; couple with heart: person, person, medium-light skin tone, dark skin tone #E13.1[1] (🧑🏼‍❤️‍🧑🏿)
1F9D1 1F3FC 200D 1F91D 200D 1F9D1 1F3FB     ; RGI_Emoji_ZWJ_Sequence  ; people holding hands: medium-light skin tone, light skin tone  # E12.0  [1] (🧑🏼‍🤝‍🧑🏻)
1F9D1 1F3FC 200D 1F91D 200D 1F9D1 1F3FC     ; RGI_Emoji_ZWJ_Sequence  ; people holding hands: medium-light skin tone                   # E12.0  [1] (🧑🏼‍🤝‍🧑🏼)
1F9D1 1F3FC 200D 1F91D 200D 1F9D1 1F3FD     ; RGI_Emoji_ZWJ_Sequence  ; people holding hands: medium-light skin tone, medium skin tone # E12.1  [1] (🧑🏼‍🤝‍🧑🏽)
1F9D1 1F3FC 200D 1F91D 200D 1F9D1 1F3FE     ; RGI_Emoji_ZWJ_Sequence  ; people holding hands: medium-light skin tone, medium-dark skin tone #E12.1[1] (🧑🏼‍🤝‍🧑🏾)
1F9D1 1F3FC 200D 1F91D 200D 1F9D1 1F3FF     ; RGI_Emoji_ZWJ_Sequence  ; people holding hands: medium-light skin tone, dark skin tone   # E12.1  [1] (🧑🏼‍🤝‍🧑🏿)
1F9D1 1F3FD 200D 2764 FE0F 200D 1F48B 200D 1F9D1 1F3FB; RGI_Emoji_ZWJ_Sequence; kiss: person, person, medium skin tone, light skin tone #E13.1  [1] (🧑🏽‍❤️‍💋‍🧑🏻)
1F9D1 1F3FD 200D 2764 FE0F 200D 1F48B 200D 1F9D1 1F3FC; RGI_Emoji_ZWJ_Sequence; kiss: person, person, medium skin tone, medium-light skin tone #E13.1[1] (🧑🏽‍❤️‍💋‍🧑🏼)
1F9D1 1F3FD 200D 2764 FE0F 200D 1F48B 200D 1F9D1 1F3FE; RGI_Emoji_ZWJ_Sequence; kiss: person, person, medium skin tone, medium-dark skin tone #E13.1[1] (🧑🏽‍❤️‍💋‍🧑🏾)
1F9D1 1F3FD 200D 2764 FE0F 200D 1F48B 200D 1F9D1 1F3FF; RGI_Emoji_ZWJ_Sequence; kiss: person, person, medium skin tone, dark skin tone # E13.1  [1] (🧑🏽‍❤️‍💋‍🧑🏿)
1F9D1 1F3FD 200D 2764 FE0F 200D 1F9D1 1F3FB ; RGI_Emoji_ZWJ_Sequence  ; couple with heart: person, person, medium skin tone, light skin tone #E13.1[1] (🧑🏽‍❤️‍🧑🏻)
1F9D1 1F3FD 200D 2764 FE0F 200D 1F9D1 1F3FC ; RGI_Emoji_ZWJ_Sequence  ; couple with heart: person, person, medium skin tone, medium-light skin tone #E13.1[1] (🧑🏽‍❤️‍🧑🏼)
1F9D1 1F3FD 200D 2764 FE0F 200D 1F9D1 1F3FE ; RGI_Emoji_ZWJ_Sequence  ; couple with heart: person, person, medium skin tone, medium-dark skin tone #E13.1[1] (🧑🏽‍❤️‍🧑🏾)
1F9D1 1F3FD 200D 2764 FE0F 200D 1F9D1 1F3FF ; RGI_Emoji_ZWJ_Sequence  ; couple with heart: person, person, medium skin tone, dark skin tone #E13.1[1] (🧑🏽‍❤️‍🧑🏿)
1F9D1 1F3FD 200D 1F91D 200D 1F9D1 1F3FB     ; RGI_Emoji_ZWJ_Sequence  ; people holding hands: medium skin tone, light skin tone        # E12.0  [1] (🧑🏽‍🤝‍🧑🏻)
1F9D1 1F3FD 200D 1F91D 200D 1F9D1 1F3FC     ; RGI_Emoji_ZWJ_Sequence  ; people holding hands: medium skin tone, medium-light skin tone # E12.0  [1] (🧑🏽‍🤝‍🧑🏼)
1F9D1 1F3FD 200D 1F91D 200D 1F9D1 1F3FD     ; RGI_Emoji_ZWJ_Sequence  ; people holding hands: medium skin tone                         # E12.0  [1] (🧑🏽‍🤝‍🧑🏽)
1F9D1 1F3FD 200D 1F91D 200D 1F9D1 1F3FE     ; RGI_Emoji_ZWJ_Sequence  ; people holding hands: medium skin tone, medium-dark skin tone  # E12.1  [1] (🧑🏽‍🤝‍🧑🏾)
1F9D1 1F3FD 200D 1F91D 200D 1F9D1 1F3FF     ; RGI_Emoji_ZWJ_Sequence  ; people holding hands: medium skin tone, dark skin tone         # E12.1  [1] (🧑🏽‍🤝‍🧑🏿)
1F9D1 1F3FE 200D 2764 FE0F 200D 1F48B 200D 1F9D1 1F3FB; RGI_Emoji_ZWJ_Sequence; kiss: person, person, medium-dark skin tone, light skin tone #E13.1[1] (🧑🏾‍❤️‍💋‍🧑🏻)
1F9D1 1F3FE 200D 2764 FE0F 200D 1F48B 200D 1F9D1 1F3FC; RGI_Emoji_ZWJ_Sequence; kiss: person, person, medium-dark skin tone, medium-light skin tone #E13.1[1] (🧑🏾‍❤️‍💋‍🧑🏼)
1F9D1 1F3FE 200D 2764 FE0F 200D 1F48B 200D 1F9D1 1F3FD; RGI_Emoji_ZWJ_Sequence; kiss: person, person, medium-dark skin tone, medium skin tone #E13.1[1] (🧑🏾‍❤️‍💋‍🧑🏽)
1F9D1 1F3FE 200D 2764 FE0F 200D 1F48B 200D 1F9D1 1F3FF; RGI_Emoji_ZWJ_Sequence; kiss: person, person, medium-dark skin tone, dark skin tone #E13.1[1] (🧑🏾‍❤️‍💋‍🧑🏿)
1F9D1 1F3FE 200D 2764 FE0F 200D 1F9D1 1F3FB ; RGI_Emoji_ZWJ_Sequence  ; couple with heart: person, person, medium-dark skin tone, light skin tone #E13.1[1] (🧑🏾‍❤️‍🧑🏻)
1F9D1 1F3FE 200D 2764 FE0F 200D 1F9D1 1F3FC ; RGI_Emoji_ZWJ_Sequence  ; couple with heart: person, person, medium-dark skin tone, medium-light skin tone #E13.1[1] (🧑🏾‍❤️‍🧑🏼)
1F9D1 1F3FE 200D 2764 FE0F 200D 1F9D1 1F3FD ; RGI_Emoji_ZWJ_Sequence  ; couple with heart: person, person, medium-dark skin tone, medium skin tone #E13.1[1] (🧑🏾‍❤️‍🧑🏽)
1F9D1 1F3FE 200D 2764 FE0F 200D 1F9D1 1F3FF ; RGI_Emoji_ZWJ_Sequence  ; couple with heart: person, person, medium-dark skin tone, dark skin tone #E13.1[1] (🧑🏾‍❤️‍🧑🏿)
1F9D1 1F3FE 200D 1F91D 200D 1F9D1 1F3FB     ; RGI_Emoji_ZWJ_Sequence  ; people holding hands: medium-dark skin tone, light skin tone   # E12.0  [1] (🧑🏾‍🤝‍🧑🏻)
1F9D1 1F3FE 200D 1F91D 200D 1F9D1 1F3FC     ; RGI_Emoji_ZWJ_Sequence  ; people holding hands: medium-dark skin tone, medium-light skin tone #E12.0[1] (🧑🏾‍🤝‍🧑🏼)
1F9D1 1F3FE 200D 1F91D 200D 1F9D1 1F3FD     ; RGI_Emoji_ZWJ_Sequence  ; people holding hands: medium-dark skin tone, medium skin tone  # E12.0  [1] (🧑🏾‍🤝‍🧑🏽)
1F9D1 1F3FE 200D 1F91D 200D 1F9D1 1F3FE     ; RGI_Emoji_ZWJ_Sequence  ; people holding hands: medium-dark skin tone                    # E12.0  [1] (🧑🏾‍🤝‍🧑🏾)
1F9D1 1F3FE 200D 1F91D 200D 1F9D1 1F3FF     ; RGI_Emoji_ZWJ_Sequence  ; people holding hands: medium-dark skin tone, dark skin tone    # E12.1  [1] (🧑🏾‍🤝‍🧑🏿)
1F9D1 1F3FF 200D 2764 FE0F 200D 1F48B 200D 1F9D1 1F3FB; RGI_Emoji_ZWJ_Sequence; kiss: person, person, dark skin tone, light skin tone  # E13.1  [1] (🧑🏿‍❤️‍💋‍🧑🏻)
1F9D1 1F3FF 200D 2764 FE0F 200D 1F48B 200D 1F9D1 1F3FC; RGI_Emoji_ZWJ_Sequence; kiss: person, person, dark skin tone, medium-light skin tone #E13.1[1] (🧑🏿‍❤️‍💋‍🧑🏼)
1F9D1 1F3FF 200D 2764 FE0F 200D 1F48B 200D 1F9D1 1F3FD; RGI_Emoji_ZWJ_Sequence; kiss: person, person, dark skin tone, medium skin tone # E13.1  [1] (🧑🏿‍❤️‍💋‍🧑🏽)
1F9D1 1F3FF 200D 2764 FE0F 200D 1F48B 200D 1F9D1 1F3FE; RGI_Emoji_ZWJ_Sequence; kiss: person, person, dark skin tone, medium-dark skin tone #E13.1[1] (🧑🏿‍❤️‍💋‍🧑🏾)
1F9D1 1F3FF 200D 2764 FE0F 200D 1F9D1 1F3FB ; RGI_Emoji_ZWJ_Sequence  ; couple with heart: person, person, dark skin tone, light skin tone #E13.1[1] (🧑🏿‍❤️‍🧑🏻)
1F9D1 1F3FF 200D 2764 FE0F 200D 1F9D1 1F3FC ; RGI_Emoji_ZWJ_Sequence  ; couple with heart: person, person, dark skin tone, medium-light skin tone #E13.1[1] (🧑🏿‍❤️‍🧑🏼)
1F9D1 1F3FF 200D 2764 FE0F 200D 1F9D1 1F3FD ; RGI_Emoji_ZWJ_Sequence  ; couple with heart: person, person, dark skin tone, medium skin tone #E13.1[1] (🧑🏿‍❤️‍🧑🏽)
1F9D1 1F3FF 200D 2764 FE0F 200D 1F9D1 1F3FE ; RGI_Emoji_ZWJ_Sequence  ; couple with heart: person, person, dark skin tone, medium-dark skin tone #E13.1[1] (🧑🏿‍❤️‍🧑🏾)
1F9D1 1F3FF 200D 1F91D 200D 1F9D1 1F3FB     ; RGI_Emoji_ZWJ_Sequence  ; people holding hands: dark skin tone, light skin tone          # E12.0  [1] (🧑🏿‍🤝‍🧑🏻)
1F9D1 1F3FF 200D 1F91D 200D 1F9D1 1F3FC     ; RGI_Emoji_ZWJ_Sequence  ; people holding hands: dark skin tone, medium-light skin tone   # E12.0  [1] (🧑🏿‍🤝‍🧑🏼)
1F9D1 1F3FF 200D 1F91D 200D 1F9D1 1F3FD     ; RGI_Emoji_ZWJ_Sequence  ; people holding hands: dark skin tone, medium skin tone         # E12.0  [1] (🧑🏿‍🤝‍🧑🏽)
1F9D1 1F3FF 200D 1F91D 200D 1F9D1 1F3FE     ; RGI_Emoji_ZWJ_Sequence  ; people holding hands: dark skin tone, medium-dark skin tone    # E12.0  [1] (🧑🏿‍🤝‍🧑🏾)
1F9D1 1F3FF 200D 1F91D 200D 1F9D1 1F3FF     ; RGI_Emoji_ZWJ_Sequence  ; people holding hands: dark skin tone                           # E12.0  [1] (🧑🏿‍🤝‍🧑🏿)
1FAF1 1F3FB 200D 1FAF2 1F3FC                ; RGI_Emoji_ZWJ_Sequence  ; handshake: light skin tone, medium-light skin tone             # E14.0  [1] (🫱🏻‍🫲🏼)
1FAF1 1F3FB 200D 1FAF2 1F3FD                ; RGI_Emoji_ZWJ_Sequence  ; handshake: light skin tone, medium skin tone                   # E14.0  [1] (🫱🏻‍🫲🏽)
1FAF1 1F3FB 200D 1FAF2 1F3FE                ; RGI_Emoji_ZWJ_Sequence  ; handshake: light skin tone, medium-dark skin tone              # E14.0  [1] (🫱🏻‍🫲🏾)
1FAF1 1F3FB 200D 1FAF2 1F3FF                ; RGI_Emoji_ZWJ_Sequence  ; handshake: light skin tone, dark skin tone                     # E14.0  [1] (🫱🏻‍🫲🏿)
1FAF1 1F3FC 200D 1FAF2 1F3FB                ; RGI_Emoji_ZWJ_Sequence  ; handshake: medium-light skin tone, light skin tone             # E14.0  [1] (🫱🏼‍🫲🏻)
1FAF1 1F3FC 200D 1FAF2 1F3FD                ; RGI_Emoji_ZWJ_Sequence  ; handshake: medium-light skin tone, medium skin tone            # E14.0  [1] (🫱🏼‍🫲🏽)
1FAF1 1F3FC 200D 1FAF2 1F3FE                ; RGI_Emoji_ZWJ_Sequence  ; handshake: medium-light skin tone, medium-dark skin tone       # E14.0  [1] (🫱🏼‍🫲🏾)
1FAF1 1F3FC 200D 1FAF2 1F3FF                ; RGI_Emoji_ZWJ_Sequence  ; handshake: medium-light skin tone, dark skin tone              # E14.0  [1] (🫱🏼‍🫲🏿)
1FAF1 1F3FD 200D 1FAF2 1F3FB                ; RGI_Emoji_ZWJ_Sequence  ; handshake: medium skin tone, light skin tone                   # E14.0  [1] (🫱🏽‍🫲🏻)
1FAF1 1F3FD 200D 1FAF2 1F3FC                ; RGI_Emoji_ZWJ_Sequence  ; handshake: medium skin tone, medium-light skin tone            # E14.0  [1] (🫱🏽‍🫲🏼)
1FAF1 1F3FD 200D 1FAF2 1F3FE                ; RGI_Emoji_ZWJ_Sequence  ; handshake: medium skin tone, medium-dark skin tone             # E14.0  [1] (🫱🏽‍🫲🏾)
1FAF1 1F3FD 200D 1FAF2 1F3FF                ; RGI_Emoji_ZWJ_Sequence  ; handshake: medium skin tone, dark skin tone                    # E14.0  [1] (🫱🏽‍🫲🏿)
1FAF1 1F3FE 200D 1FAF2 1F3FB                ; RGI_Emoji_ZWJ_Sequence  ; handshake: medium-dark skin tone, light skin tone              # E14.0  [1] (🫱🏾‍🫲🏻)
1FAF1 1F3FE 200D 1FAF2 1F3FC                ; RGI_Emoji_ZWJ_Sequence  ; handshake: medium-dark skin tone, medium-light skin tone       # E14.0  [1] (🫱🏾‍🫲🏼)
1FAF1 1F3FE 200D 1FAF2 1F3FD                ; RGI_Emoji_ZWJ_Sequence  ; handshake: medium-dark skin tone, medium skin tone             # E14.0  [1] (🫱🏾‍🫲🏽)
1FAF1 1F3FE 200D 1FAF2 1F3FF                ; RGI_Emoji_ZWJ_Sequence  ; handshake: medium-dark skin tone, dark skin tone               # E14.0  [1] (🫱🏾‍🫲🏿)
1FAF1 1F3FF 200D 1FAF2 1F3FB                ; RGI_Emoji_ZWJ_Sequence  ; handshake: dark skin tone, light skin tone                     # E14.0  [1] (🫱🏿‍🫲🏻)
1FAF1 1F3FF 200D 1FAF2 1F3FC                ; RGI_Emoji_ZWJ_Sequence  ; handshake: dark skin tone, medium-light skin tone              # E14.0  [1] (🫱🏿‍🫲🏼)
1FAF1 1F3FF 200D 1FAF2 1F3FD                ; RGI_Emoji_ZWJ_Sequence  ; handshake: dark skin tone, medium skin tone                    # E14.0  [1] (🫱🏿‍🫲🏽)
1FAF1 1F3FF 200D 1FAF2 1F3FE                ; RGI_Emoji_ZWJ_Sequence  ; handshake: dark skin tone, medium-dark skin tone               # E14.0  [1] (🫱🏿‍🫲🏾)
1F3C3 200D 27A1 FE0F                        ; RGI_Emoji_ZWJ_Sequence  ; person running facing right                                    # E15.1  [1] (🏃‍➡️)
1F3C3 1F3FB 200D 27A1 FE0F                  ; RGI_Emoji_ZWJ_Sequence  ; person running facing right: light skin tone                   # E15.1  [1] (🏃🏻‍➡️)
1F3C3 1F3FC 200D 27A1 FE0F                  ; RGI_Emoji_ZWJ_Sequence  ; person running facing right: medium-light skin tone            # E15.1  [1] (🏃🏼‍➡️)
1F3C3 1F3FD 200D 27A1 FE0F                  ; RGI_Emoji_ZWJ_Sequence  ; person running facing right: medium skin tone                  # E15.1  [1] (🏃🏽‍➡️)
1F3C3 1F3FE 200D 27A1 FE0F                  ; RGI_Emoji_ZWJ_Sequence  ; person running facing right: medium-dark skin tone             # E15.1  [1] (🏃🏾‍➡️)
1F3C3 1F3FF 200D 27A1 FE0F                  ; RGI_Emoji_ZWJ_Sequence  ; person running facing right: dark skin tone                    # E15.1  [1] (🏃🏿‍➡️)
1F468 200D 2695 FE0F                        ; RGI_Emoji_ZWJ_Sequence  ; man health worker                                              # E4.0   [1] (👨‍⚕️)
1F468 200D 2696 FE0F                        ; RGI_Emoji_ZWJ_Sequence  ; man judge                                                      # E4.0   [1] (👨‍⚖️)
1F468 200D 2708 FE0F                        ; RGI_Emoji_ZWJ_Sequence  ; man pilot                                                      # E4.0   [1] (👨‍✈️)
1F468 200D 1F33E                            ; RGI_Emoji_ZWJ_Sequence  ; man farmer                                                     # E4.0   [1] (👨‍🌾)
1F468 200D 1F373                            ; RGI_Emoji_ZWJ_Sequence  ; man cook                                                       # E4.0   [1] (👨‍🍳)
1F468 200D 1F37C                            ; RGI_Emoji_ZWJ_Sequence  ; man feeding baby                                               # E13.0  [1] (👨‍🍼)
1F468 200D 1F393                            ; RGI_Emoji_ZWJ_Sequence  ; man student                                                    # E4.0   [1] (👨‍🎓)
1F468 200D 1F3A4                            ; RGI_Emoji_ZWJ_Sequence  ; man singer                                                     # E4.0   [1] (👨‍🎤)
1F468 200D 1F3A8                            ; RGI_Emoji_ZWJ_Sequence  ; man artist                                                     # E4.0   [1] (👨‍🎨)
1F468 200D 1F3EB                            ; RGI_Emoji_ZWJ_Sequence  ; man teacher                                                    # E4.0   [1] (👨‍🏫)
1F468 200D 1F3ED                            ; RGI_Emoji_ZWJ_Sequence  ; man factory worker                                             # E4.0   [1] (👨‍🏭)
1F468 200D 1F4BB                            ; RGI_Emoji_ZWJ_Sequence  ; man technologist                                               # E4.0   [1] (👨‍💻)
1F468 200D 1F4BC                            ; RGI_Emoji_ZWJ_Sequence  ; man office worker                                              # E4.0   [1] (👨‍💼)
1F468 200D 1F527                            ; RGI_Emoji_ZWJ_Sequence  ; man mechanic                                                   # E4.0   [1] (👨‍🔧)
1F468 200D 1F52C                            ; RGI_Emoji_ZWJ_Sequence  ; man scientist                                                  # E4.0   [1] (👨‍🔬)
1F468 200D 1F680                            ; RGI_Emoji_ZWJ_Sequence  ; man astronaut                                                  # E4.0   [1] (👨‍🚀)
1F468 200D 1F692                            ; RGI_Emoji_ZWJ_Sequence  ; man firefighter                                                # E4.0   [1] (👨‍🚒)
1F468 200D 1F9AF                            ; RGI_Emoji_ZWJ_Sequence  ; man with white cane                                            # E12.0  [1] (👨‍🦯)
1F468 200D 1F9AF 200D 27A1 FE0F             ; RGI_Emoji_ZWJ_Sequence  ; man with white cane facing right                               # E15.1  [1] (👨‍🦯‍➡️)
1F468 200D 1F9BC                            ; RGI_Emoji_ZWJ_Sequence  ; man in motorized wheelchair                                    # E12.0  [1] (👨‍🦼)
1F468 200D 1F9BC 200D 27A1 FE0F             ; RGI_Emoji_ZWJ_Sequence  ; man in motorized wheelchair facing right                       # E15.1  [1] (👨‍🦼‍➡️)
1F468 200D 1F9BD                            ; RGI_Emoji_ZWJ_Sequence  ; man in manual wheelchair                                       # E12.0  [1] (👨‍🦽)
1F468 200D 1F9BD 200D 27A1 FE0F             ; RGI_Emoji_ZWJ_Sequence  ; man in manual wheelchair facing right                          # E15.1  [1] (👨‍🦽‍➡️)
1F468 1F3FB 200D 2695 FE0F                  ; RGI_Emoji_ZWJ_Sequence  ; man health worker: light skin tone                             # E4.0   [1] (👨🏻‍⚕️)
1F468 1F3FB 200D 2696 FE0F                  ; RGI_Emoji_ZWJ_Sequence  ; man judge: light skin tone                                     # E4.0   [1] (👨🏻‍⚖️)
1F468 1F3FB 200D 2708 FE0F                  ; RGI_Emoji_ZWJ_Sequence  ; man pilot: light skin tone                                     # E4.0   [1] (👨🏻‍✈️)
1F468 1F3FB 200D 1F33E                      ; RGI_Emoji_ZWJ_Sequence  ; man farmer: light skin tone                                    # E4.0   [1] (👨🏻‍🌾)
1F468 1F3FB 200D 1F373                      ; RGI_Emoji_ZWJ_Sequence  ; man cook: light skin tone                                      # E4.0   [1] (👨🏻‍🍳)
1F468 1F3FB 200D 1F37C                      ; RGI_Emoji_ZWJ_Sequence  ; man feeding baby: light skin tone                              # E13.0  [1] (👨🏻‍🍼)
1F468 1F3FB 200D 1F393                      ; RGI_Emoji_ZWJ_Sequence  ; man student: light skin tone                                   # E4.0   [1] (👨🏻‍🎓)
1F468 1F3FB 200D 1F3A4                      ; RGI_Emoji_ZWJ_Sequence  ; man singer: light skin tone                                    # E4.0   [1] (👨🏻‍🎤)
1F468 1F3FB 200D 1F3A8                      ; RGI_Emoji_ZWJ_Sequence  ; man artist: light skin tone                                    # E4.0   [1] (👨🏻‍🎨)
1F468 1F3FB 200D 1F3EB                      ; RGI_Emoji_ZWJ_Sequence  ; man teacher: light skin tone                                   # E4.0   [1] (👨🏻‍🏫)
1F468 1F3FB 200D 1F3ED                      ; RGI_Emoji_ZWJ_Sequence  ; man factory worker: light skin tone                            # E4.0   [1] (👨🏻‍🏭)
1F468 1F3FB 200D 1F4BB                      ; RGI_Emoji_ZWJ_Sequence  ; man technologist: light skin tone                              # E4.0   [1] (👨🏻‍💻)
1F468 1F3FB 200D 1F4BC                      ; RGI_Emoji_ZWJ_Sequence  ; man office worker: light skin tone                             # E4.0   [1] (👨🏻‍💼)
1F468 1F3FB 200D 1F527                      ; RGI_Emoji_ZWJ_Sequence  ; man mechanic: light skin tone                                  # E4.0   [1] (👨🏻‍🔧)
1F468 1F3FB 200D 1F52C                      ; RGI_Emoji_ZWJ_Sequence  ; man scientist: light skin tone                                 # E4.0   [1] (👨🏻‍🔬)
1F468 1F3FB 200D 1F680                      ; RGI_Emoji_ZWJ_Sequence  ; man astronaut: light skin tone                                 # E4.0   [1] (👨🏻‍🚀)
1F468 1F3FB 200D 1F692                      ; RGI_Emoji_ZWJ_Sequence  ; man firefighter: light skin tone                               # E4.0   [1] (👨🏻‍🚒)
1F468 1F3FB 200D 1F9AF                      ; RGI_Emoji_ZWJ_Sequence  ; man with white cane: light skin tone                           # E12.0  [1] (👨🏻‍🦯)
1F468 1F3FB 200D 1F9AF 200D 27A1 FE0F       ; RGI_Emoji_ZWJ_Sequence  ; man with white cane facing right: light skin tone              # E15.1  [1] (👨🏻‍🦯‍➡️)
1F468 1F3FB 200D 1F9BC                      ; RGI_Emoji_ZWJ_Sequence  ; man in motorized wheelchair: light skin tone                   # E12.0  [1] (👨🏻‍🦼)
1F468 1F3FB 200D 1F9BC 200D 27A1 FE0F       ; RGI_Emoji_ZWJ_Sequence  ; man in motorized wheelchair facing right: light skin tone      # E15.1  [1] (👨🏻‍🦼‍➡️)
1F468 1F3FB 200D 1F9BD                      ; RGI_Emoji_ZWJ_Sequence  ; man in manual wheelchair: light skin tone                      # E12.0  [1] (👨🏻‍🦽)
1F468 1F3FB 200D 1F9BD 200D 27A1 FE0F       ; RGI_Emoji_ZWJ_Sequence  ; man in manual wheelchair facing right: light skin tone         # E15.1  [1] (👨🏻‍🦽‍➡️)
1F468 1F3FC 200D 2695 FE0F                  ; RGI_Emoji_ZWJ_Sequence  ; man health worker: medium-light skin tone                      # E4.0   [1] (👨🏼‍⚕️)
1F468 1F3FC 200D 2696 FE0F                  ; RGI_Emoji_ZWJ_Sequence  ; man judge: medium-light skin tone                              # E4.0   [1] (👨🏼‍⚖️)
1F468 1F3FC 200D 2708 FE0F                  ; RGI_Emoji_ZWJ_Sequence  ; man pilot: medium-light skin tone                              # E4.0   [1] (👨🏼‍✈️)
1F468 1F3FC 200D 1F33E                      ; RGI_Emoji_ZWJ_Sequence  ; man farmer: medium-light skin tone                             # E4.0   [1] (👨🏼‍🌾)
1F468 1F3FC 200D 1F373                      ; RGI_Emoji_ZWJ_Sequence  ; man cook: medium-light skin tone                               # E4.0   [1] (👨🏼‍🍳)
1F468 1F3FC 200D 1F37C                      ; RGI_Emoji_ZWJ_Sequence  ; man feeding baby: medium-light skin tone                       # E13.0  [1] (👨🏼‍🍼)
1F468 1F3FC 200D 1F393                      ; RGI_Emoji_ZWJ_Sequence  ; man student: medium-light skin tone                            # E4.0   [1] (👨🏼‍🎓)
1F468 1F3FC 200D 1F3A4                      ; RGI_Emoji_ZWJ_Sequence  ; man singer: medium-light skin tone                             # E4.0   [1] (👨🏼‍🎤)
1F468 1F3FC 200D 1F3A8                      ; RGI_Emoji_ZWJ_Sequence  ; man artist: medium-light skin tone                             # E4.0   [1] (👨🏼‍🎨)
1F468 1F3FC 200D 1F3EB                      ; RGI_Emoji_ZWJ_Sequence  ; man teacher: medium-light skin tone                            # E4.0   [1] (👨🏼‍🏫)
1F468 1F3FC 200D 1F3ED                      ; RGI_Emoji_ZWJ_Sequence  ; man factory worker: medium-light skin tone                     # E4.0   [1] (👨🏼‍🏭)
1F468 1F3FC 200D 1F4BB                      ; RGI_Emoji_ZWJ_Sequence  ; man technologist: medium-light skin tone                       # E4.0   [1] (👨🏼‍💻)
1F468 1F3FC 200D 1F4BC                      ; RGI_Emoji_ZWJ_Sequence  ; man office worker: medium-light skin tone                      # E4.0   [1] (👨🏼‍💼)
1F468 1F3FC 200D 1F527                      ; RGI_Emoji_ZWJ_Sequence  ; man mechanic: medium-light skin tone                           # E4.0   [1] (👨🏼‍🔧)
1F468 1F3FC 200D 1F52C                      ; RGI_Emoji_ZWJ_Sequence  ; man scientist: medium-light skin tone                          # E4.0   [1] (👨🏼‍🔬)
1F468 1F3FC 200D 1F680                      ; RGI_Emoji_ZWJ_Sequence  ; man astronaut: medium-light skin tone                          # E4.0   [1] (👨🏼‍🚀)
1F468 1F3FC 200D 1F692                      ; RGI_Emoji_ZWJ_Sequence  ; man firefighter: medium-light skin tone                        # E4.0   [1] (👨🏼‍🚒)
1F468 1F3FC 200D 1F9AF                      ; RGI_Emoji_ZWJ_Sequence  ; man with white cane: medium-light skin tone                    # E12.0  [1] (👨🏼‍🦯)
1F468 1F3FC 200D 1F9AF 200D 27A1 FE0F       ; RGI_Emoji_ZWJ_Sequence  ; man with white cane facing right: medium-light skin tone       # E15.1  [1] (👨🏼‍🦯‍➡️)
1F468 1F3FC 200D 1F9BC                      ; RGI_Emoji_ZWJ_Sequence  ; man in motorized wheelchair: medium-light skin tone            # E12.0  [1] (👨🏼‍🦼)
1F468 1F3FC 200D 1F9BC 200D 27A1 FE0F       ; RGI_Emoji_ZWJ_Sequence  ; man in motorized wheelchair facing right: medium-light skin tone #E15.1 [1] (👨🏼‍🦼‍➡️)
1F468 1F3FC 200D 1F9BD                      ; RGI_Emoji_ZWJ_Sequence  ; man in manual wheelchair: medium-light skin tone               # E12.0  [1] (👨🏼‍🦽)
1F468 1F3FC 200D 1F9BD 200D 27A1 FE0F       ; RGI_Emoji_ZWJ_Sequence  ; man in manual wheelchair facing right: medium-light skin tone  # E15.1  [1] (👨🏼‍🦽‍➡️)
1F468 1F3FD 200D 2695 FE0F                  ; RGI_Emoji_ZWJ_Sequence  ; man health worker: medium skin tone                            # E4.0   [1] (👨🏽‍⚕️)
1F468 1F3FD 200D 2696 FE0F                  ; RGI_Emoji_ZWJ_Sequence  ; man judge: medium skin tone                                    # E4.0   [1] (👨🏽‍⚖️)
1F468 1F3FD 200D 2708 FE0F                  ; RGI_Emoji_ZWJ_Sequence  ; man pilot: medium skin tone                                    # E4.0   [1] (👨🏽‍✈️)
1F468 1F3FD 200D 1F33E                      ; RGI_Emoji_ZWJ_Sequence  ; man farmer: medium skin tone                                   # E4.0   [1] (👨🏽‍🌾)
1F468 1F3FD 200D 1F373                      ; RGI_Emoji_ZWJ_Sequence  ; man cook: medium skin tone                                     # E4.0   [1] (👨🏽‍🍳)
1F468 1F3FD 200D 1F37C                      ; RGI_Emoji_ZWJ_Sequence  ; man feeding baby: medium skin tone                             # E13.0  [1] (👨🏽‍🍼)
1F468 1F3FD 200D 1F393                      ; RGI_Emoji_ZWJ_Sequence  ; man student: medium skin tone                                  # E4.0   [1] (👨🏽‍🎓)
1F468 1F3FD 200D 1F3A4                      ; RGI_Emoji_ZWJ_Sequence  ; man singer: medium skin tone                                   # E4.0   [1] (👨🏽‍🎤)
1F468 1F3FD 200D 1F3A8                      ; RGI_Emoji_ZWJ_Sequence  ; man artist: medium skin tone                                   # E4.0   [1] (👨🏽‍🎨)
1F468 1F3FD 200D 1F3EB                      ; RGI_Emoji_ZWJ_Sequence  ; man teacher: medium skin tone                                  # E4.0   [1] (👨🏽‍🏫)
1F468 1F3FD 200D 1F3ED                      ; RGI_Emoji_ZWJ_Sequence  ; man factory worker: medium skin tone                           # E4.0   [1] (👨🏽‍🏭)
1F468 1F3FD 200D 1F4BB                      ; RGI_Emoji_ZWJ_Sequence  ; man technologist: medium skin tone                             # E4.0   [1] (👨🏽‍💻)
1F468 1F3FD 200D 1F4BC                      ; RGI_Emoji_ZWJ_Sequence  ; man office worker: medium skin tone                            # E4.0   [1] (👨🏽‍💼)
1F468 1F3FD 200D 1F527                      ; RGI_Emoji_ZWJ_Sequence  ; man mechanic: medium skin tone                                 # E4.0   [1] (👨🏽‍🔧)
1F468 1F3FD 200D 1F52C                      ; RGI_Emoji_ZWJ_Sequence  ; man scientist: medium skin tone                                # E4.0   [1] (👨🏽‍🔬)
1F468 1F3FD 200D 1F680                      ; RGI_Emoji_ZWJ_Sequence  ; man astronaut: medium skin tone                                # E4.0   [1] (👨🏽‍🚀)
1F468 1F3FD 200D 1F692                      ; RGI_Emoji_ZWJ_Sequence  ; man firefighter: medium skin tone                              # E4.0   [1] (👨🏽‍🚒)
1F468 1F3FD 200D 1F9AF                      ; RGI_Emoji_ZWJ_Sequence  ; man with white cane: medium skin tone                          # E12.0  [1] (👨🏽‍🦯)
1F468 1F3FD 200D 1F9AF 200D 27A1 FE0F       ; RGI_Emoji_ZWJ_Sequence  ; man with white cane facing right: medium skin tone             # E15.1  [1] (👨🏽‍🦯‍➡️)
1F468 1F3FD 200D 1F9BC                      ; RGI_Emoji_ZWJ_Sequence  ; man in motorized wheelchair: medium skin tone                  # E12.0  [1] (👨🏽‍🦼)
1F468 1F3FD 200D 1F9BC 200D 27A1 FE0F       ; RGI_Emoji_ZWJ_Sequence  ; man in motorized wheelchair facing right: medium skin tone     # E15.1  [1] (👨🏽‍🦼‍➡️)
1F468 1F3FD 200D 1F9BD                      ; RGI_Emoji_ZWJ_Sequence  ; man in manual wheelchair: medium skin tone                     # E12.0  [1] (👨🏽‍🦽)
1F468 1F3FD 200D 1F9BD 200D 27A1 FE0F       ; RGI_Emoji_ZWJ_Sequence  ; man in manual wheelchair facing right: medium skin tone        # E15.1  [1] (👨🏽‍🦽‍➡️)
1F468 1F3FE 200D 2695 FE0F                  ; RGI_Emoji_ZWJ_Sequence  ; man health worker: medium-dark skin tone                       # E4.0   [1] (👨🏾‍⚕️)
1F468 1F3FE 200D 2696 FE0F                  ; RGI_Emoji_ZWJ_Sequence  ; man judge: medium-dark skin tone                               # E4.0   [1] (👨🏾‍⚖️)
1F468 1F3FE 200D 2708 FE0F                  ; RGI_Emoji_ZWJ_Sequence  ; man pilot: medium-dark skin tone                               # E4.0   [1] (👨🏾‍✈️)
1F468 1F3FE 200D 1F33E                      ; RGI_Emoji_ZWJ_Sequence  ; man farmer: medium-dark skin tone                              # E4.0   [1] (👨🏾‍🌾)
1F468 1F3FE 200D 1F373                      ; RGI_Emoji_ZWJ_Sequence  ; man cook: medium-dark skin tone                                # E4.0   [1] (👨🏾‍🍳)
1F468 1F3FE 200D 1F37C                      ; RGI_Emoji_ZWJ_Sequence  ; man feeding baby: medium-dark skin tone                        # E13.0  [1] (👨🏾‍🍼)
1F468 1F3FE 200D 1F393                      ; RGI_Emoji_ZWJ_Sequence  ; man student: medium-dark skin tone                             # E4.0   [1] (👨🏾‍🎓)
1F468 1F3FE 200D 1F3A4                      ; RGI_Emoji_ZWJ_Sequence  ; man singer: medium-dark skin tone                              # E4.0   [1] (👨🏾‍🎤)
1F468 1F3FE 200D 1F3A8                      ; RGI_Emoji_ZWJ_Sequence  ; man artist: medium-dark skin tone                              # E4.0   [1] (👨🏾‍🎨)
1F468 1F3FE 200D 1F3EB                      ; RGI_Emoji_ZWJ_Sequence  ; man teacher: medium-dark skin tone                             # E4.0   [1] (👨🏾‍🏫)
1F468 1F3FE 200D 1F3ED                      ; RGI_Emoji_ZWJ_Sequence  ; man factory worker: medium-dark skin tone                      # E4.0   [1] (👨🏾‍🏭)
1F468 1F3FE 200D 1F4BB                      ; RGI_Emoji_ZWJ_Sequence  ; man technologist: medium-dark skin tone                        # E4.0   [1] (👨🏾‍💻)
1F468 1F3FE 200D 1F4BC                      ; RGI_Emoji_ZWJ_Sequence  ; man office worker: medium-dark skin tone                       # E4.0   [1] (👨🏾‍💼)
1F468 1F3FE 200D 1F527                      ; RGI_Emoji_ZWJ_Sequence  ; man mechanic: medium-dark skin tone                            # E4.0   [1] (👨🏾‍🔧)
1F468 1F3FE 200D 1F52C                      ; RGI_Emoji_ZWJ_Sequence  ; man scientist: medium-dark skin tone                           # E4.0   [1] (👨🏾‍🔬)
1F468 1F3FE 200D 1F680                      ; RGI_Emoji_ZWJ_Sequence  ; man astronaut: medium-dark skin tone                           # E4.0   [1] (👨🏾‍🚀)
1F468 1F3FE 200D 1F692                      ; RGI_Emoji_ZWJ_Sequence  ; man firefighter: medium-dark skin tone                         # E4.0   [1] (👨🏾‍🚒)
1F468 1F3FE 200D 1F9AF                      ; RGI_Emoji_ZWJ_Sequence  ; man with white cane: medium-dark skin tone                     # E12.0  [1] (👨🏾‍🦯)
1F468 1F3FE 200D 1F9AF 200D 27A1 FE0F       ; RGI_Emoji_ZWJ_Sequence  ; man with white cane facing right: medium-dark skin tone        # E15.1  [1] (👨🏾‍🦯‍➡️)
1F468 1F3FE 200D 1F9BC                      ; RGI_Emoji_ZWJ_Sequence  ; man in motorized wheelchair: medium-dark skin tone             # E12.0  [1] (👨🏾‍🦼)
1F468 1F3FE 200D 1F9BC 200D 27A1 FE0F       ; RGI_Emoji_ZWJ_Sequence  ; man in motorized wheelchair facing right: medium-dark skin tone #E15.1  [1] (👨🏾‍🦼‍➡️)
1F468 1F3FE 200D 1F9BD                      ; RGI_Emoji_ZWJ_Sequence  ; man in manual wheelchair: medium-dark skin tone                # E12.0  [1] (👨🏾‍🦽)
1F468 1F3FE 200D 1F9BD 200D 27A1 FE0F       ; RGI_Emoji_ZWJ_Sequence  ; man in manual wheelchair facing right: medium-dark skin tone   # E15.1  [1] (👨🏾‍🦽‍➡️)
1F468 1F3FF 200D 2695 FE0F                  ; RGI_Emoji_ZWJ_Sequence  ; man health worker: dark skin tone                              # E4.0   [1] (👨🏿‍⚕️)
1F468 1F3FF 200D 2696 FE0F                  ; RGI_Emoji_ZWJ_Sequence  ; man judge: dark skin tone                                      # E4.0   [1] (👨🏿‍⚖️)
1F468 1F3FF 200D 2708 FE0F                  ; RGI_Emoji_ZWJ_Sequence  ; man pilot: dark skin tone                                      # E4.0   [1] (👨🏿‍✈️)
1F468 1F3FF 200D 1F33E                      ; RGI_Emoji_ZWJ_Sequence  ; man farmer: dark skin tone                                     # E4.0   [1] (👨🏿‍🌾)
1F468 1F3FF 200D 1F373                      ; RGI_Emoji_ZWJ_Sequence  ; man cook: dark skin tone                                       # E4.0   [1] (👨🏿‍🍳)
1F468 1F3FF 200D 1F37C                      ; RGI_Emoji_ZWJ_Sequence  ; man feeding baby: dark skin tone                               # E13.0  [1] (👨🏿‍🍼)
1F468 1F3FF 200D 1F393                      ; RGI_Emoji_ZWJ_Sequence  ; man student: dark skin tone                                    # E4.0   [1] (👨🏿‍🎓)
1F468 1F3FF 200D 1F3A4                      ; RGI_Emoji_ZWJ_Sequence  ; man singer: dark skin tone                                     # E4.0   [1] (👨🏿‍🎤)
1F468 1F3FF 200D 1F3A8                      ; RGI_Emoji_ZWJ_Sequence  ; man artist: dark skin tone                                     # E4.0   [1] (👨🏿‍🎨)
1F468 1F3FF 200D 1F3EB                      ; RGI_Emoji_ZWJ_Sequence  ; man teacher: dark skin tone                                    # E4.0   [1] (👨🏿‍🏫)
1F468 1F3FF 200D 1F3ED                      ; RGI_Emoji_ZWJ_Sequence  ; man factory worker: dark skin tone                             # E4.0   [1] (👨🏿‍🏭)
1F468 1F3FF 200D 1F4BB                      ; RGI_Emoji_ZWJ_Sequence  ; man technologist: dark skin tone                               # E4.0   [1] (👨🏿‍💻)
1F468 1F3FF 200D 1F4BC                      ; RGI_Emoji_ZWJ_Sequence  ; man office worker: dark skin tone                              # E4.0   [1] (👨🏿‍💼)
1F468 1F3FF 200D 1F527                      ; RGI_Emoji_ZWJ_Sequence  ; man mechanic: dark skin tone                                   # E4.0   [1] (👨🏿‍🔧)
1F468 1F3FF 200D 1F52C                      ; RGI_Emoji_ZWJ_Sequence  ; man scientist: dark skin tone                                  # E4.0   [1] (👨🏿‍🔬)
1F468 1F3FF 200D 1F680                      ; RGI_Emoji_ZWJ_Sequence  ; man astronaut: dark skin tone                                  # E4.0   [1] (👨🏿‍🚀)
1F468 1F3FF 200D 1F692                      ; RGI_Emoji_ZWJ_Sequence  ; man firefighter: dark skin tone                                # E4.0   [1] (👨🏿‍🚒)
1F468 1F3FF 200D 1F9AF                      ; RGI_Emoji_ZWJ_Sequence  ; man with white cane: dark skin tone                            # E12.0  [1] (👨🏿‍🦯)
1F468 1F3FF 200D 1F9AF 200D 27A1 FE0F       ; RGI_Emoji_ZWJ_Sequence  ; man with white cane facing right: dark skin tone               # E15.1  [1] (👨🏿‍🦯‍➡️)
1F468 1F3FF 200D 1F9BC                      ; RGI_Emoji_ZWJ_Sequence  ; man in motorized wheelchair: dark skin tone                    # E12.0  [1] (👨🏿‍🦼)
1F468 1F3FF 200D 1F9BC 200D 27A1 FE0F       ; RGI_Emoji_ZWJ_Sequence  ; man in motorized wheelchair facing right: dark skin tone       # E15.1  [1] (👨🏿‍🦼‍➡️)
1F468 1F3FF 200D 1F9BD                      ; RGI_Emoji_ZWJ_Sequence  ; man in manual wheelchair: dark skin tone                       # E12.0  [1] (👨🏿‍🦽)
1F468 1F3FF 200D 1F9BD 200D 27A1 FE0F       ; RGI_Emoji_ZWJ_Sequence  ; man in manual wheelchair facing right: dark skin tone          # E15.1  [1] (👨🏿‍🦽‍➡️)
1F469 200D 2695 FE0F                        ; RGI_Emoji_ZWJ_Sequence  ; woman health worker                                            # E4.0   [1] (👩‍⚕️)
1F469 200D 2696 FE0F                        ; RGI_Emoji_ZWJ_Sequence  ; woman judge                                                    # E4.0   [1] (👩‍⚖️)
1F469 200D 2708 FE0F                        ; RGI_Emoji_ZWJ_Sequence  ; woman pilot                                                    # E4.0   [1] (👩‍✈️)
1F469 200D 1F33E                            ; RGI_Emoji_ZWJ_Sequence  ; woman farmer                                                   # E4.0   [1] (👩‍🌾)
1F469 200D 1F373                            ; RGI_Emoji_ZWJ_Sequence  ; woman cook                                                     # E4.0   [1] (👩‍🍳)
1F469 200D 1F37C                            ; RGI_Emoji_ZWJ_Sequence  ; woman feeding baby                                             # E13.0  [1] (👩‍🍼)
1F469 200D 1F393                            ; RGI_Emoji_ZWJ_Sequence  ; woman student                                                  # E4.0   [1] (👩‍🎓)
1F469 200D 1F3A4                            ; RGI_Emoji_ZWJ_Sequence  ; woman singer                                                   # E4.0   [1] (👩‍🎤)
1F469 200D 1F3A8                            ; RGI_Emoji_ZWJ_Sequence  ; woman artist                                                   # E4.0   [1] (👩‍🎨)
1F469 200D 1F3EB                            ; RGI_Emoji_ZWJ_Sequence  ; woman teacher                                                  # E4.0   [1] (👩‍🏫)
1F469 200D 1F3ED                            ; RGI_Emoji_ZWJ_Sequence  ; woman factory worker                                           # E4.0   [1] (👩‍🏭)
1F469 200D 1F4BB                            ; RGI_Emoji_ZWJ_Sequence  ; woman technologist                                             # E4.0   [1] (👩‍💻)
1F469 200D 1F4BC                            ; RGI_Emoji_ZWJ_Sequence  ; woman office worker                                            # E4.0   [1] (👩‍💼)
1F469 200D 1F527                            ; RGI_Emoji_ZWJ_Sequence  ; woman mechanic                                                 # E4.0   [1] (👩‍🔧)
1F469 200D 1F52C                            ; RGI_Emoji_ZWJ_Sequence  ; woman scientist                                                # E4.0   [1] (👩‍🔬)
1F469 200D 1F680                            ; RGI_Emoji_ZWJ_Sequence  ; woman astronaut                                                # E4.0   [1] (👩‍🚀)
1F469 200D 1F692                            ; RGI_Emoji_ZWJ_Sequence  ; woman firefighter                                              # E4.0   [1] (👩‍🚒)
1F469 200D 1F9AF                            ; RGI_Emoji_ZWJ_Sequence  ; woman with white cane                                          # E12.0  [1] (👩‍🦯)
1F469 200D 1F9AF 200D 27A1 FE0F             ; RGI_Emoji_ZWJ_Sequence  ; woman with white cane facing right                             # E15.1  [1] (👩‍🦯‍➡️)
1F469 200D 1F9BC                            ; RGI_Emoji_ZWJ_Sequence  ; woman in motorized wheelchair                                  # E12.0  [1] (👩‍🦼)
1F469 200D 1F9BC 200D 27A1 FE0F             ; RGI_Emoji_ZWJ_Sequence  ; woman in motorized wheelchair facing right                     # E15.1  [1] (👩‍🦼‍➡️)
1F469 200D 1F9BD                            ; RGI_Emoji_ZWJ_Sequence  ; woman in manual wheelchair                                     # E12.0  [1] (👩‍🦽)
1F469 200D 1F9BD 200D 27A1 FE0F             ; RGI_Emoji_ZWJ_Sequence  ; woman in manual wheelchair facing right                        # E15.1  [1] (👩‍🦽‍➡️)
1F469 1F3FB 200D 2695 FE0F                  ; RGI_Emoji_ZWJ_Sequence  ; woman health worker: light skin tone                           # E4.0   [1] (👩🏻‍⚕️)
1F469 1F3FB 200D 2696 FE0F                  ; RGI_Emoji_ZWJ_Sequence  ; woman judge: light skin tone                                   # E4.0   [1] (👩🏻‍⚖️)
1F469 1F3FB 200D 2708 FE0F                  ; RGI_Emoji_ZWJ_Sequence  ; woman pilot: light skin tone                                   # E4.0   [1] (👩🏻‍✈️)
1F469 1F3FB 200D 1F33E                      ; RGI_Emoji_ZWJ_Sequence  ; woman farmer: light skin tone                                  # E4.0   [1] (👩🏻‍🌾)
1F469 1F3FB 200D 1F373                      ; RGI_Emoji_ZWJ_Sequence  ; woman cook: light skin tone                                    # E4.0   [1] (👩🏻‍🍳)
1F469 1F3FB 200D 1F37C                      ; RGI_Emoji_ZWJ_Sequence  ; woman feeding baby: light skin tone                            # E13.0  [1] (👩🏻‍🍼)
1F469 1F3FB 200D 1F393                      ; RGI_Emoji_ZWJ_Sequence  ; woman student: light skin tone                                 # E4.0   [1] (👩🏻‍🎓)
1F469 1F3FB 200D 1F3A4                      ; RGI_Emoji_ZWJ_Sequence  ; woman singer: light skin tone                                  # E4.0   [1] (👩🏻‍🎤)
1F469 1F3FB 200D 1F3A8                      ; RGI_Emoji_ZWJ_Sequence  ; woman artist: light skin tone                                  # E4.0   [1] (👩🏻‍🎨)
1F469 1F3FB 200D 1F3EB                      ; RGI_Emoji_ZWJ_Sequence  ; woman teacher: light skin tone                                 # E4.0   [1] (👩🏻‍🏫)
1F469 1F3FB 200D 1F3ED                      ; RGI_Emoji_ZWJ_Sequence  ; woman factory worker: light skin tone                          # E4.0   [1] (👩🏻‍🏭)
1F469 1F3FB 200D 1F4BB                      ; RGI_Emoji_ZWJ_Sequence  ; woman technologist: light skin tone                            # E4.0   [1] (👩🏻‍💻)
1F469 1F3FB 200D 1F4BC                      ; RGI_Emoji_ZWJ_Sequence  ; woman office worker: light skin tone                           # E4.0   [1] (👩🏻‍💼)
1F469 1F3FB 200D 1F527                      ; RGI_Emoji_ZWJ_Sequence  ; woman mechanic: light skin tone                                # E4.0   [1] (👩🏻‍🔧)
1F469 1F3FB 200D 1F52C                      ; RGI_Emoji_ZWJ_Sequence  ; woman scientist: light skin tone                               # E4.0   [1] (👩🏻‍🔬)
1F469 1F3FB 200D 1F680                      ; RGI_Emoji_ZWJ_Sequence  ; woman astronaut: light skin tone                               # E4.0   [1] (👩🏻‍🚀)
1F469 1F3FB 200D 1F692                      ; RGI_Emoji_ZWJ_Sequence  ; woman firefighter: light skin tone                             # E4.0   [1] (👩🏻‍🚒)
1F469 1F3FB 200D 1F9AF                      ; RGI_Emoji_ZWJ_Sequence  ; woman with white cane: light skin tone                         # E12.0  [1] (👩🏻‍🦯)
1F469 1F3FB 200D 1F9AF 200D 27A1 FE0F       ; RGI_Emoji_ZWJ_Sequence  ; woman with white cane facing right: light skin tone            # E15.1  [1] (👩🏻‍🦯‍➡️)
1F469 1F3FB 200D 1F9BC                      ; RGI_Emoji_ZWJ_Sequence  ; woman in motorized wheelchair: light skin tone                 # E12.0  [1] (👩🏻‍🦼)
1F469 1F3FB 200D 1F9BC 200D 27A1 FE0F       ; RGI_Emoji_ZWJ_Sequence  ; woman in motorized wheelchair facing right: light skin tone    # E15.1  [1] (👩🏻‍🦼‍➡️)
1F469 1F3FB 200D 1F9BD                      ; RGI_Emoji_ZWJ_Sequence  ; woman in manual wheelchair: light skin tone                    # E12.0  [1] (👩🏻‍🦽)
1F469 1F3FB 200D 1F9BD 200D 27A1 FE0F       ; RGI_Emoji_ZWJ_Sequence  ; woman in manual wheelchair facing right: light skin tone       # E15.1  [1] (👩🏻‍🦽‍➡️)
1F469 1F3FC 200D 2695 FE0F                  ; RGI_Emoji_ZWJ_Sequence  ; woman health worker: medium-light skin tone                    # E4.0   [1] (👩🏼‍⚕️)
1F469 1F3FC 200D 2696 FE0F                  ; RGI_Emoji_ZWJ_Sequence  ; woman judge: medium-light skin tone                            # E4.0   [1] (👩🏼‍⚖️)
1F469 1F3FC 200D 2708 FE0F                  ; RGI_Emoji_ZWJ_Sequence  ; woman pilot: medium-light skin tone                            # E4.0   [1] (👩🏼‍✈️)
1F469 1F3FC 200D 1F33E                      ; RGI_Emoji_ZWJ_Sequence  ; woman farmer: medium-light skin tone                           # E4.0   [1] (👩🏼‍🌾)
1F469 1F3FC 200D 1F373                      ; RGI_Emoji_ZWJ_Sequence  ; woman cook: medium-light skin tone                             # E4.0   [1] (👩🏼‍🍳)
1F469 1F3FC 200D 1F37C                      ; RGI_Emoji_ZWJ_Sequence  ; woman feeding baby: medium-light skin tone                     # E13.0  [1] (👩🏼‍🍼)
1F469 1F3FC 200D 1F393                      ; RGI_Emoji_ZWJ_Sequence  ; woman student: medium-light skin tone                          # E4.0   [1] (👩🏼‍🎓)
1F469 1F3FC 200D 1F3A4                      ; RGI_Emoji_ZWJ_Sequence  ; woman singer: medium-light skin tone                           # E4.0   [1] (👩🏼‍🎤)
1F469 1F3FC 200D 1F3A8                      ; RGI_Emoji_ZWJ_Sequence  ; woman artist: medium-light skin tone                           # E4.0   [1] (👩🏼‍🎨)
1F469 1F3FC 200D 1F3EB                      ; RGI_Emoji_ZWJ_Sequence  ; woman teacher: medium-light skin tone                          # E4.0   [1] (👩🏼‍🏫)
1F469 1F3FC 200D 1F3ED                      ; RGI_Emoji_ZWJ_Sequence  ; woman factory worker: medium-light skin tone                   # E4.0   [1] (👩🏼‍🏭)
1F469 1F3FC 200D 1F4BB                      ; RGI_Emoji_ZWJ_Sequence  ; woman technologist: medium-light skin tone                     # E4.0   [1] (👩🏼‍💻)
1F469 1F3FC 200D 1F4BC                      ; RGI_Emoji_ZWJ_Sequence  ; woman office worker: medium-light skin tone                    # E4.0   [1] (👩🏼‍💼)
1F469 1F3FC 200D 1F527                      ; RGI_Emoji_ZWJ_Sequence  ; woman mechanic: medium-light skin tone                         # E4.0   [1] (👩🏼‍🔧)
1F469 1F3FC 200D 1F52C                      ; RGI_Emoji_ZWJ_Sequence  ; woman scientist: medium-light skin tone                        # E4.0   [1] (👩🏼‍🔬)
1F469 1F3FC 200D 1F680                      ; RGI_Emoji_ZWJ_Sequence  ; woman astronaut: medium-light skin tone                        # E4.0   [1] (👩🏼‍🚀)
1F469 1F3FC 200D 1F692                      ; RGI_Emoji_ZWJ_Sequence  ; woman firefighter: medium-light skin tone                      # E4.0   [1] (👩🏼‍🚒)
1F469 1F3FC 200D 1F9AF                      ; RGI_Emoji_ZWJ_Sequence  ; woman with white cane: medium-light skin tone                  # E12.0  [1] (👩🏼‍🦯)
1F469 1F3FC 200D 1F9AF 200D 27A1 FE0F       ; RGI_Emoji_ZWJ_Sequence  ; woman with white cane facing right: medium-light skin tone     # E15.1  [1] (👩🏼‍🦯‍➡️)
1F469 1F3FC 200D 1F9BC                      ; RGI_Emoji_ZWJ_Sequence  ; woman in motorized wheelchair: medium-light skin tone          # E12.0  [1] (👩🏼‍🦼)
1F469 1F3FC 200D 1F9BC 200D 27A1 FE0F       ; RGI_Emoji_ZWJ_Sequence  ; woman in motorized wheelchair facing right: medium-light skin tone #E15.1[1] (👩🏼‍🦼‍➡️)
1F469 1F3FC 200D 1F9BD                      ; RGI_Emoji_ZWJ_Sequence  ; woman in manual wheelchair: medium-light skin tone             # E12.0  [1] (👩🏼‍🦽)
1F469 1F3FC 200D 1F9BD 200D 27A1 FE0F       ; RGI_Emoji_ZWJ_Sequence  ; woman in manual wheelchair facing right: medium-light skin tone #E15.1  [1] (👩🏼‍🦽‍➡️)
1F469 1F3FD 200D 2695 FE0F                  ; RGI_Emoji_ZWJ_Sequence  ; woman health worker: medium skin tone                          # E4.0   [1] (👩🏽‍⚕️)
1F469 1F3FD 200D 2696 FE0F                  ; RGI_Emoji_ZWJ_Sequence  ; woman judge: medium skin tone                                  # E4.0   [1] (👩🏽‍⚖️)
1F469 1F3FD 200D 2708 FE0F                  ; RGI_Emoji_ZWJ_Sequence  ; woman pilot: medium skin tone                                  # E4.0   [1] (👩🏽‍✈️)
1F469 1F3FD 200D 1F33E                      ; RGI_Emoji_ZWJ_Sequence  ; woman farmer: medium skin tone                                 # E4.0   [1] (👩🏽‍🌾)
1F469 1F3FD 200D 1F373                      ; RGI_Emoji_ZWJ_Sequence  ; woman cook: medium skin tone                                   # E4.0   [1] (👩🏽‍🍳)
1F469 1F3FD 200D 1F37C                      ; RGI_Emoji_ZWJ_Sequence  ; woman feeding baby: medium skin tone                           # E13.0  [1] (👩🏽‍🍼)
1F469 1F3FD 200D 1F393                      ; RGI_Emoji_ZWJ_Sequence  ; woman student: medium skin tone                                # E4.0   [1] (👩🏽‍🎓)
1F469 1F3FD 200D 1F3A4                      ; RGI_Emoji_ZWJ_Sequence  ; woman singer: medium skin tone                                 # E4.0   [1] (👩🏽‍🎤)
1F469 1F3FD 200D 1F3A8                      ; RGI_Emoji_ZWJ_Sequence  ; woman artist: medium skin tone                                 # E4.0   [1] (👩🏽‍🎨)
1F469 1F3FD 200D 1F3EB                      ; RGI_Emoji_ZWJ_Sequence  ; woman teacher: medium skin tone                                # E4.0   [1] (👩🏽‍🏫)
1F469 1F3FD 200D 1F3ED                      ; RGI_Emoji_ZWJ_Sequence  ; woman factory worker: medium skin tone                         # E4.0   [1] (👩🏽‍🏭)
1F469 1F3FD 200D 1F4BB                      ; RGI_Emoji_ZWJ_Sequence  ; woman technologist: medium skin tone                           # E4.0   [1] (👩🏽‍💻)
1F469 1F3FD 200D 1F4BC                      ; RGI_Emoji_ZWJ_Sequence  ; woman office worker: medium skin tone                          # E4.0   [1] (👩🏽‍💼)
1F469 1F3FD 200D 1F527                      ; RGI_Emoji_ZWJ_Sequence  ; woman mechanic: medium skin tone                               # E4.0   [1] (👩🏽‍🔧)
1F469 1F3FD 200D 1F52C                      ; RGI_Emoji_ZWJ_Sequence  ; woman scientist: medium skin tone                              # E4.0   [1] (👩🏽‍🔬)
1F469 1F3FD 200D 1F680                      ; RGI_Emoji_ZWJ_Sequence  ; woman astronaut: medium skin tone                              # E4.0   [1] (👩🏽‍🚀)
1F469 1F3FD 200D 1F692                      ; RGI_Emoji_ZWJ_Sequence  ; woman firefighter: medium skin tone                            # E4.0   [1] (👩🏽‍🚒)
1F469 1F3FD 200D 1F9AF                      ; RGI_Emoji_ZWJ_Sequence  ; woman with white cane: medium skin tone                        # E12.0  [1] (👩🏽‍🦯)
1F469 1F3FD 200D 1F9AF 200D 27A1 FE0F       ; RGI_Emoji_ZWJ_Sequence  ; woman with white cane facing right: medium skin tone           # E15.1  [1] (👩🏽‍🦯‍➡️)
1F469 1F3FD 200D 1F9BC                      ; RGI_Emoji_ZWJ_Sequence  ; woman in motorized wheelchair: medium skin tone                # E12.0  [1] (👩🏽‍🦼)
1F469 1F3FD 200D 1F9BC 200D 27A1 FE0F       ; RGI_Emoji_ZWJ_Sequence  ; woman in motorized wheelchair facing right: medium skin tone   # E15.1  [1] (👩🏽‍🦼‍➡️)
1F469 1F3FD 200D 1F9BD                      ; RGI_Emoji_ZWJ_Sequence  ; woman in manual wheelchair: medium skin tone                   # E12.0  [1] (👩🏽‍🦽)
1F469 1F3FD 200D 1F9BD 200D 27A1 FE0F       ; RGI_Emoji_ZWJ_Sequence  ; woman in manual wheelchair facing right: medium skin tone      # E15.1  [1] (👩🏽‍🦽‍➡️)
1F469 1F3FE 200D 2695 FE0F                  ; RGI_Emoji_ZWJ_Sequence  ; woman health worker: medium-dark skin tone                     # E4.0   [1] (👩🏾‍⚕️)
1F469 1F3FE 200D 2696 FE0F                  ; RGI_Emoji_ZWJ_Sequence  ; woman judge: medium-dark skin tone                             # E4.0   [1] (👩🏾‍⚖️)
1F469 1F3FE 200D 2708 FE0F                  ; RGI_Emoji_ZWJ_Sequence  ; woman pilot: medium-dark skin tone                             # E4.0   [1] (👩🏾‍✈️)
1F469 1F3FE 200D 1F33E                      ; RGI_Emoji_ZWJ_Sequence  ; woman farmer: medium-dark skin tone                            # E4.0   [1] (👩🏾‍🌾)
1F469 1F3FE 200D 1F373                      ; RGI_Emoji_ZWJ_Sequence  ; woman cook: medium-dark skin tone                              # E4.0   [1] (👩🏾‍🍳)
1F469 1F3FE 200D 1F37C                      ; RGI_Emoji_ZWJ_Sequence  ; woman feeding baby: medium-dark skin tone                      # E13.0  [1] (👩🏾‍🍼)
1F469 1F3FE 200D 1F393                      ; RGI_Emoji_ZWJ_Sequence  ; woman student: medium-dark skin tone                           # E4.0   [1] (👩🏾‍🎓)
1F469 1F3FE 200D 1F3A4                      ; RGI_Emoji_ZWJ_Sequence  ; woman singer: medium-dark skin tone                            # E4.0   [1] (👩🏾‍🎤)
1F469 1F3FE 200D 1F3A8                      ; RGI_Emoji_ZWJ_Sequence  ; woman artist: medium-dark skin tone                            # E4.0   [1] (👩🏾‍🎨)
1F469 1F3FE 200D 1F3EB                      ; RGI_Emoji_ZWJ_Sequence  ; woman teacher: medium-dark skin tone                           # E4.0   [1] (👩🏾‍🏫)
1F469 1F3FE 200D 1F3ED                      ; RGI_Emoji_ZWJ_Sequence  ; woman factory worker: medium-dark skin tone                    # E4.0   [1] (👩🏾‍🏭)
1F469 1F3FE 200D 1F4BB                      ; RGI_Emoji_ZWJ_Sequence  ; woman technologist: medium-dark skin tone                      # E4.0   [1] (👩🏾‍💻)
1F469 1F3FE 200D 1F4BC                      ; RGI_Emoji_ZWJ_Sequence  ; woman office worker: medium-dark skin tone                     # E4.0   [1] (👩🏾‍💼)
1F469 1F3FE 200D 1F527                      ; RGI_Emoji_ZWJ_Sequence  ; woman mechanic: medium-dark skin tone                          # E4.0   [1] (👩🏾‍🔧)
1F469 1F3FE 200D 1F52C                      ; RGI_Emoji_ZWJ_Sequence  ; woman scientist: medium-dark skin tone                         # E4.0   [1] (👩🏾‍🔬)
1F469 1F3FE 200D 1F680                      ; RGI_Emoji_ZWJ_Sequence  ; woman astronaut: medium-dark skin tone                         # E4.0   [1] (👩🏾‍🚀)
1F469 1F3FE 200D 1F692                      ; RGI_Emoji_ZWJ_Sequence  ; woman firefighter: medium-dark skin tone                       # E4.0   [1] (👩🏾‍🚒)
1F469 1F3FE 200D 1F9AF                      ; RGI_Emoji_ZWJ_Sequence  ; woman with white cane: medium-dark skin tone                   # E12.0  [1] (👩🏾‍🦯)
1F469 1F3FE 200D 1F9AF 200D 27A1 FE0F       ; RGI_Emoji_ZWJ_Sequence  ; woman with white cane facing right: medium-dark skin tone      # E15.1  [1] (👩🏾‍🦯‍➡️)
1F469 1F3FE 200D 1F9BC                      ; RGI_Emoji_ZWJ_Sequence  ; woman in motorized wheelchair: medium-dark skin tone           # E12.0  [1] (👩🏾‍🦼)
1F469 1F3FE 200D 1F9BC 200D 27A1 FE0F       ; RGI_Emoji_ZWJ_Sequence  ; woman in motorized wheelchair facing right: medium-dark skin tone #E15.1[1] (👩🏾‍🦼‍➡️)
1F469 1F3FE 200D 1F9BD                      ; RGI_Emoji_ZWJ_Sequence  ; woman in manual wheelchair: medium-dark skin tone              # E12.0  [1] (👩🏾‍🦽)
1F469 1F3FE 200D 1F9BD 200D 27A1 FE0F       ; RGI_Emoji_ZWJ_Sequence  ; woman in manual wheelchair facing right: medium-dark skin tone # E15.1  [1] (👩🏾‍🦽‍➡️)
1F469 1F3FF 200D 2695 FE0F                  ; RGI_Emoji_ZWJ_Sequence  ; woman health worker: dark skin tone                            # E4.0   [1] (👩🏿‍⚕️)
1F469 1F3FF 200D 2696 FE0F                  ; RGI_Emoji_ZWJ_Sequence  ; woman judge: dark skin tone                                    # E4.0   [1] (👩🏿‍⚖️)
1F469 1F3FF 200D 2708 FE0F                  ; RGI_Emoji_ZWJ_Sequence  ; woman pilot: dark skin tone                                    # E4.0   [1] (👩🏿‍✈️)
1F469 1F3FF 200D 1F33E                      ; RGI_Emoji_ZWJ_Sequence  ; woman farmer: dark skin tone                                   # E4.0   [1] (👩🏿‍🌾)
1F469 1F3FF 200D 1F373                      ; RGI_Emoji_ZWJ_Sequence  ; woman cook: dark skin tone                                     # E4.0   [1] (👩🏿‍🍳)
1F469 1F3FF 200D 1F37C                      ; RGI_Emoji_ZWJ_Sequence  ; woman feeding baby: dark skin tone                             # E13.0  [1] (👩🏿‍🍼)
1F469 1F3FF 200D 1F393                      ; RGI_Emoji_ZWJ_Sequence  ; woman student: dark skin tone                                  # E4.0   [1] (👩🏿‍🎓)
1F469 1F3FF 200D 1F3A4                      ; RGI_Emoji_ZWJ_Sequence  ; woman singer: dark skin tone                                   # E4.0   [1] (👩🏿‍🎤)
1F469 1F3FF 200D 1F3A8                      ; RGI_Emoji_ZWJ_Sequence  ; woman artist: dark skin tone                                   # E4.0   [1] (👩🏿‍🎨)
1F469 1F3FF 200D 1F3EB                      ; RGI_Emoji_ZWJ_Sequence  ; woman teacher: dark skin tone                                  # E4.0   [1] (👩🏿‍🏫)
1F469 1F3FF 200D 1F3ED                      ; RGI_Emoji_ZWJ_Sequence  ; woman factory worker: dark skin tone                           # E4.0   [1] (👩🏿‍🏭)
1F469 1F3FF 200D 1F4BB                      ; RGI_Emoji_ZWJ_Sequence  ; woman technologist: dark skin tone                             # E4.0   [1] (👩🏿‍💻)
1F469 1F3FF 200D 1F4BC                      ; RGI_Emoji_ZWJ_Sequence  ; woman office worker: dark skin tone                            # E4.0   [1] (👩🏿‍💼)
1F469 1F3FF 200D 1F527                      ; RGI_Emoji_ZWJ_Sequence  ; woman mechanic: dark skin tone                                 # E4.0   [1] (👩🏿‍🔧)
1F469 1F3FF 200D 1F52C                      ; RGI_Emoji_ZWJ_Sequence  ; woman scientist: dark skin tone                                # E4.0   [1] (👩🏿‍🔬)
1F469 1F3FF 200D 1F680                      ; RGI_Emoji_ZWJ_Sequence  ; woman astronaut: dark skin tone                                # E4.0   [1] (👩🏿‍🚀)
1F469 1F3FF 200D 1F692                      ; RGI_Emoji_ZWJ_Sequence  ; woman firefighter: dark skin tone                              # E4.0   [1] (👩🏿‍🚒)
1F469 1F3FF 200D 1F9AF                      ; RGI_Emoji_ZWJ_Sequence  ; woman with white cane: dark skin tone                          # E12.0  [1] (👩🏿‍🦯)
1F469 1F3FF 200D 1F9AF 200D 27A1 FE0F       ; RGI_Emoji_ZWJ_Sequence  ; woman with white cane facing right: dark skin tone             # E15.1  [1] (👩🏿‍🦯‍➡️)
1F469 1F3FF 200D 1F9BC                      ; RGI_Emoji_ZWJ_Sequence  ; woman in motorized wheelchair: dark skin tone                  # E12.0  [1] (👩🏿‍🦼)
1F469 1F3FF 200D 1F9BC 200D 27A1 FE0F       ; RGI_Emoji_ZWJ_Sequence  ; woman in motorized wheelchair facing right: dark skin tone     # E15.1  [1] (👩🏿‍🦼‍➡️)
1F469 1F3FF 200D 1F9BD                      ; RGI_Emoji_ZWJ_Sequence  ; woman in manual wheelchair: dark skin tone                     # E12.0  [1] (👩🏿‍🦽)
1F469 1F3FF 200D 1F9BD 200D 27A1 FE0F       ; RGI_Emoji_ZWJ_Sequence  ; woman in manual wheelchair facing right: dark skin tone        # E15.1  [1] (👩🏿‍🦽‍➡️)
1F6B6 200D 27A1 FE0F                        ; RGI_Emoji_ZWJ_Sequence  ; person walking facing right                                    # E15.1  [1] (🚶‍➡️)
1F6B6 1F3FB 200D 27A1 FE0F                  ; RGI_Emoji_ZWJ_Sequence  ; person walking facing right: light skin tone                   # E15.1  [1] (🚶🏻‍➡️)
1F6B6 1F3FC 200D 27A1 FE0F                  ; RGI_Emoji_ZWJ_Sequence  ; person walking facing right: medium-light skin tone            # E15.1  [1] (🚶🏼‍➡️)
1F6B6 1F3FD 200D 27A1 FE0F                  ; RGI_Emoji_ZWJ_Sequence  ; person walking facing right: medium skin tone                  # E15.1  [1] (🚶🏽‍➡️)
1F6B6 1F3FE 200D 27A1 FE0F                  ; RGI_Emoji_ZWJ_Sequence  ; person walking facing right: medium-dark skin tone             # E15.1  [1] (🚶🏾‍➡️)
1F6B6 1F3FF 200D 27A1 FE0F                  ; RGI_Emoji_ZWJ_Sequence  ; person walking facing right: dark skin tone                    # E15.1  [1] (🚶🏿‍➡️)
1F9CE 200D 27A1 FE0F                        ; RGI_Emoji_ZWJ_Sequence  ; person kneeling facing right                                   # E15.1  [1] (🧎‍➡️)
1F9CE 1F3FB 200D 27A1 FE0F                  ; RGI_Emoji_ZWJ_Sequence  ; person kneeling facing right: light skin tone                  # E15.1  [1] (🧎🏻‍➡️)
1F9CE 1F3FC 200D 27A1 FE0F                  ; RGI_Emoji_ZWJ_Sequence  ; person kneeling facing right: medium-light skin tone           # E15.1  [1] (🧎🏼‍➡️)
1F9CE 1F3FD 200D 27A1 FE0F                  ; RGI_Emoji_ZWJ_Sequence  ; person kneeling facing right: medium skin tone                 # E15.1  [1] (🧎🏽‍➡️)
1F9CE 1F3FE 200D 27A1 FE0F                  ; RGI_Emoji_ZWJ_Sequence  ; person kneeling facing right: medium-dark skin tone            # E15.1  [1] (🧎🏾‍➡️)
1F9CE 1F3FF 200D 27A1 FE0F                  ; RGI_Emoji_ZWJ_Sequence  ; person kneeling facing right: dark skin tone                   # E15.1  [1] (🧎🏿‍➡️)
1F9D1 200D 2695 FE0F                        ; RGI_Emoji_ZWJ_Sequence  ; health worker                                                  # E12.1  [1] (🧑‍⚕️)
1F9D1 200D 2696 FE0F                        ; RGI_Emoji_ZWJ_Sequence  ; judge                                                          # E12.1  [1] (🧑‍⚖️)
1F9D1 200D 2708 FE0F                        ; RGI_Emoji_ZWJ_Sequence  ; pilot                                                          # E12.1  [1] (🧑‍✈️)
1F9D1 200D 1F33E                            ; RGI_Emoji_ZWJ_Sequence  ; farmer                                                         # E12.1  [1] (🧑‍🌾)
1F9D1 200D 1F373                            ; RGI_Emoji_ZWJ_Sequence  ; cook                                                           # E12.1  [1] (🧑‍🍳)
1F9D1 200D 1F37C                            ; RGI_Emoji_ZWJ_Sequence  ; person feeding baby                                            # E13.0  [1] (🧑‍🍼)
1F9D1 200D 1F384                            ; RGI_Emoji_ZWJ_Sequence  ; Mx Claus                                                       # E13.0  [1] (🧑‍🎄)
1F9D1 200D 1F393                            ; RGI_Emoji_ZWJ_Sequence  ; student                                                        # E12.1  [1] (🧑‍🎓)
1F9D1 200D 1F3A4                            ; RGI_Emoji_ZWJ_Sequence  ; singer                                                         # E12.1  [1] (🧑‍🎤)
1F9D1 200D 1F3A8                            ; RGI_Emoji_ZWJ_Sequence  ; artist                                                         # E12.1  [1] (🧑‍🎨)
1F9D1 200D 1F3EB                            ; RGI_Emoji_ZWJ_Sequence  ; teacher                                                        # E12.1  [1] (🧑‍🏫)
1F9D1 200D 1F3ED                            ; RGI_Emoji_ZWJ_Sequence  ; factory worker                                                 # E12.1  [1] (🧑‍🏭)
1F9D1 200D 1F4BB                            ; RGI_Emoji_ZWJ_Sequence  ; technologist                                                   # E12.1  [1] (🧑‍💻)
1F9D1 200D 1F4BC                            ; RGI_Emoji_ZWJ_Sequence  ; office worker                                                  # E12.1  [1] (🧑‍💼)
1F9D1 200D 1F527                            ; RGI_Emoji_ZWJ_Sequence  ; mechanic                                                       # E12.1  [1] (🧑‍🔧)
1F9D1 200D 1F52C                            ; RGI_Emoji_ZWJ_Sequence  ; scientist                                                      # E12.1  [1] (🧑‍🔬)
1F9D1 200D 1F680                            ; RGI_Emoji_ZWJ_Sequence  ; astronaut                                                      # E12.1  [1] (🧑‍🚀)
1F9D1 200D 1F692                            ; RGI_Emoji_ZWJ_Sequence  ; firefighter                                                    # E12.1  [1] (🧑‍🚒)
1F9D1 200D 1F9AF                            ; RGI_Emoji_ZWJ_Sequence  ; person with white cane                                         # E12.1  [1] (🧑‍🦯)
1F9D1 200D 1F9AF 200D 27A1 FE0F             ; RGI_Emoji_ZWJ_Sequence  ; person with white cane facing right                            # E15.1  [1] (🧑‍🦯‍➡️)
1F9D1 200D 1F9BC                            ; RGI_Emoji_ZWJ_Sequence  ; person in motorized wheelchair                                 # E12.1  [1] (🧑‍🦼)
1F9D1 200D 1F9BC 200D 27A1 FE0F             ; RGI_Emoji_ZWJ_Sequence  ; person in motorized wheelchair facing right                    # E15.1  [1] (🧑‍🦼‍➡️)
1F9D1 200D 1F9BD                            ; RGI_Emoji_ZWJ_Sequence  ; person in manual wheelchair                                    # E12.1  [1] (🧑‍🦽)
1F9D1 200D 1F9BD 200D 27A1 FE0F             ; RGI_Emoji_ZWJ_Sequence  ; person in manual wheelchair facing right                       # E15.1  [1] (🧑‍🦽‍➡️)
1F9D1 1F3FB 200D 2695 FE0F                  ; RGI_Emoji_ZWJ_Sequence  ; health worker: light skin tone                                 # E12.1  [1] (🧑🏻‍⚕️)
1F9D1 1F3FB 200D 2696 FE0F                  ; RGI_Emoji_ZWJ_Sequence  ; judge: light skin tone                                         # E12.1  [1] (🧑🏻‍⚖️)
1F9D1 1F3FB 200D 2708 FE0F                  ; RGI_Emoji_ZWJ_Sequence  ; pilot: light skin tone                                         # E12.1  [1] (🧑🏻‍✈️)
1F9D1 1F3FB 200D 1F33E                      ; RGI_Emoji_ZWJ_Sequence  ; farmer: light skin tone                                        # E12.1  [1] (🧑🏻‍🌾)
1F9D1 1F3FB 200D 1F373                      ; RGI_Emoji_ZWJ_Sequence  ; cook: light skin tone                                          # E12.1  [1] (🧑🏻‍🍳)
1F9D1 1F3FB 200D 1F37C                      ; RGI_Emoji_ZWJ_Sequence  ; person feeding baby: light skin tone                           # E13.0  [1] (🧑🏻‍🍼)
1F9D1 1F3FB 200D 1F384                      ; RGI_Emoji_ZWJ_Sequence  ; Mx Claus: light skin tone                                      # E13.0  [1] (🧑🏻‍🎄)
1F9D1 1F3FB 200D 1F393                      ; RGI_Emoji_ZWJ_Sequence  ; student: light skin tone                                       # E12.1  [1] (🧑🏻‍🎓)
1F9D1 1F3FB 200D 1F3A4                      ; RGI_Emoji_ZWJ_Sequence  ; singer: light skin tone                                        # E12.1  [1] (🧑🏻‍🎤)
1F9D1 1F3FB 200D 1F3A8                      ; RGI_Emoji_ZWJ_Sequence  ; artist: light skin tone                                        # E12.1  [1] (🧑🏻‍🎨)
1F9D1 1F3FB 200D 1F3EB                      ; RGI_Emoji_ZWJ_Sequence  ; teacher: light skin tone                                       # E12.1  [1] (🧑🏻‍🏫)
1F9D1 1F3FB 200D 1F3ED                      ; RGI_Emoji_ZWJ_Sequence  ; factory worker: light skin tone                                # E12.1  [1] (🧑🏻‍🏭)
1F9D1 1F3FB 200D 1F4BB                      ; RGI_Emoji_ZWJ_Sequence  ; technologist: light skin tone                                  # E12.1  [1] (🧑🏻‍💻)
1F9D1 1F3FB 200D 1F4BC                      ; RGI_Emoji_ZWJ_Sequence  ; office worker: light skin tone                                 # E12.1  [1] (🧑🏻‍💼)
1F9D1 1F3FB 200D 1F527                      ; RGI_Emoji_ZWJ_Sequence  ; mechanic: light skin tone                                      # E12.1  [1] (🧑🏻‍🔧)
1F9D1 1F3FB 200D 1F52C                      ; RGI_Emoji_ZWJ_Sequence  ; scientist: light skin tone                                     # E12.1  [1] (🧑🏻‍🔬)
1F9D1 1F3FB 200D 1F680                      ; RGI_Emoji_ZWJ_Sequence  ; astronaut: light skin tone                                     # E12.1  [1] (🧑🏻‍🚀)
1F9D1 1F3FB 200D 1F692                      ; RGI_Emoji_ZWJ_Sequence  ; firefighter: light skin tone                                   # E12.1  [1] (🧑🏻‍🚒)
1F9D1 1F3FB 200D 1F9AF                      ; RGI_Emoji_ZWJ_Sequence  ; person with white cane: light skin tone                        # E12.1  [1] (🧑🏻‍🦯)
1F9D1 1F3FB 200D 1F9AF 200D 27A1 FE0F       ; RGI_Emoji_ZWJ_Sequence  ; person with white cane facing right: light skin tone           # E15.1  [1] (🧑🏻‍🦯‍➡️)
1F9D1 1F3FB 200D 1F9BC                      ; RGI_Emoji_ZWJ_Sequence  ; person in motorized wheelchair: light skin tone                # E12.1  [1] (🧑🏻‍🦼)
1F9D1 1F3FB 200D 1F9BC 200D 27A1 FE0F       ; RGI_Emoji_ZWJ_Sequence  ; person in motorized wheelchair facing right: light skin tone   # E15.1  [1] (🧑🏻‍🦼‍➡️)
1F9D1 1F3FB 200D 1F9BD                      ; RGI_Emoji_ZWJ_Sequence  ; person in manual wheelchair: light skin tone                   # E12.1  [1] (🧑🏻‍🦽)
1F9D1 1F3FB 200D 1F9BD 200D 27A1 FE0F       ; RGI_Emoji_ZWJ_Sequence  ; person in manual wheelchair facing right: light skin tone      # E15.1  [1] (🧑🏻‍🦽‍➡️)
1F9D1 1F3FC 200D 2695 FE0F                  ; RGI_Emoji_ZWJ_Sequence  ; health worker: medium-light skin tone                          # E12.1  [1] (🧑🏼‍⚕️)
1F9D1 1F3FC 200D 2696 FE0F                  ; RGI_Emoji_ZWJ_Sequence  ; judge: medium-light skin tone                                  # E12.1  [1] (🧑🏼‍⚖️)
1F9D1 1F3FC 200D 2708 FE0F                  ; RGI_Emoji_ZWJ_Sequence  ; pilot: medium-light skin tone                                  # E12.1  [1] (🧑🏼‍✈️)
1F9D1 1F3FC 200D 1F33E                      ; RGI_Emoji_ZWJ_Sequence  ; farmer: medium-light skin tone                                 # E12.1  [1] (🧑🏼‍🌾)
1F9D1 1F3FC 200D 1F373                      ; RGI_Emoji_ZWJ_Sequence  ; cook: medium-light skin tone                                   # E12.1  [1] (🧑🏼‍🍳)
1F9D1 1F3FC 200D 1F37C                      ; RGI_Emoji_ZWJ_Sequence  ; person feeding baby: medium-light skin tone                    # E13.0  [1] (🧑🏼‍🍼)
1F9D1 1F3FC 200D 1F384                      ; RGI_Emoji_ZWJ_Sequence  ; Mx Claus: medium-light skin tone                               # E13.0  [1] (🧑🏼‍🎄)
1F9D1 1F3FC 200D 1F393                      ; RGI_Emoji_ZWJ_Sequence  ; student: medium-light skin tone                                # E12.1  [1] (🧑🏼‍🎓)
1F9D1 1F3FC 200D 1F3A4                      ; RGI_Emoji_ZWJ_Sequence  ; singer: medium-light skin tone                                 # E12.1  [1] (🧑🏼‍🎤)
1F9D1 1F3FC 200D 1F3A8                      ; RGI_Emoji_ZWJ_Sequence  ; artist: medium-light skin tone                                 # E12.1  [1] (🧑🏼‍🎨)
1F9D1 1F3FC 200D 1F3EB                      ; RGI_Emoji_ZWJ_Sequence  ; teacher: medium-light skin tone                                # E12.1  [1] (🧑🏼‍🏫)
1F9D1 1F3FC 200D 1F3ED                      ; RGI_Emoji_ZWJ_Sequence  ; factory worker: medium-light skin tone                         # E12.1  [1] (🧑🏼‍🏭)
1F9D1 1F3FC 200D 1F4BB                      ; RGI_Emoji_ZWJ_Sequence  ; technologist: medium-light skin tone                           # E12.1  [1] (🧑🏼‍💻)
1F9D1 1F3FC 200D 1F4BC                      ; RGI_Emoji_ZWJ_Sequence  ; office worker: medium-light skin tone                          # E12.1  [1] (🧑🏼‍💼)
1F9D1 1F3FC 200D 1F527                      ; RGI_Emoji_ZWJ_Sequence  ; mechanic: medium-light skin tone                               # E12.1  [1] (🧑🏼‍🔧)
1F9D1 1F3FC 200D 1F52C                      ; RGI_Emoji_ZWJ_Sequence  ; scientist: medium-light skin tone                              # E12.1  [1] (🧑🏼‍🔬)
1F9D1 1F3FC 200D 1F680                      ; RGI_Emoji_ZWJ_Sequence  ; astronaut: medium-light skin tone                              # E12.1  [1] (🧑🏼‍🚀)
1F9D1 1F3FC 200D 1F692                      ; RGI_Emoji_ZWJ_Sequence  ; firefighter: medium-light skin tone                            # E12.1  [1] (🧑🏼‍🚒)
1F9D1 1F3FC 200D 1F9AF                      ; RGI_Emoji_ZWJ_Sequence  ; person with white cane: medium-light skin tone                 # E12.1  [1] (🧑🏼‍🦯)
1F9D1 1F3FC 200D 1F9AF 200D 27A1 FE0F       ; RGI_Emoji_ZWJ_Sequence  ; person with white cane facing right: medium-light skin tone    # E15.1  [1] (🧑🏼‍🦯‍➡️)
1F9D1 1F3FC 200D 1F9BC                      ; RGI_Emoji_ZWJ_Sequence  ; person in motorized wheelchair: medium-light skin tone         # E12.1  [1] (🧑🏼‍🦼)
1F9D1 1F3FC 200D 1F9BC 200D 27A1 FE0F       ; RGI_Emoji_ZWJ_Sequence  ; person in motorized wheelchair facing right: medium-light skin tone #E15.1[1] (🧑🏼‍🦼‍➡️)
1F9D1 1F3FC 200D 1F9BD                      ; RGI_Emoji_ZWJ_Sequence  ; person in manual wheelchair: medium-light skin tone            # E12.1  [1] (🧑🏼‍🦽)
1F9D1 1F3FC 200D 1F9BD 200D 27A1 FE0F       ; RGI_Emoji_ZWJ_Sequence  ; person in manual wheelchair facing right: medium-light skin tone #E15.1 [1] (🧑🏼‍🦽‍➡️)
1F9D1 1F3FD 200D 2695 FE0F                  ; RGI_Emoji_ZWJ_Sequence  ; health worker: medium skin tone                                # E12.1  [1] (🧑🏽‍⚕️)
1F9D1 1F3FD 200D 2696 FE0F                  ; RGI_Emoji_ZWJ_Sequence  ; judge: medium skin tone                                        # E12.1  [1] (🧑🏽‍⚖️)
1F9D1 1F3FD 200D 2708 FE0F                  ; RGI_Emoji_ZWJ_Sequence  ; pilot: medium skin tone                                        # E12.1  [1] (🧑🏽‍✈️)
1F9D1 1F3FD 200D 1F33E                      ; RGI_Emoji_ZWJ_Sequence  ; farmer: medium skin tone                                       # E12.1  [1] (🧑🏽‍🌾)
1F9D1 1F3FD 200D 1F373                      ; RGI_Emoji_ZWJ_Sequence  ; cook: medium skin tone                                         # E12.1  [1] (🧑🏽‍🍳)
1F9D1 1F3FD 200D 1F37C                      ; RGI_Emoji_ZWJ_Sequence  ; person feeding baby: medium skin tone                          # E13.0  [1] (🧑🏽‍🍼)
1F9D1 1F3FD 200D 1F384                      ; RGI_Emoji_ZWJ_Sequence  ; Mx Claus: medium skin tone                                     # E13.0  [1] (🧑🏽‍🎄)
1F9D1 1F3FD 200D 1F393                      ; RGI_Emoji_ZWJ_Sequence  ; student: medium skin tone                                      # E12.1  [1] (🧑🏽‍🎓)
1F9D1 1F3FD 200D 1F3A4                      ; RGI_Emoji_ZWJ_Sequence  ; singer: medium skin tone                                       # E12.1  [1] (🧑🏽‍🎤)
1F9D1 1F3FD 200D 1F3A8                      ; RGI_Emoji_ZWJ_Sequence  ; artist: medium skin tone                                       # E12.1  [1] (🧑🏽‍🎨)
1F9D1 1F3FD 200D 1F3EB                      ; RGI_Emoji_ZWJ_Sequence  ; teacher: medium skin tone                                      # E12.1  [1] (🧑🏽‍🏫)
1F9D1 1F3FD 200D 1F3ED                      ; RGI_Emoji_ZWJ_Sequence  ; factory worker: medium skin tone                               # E12.1  [1] (🧑🏽‍🏭)
1F9D1 1F3FD 200D 1F4BB                      ; RGI_Emoji_ZWJ_Sequence  ; technologist: medium skin tone                                 # E12.1  [1] (🧑🏽‍💻)
1F9D1 1F3FD 200D 1F4BC                      ; RGI_Emoji_ZWJ_Sequence  ; office worker: medium skin tone                                # E12.1  [1] (🧑🏽‍💼)
1F9D1 1F3FD 200D 1F527                      ; RGI_Emoji_ZWJ_Sequence  ; mechanic: medium skin tone                                     # E12.1  [1] (🧑🏽‍🔧)
1F9D1 1F3FD 200D 1F52C                      ; RGI_Emoji_ZWJ_Sequence  ; scientist: medium skin tone                                    # E12.1  [1] (🧑🏽‍🔬)
1F9D1 1F3FD 200D 1F680                      ; RGI_Emoji_ZWJ_Sequence  ; astronaut: medium skin tone                                    # E12.1  [1] (🧑🏽‍🚀)
1F9D1 1F3FD 200D 1F692                      ; RGI_Emoji_ZWJ_Sequence  ; firefighter: medium skin tone                                  # E12.1  [1] (🧑🏽‍🚒)
1F9D1 1F3FD 200D 1F9AF                      ; RGI_Emoji_ZWJ_Sequence  ; person with white cane: medium skin tone                       # E12.1  [1] (🧑🏽‍🦯)
1F9D1 1F3FD 200D 1F9AF 200D 27A1 FE0F       ; RGI_Emoji_ZWJ_Sequence  ; person with white cane facing right: medium skin tone          # E15.1  [1] (🧑🏽‍🦯‍➡️)
1F9D1 1F3FD 200D 1F9BC                      ; RGI_Emoji_ZWJ_Sequence  ; person in motorized wheelchair: medium skin tone               # E12.1  [1] (🧑🏽‍🦼)
1F9D1 1F3FD 200D 1F9BC 200D 27A1 FE0F       ; RGI_Emoji_ZWJ_Sequence  ; person in motorized wheelchair facing right: medium skin tone  # E15.1  [1] (🧑🏽‍🦼‍➡️)
1F9D1 1F3FD 200D 1F9BD                      ; RGI_Emoji_ZWJ_Sequence  ; person in manual wheelchair: medium skin tone                  # E12.1  [1] (🧑🏽‍🦽)
1F9D1 1F3FD 200D 1F9BD 200D 27A1 FE0F       ; RGI_Emoji_ZWJ_Sequence  ; person in manual wheelchair facing right: medium skin tone     # E15.1  [1] (🧑🏽‍🦽‍➡️)
1F9D1 1F3FE 200D 2695 FE0F                  ; RGI_Emoji_ZWJ_Sequence  ; health worker: medium-dark skin tone                           # E12.1  [1] (🧑🏾‍⚕️)
1F9D1 1F3FE 200D 2696 FE0F                  ; RGI_Emoji_ZWJ_Sequence  ; judge: medium-dark skin tone                                   # E12.1  [1] (🧑🏾‍⚖️)
1F9D1 1F3FE 200D 2708 FE0F                  ; RGI_Emoji_ZWJ_Sequence  ; pilot: medium-dark skin tone                                   # E12.1  [1] (🧑🏾‍✈️)
1F9D1 1F3FE 200D 1F33E                      ; RGI_Emoji_ZWJ_Sequence  ; farmer: medium-dark skin tone                                  # E12.1  [1] (🧑🏾‍🌾)
1F9D1 1F3FE 200D 1F373                      ; RGI_Emoji_ZWJ_Sequence  ; cook: medium-dark skin tone                                    # E12.1  [1] (🧑🏾‍🍳)
1F9D1 1F3FE 200D 1F37C                      ; RGI_Emoji_ZWJ_Sequence  ; person feeding baby: medium-dark skin tone                     # E13.0  [1] (🧑🏾‍🍼)
1F9D1 1F3FE 200D 1F384                      ; RGI_Emoji_ZWJ_Sequence  ; Mx Claus: medium-dark skin tone                                # E13.0  [1] (🧑🏾‍🎄)
1F9D1 1F3FE 200D 1F393                      ; RGI_Emoji_ZWJ_Sequence  ; student: medium-dark skin tone                                 # E12.1  [1] (🧑🏾‍🎓)
1F9D1 1F3FE 200D 1F3A4                      ; RGI_Emoji_ZWJ_Sequence  ; singer: medium-dark skin tone                                  # E12.1  [1] (🧑🏾‍🎤)
1F9D1 1F3FE 200D 1F3A8                      ; RGI_Emoji_ZWJ_Sequence  ; artist: medium-dark skin tone                                  # E12.1  [1] (🧑🏾‍🎨)
1F9D1 1F3FE 200D 1F3EB                      ; RGI_Emoji_ZWJ_Sequence  ; teacher: medium-dark skin tone                                 # E12.1  [1] (🧑🏾‍🏫)
1F9D1 1F3FE 200D 1F3ED                      ; RGI_Emoji_ZWJ_Sequence  ; factory worker: medium-dark skin tone                          # E12.1  [1] (🧑🏾‍🏭)
1F9D1 1F3FE 200D 1F4BB                      ; RGI_Emoji_ZWJ_Sequence  ; technologist: medium-dark skin tone                            # E12.1  [1] (🧑🏾‍💻)
1F9D1 1F3FE 200D 1F4BC                      ; RGI_Emoji_ZWJ_Sequence  ; office worker: medium-dark skin tone                           # E12.1  [1] (🧑🏾‍💼)
1F9D1 1F3FE 200D 1F527                      ; RGI_Emoji_ZWJ_Sequence  ; mechanic: medium-dark skin tone                                # E12.1  [1] (🧑🏾‍🔧)
1F9D1 1F3FE 200D 1F52C                      ; RGI_Emoji_ZWJ_Sequence  ; scientist: medium-dark skin tone                               # E12.1  [1] (🧑🏾‍🔬)
1F9D1 1F3FE 200D 1F680                      ; RGI_Emoji_ZWJ_Sequence  ; astronaut: medium-dark skin tone                               # E12.1  [1] (🧑🏾‍🚀)
1F9D1 1F3FE 200D 1F692                      ; RGI_Emoji_ZWJ_Sequence  ; firefighter: medium-dark skin tone                             # E12.1  [1] (🧑🏾‍🚒)
1F9D1 1F3FE 200D 1F9AF                      ; RGI_Emoji_ZWJ_Sequence  ; person with white cane: medium-dark skin tone                  # E12.1  [1] (🧑🏾‍🦯)
1F9D1 1F3FE 200D 1F9AF 200D 27A1 FE0F       ; RGI_Emoji_ZWJ_Sequence  ; person with white cane facing right: medium-dark skin tone     # E15.1  [1] (🧑🏾‍🦯‍➡️)
1F9D1 1F3FE 200D 1F9BC                      ; RGI_Emoji_ZWJ_Sequence  ; person in motorized wheelchair: medium-dark skin tone          # E12.1  [1] (🧑🏾‍🦼)
1F9D1 1F3FE 200D 1F9BC 200D 27A1 FE0F       ; RGI_Emoji_ZWJ_Sequence  ; person in motorized wheelchair facing right: medium-dark skin tone #E15.1[1] (🧑🏾‍🦼‍➡️)
1F9D1 1F3FE 200D 1F9BD                      ; RGI_Emoji_ZWJ_Sequence  ; person in manual wheelchair: medium-dark skin tone             # E12.1  [1] (🧑🏾‍🦽)
1F9D1 1F3FE 200D 1F9BD 200D 27A1 FE0F       ; RGI_Emoji_ZWJ_Sequence  ; person in manual wheelchair facing right: medium-dark skin tone #E15.1  [1] (🧑🏾‍🦽‍➡️)
1F9D1 1F3FF 200D 2695 FE0F                  ; RGI_Emoji_ZWJ_Sequence  ; health worker: dark skin tone                                  # E12.1  [1] (🧑🏿‍⚕️)
1F9D1 1F3FF 200D 2696 FE0F                  ; RGI_Emoji_ZWJ_Sequence  ; judge: dark skin tone                                          # E12.1  [1] (🧑🏿‍⚖️)
1F9D1 1F3FF 200D 2708 FE0F                  ; RGI_Emoji_ZWJ_Sequence  ; pilot: dark skin tone                                          # E12.1  [1] (🧑🏿‍✈️)
1F9D1 1F3FF 200D 1F33E                      ; RGI_Emoji_ZWJ_Sequence  ; farmer: dark skin tone                                         # E12.1  [1] (🧑🏿‍🌾)
1F9D1 1F3FF 200D 1F373                      ; RGI_Emoji_ZWJ_Sequence  ; cook: dark skin tone                                           # E12.1  [1] (🧑🏿‍🍳)
1F9D1 1F3FF 200D 1F37C                      ; RGI_Emoji_ZWJ_Sequence  ; person feeding baby: dark skin tone                            # E13.0  [1] (🧑🏿‍🍼)
1F9D1 1F3FF 200D 1F384                      ; RGI_Emoji_ZWJ_Sequence  ; Mx Claus: dark skin tone                                       # E13.0  [1] (🧑🏿‍🎄)
1F9D1 1F3FF 200D 1F393                      ; RGI_Emoji_ZWJ_Sequence  ; student: dark skin tone                                        # E12.1  [1] (🧑🏿‍🎓)
1F9D1 1F3FF 200D 1F3A4                      ; RGI_Emoji_ZWJ_Sequence  ; singer: dark skin tone                                         # E12.1  [1] (🧑🏿‍🎤)
1F9D1 1F3FF 200D 1F3A8                      ; RGI_Emoji_ZWJ_Sequence  ; artist: dark skin tone                                         # E12.1  [1] (🧑🏿‍🎨)
1F9D1 1F3FF 200D 1F3EB                      ; RGI_Emoji_ZWJ_Sequence  ; teacher: dark skin tone                                        # E12.1  [1] (🧑🏿‍🏫)
1F9D1 1F3FF 200D 1F3ED                      ; RGI_Emoji_ZWJ_Sequence  ; factory worker: dark skin tone                                 # E12.1  [1] (🧑🏿‍🏭)
1F9D1 1F3FF 200D 1F4BB                      ; RGI_Emoji_ZWJ_Sequence  ; technologist: dark skin tone                                   # E12.1  [1] (🧑🏿‍💻)
1F9D1 1F3FF 200D 1F4BC                      ; RGI_Emoji_ZWJ_Sequence  ; office worker: dark skin tone                                  # E12.1  [1] (🧑🏿‍💼)
1F9D1 1F3FF 200D 1F527                      ; RGI_Emoji_ZWJ_Sequence  ; mechanic: dark skin tone                                       # E12.1  [1] (🧑🏿‍🔧)
1F9D1 1F3FF 200D 1F52C                      ; RGI_Emoji_ZWJ_Sequence  ; scientist: dark skin tone                                      # E12.1  [1] (🧑🏿‍🔬)
1F9D1 1F3FF 200D 1F680                      ; RGI_Emoji_ZWJ_Sequence  ; astronaut: dark skin tone                                      # E12.1  [1] (🧑🏿‍🚀)
1F9D1 1F3FF 200D 1F692                      ; RGI_Emoji_ZWJ_Sequence  ; firefighter: dark skin tone                                    # E12.1  [1] (🧑🏿‍🚒)
1F9D1 1F3FF 200D 1F9AF                      ; RGI_Emoji_ZWJ_Sequence  ; person with white cane: dark skin tone                         # E12.1  [1] (🧑🏿‍🦯)
1F9D1 1F3FF 200D 1F9AF 200D 27A1 FE0F       ; RGI_Emoji_ZWJ_Sequence  ; person with white cane facing right: dark skin tone            # E15.1  [1] (🧑🏿‍🦯‍➡️)
1F9D1 1F3FF 200D 1F9BC                      ; RGI_Emoji_ZWJ_Sequence  ; person in motorized wheelchair: dark skin tone                 # E12.1  [1] (🧑🏿‍🦼)
1F9D1 1F3FF 200D 1F9BC 200D 27A1 FE0F       ; RGI_Emoji_ZWJ_Sequence  ; person in motorized wheelchair facing right: dark skin tone    # E15.1  [1] (🧑🏿‍🦼‍➡️)
1F9D1 1F3FF 200D 1F9BD                      ; RGI_Emoji_ZWJ_Sequence  ; person in manual wheelchair: dark skin tone                    # E12.1  [1] (🧑🏿‍🦽)
1F9D1 1F3FF 200D 1F9BD 200D 27A1 FE0F       ; RGI_Emoji_ZWJ_Sequence  ; person in manual wheelchair facing right: dark skin tone       # E15.1  [1] (🧑🏿‍🦽‍➡️)
26F9 1F3FB 200D 2640 FE0F                   ; RGI_Emoji_ZWJ_Sequence  ; woman bouncing ball: light skin tone                           # E4.0   [1] (⛹🏻‍♀️)
26F9 1F3FB 200D 2642 FE0F                   ; RGI_Emoji_ZWJ_Sequence  ; man bouncing ball: light skin tone                             # E4.0   [1] (⛹🏻‍♂️)
26F9 1F3FC 200D 2640 FE0F                   ; RGI_Emoji_ZWJ_Sequence  ; woman bouncing ball: medium-light skin tone                    # E4.0   [1] (⛹🏼‍♀️)
26F9 1F3FC 200D 2642 FE0F                   ; RGI_Emoji_ZWJ_Sequence  ; man bouncing ball: medium-light skin tone                      # E4.0   [1] (⛹🏼‍♂️)
26F9 1F3FD 200D 2640 FE0F                   ; RGI_Emoji_ZWJ_Sequence  ; woman bouncing ball: medium skin tone                          # E4.0   [1] (⛹🏽‍♀️)
26F9 1F3FD 200D 2642 FE0F                   ; RGI_Emoji_ZWJ_Sequence  ; man bouncing ball: medium skin tone                            # E4.0   [1] (⛹🏽‍♂️)
26F9 1F3FE 200D 2640 FE0F                   ; RGI_Emoji_ZWJ_Sequence  ; woman bouncing ball: medium-dark skin tone                     # E4.0   [1] (⛹🏾‍♀️)
26F9 1F3FE 200D 2642 FE0F                   ; RGI_Emoji_ZWJ_Sequence  ; man bouncing ball: medium-dark skin tone                       # E4.0   [1] (⛹🏾‍♂️)
26F9 1F3FF 200D 2640 FE0F                   ; RGI_Emoji_ZWJ_Sequence  ; woman bouncing ball: dark skin tone                            # E4.0   [1] (⛹🏿‍♀️)
26F9 1F3FF 200D 2642 FE0F                   ; RGI_Emoji_ZWJ_Sequence  ; man bouncing ball: dark skin tone                              # E4.0   [1] (⛹🏿‍♂️)
26F9 FE0F 200D 2640 FE0F                    ; RGI_Emoji_ZWJ_Sequence  ; woman bouncing ball                                            # E4.0   [1] (⛹️‍♀️)
26F9 FE0F 200D 2642 FE0F                    ; RGI_Emoji_ZWJ_Sequence  ; man bouncing ball                                              # E4.0   [1] (⛹️‍♂️)
1F3C3 200D 2640 FE0F                        ; RGI_Emoji_ZWJ_Sequence  ; woman running                                                  # E4.0   [1] (🏃‍♀️)
1F3C3 200D 2640 FE0F 200D 27A1 FE0F         ; RGI_Emoji_ZWJ_Sequence  ; woman running facing right                                     # E15.1  [1] (🏃‍♀️‍➡️)
1F3C3 200D 2642 FE0F                        ; RGI_Emoji_ZWJ_Sequence  ; man running                                                    # E4.0   [1] (🏃‍♂️)
1F3C3 200D 2642 FE0F 200D 27A1 FE0F         ; RGI_Emoji_ZWJ_Sequence  ; man running facing right                                       # E15.1  [1] (🏃‍♂️‍➡️)
1F3C3 1F3FB 200D 2640 FE0F                  ; RGI_Emoji_ZWJ_Sequence  ; woman running: light skin tone                                 # E4.0   [1] (🏃🏻‍♀️)
1F3C3 1F3FB 200D 2640 FE0F 200D 27A1 FE0F   ; RGI_Emoji_ZWJ_Sequence  ; woman running facing right: light skin tone                    # E15.1  [1] (🏃🏻‍♀️‍➡️)
1F3C3 1F3FB 200D 2642 FE0F                  ; RGI_Emoji_ZWJ_Sequence  ; man running: light skin tone                                   # E4.0   [1] (🏃🏻‍♂️)
1F3C3 1F3FB 200D 2642 FE0F 200D 27A1 FE0F   ; RGI_Emoji_ZWJ_Sequence  ; man running facing right: light skin tone                      # E15.1  [1] (🏃🏻‍♂️‍➡️)
1F3C3 1F3FC 200D 2640 FE0F                  ; RGI_Emoji_ZWJ_Sequence  ; woman running: medium-light skin tone                          # E4.0   [1] (🏃🏼‍♀️)
1F3C3 1F3FC 200D 2640 FE0F 200D 27A1 FE0F   ; RGI_Emoji_ZWJ_Sequence  ; woman running facing right: medium-light skin tone             # E15.1  [1] (🏃🏼‍♀️‍➡️)
1F3C3 1F3FC 200D 2642 FE0F                  ; RGI_Emoji_ZWJ_Sequence  ; man running: medium-light skin tone                            # E4.0   [1] (🏃🏼‍♂️)
1F3C3 1F3FC 200D 2642 FE0F 200D 27A1 FE0F   ; RGI_Emoji_ZWJ_Sequence  ; man running facing right: medium-light skin tone               # E15.1  [1] (🏃🏼‍♂️‍➡️)
1F3C3 1F3FD 200D 2640 FE0F                  ; RGI_Emoji_ZWJ_Sequence  ; woman running: medium skin tone                                # E4.0   [1] (🏃🏽‍♀️)
1F3C3 1F3FD 200D 2640 FE0F 200D 27A1 FE0F   ; RGI_Emoji_ZWJ_Sequence  ; woman running facing right: medium skin tone                   # E15.1  [1] (🏃🏽‍♀️‍➡️)
1F3C3 1F3FD 200D 2642 FE0F                  ; RGI_Emoji_ZWJ_Sequence  ; man running: medium skin tone                                  # E4.0   [1] (🏃🏽‍♂️)
1F3C3 1F3FD 200D 2642 FE0F 200D 27A1 FE0F   ; RGI_Emoji_ZWJ_Sequence  ; man running facing right: medium skin tone                     # E15.1  [1] (🏃🏽‍♂️‍➡️)
1F3C3 1F3FE 200D 2640 FE0F                  ; RGI_Emoji_ZWJ_Sequence  ; woman running: medium-dark skin tone                           # E4.0   [1] (🏃🏾‍♀️)
1F3C3 1F3FE 200D 2640 FE0F 200D 27A1 FE0F   ; RGI_Emoji_ZWJ_Sequence  ; woman running facing right: medium-dark skin tone              # E15.1  [1] (🏃🏾‍♀️‍➡️)
1F3C3 1F3FE 200D 2642 FE0F                  ; RGI_Emoji_ZWJ_Sequence  ; man running: medium-dark skin tone                             # E4.0   [1] (🏃🏾‍♂️)
1F3C3 1F3FE 200D 2642 FE0F 200D 27A1 FE0F   ; RGI_Emoji_ZWJ_Sequence  ; man running facing right: medium-dark skin tone                # E15.1  [1] (🏃🏾‍♂️‍➡️)
1F3C3 1F3FF 200D 2640 FE0F                  ; RGI_Emoji_ZWJ_Sequence  ; woman running: dark skin tone                                  # E4.0   [1] (🏃🏿‍♀️)
1F3C3 1F3FF 200D 2640 FE0F 200D 27A1 FE0F   ; RGI_Emoji_ZWJ_Sequence  ; woman running facing right: dark skin tone                     # E15.1  [1] (🏃🏿‍♀️‍➡️)
1F3C3 1F3FF 200D 2642 FE0F                  ; RGI_Emoji_ZWJ_Sequence  ; man running: dark skin tone                                    # E4.0   [1] (🏃🏿‍♂️)
1F3C3 1F3FF 200D 2642 FE0F 200D 27A1 FE0F   ; RGI_Emoji_ZWJ_Sequence  ; man running facing right: dark skin tone                       # E15.1  [1] (🏃🏿‍♂️‍➡️)
1F3C4 200D 2640 FE0F                        ; RGI_Emoji_ZWJ_Sequence  ; woman surfing                                                  # E4.0   [1] (🏄‍♀️)
1F3C4 200D 2642 FE0F                        ; RGI_Emoji_ZWJ_Sequence  ; man surfing                                                    # E4.0   [1] (🏄‍♂️)
1F3C4 1F3FB 200D 2640 FE0F                  ; RGI_Emoji_ZWJ_Sequence  ; woman surfing: light skin tone                                 # E4.0   [1] (🏄🏻‍♀️)
1F3C4 1F3FB 200D 2642 FE0F                  ; RGI_Emoji_ZWJ_Sequence  ; man surfing: light skin tone                                   # E4.0   [1] (🏄🏻‍♂️)
1F3C4 1F3FC 200D 2640 FE0F                  ; RGI_Emoji_ZWJ_Sequence  ; woman surfing: medium-light skin tone                          # E4.0   [1] (🏄🏼‍♀️)
1F3C4 1F3FC 200D 2642 FE0F                  ; RGI_Emoji_ZWJ_Sequence  ; man surfing: medium-light skin tone                            # E4.0   [1] (🏄🏼‍♂️)
1F3C4 1F3FD 200D 2640 FE0F                  ; RGI_Emoji_ZWJ_Sequence  ; woman surfing: medium skin tone                                # E4.0   [1] (🏄🏽‍♀️)
1F3C4 1F3FD 200D 2642 FE0F                  ; RGI_Emoji_ZWJ_Sequence  ; man surfing: medium skin tone                                  # E4.0   [1] (🏄🏽‍♂️)
1F3C4 1F3FE 200D 2640 FE0F                  ; RGI_Emoji_ZWJ_Sequence  ; woman surfing: medium-dark skin tone                           # E4.0   [1] (🏄🏾‍♀️)
1F3C4 1F3FE 200D 2642 FE0F                  ; RGI_Emoji_ZWJ_Sequence  ; man surfing: medium-dark skin tone                             # E4.0   [1] (🏄🏾‍♂️)
1F3C4 1F3FF 200D 2640 FE0F                  ; RGI_Emoji_ZWJ_Sequence  ; woman surfing: dark skin tone                                  # E4.0   [1] (🏄🏿‍♀️)
1F3C4 1F3FF 200D 2642 FE0F                  ; RGI_Emoji_ZWJ_Sequence  ; man surfing: dark skin tone                                    # E4.0   [1] (🏄🏿‍♂️)
1F3CA 200D 2640 FE0F                        ; RGI_Emoji_ZWJ_Sequence  ; woman swimming                                                 # E4.0   [1] (🏊‍♀️)
1F3CA 200D 2642 FE0F                        ; RGI_Emoji_ZWJ_Sequence  ; man swimming                                                   # E4.0   [1] (🏊‍♂️)
1F3CA 1F3FB 200D 2640 FE0F                  ; RGI_Emoji_ZWJ_Sequence  ; woman swimming: light skin tone                                # E4.0   [1] (🏊🏻‍♀️)
1F3CA 1F3FB 200D 2642 FE0F                  ; RGI_Emoji_ZWJ_Sequence  ; man swimming: light skin tone                                  # E4.0   [1] (🏊🏻‍♂️)
1F3CA 1F3FC 200D 2640 FE0F                  ; RGI_Emoji_ZWJ_Sequence  ; woman swimming: medium-light skin tone                         # E4.0   [1] (🏊🏼‍♀️)
1F3CA 1F3FC 200D 2642 FE0F                  ; RGI_Emoji_ZWJ_Sequence  ; man swimming: medium-light skin tone                           # E4.0   [1] (🏊🏼‍♂️)
1F3CA 1F3FD 200D 2640 FE0F                  ; RGI_Emoji_ZWJ_Sequence  ; woman swimming: medium skin tone                               # E4.0   [1] (🏊🏽‍♀️)
1F3CA 1F3FD 200D 2642 FE0F                  ; RGI_Emoji_ZWJ_Sequence  ; man swimming: medium skin tone                                 # E4.0   [1] (🏊🏽‍♂️)
1F3CA 1F3FE 200D 2640 FE0F                  ; RGI_Emoji_ZWJ_Sequence  ; woman swimming: medium-dark skin tone                          # E4.0   [1] (🏊🏾‍♀️)
1F3CA 1F3FE 200D 2642 FE0F                  ; RGI_Emoji_ZWJ_Sequence  ; man swimming: medium-dark skin tone                            # E4.0   [1] (🏊🏾‍♂️)
1F3CA 1F3FF 200D 2640 FE0F                  ; RGI_Emoji_ZWJ_Sequence  ; woman swimming: dark skin tone                                 # E4.0   [1] (🏊🏿‍♀️)
1F3CA 1F3FF 200D 2642 FE0F                  ; RGI_Emoji_ZWJ_Sequence  ; man swimming: dark skin tone                                   # E4.0   [1] (🏊🏿‍♂️)
1F3CB 1F3FB 200D 2640 FE0F                  ; RGI_Emoji_ZWJ_Sequence  ; woman lifting weights: light skin tone                         # E4.0   [1] (🏋🏻‍♀️)
1F3CB 1F3FB 200D 2642 FE0F                  ; RGI_Emoji_ZWJ_Sequence  ; man lifting weights: light skin tone                           # E4.0   [1] (🏋🏻‍♂️)
1F3CB 1F3FC 200D 2640 FE0F                  ; RGI_Emoji_ZWJ_Sequence  ; woman lifting weights: medium-light skin tone                  # E4.0   [1] (🏋🏼‍♀️)
1F3CB 1F3FC 200D 2642 FE0F                  ; RGI_Emoji_ZWJ_Sequence  ; man lifting weights: medium-light skin tone                    # E4.0   [1] (🏋🏼‍♂️)
1F3CB 1F3FD 200D 2640 FE0F                  ; RGI_Emoji_ZWJ_Sequence  ; woman lifting weights: medium skin tone                        # E4.0   [1] (🏋🏽‍♀️)
1F3CB 1F3FD 200D 2642 FE0F                  ; RGI_Emoji_ZWJ_Sequence  ; man lifting weights: medium skin tone                          # E4.0   [1] (🏋🏽‍♂️)
1F3CB 1F3FE 200D 2640 FE0F                  ; RGI_Emoji_ZWJ_Sequence  ; woman lifting weights: medium-dark skin tone                   # E4.0   [1] (🏋🏾‍♀️)
1F3CB 1F3FE 200D 2642 FE0F                  ; RGI_Emoji_ZWJ_Sequence  ; man lifting weights: medium-dark skin tone                     # E4.0   [1] (🏋🏾‍♂️)
1F3CB 1F3FF 200D 2640 FE0F                  ; RGI_Emoji_ZWJ_Sequence  ; woman lifting weights: dark skin tone                          # E4.0   [1] (🏋🏿‍♀️)
1F3CB 1F3FF 200D 2642 FE0F                  ; RGI_Emoji_ZWJ_Sequence  ; man lifting weights: dark skin tone                            # E4.0   [1] (🏋🏿‍♂️)
1F3CB FE0F 200D 2640 FE0F                   ; RGI_Emoji_ZWJ_Sequence  ; woman lifting weights                                          # E4.0   [1] (🏋️‍♀️)
1F3CB FE0F 200D 2642 FE0F                   ; RGI_Emoji_ZWJ_Sequence  ; man lifting weights                                            # E4.0   [1] (🏋️‍♂️)
1F3CC 1F3FB 200D 2640 FE0F                  ; RGI_Emoji_ZWJ_Sequence  ; woman golfing: light skin tone                                 # E4.0   [1] (🏌🏻‍♀️)
1F3CC 1F3FB 200D 2642 FE0F                  ; RGI_Emoji_ZWJ_Sequence  ; man golfing: light skin tone                                   # E4.0   [1] (🏌🏻‍♂️)
1F3CC 1F3FC 200D 2640 FE0F                  ; RGI_Emoji_ZWJ_Sequence  ; woman golfing: medium-light skin tone                          # E4.0   [1] (🏌🏼‍♀️)
1F3CC 1F3FC 200D 2642 FE0F                  ; RGI_Emoji_ZWJ_Sequence  ; man golfing: medium-light skin tone                            # E4.0   [1] (🏌🏼‍♂️)
1F3CC 1F3FD 200D 2640 FE0F                  ; RGI_Emoji_ZWJ_Sequence  ; woman golfing: medium skin tone                                # E4.0   [1] (🏌🏽‍♀️)
1F3CC 1F3FD 200D 2642 FE0F                  ; RGI_Emoji_ZWJ_Sequence  ; man golfing: medium skin tone                                  # E4.0   [1] (🏌🏽‍♂️)
1F3CC 1F3FE 200D 2640 FE0F                  ; RGI_Emoji_ZWJ_Sequence  ; woman golfing: medium-dark skin tone                           # E4.0   [1] (🏌🏾‍♀️)
1F3CC 1F3FE 200D 2642 FE0F                  ; RGI_Emoji_ZWJ_Sequence  ; man golfing: medium-dark skin tone                             # E4.0   [1] (🏌🏾‍♂️)
1F3CC 1F3FF 200D 2640 FE0F                  ; RGI_Emoji_ZWJ_Sequence  ; woman golfing: dark skin tone                                  # E4.0   [1] (🏌🏿‍♀️)
1F3CC 1F3FF 200D 2642 FE0F                  ; RGI_Emoji_ZWJ_Sequence  ; man golfing: dark skin tone                                    # E4.0   [1] (🏌🏿‍♂️)
1F3CC FE0F 200D 2640 FE0F                   ; RGI_Emoji_ZWJ_Sequence  ; woman golfing                                                  # E4.0   [1] (🏌️‍♀️)
1F3CC FE0F 200D 2642 FE0F                   ; RGI_Emoji_ZWJ_Sequence  ; man golfing                                                    # E4.0   [1] (🏌️‍♂️)
1F46E 200D 2640 FE0F                        ; RGI_Emoji_ZWJ_Sequence  ; woman police officer                                           # E4.0   [1] (👮‍♀️)
1F46E 200D 2642 FE0F                        ; RGI_Emoji_ZWJ_Sequence  ; man police officer                                             # E4.0   [1] (👮‍♂️)
1F46E 1F3FB 200D 2640 FE0F                  ; RGI_Emoji_ZWJ_Sequence  ; woman police officer: light skin tone                          # E4.0   [1] (👮🏻‍♀️)
1F46E 1F3FB 200D 2642 FE0F                  ; RGI_Emoji_ZWJ_Sequence  ; man police officer: light skin tone                            # E4.0   [1] (👮🏻‍♂️)
1F46E 1F3FC 200D 2640 FE0F                  ; RGI_Emoji_ZWJ_Sequence  ; woman police officer: medium-light skin tone                   # E4.0   [1] (👮🏼‍♀️)
1F46E 1F3FC 200D 2642 FE0F                  ; RGI_Emoji_ZWJ_Sequence  ; man police officer: medium-light skin tone                     # E4.0   [1] (👮🏼‍♂️)
1F46E 1F3FD 200D 2640 FE0F                  ; RGI_Emoji_ZWJ_Sequence  ; woman police officer: medium skin tone                         # E4.0   [1] (👮🏽‍♀️)
1F46E 1F3FD 200D 2642 FE0F                  ; RGI_Emoji_ZWJ_Sequence  ; man police officer: medium skin tone                           # E4.0   [1] (👮🏽‍♂️)
1F46E 1F3FE 200D 2640 FE0F                  ; RGI_Emoji_ZWJ_Sequence  ; woman police officer: medium-dark skin tone                    # E4.0   [1] (👮🏾‍♀️)
1F46E 1F3FE 200D 2642 FE0F                  ; RGI_Emoji_ZWJ_Sequence  ; man police officer: medium-dark skin tone                      # E4.0   [1] (👮🏾‍♂️)
1F46E 1F3FF 200D 2640 FE0F                  ; RGI_Emoji_ZWJ_Sequence  ; woman police officer: dark skin tone                           # E4.0   [1] (👮🏿‍♀️)
1F46E 1F3FF 200D 2642 FE0F                  ; RGI_Emoji_ZWJ_Sequence  ; man police officer: dark skin tone                             # E4.0   [1] (👮🏿‍♂️)
1F46F 200D 2640 FE0F                        ; RGI_Emoji_ZWJ_Sequence  ; women with bunny ears                                          # E4.0   [1] (👯‍♀️)
1F46F 200D 2642 FE0F                        ; RGI_Emoji_ZWJ_Sequence  ; men with bunny ears                                            # E4.0   [1] (👯‍♂️)
1F46F 1F3FB 200D 2640 FE0F                  ; RGI_Emoji_ZWJ_Sequence  ; women with bunny ears: light skin tone                         # E17.0  [1] (👯🏻‍♀️)
1F46F 1F3FB 200D 2642 FE0F                  ; RGI_Emoji_ZWJ_Sequence  ; men with bunny ears: light skin tone                           # E17.0  [1] (👯🏻‍♂️)
1F46F 1F3FC 200D 2640 FE0F                  ; RGI_Emoji_ZWJ_Sequence  ; women with bunny ears: medium-light skin tone                  # E17.0  [1] (👯🏼‍♀️)
1F46F 1F3FC 200D 2642 FE0F                  ; RGI_Emoji_ZWJ_Sequence  ; men with bunny ears: medium-light skin tone                    # E17.0  [1] (👯🏼‍♂️)
1F46F 1F3FD 200D 2640 FE0F                  ; RGI_Emoji_ZWJ_Sequence  ; women with bunny ears: medium skin tone                        # E17.0  [1] (👯🏽‍♀️)
1F46F 1F3FD 200D 2642 FE0F                  ; RGI_Emoji_ZWJ_Sequence  ; men with bunny ears: medium skin tone                          # E17.0  [1] (👯🏽‍♂️)
1F46F 1F3FE 200D 2640 FE0F                  ; RGI_Emoji_ZWJ_Sequence  ; women with bunny ears: medium-dark skin tone                   # E17.0  [1] (👯🏾‍♀️)
1F46F 1F3FE 200D 2642 FE0F                  ; RGI_Emoji_ZWJ_Sequence  ; men with bunny ears: medium-dark skin tone                     # E17.0  [1] (👯🏾‍♂️)
1F46F 1F3FF 200D 2640 FE0F                  ; RGI_Emoji_ZWJ_Sequence  ; women with bunny ears: dark skin tone                          # E17.0  [1] (👯🏿‍♀️)
1F46F 1F3FF 200D 2642 FE0F                  ; RGI_Emoji_ZWJ_Sequence  ; men with bunny ears: dark skin tone                            # E17.0  [1] (👯🏿‍♂️)
1F470 200D 2640 FE0F                        ; RGI_Emoji_ZWJ_Sequence  ; woman with veil                                                # E13.0  [1] (👰‍♀️)
1F470 200D 2642 FE0F                        ; RGI_Emoji_ZWJ_Sequence  ; man with veil                                                  # E13.0  [1] (👰‍♂️)
1F470 1F3FB 200D 2640 FE0F                  ; RGI_Emoji_ZWJ_Sequence  ; woman with veil: light skin tone                               # E13.0  [1] (👰🏻‍♀️)
1F470 1F3FB 200D 2642 FE0F                  ; RGI_Emoji_ZWJ_Sequence  ; man with veil: light skin tone                                 # E13.0  [1] (👰🏻‍♂️)
1F470 1F3FC 200D 2640 FE0F                  ; RGI_Emoji_ZWJ_Sequence  ; woman with veil: medium-light skin tone                        # E13.0  [1] (👰🏼‍♀️)
1F470 1F3FC 200D 2642 FE0F                  ; RGI_Emoji_ZWJ_Sequence  ; man with veil: medium-light skin tone                          # E13.0  [1] (👰🏼‍♂️)
1F470 1F3FD 200D 2640 FE0F                  ; RGI_Emoji_ZWJ_Sequence  ; woman with veil: medium skin tone                              # E13.0  [1] (👰🏽‍♀️)
1F470 1F3FD 200D 2642 FE0F                  ; RGI_Emoji_ZWJ_Sequence  ; man with veil: medium skin tone                                # E13.0  [1] (👰🏽‍♂️)
1F470 1F3FE 200D 2640 FE0F                  ; RGI_Emoji_ZWJ_Sequence  ; woman with veil: medium-dark skin tone                         # E13.0  [1] (👰🏾‍♀️)
1F470 1F3FE 200D 2642 FE0F                  ; RGI_Emoji_ZWJ_Sequence  ; man with veil: medium-dark skin tone                           # E13.0  [1] (👰🏾‍♂️)
1F470 1F3FF 200D 2640 FE0F                  ; RGI_Emoji_ZWJ_Sequence  ; woman with veil: dark skin tone                                # E13.0  [1] (👰🏿‍♀️)
1F470 1F3FF 200D 2642 FE0F                  ; RGI_Emoji_ZWJ_Sequence  ; man with veil: dark skin tone                                  # E13.0  [1] (👰🏿‍♂️)
1F471 200D 2640 FE0F                        ; RGI_Emoji_ZWJ_Sequence  ; woman: blond hair                                              # E4.0   [1] (👱‍♀️)
1F471 200D 2642 FE0F                        ; RGI_Emoji_ZWJ_Sequence  ; man: blond hair                                                # E4.0   [1] (👱‍♂️)
1F471 1F3FB 200D 2640 FE0F                  ; RGI_Emoji_ZWJ_Sequence  ; woman: light skin tone, blond hair                             # E4.0   [1] (👱🏻‍♀️)
1F471 1F3FB 200D 2642 FE0F                  ; RGI_Emoji_ZWJ_Sequence  ; man: light skin tone, blond hair                               # E4.0   [1] (👱🏻‍♂️)
1F471 1F3FC 200D 2640 FE0F                  ; RGI_Emoji_ZWJ_Sequence  ; woman: medium-light skin tone, blond hair                      # E4.0   [1] (👱🏼‍♀️)
1F471 1F3FC 200D 2642 FE0F                  ; RGI_Emoji_ZWJ_Sequence  ; man: medium-light skin tone, blond hair                        # E4.0   [1] (👱🏼‍♂️)
1F471 1F3FD 200D 2640 FE0F                  ; RGI_Emoji_ZWJ_Sequence  ; woman: medium skin tone, blond hair                            # E4.0   [1] (👱🏽‍♀️)
1F471 1F3FD 200D 2642 FE0F                  ; RGI_Emoji_ZWJ_Sequence  ; man: medium skin tone, blond hair                              # E4.0   [1] (👱🏽‍♂️)
1F471 1F3FE 200D 2640 FE0F                  ; RGI_Emoji_ZWJ_Sequence  ; woman: medium-dark skin tone, blond hair                       # E4.0   [1] (👱🏾‍♀️)
1F471 1F3FE 200D 2642 FE0F                  ; RGI_Emoji_ZWJ_Sequence  ; man: medium-dark skin tone, blond hair                         # E4.0   [1] (👱🏾‍♂️)
1F471 1F3FF 200D 2640 FE0F                  ; RGI_Emoji_ZWJ_Sequence  ; woman: dark skin tone, blond hair                              # E4.0   [1] (👱🏿‍♀️)
1F471 1F3FF 200D 2642 FE0F                  ; RGI_Emoji_ZWJ_Sequence  ; man: dark skin tone, blond hair                                # E4.0   [1] (👱🏿‍♂️)
1F473 200D 2640 FE0F                        ; RGI_Emoji_ZWJ_Sequence  ; woman wearing turban                                           # E4.0   [1] (👳‍♀️)
1F473 200D 2642 FE0F                        ; RGI_Emoji_ZWJ_Sequence  ; man wearing turban                                             # E4.0   [1] (👳‍♂️)
1F473 1F3FB 200D 2640 FE0F                  ; RGI_Emoji_ZWJ_Sequence  ; woman wearing turban: light skin tone                          # E4.0   [1] (👳🏻‍♀️)
1F473 1F3FB 200D 2642 FE0F                  ; RGI_Emoji_ZWJ_Sequence  ; man wearing turban: light skin tone                            # E4.0   [1] (👳🏻‍♂️)
1F473 1F3FC 200D 2640 FE0F                  ; RGI_Emoji_ZWJ_Sequence  ; woman wearing turban: medium-light skin tone                   # E4.0   [1] (👳🏼‍♀️)
1F473 1F3FC 200D 2642 FE0F                  ; RGI_Emoji_ZWJ_Sequence  ; man wearing turban: medium-light skin tone                     # E4.0   [1] (👳🏼‍♂️)
1F473 1F3FD 200D 2640 FE0F                  ; RGI_Emoji_ZWJ_Sequence  ; woman wearing turban: medium skin tone                         # E4.0   [1] (👳🏽‍♀️)
1F473 1F3FD 200D 2642 FE0F                  ; RGI_Emoji_ZWJ_Sequence  ; man wearing turban: medium skin tone                           # E4.0   [1] (👳🏽‍♂️)
1F473 1F3FE 200D 2640 FE0F                  ; RGI_Emoji_ZWJ_Sequence  ; woman wearing turban: medium-dark skin tone                    # E4.0   [1] (👳🏾‍♀️)
1F473 1F3FE 200D 2642 FE0F                  ; RGI_Emoji_ZWJ_Sequence  ; man wearing turban: medium-dark skin tone                      # E4.0   [1] (👳🏾‍♂️)
1F473 1F3FF 200D 2640 FE0F                  ; RGI_Emoji_ZWJ_Sequence  ; woman wearing turban: dark skin tone                           # E4.0   [1] (👳🏿‍♀️)
1F473 1F3FF 200D 2642 FE0F                  ; RGI_Emoji_ZWJ_Sequence  ; man wearing turban: dark skin tone                             # E4.0   [1] (👳🏿‍♂️)
1F477 200D 2640 FE0F                        ; RGI_Emoji_ZWJ_Sequence  ; woman construction worker                                      # E4.0   [1] (👷‍♀️)
1F477 200D 2642 FE0F                        ; RGI_Emoji_ZWJ_Sequence  ; man construction worker                                        # E4.0   [1] (👷‍♂️)
1F477 1F3FB 200D 2640 FE0F                  ; RGI_Emoji_ZWJ_Sequence  ; woman construction worker: light skin tone                     # E4.0   [1] (👷🏻‍♀️)
1F477 1F3FB 200D 2642 FE0F                  ; RGI_Emoji_ZWJ_Sequence  ; man construction worker: light skin tone                       # E4.0   [1] (👷🏻‍♂️)
1F477 1F3FC 200D 2640 FE0F                  ; RGI_Emoji_ZWJ_Sequence  ; woman construction worker: medium-light skin tone              # E4.0   [1] (👷🏼‍♀️)
1F477 1F3FC 200D 2642 FE0F                  ; RGI_Emoji_ZWJ_Sequence  ; man construction worker: medium-light skin tone                # E4.0   [1] (👷🏼‍♂️)
1F477 1F3FD 200D 2640 FE0F                  ; RGI_Emoji_ZWJ_Sequence  ; woman construction worker: medium skin tone                    # E4.0   [1] (👷🏽‍♀️)
1F477 1F3FD 200D 2642 FE0F                  ; RGI_Emoji_ZWJ_Sequence  ; man construction worker: medium skin tone                      # E4.0   [1] (👷🏽‍♂️)
1F477 1F3FE 200D 2640 FE0F                  ; RGI_Emoji_ZWJ_Sequence  ; woman construction worker: medium-dark skin tone               # E4.0   [1] (👷🏾‍♀️)
1F477 1F3FE 200D 2642 FE0F                  ; RGI_Emoji_ZWJ_Sequence  ; man construction worker: medium-dark skin tone                 # E4.0   [1] (👷🏾‍♂️)
1F477 1F3FF 200D 2640 FE0F                  ; RGI_Emoji_ZWJ_Sequence  ; woman construction worker: dark skin tone                      # E4.0   [1] (👷🏿‍♀️)
1F477 1F3FF 200D 2642 FE0F                  ; RGI_Emoji_ZWJ_Sequence  ; man construction worker: dark skin tone                        # E4.0   [1] (👷🏿‍♂️)
1F481 200D 2640 FE0F                        ; RGI_Emoji_ZWJ_Sequence  ; woman tipping hand                                             # E4.0   [1] (💁‍♀️)
1F481 200D 2642 FE0F                        ; RGI_Emoji_ZWJ_Sequence  ; man tipping hand                                               # E4.0   [1] (💁‍♂️)
1F481 1F3FB 200D 2640 FE0F                  ; RGI_Emoji_ZWJ_Sequence  ; woman tipping hand: light skin tone                            # E4.0   [1] (💁🏻‍♀️)
1F481 1F3FB 200D 2642 FE0F                  ; RGI_Emoji_ZWJ_Sequence  ; man tipping hand: light skin tone                              # E4.0   [1] (💁🏻‍♂️)
1F481 1F3FC 200D 2640 FE0F                  ; RGI_Emoji_ZWJ_Sequence  ; woman tipping hand: medium-light skin tone                     # E4.0   [1] (💁🏼‍♀️)
1F481 1F3FC 200D 2642 FE0F                  ; RGI_Emoji_ZWJ_Sequence  ; man tipping hand: medium-light skin tone                       # E4.0   [1] (💁🏼‍♂️)
1F481 1F3FD 200D 2640 FE0F                  ; RGI_Emoji_ZWJ_Sequence  ; woman tipping hand: medium skin tone                           # E4.0   [1] (💁🏽‍♀️)
1F481 1F3FD 200D 2642 FE0F                  ; RGI_Emoji_ZWJ_Sequence  ; man tipping hand: medium skin tone                             # E4.0   [1] (💁🏽‍♂️)
1F481 1F3FE 200D 2640 FE0F                  ; RGI_Emoji_ZWJ_Sequence  ; woman tipping hand: medium-dark skin tone                      # E4.0   [1] (💁🏾‍♀️)
1F481 1F3FE 200D 2642 FE0F                  ; RGI_Emoji_ZWJ_Sequence  ; man tipping hand: medium-dark skin tone                        # E4.0   [1] (💁🏾‍♂️)
1F481 1F3FF 200D 2640 FE0F                  ; RGI_Emoji_ZWJ_Sequence  ; woman tipping hand: dark skin tone                             # E4.0   [1] (💁🏿‍♀️)
1F481 1F3FF 200D 2642 FE0F                  ; RGI_Emoji_ZWJ_Sequence  ; man tipping hand: dark skin tone                               # E4.0   [1] (💁🏿‍♂️)
1F482 200D 2640 FE0F                        ; RGI_Emoji_ZWJ_Sequence  ; woman guard                                                    # E4.0   [1] (💂‍♀️)
1F482 200D 2642 FE0F                        ; RGI_Emoji_ZWJ_Sequence  ; man guard                                                      # E4.0   [1] (💂‍♂️)
1F482 1F3FB 200D 2640 FE0F                  ; RGI_Emoji_ZWJ_Sequence  ; woman guard: light skin tone                                   # E4.0   [1] (💂🏻‍♀️)
1F482 1F3FB 200D 2642 FE0F                  ; RGI_Emoji_ZWJ_Sequence  ; man guard: light skin tone                                     # E4.0   [1] (💂🏻‍♂️)
1F482 1F3FC 200D 2640 FE0F                  ; RGI_Emoji_ZWJ_Sequence  ; woman guard: medium-light skin tone                            # E4.0   [1] (💂🏼‍♀️)
1F482 1F3FC 200D 2642 FE0F                  ; RGI_Emoji_ZWJ_Sequence  ; man guard: medium-light skin tone                              # E4.0   [1] (💂🏼‍♂️)
1F482 1F3FD 200D 2640 FE0F                  ; RGI_Emoji_ZWJ_Sequence  ; woman guard: medium skin tone                                  # E4.0   [1] (💂🏽‍♀️)
1F482 1F3FD 200D 2642 FE0F                  ; RGI_Emoji_ZWJ_Sequence  ; man guard: medium skin tone                                    # E4.0   [1] (💂🏽‍♂️)
1F482 1F3FE 200D 2640 FE0F                  ; RGI_Emoji_ZWJ_Sequence  ; woman guard: medium-dark skin tone                             # E4.0   [1] (💂🏾‍♀️)
1F482 1F3FE 200D 2642 FE0F                  ; RGI_Emoji_ZWJ_Sequence  ; man guard: medium-dark skin tone                               # E4.0   [1] (💂🏾‍♂️)
1F482 1F3FF 200D 2640 FE0F                  ; RGI_Emoji_ZWJ_Sequence  ; woman guard: dark skin tone                                    # E4.0   [1] (💂🏿‍♀️)
1F482 1F3FF 200D 2642 FE0F                  ; RGI_Emoji_ZWJ_Sequence  ; man guard: dark skin tone                                      # E4.0   [1] (💂🏿‍♂️)
1F486 200D 2640 FE0F                        ; RGI_Emoji_ZWJ_Sequence  ; woman getting massage                                          # E4.0   [1] (💆‍♀️)
1F486 200D 2642 FE0F                        ; RGI_Emoji_ZWJ_Sequence  ; man getting massage                                            # E4.0   [1] (💆‍♂️)
1F486 1F3FB 200D 2640 FE0F                  ; RGI_Emoji_ZWJ_Sequence  ; woman getting massage: light skin tone                         # E4.0   [1] (💆🏻‍♀️)
1F486 1F3FB 200D 2642 FE0F                  ; RGI_Emoji_ZWJ_Sequence  ; man getting massage: light skin tone                           # E4.0   [1] (💆🏻‍♂️)
1F486 1F3FC 200D 2640 FE0F                  ; RGI_Emoji_ZWJ_Sequence  ; woman getting massage: medium-light skin tone                  # E4.0   [1] (💆🏼‍♀️)
1F486 1F3FC 200D 2642 FE0F                  ; RGI_Emoji_ZWJ_Sequence  ; man getting massage: medium-light skin tone                    # E4.0   [1] (💆🏼‍♂️)
1F486 1F3FD 200D 2640 FE0F                  ; RGI_Emoji_ZWJ_Sequence  ; woman getting massage: medium skin tone                        # E4.0   [1] (💆🏽‍♀️)
1F486 1F3FD 200D 2642 FE0F                  ; RGI_Emoji_ZWJ_Sequence  ; man getting massage: medium skin tone                          # E4.0   [1] (💆🏽‍♂️)
1F486 1F3FE 200D 2640 FE0F                  ; RGI_Emoji_ZWJ_Sequence  ; woman getting massage: medium-dark skin tone                   # E4.0   [1] (💆🏾‍♀️)
1F486 1F3FE 200D 2642 FE0F                  ; RGI_Emoji_ZWJ_Sequence  ; man getting massage: medium-dark skin tone                     # E4.0   [1] (💆🏾‍♂️)
1F486 1F3FF 200D 2640 FE0F                  ; RGI_Emoji_ZWJ_Sequence  ; woman getting massage: dark skin tone                          # E4.0   [1] (💆🏿‍♀️)
1F486 1F3FF 200D 2642 FE0F                  ; RGI_Emoji_ZWJ_Sequence  ; man getting massage: dark skin tone                            # E4.0   [1] (💆🏿‍♂️)
1F487 200D 2640 FE0F                        ; RGI_Emoji_ZWJ_Sequence  ; woman getting haircut                                          # E4.0   [1] (💇‍♀️)
1F487 200D 2642 FE0F                        ; RGI_Emoji_ZWJ_Sequence  ; man getting haircut                                            # E4.0   [1] (💇‍♂️)
1F487 1F3FB 200D 2640 FE0F                  ; RGI_Emoji_ZWJ_Sequence  ; woman getting haircut: light skin tone                         # E4.0   [1] (💇🏻‍♀️)
1F487 1F3FB 200D 2642 FE0F                  ; RGI_Emoji_ZWJ_Sequence  ; man getting haircut: light skin tone                           # E4.0   [1] (💇🏻‍♂️)
1F487 1F3FC 200D 2640 FE0F                  ; RGI_Emoji_ZWJ_Sequence  ; woman getting haircut: medium-light skin tone                  # E4.0   [1] (💇🏼‍♀️)
1F487 1F3FC 200D 2642 FE0F                  ; RGI_Emoji_ZWJ_Sequence  ; man getting haircut: medium-light skin tone                    # E4.0   [1] (💇🏼‍♂️)
1F487 1F3FD 200D 2640 FE0F                  ; RGI_Emoji_ZWJ_Sequence  ; woman getting haircut: medium skin tone                        # E4.0   [1] (💇🏽‍♀️)
1F487 1F3FD 200D 2642 FE0F                  ; RGI_Emoji_ZWJ_Sequence  ; man getting haircut: medium skin tone                          # E4.0   [1] (💇🏽‍♂️)
1F487 1F3FE 200D 2640 FE0F                  ; RGI_Emoji_ZWJ_Sequence  ; woman getting haircut: medium-dark skin tone                   # E4.0   [1] (💇🏾‍♀️)
1F487 1F3FE 200D 2642 FE0F                  ; RGI_Emoji_ZWJ_Sequence  ; man getting haircut: medium-dark skin tone                     # E4.0   [1] (💇🏾‍♂️)
1F487 1F3FF 200D 2640 FE0F                  ; RGI_Emoji_ZWJ_Sequence  ; woman getting haircut: dark skin tone                          # E4.0   [1] (💇🏿‍♀️)
1F487 1F3FF 200D 2642 FE0F                  ; RGI_Emoji_ZWJ_Sequence  ; man getting haircut: dark skin tone                            # E4.0   [1] (💇🏿‍♂️)
1F575 1F3FB 200D 2640 FE0F                  ; RGI_Emoji_ZWJ_Sequence  ; woman detective: light skin tone                               # E4.0   [1] (🕵🏻‍♀️)
1F575 1F3FB 200D 2642 FE0F                  ; RGI_Emoji_ZWJ_Sequence  ; man detective: light skin tone                                 # E4.0   [1] (🕵🏻‍♂️)
1F575 1F3FC 200D 2640 FE0F                  ; RGI_Emoji_ZWJ_Sequence  ; woman detective: medium-light skin tone                        # E4.0   [1] (🕵🏼‍♀️)
1F575 1F3FC 200D 2642 FE0F                  ; RGI_Emoji_ZWJ_Sequence  ; man detective: medium-light skin tone                          # E4.0   [1] (🕵🏼‍♂️)
1F575 1F3FD 200D 2640 FE0F                  ; RGI_Emoji_ZWJ_Sequence  ; woman detective: medium skin tone                              # E4.0   [1] (🕵🏽‍♀️)
1F575 1F3FD 200D 2642 FE0F                  ; RGI_Emoji_ZWJ_Sequence  ; man detective: medium skin tone                                # E4.0   [1] (🕵🏽‍♂️)
1F575 1F3FE 200D 2640 FE0F                  ; RGI_Emoji_ZWJ_Sequence  ; woman detective: medium-dark skin tone                         # E4.0   [1] (🕵🏾‍♀️)
1F575 1F3FE 200D 2642 FE0F                  ; RGI_Emoji_ZWJ_Sequence  ; man detective: medium-dark skin tone                           # E4.0   [1] (🕵🏾‍♂️)
1F575 1F3FF 200D 2640 FE0F                  ; RGI_Emoji_ZWJ_Sequence  ; woman detective: dark skin tone                                # E4.0   [1] (🕵🏿‍♀️)
1F575 1F3FF 200D 2642 FE0F                  ; RGI_Emoji_ZWJ_Sequence  ; man detective: dark skin tone                                  # E4.0   [1] (🕵🏿‍♂️)
1F575 FE0F 200D 2640 FE0F                   ; RGI_Emoji_ZWJ_Sequence  ; woman detective                                                # E4.0   [1] (🕵️‍♀️)
1F575 FE0F 200D 2642 FE0F                   ; RGI_Emoji_ZWJ_Sequence  ; man detective                                                  # E4.0   [1] (🕵️‍♂️)
1F645 200D 2640 FE0F                        ; RGI_Emoji_ZWJ_Sequence  ; woman gesturing NO                                             # E4.0   [1] (🙅‍♀️)
1F645 200D 2642 FE0F                        ; RGI_Emoji_ZWJ_Sequence  ; man gesturing NO                                               # E4.0   [1] (🙅‍♂️)
1F645 1F3FB 200D 2640 FE0F                  ; RGI_Emoji_ZWJ_Sequence  ; woman gesturing NO: light skin tone                            # E4.0   [1] (🙅🏻‍♀️)
1F645 1F3FB 200D 2642 FE0F                  ; RGI_Emoji_ZWJ_Sequence  ; man gesturing NO: light skin tone                              # E4.0   [1] (🙅🏻‍♂️)
1F645 1F3FC 200D 2640 FE0F                  ; RGI_Emoji_ZWJ_Sequence  ; woman gesturing NO: medium-light skin tone                     # E4.0   [1] (🙅🏼‍♀️)
1F645 1F3FC 200D 2642 FE0F                  ; RGI_Emoji_ZWJ_Sequence  ; man gesturing NO: medium-light skin tone                       # E4.0   [1] (🙅🏼‍♂️)
1F645 1F3FD 200D 2640 FE0F                  ; RGI_Emoji_ZWJ_Sequence  ; woman gesturing NO: medium skin tone                           # E4.0   [1] (🙅🏽‍♀️)
1F645 1F3FD 200D 2642 FE0F                  ; RGI_Emoji_ZWJ_Sequence  ; man gesturing NO: medium skin tone                             # E4.0   [1] (🙅🏽‍♂️)
1F645 1F3FE 200D 2640 FE0F                  ; RGI_Emoji_ZWJ_Sequence  ; woman gesturing NO: medium-dark skin tone                      # E4.0   [1] (🙅🏾‍♀️)
1F645 1F3FE 200D 2642 FE0F                  ; RGI_Emoji_ZWJ_Sequence  ; man gesturing NO: medium-dark skin tone                        # E4.0   [1] (🙅🏾‍♂️)
1F645 1F3FF 200D 2640 FE0F                  ; RGI_Emoji_ZWJ_Sequence  ; woman gesturing NO: dark skin tone                             # E4.0   [1] (🙅🏿‍♀️)
1F645 1F3FF 200D 2642 FE0F                  ; RGI_Emoji_ZWJ_Sequence  ; man gesturing NO: dark skin tone                               # E4.0   [1] (🙅🏿‍♂️)
1F646 200D 2640 FE0F                        ; RGI_Emoji_ZWJ_Sequence  ; woman gesturing OK                                             # E4.0   [1] (🙆‍♀️)
1F646 200D 2642 FE0F                        ; RGI_Emoji_ZWJ_Sequence  ; man gesturing OK                                               # E4.0   [1] (🙆‍♂️)
1F646 1F3FB 200D 2640 FE0F                  ; RGI_Emoji_ZWJ_Sequence  ; woman gesturing OK: light skin tone                            # E4.0   [1] (🙆🏻‍♀️)
1F646 1F3FB 200D 2642 FE0F                  ; RGI_Emoji_ZWJ_Sequence  ; man gesturing OK: light skin tone                              # E4.0   [1] (🙆🏻‍♂️)
1F646 1F3FC 200D 2640 FE0F                  ; RGI_Emoji_ZWJ_Sequence  ; woman gesturing OK: medium-light skin tone                     # E4.0   [1] (🙆🏼‍♀️)
1F646 1F3FC 200D 2642 FE0F                  ; RGI_Emoji_ZWJ_Sequence  ; man gesturing OK: medium-light skin tone                       # E4.0   [1] (🙆🏼‍♂️)
1F646 1F3FD 200D 2640 FE0F                  ; RGI_Emoji_ZWJ_Sequence  ; woman gesturing OK: medium skin tone                           # E4.0   [1] (🙆🏽‍♀️)
1F646 1F3FD 200D 2642 FE0F                  ; RGI_Emoji_ZWJ_Sequence  ; man gesturing OK: medium skin tone                             # E4.0   [1] (🙆🏽‍♂️)
1F646 1F3FE 200D 2640 FE0F                  ; RGI_Emoji_ZWJ_Sequence  ; woman gesturing OK: medium-dark skin tone                      # E4.0   [1] (🙆🏾‍♀️)
1F646 1F3FE 200D 2642 FE0F                  ; RGI_Emoji_ZWJ_Sequence  ; man gesturing OK: medium-dark skin tone                        # E4.0   [1] (🙆🏾‍♂️)
1F646 1F3FF 200D 2640 FE0F                  ; RGI_Emoji_ZWJ_Sequence  ; woman gesturing OK: dark skin tone                             # E4.0   [1] (🙆🏿‍♀️)
1F646 1F3FF 200D 2642 FE0F                  ; RGI_Emoji_ZWJ_Sequence  ; man gesturing OK: dark skin tone                               # E4.0   [1] (🙆🏿‍♂️)
1F647 200D 2640 FE0F                        ; RGI_Emoji_ZWJ_Sequence  ; woman bowing                                                   # E4.0   [1] (🙇‍♀️)
1F647 200D 2642 FE0F                        ; RGI_Emoji_ZWJ_Sequence  ; man bowing                                                     # E4.0   [1] (🙇‍♂️)
1F647 1F3FB 200D 2640 FE0F                  ; RGI_Emoji_ZWJ_Sequence  ; woman bowing: light skin tone                                  # E4.0   [1] (🙇🏻‍♀️)
1F647 1F3FB 200D 2642 FE0F                  ; RGI_Emoji_ZWJ_Sequence  ; man bowing: light skin tone                                    # E4.0   [1] (🙇🏻‍♂️)
1F647 1F3FC 200D 2640 FE0F                  ; RGI_Emoji_ZWJ_Sequence  ; woman bowing: medium-light skin tone                           # E4.0   [1] (🙇🏼‍♀️)
1F647 1F3FC 200D 2642 FE0F                  ; RGI_Emoji_ZWJ_Sequence  ; man bowing: medium-light skin tone                             # E4.0   [1] (🙇🏼‍♂️)
1F647 1F3FD 200D 2640 FE0F                  ; RGI_Emoji_ZWJ_Sequence  ; woman bowing: medium skin tone                                 # E4.0   [1] (🙇🏽‍♀️)
1F647 1F3FD 200D 2642 FE0F                  ; RGI_Emoji_ZWJ_Sequence  ; man bowing: medium skin tone                                   # E4.0   [1] (🙇🏽‍♂️)
1F647 1F3FE 200D 2640 FE0F                  ; RGI_Emoji_ZWJ_Sequence  ; woman bowing: medium-dark skin tone                            # E4.0   [1] (🙇🏾‍♀️)
1F647 1F3FE 200D 2642 FE0F                  ; RGI_Emoji_ZWJ_Sequence  ; man bowing: medium-dark skin tone                              # E4.0   [1] (🙇🏾‍♂️)
1F647 1F3FF 200D 2640 FE0F                  ; RGI_Emoji_ZWJ_Sequence  ; woman bowing: dark skin tone                                   # E4.0   [1] (🙇🏿‍♀️)
1F647 1F3FF 200D 2642 FE0F                  ; RGI_Emoji_ZWJ_Sequence  ; man bowing: dark skin tone                                     # E4.0   [1] (🙇🏿‍♂️)
1F64B 200D 2640 FE0F                        ; RGI_Emoji_ZWJ_Sequence  ; woman raising hand                                             # E4.0   [1] (🙋‍♀️)
1F64B 200D 2642 FE0F                        ; RGI_Emoji_ZWJ_Sequence  ; man raising hand                                               # E4.0   [1] (🙋‍♂️)
1F64B 1F3FB 200D 2640 FE0F                  ; RGI_Emoji_ZWJ_Sequence  ; woman raising hand: light skin tone                            # E4.0   [1] (🙋🏻‍♀️)
1F64B 1F3FB 200D 2642 FE0F                  ; RGI_Emoji_ZWJ_Sequence  ; man raising hand: light skin tone                              # E4.0   [1] (🙋🏻‍♂️)
1F64B 1F3FC 200D 2640 FE0F                  ; RGI_Emoji_ZWJ_Sequence  ; woman raising hand: medium-light skin tone                     # E4.0   [1] (🙋🏼‍♀️)
1F64B 1F3FC 200D 2642 FE0F                  ; RGI_Emoji_ZWJ_Sequence  ; man raising hand: medium-light skin tone                       # E4.0   [1] (🙋🏼‍♂️)
1F64B 1F3FD 200D 2640 FE0F                  ; RGI_Emoji_ZWJ_Sequence  ; woman raising hand: medium skin tone                           # E4.0   [1] (🙋🏽‍♀️)
1F64B 1F3FD 200D 2642 FE0F                  ; RGI_Emoji_ZWJ_Sequence  ; man raising hand: medium skin tone                             # E4.0   [1] (🙋🏽‍♂️)
1F64B 1F3FE 200D 2640 FE0F                  ; RGI_Emoji_ZWJ_Sequence  ; woman raising hand: medium-dark skin tone                      # E4.0   [1] (🙋🏾‍♀️)
1F64B 1F3FE 200D 2642 FE0F                  ; RGI_Emoji_ZWJ_Sequence  ; man raising hand: medium-dark skin tone                        # E4.0   [1] (🙋🏾‍♂️)
1F64B 1F3FF 200D 2640 FE0F                  ; RGI_Emoji_ZWJ_Sequence  ; woman raising hand: dark skin tone                             # E4.0   [1] (🙋🏿‍♀️)
1F64B 1F3FF 200D 2642 FE0F                  ; RGI_Emoji_ZWJ_Sequence  ; man raising hand: dark skin tone                               # E4.0   [1] (🙋🏿‍♂️)
1F64D 200D 2640 FE0F                        ; RGI_Emoji_ZWJ_Sequence  ; woman frowning                                                 # E4.0   [1] (🙍‍♀️)
1F64D 200D 2642 FE0F                        ; RGI_Emoji_ZWJ_Sequence  ; man frowning                                                   # E4.0   [1] (🙍‍♂️)
1F64D 1F3FB 200D 2640 FE0F                  ; RGI_Emoji_ZWJ_Sequence  ; woman frowning: light skin tone                                # E4.0   [1] (🙍🏻‍♀️)
1F64D 1F3FB 200D 2642 FE0F                  ; RGI_Emoji_ZWJ_Sequence  ; man frowning: light skin tone                                  # E4.0   [1] (🙍🏻‍♂️)
1F64D 1F3FC 200D 2640 FE0F                  ; RGI_Emoji_ZWJ_Sequence  ; woman frowning: medium-light skin tone                         # E4.0   [1] (🙍🏼‍♀️)
1F64D 1F3FC 200D 2642 FE0F                  ; RGI_Emoji_ZWJ_Sequence  ; man frowning: medium-light skin tone                           # E4.0   [1] (🙍🏼‍♂️)
1F64D 1F3FD 200D 2640 FE0F                  ; RGI_Emoji_ZWJ_Sequence  ; woman frowning: medium skin tone                               # E4.0   [1] (🙍🏽‍♀️)
1F64D 1F3FD 200D 2642 FE0F                  ; RGI_Emoji_ZWJ_Sequence  ; man frowning: medium skin tone                                 # E4.0   [1] (🙍🏽‍♂️)
1F64D 1F3FE 200D 2640 FE0F                  ; RGI_Emoji_ZWJ_Sequence  ; woman frowning: medium-dark skin tone                          # E4.0   [1] (🙍🏾‍♀️)
1F64D 1F3FE 200D 2642 FE0F                  ; RGI_Emoji_ZWJ_Sequence  ; man frowning: medium-dark skin tone                            # E4.0   [1] (🙍🏾‍♂️)
1F64D 1F3FF 200D 2640 FE0F                  ; RGI_Emoji_ZWJ_Sequence  ; woman frowning: dark skin tone                                 # E4.0   [1] (🙍🏿‍♀️)
1F64D 1F3FF 200D 2642 FE0F                  ; RGI_Emoji_ZWJ_Sequence  ; man frowning: dark skin tone                                   # E4.0   [1] (🙍🏿‍♂️)
1F64E 200D 2640 FE0F                        ; RGI_Emoji_ZWJ_Sequence  ; woman pouting                                                  # E4.0   [1] (🙎‍♀️)
1F64E 200D 2642 FE0F                        ; RGI_Emoji_ZWJ_Sequence  ; man pouting                                                    # E4.0   [1] (🙎‍♂️)
1F64E 1F3FB 200D 2640 FE0F                  ; RGI_Emoji_ZWJ_Sequence  ; woman pouting: light skin tone                                 # E4.0   [1] (🙎🏻‍♀️)
1F64E 1F3FB 200D 2642 FE0F                  ; RGI_Emoji_ZWJ_Sequence  ; man pouting: light skin tone                                   # E4.0   [1] (🙎🏻‍♂️)
1F64E 1F3FC 200D 2640 FE0F                  ; RGI_Emoji_ZWJ_Sequence  ; woman pouting: medium-light skin tone                          # E4.0   [1] (🙎🏼‍♀️)
1F64E 1F3FC 200D 2642 FE0F                  ; RGI_Emoji_ZWJ_Sequence  ; man pouting: medium-light skin tone                            # E4.0   [1] (🙎🏼‍♂️)
1F64E 1F3FD 200D 2640 FE0F                  ; RGI_Emoji_ZWJ_Sequence  ; woman pouting: medium skin tone                                # E4.0   [1] (🙎🏽‍♀️)
1F64E 1F3FD 200D 2642 FE0F                  ; RGI_Emoji_ZWJ_Sequence  ; man pouting: medium skin tone                                  # E4.0   [1] (🙎🏽‍♂️)
1F64E 1F3FE 200D 2640 FE0F                  ; RGI_Emoji_ZWJ_Sequence  ; woman pouting: medium-dark skin tone                           # E4.0   [1] (🙎🏾‍♀️)
1F64E 1F3FE 200D 2642 FE0F                  ; RGI_Emoji_ZWJ_Sequence  ; man pouting: medium-dark skin tone                             # E4.0   [1] (🙎🏾‍♂️)
1F64E 1F3FF 200D 2640 FE0F                  ; RGI_Emoji_ZWJ_Sequence  ; woman pouting: dark skin tone                                  # E4.0   [1] (🙎🏿‍♀️)
1F64E 1F3FF 200D 2642 FE0F                  ; RGI_Emoji_ZWJ_Sequence  ; man pouting: dark skin tone                                    # E4.0   [1] (🙎🏿‍♂️)
1F6A3 200D 2640 FE0F                        ; RGI_Emoji_ZWJ_Sequence  ; woman rowing boat                                              # E4.0   [1] (🚣‍♀️)
1F6A3 200D 2642 FE0F                        ; RGI_Emoji_ZWJ_Sequence  ; man rowing boat                                                # E4.0   [1] (🚣‍♂️)
1F6A3 1F3FB 200D 2640 FE0F                  ; RGI_Emoji_ZWJ_Sequence  ; woman rowing boat: light skin tone                             # E4.0   [1] (🚣🏻‍♀️)
1F6A3 1F3FB 200D 2642 FE0F                  ; RGI_Emoji_ZWJ_Sequence  ; man rowing boat: light skin tone                               # E4.0   [1] (🚣🏻‍♂️)
1F6A3 1F3FC 200D 2640 FE0F                  ; RGI_Emoji_ZWJ_Sequence  ; woman rowing boat: medium-light skin tone                      # E4.0   [1] (🚣🏼‍♀️)
1F6A3 1F3FC 200D 2642 FE0F                  ; RGI_Emoji_ZWJ_Sequence  ; man rowing boat: medium-light skin tone                        # E4.0   [1] (🚣🏼‍♂️)
1F6A3 1F3FD 200D 2640 FE0F                  ; RGI_Emoji_ZWJ_Sequence  ; woman rowing boat: medium skin tone                            # E4.0   [1] (🚣🏽‍♀️)
1F6A3 1F3FD 200D 2642 FE0F                  ; RGI_Emoji_ZWJ_Sequence  ; man rowing boat: medium skin tone                              # E4.0   [1] (🚣🏽‍♂️)
1F6A3 1F3FE 200D 2640 FE0F                  ; RGI_Emoji_ZWJ_Sequence  ; woman rowing boat: medium-dark skin tone                       # E4.0   [1] (🚣🏾‍♀️)
1F6A3 1F3FE 200D 2642 FE0F                  ; RGI_Emoji_ZWJ_Sequence  ; man rowing boat: medium-dark skin tone                         # E4.0   [1] (🚣🏾‍♂️)
1F6A3 1F3FF 200D 2640 FE0F                  ; RGI_Emoji_ZWJ_Sequence  ; woman rowing boat: dark skin tone                              # E4.0   [1] (🚣🏿‍♀️)
1F6A3 1F3FF 200D 2642 FE0F                  ; RGI_Emoji_ZWJ_Sequence  ; man rowing boat: dark skin tone                                # E4.0   [1] (🚣🏿‍♂️)
1F6B4 200D 2640 FE0F                        ; RGI_Emoji_ZWJ_Sequence  ; woman biking                                                   # E4.0   [1] (🚴‍♀️)
1F6B4 200D 2642 FE0F                        ; RGI_Emoji_ZWJ_Sequence  ; man biking                                                     # E4.0   [1] (🚴‍♂️)
1F6B4 1F3FB 200D 2640 FE0F                  ; RGI_Emoji_ZWJ_Sequence  ; woman biking: light skin tone                                  # E4.0   [1] (🚴🏻‍♀️)
1F6B4 1F3FB 200D 2642 FE0F                  ; RGI_Emoji_ZWJ_Sequence  ; man biking: light skin tone                                    # E4.0   [1] (🚴🏻‍♂️)
1F6B4 1F3FC 200D 2640 FE0F                  ; RGI_Emoji_ZWJ_Sequence  ; woman biking: medium-light skin tone                           # E4.0   [1] (🚴🏼‍♀️)
1F6B4 1F3FC 200D 2642 FE0F                  ; RGI_Emoji_ZWJ_Sequence  ; man biking: medium-light skin tone                             # E4.0   [1] (🚴🏼‍♂️)
1F6B4 1F3FD 200D 2640 FE0F                  ; RGI_Emoji_ZWJ_Sequence  ; woman biking: medium skin tone                                 # E4.0   [1] (🚴🏽‍♀️)
1F6B4 1F3FD 200D 2642 FE0F                  ; RGI_Emoji_ZWJ_Sequence  ; man biking: medium skin tone                                   # E4.0   [1] (🚴🏽‍♂️)
1F6B4 1F3FE 200D 2640 FE0F                  ; RGI_Emoji_ZWJ_Sequence  ; woman biking: medium-dark skin tone                            # E4.0   [1] (🚴🏾‍♀️)
1F6B4 1F3FE 200D 2642 FE0F                  ; RGI_Emoji_ZWJ_Sequence  ; man biking: medium-dark skin tone                              # E4.0   [1] (🚴🏾‍♂️)
1F6B4 1F3FF 200D 2640 FE0F                  ; RGI_Emoji_ZWJ_Sequence  ; woman biking: dark skin tone                                   # E4.0   [1] (🚴🏿‍♀️)
1F6B4 1F3FF 200D 2642 FE0F                  ; RGI_Emoji_ZWJ_Sequence  ; man biking: dark skin tone                                     # E4.0   [1] (🚴🏿‍♂️)
1F6B5 200D 2640 FE0F                        ; RGI_Emoji_ZWJ_Sequence  ; woman mountain biking                                          # E4.0   [1] (🚵‍♀️)
1F6B5 200D 2642 FE0F                        ; RGI_Emoji_ZWJ_Sequence  ; man mountain biking                                            # E4.0   [1] (🚵‍♂️)
1F6B5 1F3FB 200D 2640 FE0F                  ; RGI_Emoji_ZWJ_Sequence  ; woman mountain biking: light skin tone                         # E4.0   [1] (🚵🏻‍♀️)
1F6B5 1F3FB 200D 2642 FE0F                  ; RGI_Emoji_ZWJ_Sequence  ; man mountain biking: light skin tone                           # E4.0   [1] (🚵🏻‍♂️)
1F6B5 1F3FC 200D 2640 FE0F                  ; RGI_Emoji_ZWJ_Sequence  ; woman mountain biking: medium-light skin tone                  # E4.0   [1] (🚵🏼‍♀️)
1F6B5 1F3FC 200D 2642 FE0F                  ; RGI_Emoji_ZWJ_Sequence  ; man mountain biking: medium-light skin tone                    # E4.0   [1] (🚵🏼‍♂️)
1F6B5 1F3FD 200D 2640 FE0F                  ; RGI_Emoji_ZWJ_Sequence  ; woman mountain biking: medium skin tone                        # E4.0   [1] (🚵🏽‍♀️)
1F6B5 1F3FD 200D 2642 FE0F                  ; RGI_Emoji_ZWJ_Sequence  ; man mountain biking: medium skin tone                          # E4.0   [1] (🚵🏽‍♂️)
1F6B5 1F3FE 200D 2640 FE0F                  ; RGI_Emoji_ZWJ_Sequence  ; woman mountain biking: medium-dark skin tone                   # E4.0   [1] (🚵🏾‍♀️)
1F6B5 1F3FE 200D 2642 FE0F                  ; RGI_Emoji_ZWJ_Sequence  ; man mountain biking: medium-dark skin tone                     # E4.0   [1] (🚵🏾‍♂️)
1F6B5 1F3FF 200D 2640 FE0F                  ; RGI_Emoji_ZWJ_Sequence  ; woman mountain biking: dark skin tone                          # E4.0   [1] (🚵🏿‍♀️)
1F6B5 1F3FF 200D 2642 FE0F                  ; RGI_Emoji_ZWJ_Sequence  ; man mountain biking: dark skin tone                            # E4.0   [1] (🚵🏿‍♂️)
1F6B6 200D 2640 FE0F                        ; RGI_Emoji_ZWJ_Sequence  ; woman walking                                                  # E4.0   [1] (🚶‍♀️)
1F6B6 200D 2640 FE0F 200D 27A1 FE0F         ; RGI_Emoji_ZWJ_Sequence  ; woman walking facing right                                     # E15.1  [1] (🚶‍♀️‍➡️)
1F6B6 200D 2642 FE0F                        ; RGI_Emoji_ZWJ_Sequence  ; man walking                                                    # E4.0   [1] (🚶‍♂️)
1F6B6 200D 2642 FE0F 200D 27A1 FE0F         ; RGI_Emoji_ZWJ_Sequence  ; man walking facing right                                       # E15.1  [1] (🚶‍♂️‍➡️)
1F6B6 1F3FB 200D 2640 FE0F                  ; RGI_Emoji_ZWJ_Sequence  ; woman walking: light skin tone                                 # E4.0   [1] (🚶🏻‍♀️)
1F6B6 1F3FB 200D 2640 FE0F 200D 27A1 FE0F   ; RGI_Emoji_ZWJ_Sequence  ; woman walking facing right: light skin tone                    # E15.1  [1] (🚶🏻‍♀️‍➡️)
1F6B6 1F3FB 200D 2642 FE0F                  ; RGI_Emoji_ZWJ_Sequence  ; man walking: light skin tone                                   # E4.0   [1] (🚶🏻‍♂️)
1F6B6 1F3FB 200D 2642 FE0F 200D 27A1 FE0F   ; RGI_Emoji_ZWJ_Sequence  ; man walking facing right: light skin tone                      # E15.1  [1] (🚶🏻‍♂️‍➡️)
1F6B6 1F3FC 200D 2640 FE0F                  ; RGI_Emoji_ZWJ_Sequence  ; woman walking: medium-light skin tone                          # E4.0   [1] (🚶🏼‍♀️)
1F6B6 1F3FC 200D 2640 FE0F 200D 27A1 FE0F   ; RGI_Emoji_ZWJ_Sequence  ; woman walking facing right: medium-light skin tone             # E15.1  [1] (🚶🏼‍♀️‍➡️)
1F6B6 1F3FC 200D 2642 FE0F                  ; RGI_Emoji_ZWJ_Sequence  ; man walking: medium-light skin tone                            # E4.0   [1] (🚶🏼‍♂️)
1F6B6 1F3FC 200D 2642 FE0F 200D 27A1 FE0F   ; RGI_Emoji_ZWJ_Sequence  ; man walking facing right: medium-light skin tone               # E15.1  [1] (🚶🏼‍♂️‍➡️)
1F6B6 1F3FD 200D 2640 FE0F                  ; RGI_Emoji_ZWJ_Sequence  ; woman walking: medium skin tone                                # E4.0   [1] (🚶🏽‍♀️)
1F6B6 1F3FD 200D 2640 FE0F 200D 27A1 FE0F   ; RGI_Emoji_ZWJ_Sequence  ; woman walking facing right: medium skin tone                   # E15.1  [1] (🚶🏽‍♀️‍➡️)
1F6B6 1F3FD 200D 2642 FE0F                  ; RGI_Emoji_ZWJ_Sequence  ; man walking: medium skin tone                                  # E4.0   [1] (🚶🏽‍♂️)
1F6B6 1F3FD 200D 2642 FE0F 200D 27A1 FE0F   ; RGI_Emoji_ZWJ_Sequence  ; man walking facing right: medium skin tone                     # E15.1  [1] (🚶🏽‍♂️‍➡️)
1F6B6 1F3FE 200D 2640 FE0F                  ; RGI_Emoji_ZWJ_Sequence  ; woman walking: medium-dark skin tone                           # E4.0   [1] (🚶🏾‍♀️)
1F6B6 1F3FE 200D 2640 FE0F 200D 27A1 FE0F   ; RGI_Emoji_ZWJ_Sequence  ; woman walking facing right: medium-dark skin tone              # E15.1  [1] (🚶🏾‍♀️‍➡️)
1F6B6 1F3FE 200D 2642 FE0F                  ; RGI_Emoji_ZWJ_Sequence  ; man walking: medium-dark skin tone                             # E4.0   [1] (🚶🏾‍♂️)
1F6B6 1F3FE 200D 2642 FE0F 200D 27A1 FE0F   ; RGI_Emoji_ZWJ_Sequence  ; man walking facing right: medium-dark skin tone                # E15.1  [1] (🚶🏾‍♂️‍➡️)
1F6B6 1F3FF 200D 2640 FE0F                  ; RGI_Emoji_ZWJ_Sequence  ; woman walking: dark skin tone                                  # E4.0   [1] (🚶🏿‍♀️)
1F6B6 1F3FF 200D 2640 FE0F 200D 27A1 FE0F   ; RGI_Emoji_ZWJ_Sequence  ; woman walking facing right: dark skin tone                     # E15.1  [1] (🚶🏿‍♀️‍➡️)
1F6B6 1F3FF 200D 2642 FE0F                  ; RGI_Emoji_ZWJ_Sequence  ; man walking: dark skin tone                                    # E4.0   [1] (🚶🏿‍♂️)
1F6B6 1F3FF 200D 2642 FE0F 200D 27A1 FE0F   ; RGI_Emoji_ZWJ_Sequence  ; man walking facing right: dark skin tone                       # E15.1  [1] (🚶🏿‍♂️‍➡️)
1F926 200D 2640 FE0F                        ; RGI_Emoji_ZWJ_Sequence  ; woman facepalming                                              # E4.0   [1] (🤦‍♀️)
1F926 200D 2642 FE0F                        ; RGI_Emoji_ZWJ_Sequence  ; man facepalming                                                # E4.0   [1] (🤦‍♂️)
1F926 1F3FB 200D 2640 FE0F                  ; RGI_Emoji_ZWJ_Sequence  ; woman facepalming: light skin tone                             # E4.0   [1] (🤦🏻‍♀️)
1F926 1F3FB 200D 2642 FE0F                  ; RGI_Emoji_ZWJ_Sequence  ; man facepalming: light skin tone                               # E4.0   [1] (🤦🏻‍♂️)
1F926 1F3FC 200D 2640 FE0F                  ; RGI_Emoji_ZWJ_Sequence  ; woman facepalming: medium-light skin tone                      # E4.0   [1] (🤦🏼‍♀️)
1F926 1F3FC 200D 2642 FE0F                  ; RGI_Emoji_ZWJ_Sequence  ; man facepalming: medium-light skin tone                        # E4.0   [1] (🤦🏼‍♂️)
1F926 1F3FD 200D 2640 FE0F                  ; RGI_Emoji_ZWJ_Sequence  ; woman facepalming: medium skin tone                            # E4.0   [1] (🤦🏽‍♀️)
1F926 1F3FD 200D 2642 FE0F                  ; RGI_Emoji_ZWJ_Sequence  ; man facepalming: medium skin tone                              # E4.0   [1] (🤦🏽‍♂️)
1F926 1F3FE 200D 2640 FE0F                  ; RGI_Emoji_ZWJ_Sequence  ; woman facepalming: medium-dark skin tone                       # E4.0   [1] (🤦🏾‍♀️)
1F926 1F3FE 200D 2642 FE0F                  ; RGI_Emoji_ZWJ_Sequence  ; man facepalming: medium-dark skin tone                         # E4.0   [1] (🤦🏾‍♂️)
1F926 1F3FF 200D 2640 FE0F                  ; RGI_Emoji_ZWJ_Sequence  ; woman facepalming: dark skin tone                              # E4.0   [1] (🤦🏿‍♀️)
1F926 1F3FF 200D 2642 FE0F                  ; RGI_Emoji_ZWJ_Sequence  ; man facepalming: dark skin tone                                # E4.0   [1] (🤦🏿‍♂️)
1F935 200D 2640 FE0F                        ; RGI_Emoji_ZWJ_Sequence  ; woman in tuxedo                                                # E13.0  [1] (🤵‍♀️)
1F935 200D 2642 FE0F                        ; RGI_Emoji_ZWJ_Sequence  ; man in tuxedo                                                  # E13.0  [1] (🤵‍♂️)
1F935 1F3FB 200D 2640 FE0F                  ; RGI_Emoji_ZWJ_Sequence  ; woman in tuxedo: light skin tone                               # E13.0  [1] (🤵🏻‍♀️)
1F935 1F3FB 200D 2642 FE0F                  ; RGI_Emoji_ZWJ_Sequence  ; man in tuxedo: light skin tone                                 # E13.0  [1] (🤵🏻‍♂️)
1F935 1F3FC 200D 2640 FE0F                  ; RGI_Emoji_ZWJ_Sequence  ; woman in tuxedo: medium-light skin tone                        # E13.0  [1] (🤵🏼‍♀️)
1F935 1F3FC 200D 2642 FE0F                  ; RGI_Emoji_ZWJ_Sequence  ; man in tuxedo: medium-light skin tone                          # E13.0  [1] (🤵🏼‍♂️)
1F935 1F3FD 200D 2640 FE0F                  ; RGI_Emoji_ZWJ_Sequence  ; woman in tuxedo: medium skin tone                              # E13.0  [1] (🤵🏽‍♀️)
1F935 1F3FD 200D 2642 FE0F                  ; RGI_Emoji_ZWJ_Sequence  ; man in tuxedo: medium skin tone                                # E13.0  [1] (🤵🏽‍♂️)
1F935 1F3FE 200D 2640 FE0F                  ; RGI_Emoji_ZWJ_Sequence  ; woman in tuxedo: medium-dark skin tone                         # E13.0  [1] (🤵🏾‍♀️)
1F935 1F3FE 200D 2642 FE0F                  ; RGI_Emoji_ZWJ_Sequence  ; man in tuxedo: medium-dark skin tone                           # E13.0  [1] (🤵🏾‍♂️)
1F935 1F3FF 200D 2640 FE0F                  ; RGI_Emoji_ZWJ_Sequence  ; woman in tuxedo: dark skin tone                                # E13.0  [1] (🤵🏿‍♀️)
1F935 1F3FF 200D 2642 FE0F                  ; RGI_Emoji_ZWJ_Sequence  ; man in tuxedo: dark skin tone                                  # E13.0  [1] (🤵🏿‍♂️)
1F937 200D 2640 FE0F                        ; RGI_Emoji_ZWJ_Sequence  ; woman shrugging                                                # E4.0   [1] (🤷‍♀️)
1F937 200D 2642 FE0F                        ; RGI_Emoji_ZWJ_Sequence  ; man shrugging                                                  # E4.0   [1] (🤷‍♂️)
1F937 1F3FB 200D 2640 FE0F                  ; RGI_Emoji_ZWJ_Sequence  ; woman shrugging: light skin tone                               # E4.0   [1] (🤷🏻‍♀️)
1F937 1F3FB 200D 2642 FE0F                  ; RGI_Emoji_ZWJ_Sequence  ; man shrugging: light skin tone                                 # E4.0   [1] (🤷🏻‍♂️)
1F937 1F3FC 200D 2640 FE0F                  ; RGI_Emoji_ZWJ_Sequence  ; woman shrugging: medium-light skin tone                        # E4.0   [1] (🤷🏼‍♀️)
1F937 1F3FC 200D 2642 FE0F                  ; RGI_Emoji_ZWJ_Sequence  ; man shrugging: medium-light skin tone                          # E4.0   [1] (🤷🏼‍♂️)
1F937 1F3FD 200D 2640 FE0F                  ; RGI_Emoji_ZWJ_Sequence  ; woman shrugging: medium skin tone                              # E4.0   [1] (🤷🏽‍♀️)
1F937 1F3FD 200D 2642 FE0F                  ; RGI_Emoji_ZWJ_Sequence  ; man shrugging: medium skin tone                                # E4.0   [1] (🤷🏽‍♂️)
1F937 1F3FE 200D 2640 FE0F                  ; RGI_Emoji_ZWJ_Sequence  ; woman shrugging: medium-dark skin tone                         # E4.0   [1] (🤷🏾‍♀️)
1F937 1F3FE 200D 2642 FE0F                  ; RGI_Emoji_ZWJ_Sequence  ; man shrugging: medium-dark skin tone                           # E4.0   [1] (🤷🏾‍♂️)
1F937 1F3FF 200D 2640 FE0F                  ; RGI_Emoji_ZWJ_Sequence  ; woman shrugging: dark skin tone                                # E4.0   [1] (🤷🏿‍♀️)
1F937 1F3FF 200D 2642 FE0F                  ; RGI_Emoji_ZWJ_Sequence  ; man shrugging: dark skin tone                                  # E4.0   [1] (🤷🏿‍♂️)
1F938 200D 2640 FE0F                        ; RGI_Emoji_ZWJ_Sequence  ; woman cartwheeling                                             # E4.0   [1] (🤸‍♀️)
1F938 200D 2642 FE0F                        ; RGI_Emoji_ZWJ_Sequence  ; man cartwheeling                                               # E4.0   [1] (🤸‍♂️)
1F938 1F3FB 200D 2640 FE0F                  ; RGI_Emoji_ZWJ_Sequence  ; woman cartwheeling: light skin tone                            # E4.0   [1] (🤸🏻‍♀️)
1F938 1F3FB 200D 2642 FE0F                  ; RGI_Emoji_ZWJ_Sequence  ; man cartwheeling: light skin tone                              # E4.0   [1] (🤸🏻‍♂️)
1F938 1F3FC 200D 2640 FE0F                  ; RGI_Emoji_ZWJ_Sequence  ; woman cartwheeling: medium-light skin tone                     # E4.0   [1] (🤸🏼‍♀️)
1F938 1F3FC 200D 2642 FE0F                  ; RGI_Emoji_ZWJ_Sequence  ; man cartwheeling: medium-light skin tone                       # E4.0   [1] (🤸🏼‍♂️)
1F938 1F3FD 200D 2640 FE0F                  ; RGI_Emoji_ZWJ_Sequence  ; woman cartwheeling: medium skin tone                           # E4.0   [1] (🤸🏽‍♀️)
1F938 1F3FD 200D 2642 FE0F                  ; RGI_Emoji_ZWJ_Sequence  ; man cartwheeling: medium skin tone                             # E4.0   [1] (🤸🏽‍♂️)
1F938 1F3FE 200D 2640 FE0F                  ; RGI_Emoji_ZWJ_Sequence  ; woman cartwheeling: medium-dark skin tone                      # E4.0   [1] (🤸🏾‍♀️)
1F938 1F3FE 200D 2642 FE0F                  ; RGI_Emoji_ZWJ_Sequence  ; man cartwheeling: medium-dark skin tone                        # E4.0   [1] (🤸🏾‍♂️)
1F938 1F3FF 200D 2640 FE0F                  ; RGI_Emoji_ZWJ_Sequence  ; woman cartwheeling: dark skin tone                             # E4.0   [1] (🤸🏿‍♀️)
1F938 1F3FF 200D 2642 FE0F                  ; RGI_Emoji_ZWJ_Sequence  ; man cartwheeling: dark skin tone                               # E4.0   [1] (🤸🏿‍♂️)
1F939 200D 2640 FE0F                        ; RGI_Emoji_ZWJ_Sequence  ; woman juggling                                                 # E4.0   [1] (🤹‍♀️)
1F939 200D 2642 FE0F                        ; RGI_Emoji_ZWJ_Sequence  ; man juggling                                                   # E4.0   [1] (🤹‍♂️)
1F939 1F3FB 200D 2640 FE0F                  ; RGI_Emoji_ZWJ_Sequence  ; woman juggling: light skin tone                                # E4.0   [1] (🤹🏻‍♀️)
1F939 1F3FB 200D 2642 FE0F                  ; RGI_Emoji_ZWJ_Sequence  ; man juggling: light skin tone                                  # E4.0   [1] (🤹🏻‍♂️)
1F939 1F3FC 200D 2640 FE0F                  ; RGI_Emoji_ZWJ_Sequence  ; woman juggling: medium-light skin tone                         # E4.0   [1] (🤹🏼‍♀️)
1F939 1F3FC 200D 2642 FE0F                  ; RGI_Emoji_ZWJ_Sequence  ; man juggling: medium-light skin tone                           # E4.0   [1] (🤹🏼‍♂️)
1F939 1F3FD 200D 2640 FE0F                  ; RGI_Emoji_ZWJ_Sequence  ; woman juggling: medium skin tone                               # E4.0   [1] (🤹🏽‍♀️)
1F939 1F3FD 200D 2642 FE0F                  ; RGI_Emoji_ZWJ_Sequence  ; man juggling: medium skin tone                                 # E4.0   [1] (🤹🏽‍♂️)
1F939 1F3FE 200D 2640 FE0F                  ; RGI_Emoji_ZWJ_Sequence  ; woman juggling: medium-dark skin tone                          # E4.0   [1] (🤹🏾‍♀️)
1F939 1F3FE 200D 2642 FE0F                  ; RGI_Emoji_ZWJ_Sequence  ; man juggling: medium-dark skin tone                            # E4.0   [1] (🤹🏾‍♂️)
1F939 1F3FF 200D 2640 FE0F                  ; RGI_Emoji_ZWJ_Sequence  ; woman juggling: dark skin tone                                 # E4.0   [1] (🤹🏿‍♀️)
1F939 1F3FF 200D 2642 FE0F                  ; RGI_Emoji_ZWJ_Sequence  ; man juggling: dark skin tone                                   # E4.0   [1] (🤹🏿‍♂️)
1F93C 200D 2640 FE0F                        ; RGI_Emoji_ZWJ_Sequence  ; women wrestling                                                # E4.0   [1] (🤼‍♀️)
1F93C 200D 2642 FE0F                        ; RGI_Emoji_ZWJ_Sequence  ; men wrestling                                                  # E4.0   [1] (🤼‍♂️)
1F93C 1F3FB 200D 2640 FE0F                  ; RGI_Emoji_ZWJ_Sequence  ; women wrestling: light skin tone                               # E17.0  [1] (🤼🏻‍♀️)
1F93C 1F3FB 200D 2642 FE0F                  ; RGI_Emoji_ZWJ_Sequence  ; men wrestling: light skin tone                                 # E17.0  [1] (🤼🏻‍♂️)
1F93C 1F3FC 200D 2640 FE0F                  ; RGI_Emoji_ZWJ_Sequence  ; women wrestling: medium-light skin tone                        # E17.0  [1] (🤼🏼‍♀️)
1F93C 1F3FC 200D 2642 FE0F                  ; RGI_Emoji_ZWJ_Sequence  ; men wrestling: medium-light skin tone                          # E17.0  [1] (🤼🏼‍♂️)
1F93C 1F3FD 200D 2640 FE0F                  ; RGI_Emoji_ZWJ_Sequence  ; women wrestling: medium skin tone                              # E17.0  [1] (🤼🏽‍♀️)
1F93C 1F3FD 200D 2642 FE0F                  ; RGI_Emoji_ZWJ_Sequence  ; men wrestling: medium skin tone                                # E17.0  [1] (🤼🏽‍♂️)
1F93C 1F3FE 200D 2640 FE0F                  ; RGI_Emoji_ZWJ_Sequence  ; women wrestling: medium-dark skin tone                         # E17.0  [1] (🤼🏾‍♀️)
1F93C 1F3FE 200D 2642 FE0F                  ; RGI_Emoji_ZWJ_Sequence  ; men wrestling: medium-dark skin tone                           # E17.0  [1] (🤼🏾‍♂️)
1F93C 1F3FF 200D 2640 FE0F                  ; RGI_Emoji_ZWJ_Sequence  ; women wrestling: dark skin tone                                # E17.0  [1] (🤼🏿‍♀️)
1F93C 1F3FF 200D 2642 FE0F                  ; RGI_Emoji_ZWJ_Sequence  ; men wrestling: dark skin tone                                  # E17.0  [1] (🤼🏿‍♂️)
1F93D 200D 2640 FE0F                        ; RGI_Emoji_ZWJ_Sequence  ; woman playing water polo                                       # E4.0   [1] (🤽‍♀️)
1F93D 200D 2642 FE0F                        ; RGI_Emoji_ZWJ_Sequence  ; man playing water polo                                         # E4.0   [1] (🤽‍♂️)
1F93D 1F3FB 200D 2640 FE0F                  ; RGI_Emoji_ZWJ_Sequence  ; woman playing water polo: light skin tone                      # E4.0   [1] (🤽🏻‍♀️)
1F93D 1F3FB 200D 2642 FE0F                  ; RGI_Emoji_ZWJ_Sequence  ; man playing water polo: light skin tone                        # E4.0   [1] (🤽🏻‍♂️)
1F93D 1F3FC 200D 2640 FE0F                  ; RGI_Emoji_ZWJ_Sequence  ; woman playing water polo: medium-light skin tone               # E4.0   [1] (🤽🏼‍♀️)
1F93D 1F3FC 200D 2642 FE0F                  ; RGI_Emoji_ZWJ_Sequence  ; man playing water polo: medium-light skin tone                 # E4.0   [1] (🤽🏼‍♂️)
1F93D 1F3FD 200D 2640 FE0F                  ; RGI_Emoji_ZWJ_Sequence  ; woman playing water polo: medium skin tone                     # E4.0   [1] (🤽🏽‍♀️)
1F93D 1F3FD 200D 2642 FE0F                  ; RGI_Emoji_ZWJ_Sequence  ; man playing water polo: medium skin tone                       # E4.0   [1] (🤽🏽‍♂️)
1F93D 1F3FE 200D 2640 FE0F                  ; RGI_Emoji_ZWJ_Sequence  ; woman playing water polo: medium-dark skin tone                # E4.0   [1] (🤽🏾‍♀️)
1F93D 1F3FE 200D 2642 FE0F                  ; RGI_Emoji_ZWJ_Sequence  ; man playing water polo: medium-dark skin tone                  # E4.0   [1] (🤽🏾‍♂️)
1F93D 1F3FF 200D 2640 FE0F                  ; RGI_Emoji_ZWJ_Sequence  ; woman playing water polo: dark skin tone                       # E4.0   [1] (🤽🏿‍♀️)
1F93D 1F3FF 200D 2642 FE0F                  ; RGI_Emoji_ZWJ_Sequence  ; man playing water polo: dark skin tone                         # E4.0   [1] (🤽🏿‍♂️)
1F93E 200D 2640 FE0F                        ; RGI_Emoji_ZWJ_Sequence  ; woman playing handball                                         # E4.0   [1] (🤾‍♀️)
1F93E 200D 2642 FE0F                        ; RGI_Emoji_ZWJ_Sequence  ; man playing handball                                           # E4.0   [1] (🤾‍♂️)
1F93E 1F3FB 200D 2640 FE0F                  ; RGI_Emoji_ZWJ_Sequence  ; woman playing handball: light skin tone                        # E4.0   [1] (🤾🏻‍♀️)
1F93E 1F3FB 200D 2642 FE0F                  ; RGI_Emoji_ZWJ_Sequence  ; man playing handball: light skin tone                          # E4.0   [1] (🤾🏻‍♂️)
1F93E 1F3FC 200D 2640 FE0F                  ; RGI_Emoji_ZWJ_Sequence  ; woman playing handball: medium-light skin tone                 # E4.0   [1] (🤾🏼‍♀️)
1F93E 1F3FC 200D 2642 FE0F                  ; RGI_Emoji_ZWJ_Sequence  ; man playing handball: medium-light skin tone                   # E4.0   [1] (🤾🏼‍♂️)
1F93E 1F3FD 200D 2640 FE0F                  ; RGI_Emoji_ZWJ_Sequence  ; woman playing handball: medium skin tone                       # E4.0   [1] (🤾🏽‍♀️)
1F93E 1F3FD 200D 2642 FE0F                  ; RGI_Emoji_ZWJ_Sequence  ; man playing handball: medium skin tone                         # E4.0   [1] (🤾🏽‍♂️)
1F93E 1F3FE 200D 2640 FE0F                  ; RGI_Emoji_ZWJ_Sequence  ; woman playing handball: medium-dark skin tone                  # E4.0   [1] (🤾🏾‍♀️)
1F93E 1F3FE 200D 2642 FE0F                  ; RGI_Emoji_ZWJ_Sequence  ; man playing handball: medium-dark skin tone                    # E4.0   [1] (🤾🏾‍♂️)
1F93E 1F3FF 200D 2640 FE0F                  ; RGI_Emoji_ZWJ_Sequence  ; woman playing handball: dark skin tone                         # E4.0   [1] (🤾🏿‍♀️)
1F93E 1F3FF 200D 2642 FE0F                  ; RGI_Emoji_ZWJ_Sequence  ; man playing handball: dark skin tone                           # E4.0   [1] (🤾🏿‍♂️)
1F9B8 200D 2640 FE0F                        ; RGI_Emoji_ZWJ_Sequence  ; woman superhero                                                # E11.0  [1] (🦸‍♀️)
1F9B8 200D 2642 FE0F                        ; RGI_Emoji_ZWJ_Sequence  ; man superhero                                                  # E11.0  [1] (🦸‍♂️)
1F9B8 1F3FB 200D 2640 FE0F                  ; RGI_Emoji_ZWJ_Sequence  ; woman superhero: light skin tone                               # E11.0  [1] (🦸🏻‍♀️)
1F9B8 1F3FB 200D 2642 FE0F                  ; RGI_Emoji_ZWJ_Sequence  ; man superhero: light skin tone                                 # E11.0  [1] (🦸🏻‍♂️)
1F9B8 1F3FC 200D 2640 FE0F                  ; RGI_Emoji_ZWJ_Sequence  ; woman superhero: medium-light skin tone                        # E11.0  [1] (🦸🏼‍♀️)
1F9B8 1F3FC 200D 2642 FE0F                  ; RGI_Emoji_ZWJ_Sequence  ; man superhero: medium-light skin tone                          # E11.0  [1] (🦸🏼‍♂️)
1F9B8 1F3FD 200D 2640 FE0F                  ; RGI_Emoji_ZWJ_Sequence  ; woman superhero: medium skin tone                              # E11.0  [1] (🦸🏽‍♀️)
1F9B8 1F3FD 200D 2642 FE0F                  ; RGI_Emoji_ZWJ_Sequence  ; man superhero: medium skin tone                                # E11.0  [1] (🦸🏽‍♂️)
1F9B8 1F3FE 200D 2640 FE0F                  ; RGI_Emoji_ZWJ_Sequence  ; woman superhero: medium-dark skin tone                         # E11.0  [1] (🦸🏾‍♀️)
1F9B8 1F3FE 200D 2642 FE0F                  ; RGI_Emoji_ZWJ_Sequence  ; man superhero: medium-dark skin tone                           # E11.0  [1] (🦸🏾‍♂️)
1F9B8 1F3FF 200D 2640 FE0F                  ; RGI_Emoji_ZWJ_Sequence  ; woman superhero: dark skin tone                                # E11.0  [1] (🦸🏿‍♀️)
1F9B8 1F3FF 200D 2642 FE0F                  ; RGI_Emoji_ZWJ_Sequence  ; man superhero: dark skin tone                                  # E11.0  [1] (🦸🏿‍♂️)
1F9B9 200D 2640 FE0F                        ; RGI_Emoji_ZWJ_Sequence  ; woman supervillain                                             # E11.0  [1] (🦹‍♀️)
1F9B9 200D 2642 FE0F                        ; RGI_Emoji_ZWJ_Sequence  ; man supervillain                                               # E11.0  [1] (🦹‍♂️)
1F9B9 1F3FB 200D 2640 FE0F                  ; RGI_Emoji_ZWJ_Sequence  ; woman supervillain: light skin tone                            # E11.0  [1] (🦹🏻‍♀️)
1F9B9 1F3FB 200D 2642 FE0F                  ; RGI_Emoji_ZWJ_Sequence  ; man supervillain: light skin tone                              # E11.0  [1] (🦹🏻‍♂️)
1F9B9 1F3FC 200D 2640 FE0F                  ; RGI_Emoji_ZWJ_Sequence  ; woman supervillain: medium-light skin tone                     # E11.0  [1] (🦹🏼‍♀️)
1F9B9 1F3FC 200D 2642 FE0F                  ; RGI_Emoji_ZWJ_Sequence  ; man supervillain: medium-light skin tone                       # E11.0  [1] (🦹🏼‍♂️)
1F9B9 1F3FD 200D 2640 FE0F                  ; RGI_Emoji_ZWJ_Sequence  ; woman supervillain: medium skin tone                           # E11.0  [1] (🦹🏽‍♀️)
1F9B9 1F3FD 200D 2642 FE0F                  ; RGI_Emoji_ZWJ_Sequence  ; man supervillain: medium skin tone                             # E11.0  [1] (🦹🏽‍♂️)
1F9B9 1F3FE 200D 2640 FE0F                  ; RGI_Emoji_ZWJ_Sequence  ; woman supervillain: medium-dark skin tone                      # E11.0  [1] (🦹🏾‍♀️)
1F9B9 1F3FE 200D 2642 FE0F                  ; RGI_Emoji_ZWJ_Sequence  ; man supervillain: medium-dark skin tone                        # E11.0  [1] (🦹🏾‍♂️)
1F9B9 1F3FF 200D 2640 FE0F                  ; RGI_Emoji_ZWJ_Sequence  ; woman supervillain: dark skin tone                             # E11.0  [1] (🦹🏿‍♀️)
1F9B9 1F3FF 200D 2642 FE0F                  ; RGI_Emoji_ZWJ_Sequence  ; man supervillain: dark skin tone                               # E11.0  [1] (🦹🏿‍♂️)
1F9CD 200D 2640 FE0F                        ; RGI_Emoji_ZWJ_Sequence  ; woman standing                                                 # E12.0  [1] (🧍‍♀️)
1F9CD 200D 2642 FE0F                        ; RGI_Emoji_ZWJ_Sequence  ; man standing                                                   # E12.0  [1] (🧍‍♂️)
1F9CD 1F3FB 200D 2640 FE0F                  ; RGI_Emoji_ZWJ_Sequence  ; woman standing: light skin tone                                # E12.0  [1] (🧍🏻‍♀️)
1F9CD 1F3FB 200D 2642 FE0F                  ; RGI_Emoji_ZWJ_Sequence  ; man standing: light skin tone                                  # E12.0  [1] (🧍🏻‍♂️)
1F9CD 1F3FC 200D 2640 FE0F                  ; RGI_Emoji_ZWJ_Sequence  ; woman standing: medium-light skin tone                         # E12.0  [1] (🧍🏼‍♀️)
1F9CD 1F3FC 200D 2642 FE0F                  ; RGI_Emoji_ZWJ_Sequence  ; man standing: medium-light skin tone                           # E12.0  [1] (🧍🏼‍♂️)
1F9CD 1F3FD 200D 2640 FE0F                  ; RGI_Emoji_ZWJ_Sequence  ; woman standing: medium skin tone                               # E12.0  [1] (🧍🏽‍♀️)
1F9CD 1F3FD 200D 2642 FE0F                  ; RGI_Emoji_ZWJ_Sequence  ; man standing: medium skin tone                                 # E12.0  [1] (🧍🏽‍♂️)
1F9CD 1F3FE 200D 2640 FE0F                  ; RGI_Emoji_ZWJ_Sequence  ; woman standing: medium-dark skin tone                          # E12.0  [1] (🧍🏾‍♀️)
1F9CD 1F3FE 200D 2642 FE0F                  ; RGI_Emoji_ZWJ_Sequence  ; man standing: medium-dark skin tone                            # E12.0  [1] (🧍🏾‍♂️)
1F9CD 1F3FF 200D 2640 FE0F                  ; RGI_Emoji_ZWJ_Sequence  ; woman standing: dark skin tone                                 # E12.0  [1] (🧍🏿‍♀️)
1F9CD 1F3FF 200D 2642 FE0F                  ; RGI_Emoji_ZWJ_Sequence  ; man standing: dark skin tone                                   # E12.0  [1] (🧍🏿‍♂️)
1F9CE 200D 2640 FE0F                        ; RGI_Emoji_ZWJ_Sequence  ; woman kneeling                                                 # E12.0  [1] (🧎‍♀️)
1F9CE 200D 2640 FE0F 200D 27A1 FE0F         ; RGI_Emoji_ZWJ_Sequence  ; woman kneeling facing right                                    # E15.1  [1] (🧎‍♀️‍➡️)
1F9CE 200D 2642 FE0F                        ; RGI_Emoji_ZWJ_Sequence  ; man kneeling                                                   # E12.0  [1] (🧎‍♂️)
1F9CE 200D 2642 FE0F 200D 27A1 FE0F         ; RGI_Emoji_ZWJ_Sequence  ; man kneeling facing right                                      # E15.1  [1] (🧎‍♂️‍➡️)
1F9CE 1F3FB 200D 2640 FE0F                  ; RGI_Emoji_ZWJ_Sequence  ; woman kneeling: light skin tone                                # E12.0  [1] (🧎🏻‍♀️)
1F9CE 1F3FB 200D 2640 FE0F 200D 27A1 FE0F   ; RGI_Emoji_ZWJ_Sequence  ; woman kneeling facing right: light skin tone                   # E15.1  [1] (🧎🏻‍♀️‍➡️)
1F9CE 1F3FB 200D 2642 FE0F                  ; RGI_Emoji_ZWJ_Sequence  ; man kneeling: light skin tone                                  # E12.0  [1] (🧎🏻‍♂️)
1F9CE 1F3FB 200D 2642 FE0F 200D 27A1 FE0F   ; RGI_Emoji_ZWJ_Sequence  ; man kneeling facing right: light skin tone                     # E15.1  [1] (🧎🏻‍♂️‍➡️)
1F9CE 1F3FC 200D 2640 FE0F                  ; RGI_Emoji_ZWJ_Sequence  ; woman kneeling: medium-light skin tone                         # E12.0  [1] (🧎🏼‍♀️)
1F9CE 1F3FC 200D 2640 FE0F 200D 27A1 FE0F   ; RGI_Emoji_ZWJ_Sequence  ; woman kneeling facing right: medium-light skin tone            # E15.1  [1] (🧎🏼‍♀️‍➡️)
1F9CE 1F3FC 200D 2642 FE0F                  ; RGI_Emoji_ZWJ_Sequence  ; man kneeling: medium-light skin tone                           # E12.0  [1] (🧎🏼‍♂️)
1F9CE 1F3FC 200D 2642 FE0F 200D 27A1 FE0F   ; RGI_Emoji_ZWJ_Sequence  ; man kneeling facing right: medium-light skin tone              # E15.1  [1] (🧎🏼‍♂️‍➡️)
1F9CE 1F3FD 200D 2640 FE0F                  ; RGI_Emoji_ZWJ_Sequence  ; woman kneeling: medium skin tone                               # E12.0  [1] (🧎🏽‍♀️)
1F9CE 1F3FD 200D 2640 FE0F 200D 27A1 FE0F   ; RGI_Emoji_ZWJ_Sequence  ; woman kneeling facing right: medium skin tone                  # E15.1  [1] (🧎🏽‍♀️‍➡️)
1F9CE 1F3FD 200D 2642 FE0F                  ; RGI_Emoji_ZWJ_Sequence  ; man kneeling: medium skin tone                                 # E12.0  [1] (🧎🏽‍♂️)
1F9CE 1F3FD 200D 2642 FE0F 200D 27A1 FE0F   ; RGI_Emoji_ZWJ_Sequence  ; man kneeling facing right: medium skin tone                    # E15.1  [1] (🧎🏽‍♂️‍➡️)
1F9CE 1F3FE 200D 2640 FE0F                  ; RGI_Emoji_ZWJ_Sequence  ; woman kneeling: medium-dark skin tone                          # E12.0  [1] (🧎🏾‍♀️)
1F9CE 1F3FE 200D 2640 FE0F 200D 27A1 FE0F   ; RGI_Emoji_ZWJ_Sequence  ; woman kneeling facing right: medium-dark skin tone             # E15.1  [1] (🧎🏾‍♀️‍➡️)
1F9CE 1F3FE 200D 2642 FE0F                  ; RGI_Emoji_ZWJ_Sequence  ; man kneeling: medium-dark skin tone                            # E12.0  [1] (🧎🏾‍♂️)
1F9CE 1F3FE 200D 2642 FE0F 200D 27A1 FE0F   ; RGI_Emoji_ZWJ_Sequence  ; man kneeling facing right: medium-dark skin tone               # E15.1  [1] (🧎🏾‍♂️‍➡️)
1F9CE 1F3FF 200D 2640 FE0F                  ; RGI_Emoji_ZWJ_Sequence  ; woman kneeling: dark skin tone                                 # E12.0  [1] (🧎🏿‍♀️)
1F9CE 1F3FF 200D 2640 FE0F 200D 27A1 FE0F   ; RGI_Emoji_ZWJ_Sequence  ; woman kneeling facing right: dark skin tone                    # E15.1  [1] (🧎🏿‍♀️‍➡️)
1F9CE 1F3FF 200D 2642 FE0F                  ; RGI_Emoji_ZWJ_Sequence  ; man kneeling: dark skin tone                                   # E12.0  [1] (🧎🏿‍♂️)
1F9CE 1F3FF 200D 2642 FE0F 200D 27A1 FE0F   ; RGI_Emoji_ZWJ_Sequence  ; man kneeling facing right: dark skin tone                      # E15.1  [1] (🧎🏿‍♂️‍➡️)
1F9CF 200D 2640 FE0F                        ; RGI_Emoji_ZWJ_Sequence  ; deaf woman                                                     # E12.0  [1] (🧏‍♀️)
1F9CF 200D 2642 FE0F                        ; RGI_Emoji_ZWJ_Sequence  ; deaf man                                                       # E12.0  [1] (🧏‍♂️)
1F9CF 1F3FB 200D 2640 FE0F                  ; RGI_Emoji_ZWJ_Sequence  ; deaf woman: light skin tone                                    # E12.0  [1] (🧏🏻‍♀️)
1F9CF 1F3FB 200D 2642 FE0F                  ; RGI_Emoji_ZWJ_Sequence  ; deaf man: light skin tone                                      # E12.0  [1] (🧏🏻‍♂️)
1F9CF 1F3FC 200D 2640 FE0F                  ; RGI_Emoji_ZWJ_Sequence  ; deaf woman: medium-light skin tone                             # E12.0  [1] (🧏🏼‍♀️)
1F9CF 1F3FC 200D 2642 FE0F                  ; RGI_Emoji_ZWJ_Sequence  ; deaf man: medium-light skin tone                               # E12.0  [1] (🧏🏼‍♂️)
1F9CF 1F3FD 200D 2640 FE0F                  ; RGI_Emoji_ZWJ_Sequence  ; deaf woman: medium skin tone                                   # E12.0  [1] (🧏🏽‍♀️)
1F9CF 1F3FD 200D 2642 FE0F                  ; RGI_Emoji_ZWJ_Sequence  ; deaf man: medium skin tone                                     # E12.0  [1] (🧏🏽‍♂️)
1F9CF 1F3FE 200D 2640 FE0F                  ; RGI_Emoji_ZWJ_Sequence  ; deaf woman: medium-dark skin tone                              # E12.0  [1] (🧏🏾‍♀️)
1F9CF 1F3FE 200D 2642 FE0F                  ; RGI_Emoji_ZWJ_Sequence  ; deaf man: medium-dark skin tone                                # E12.0  [1] (🧏🏾‍♂️)
1F9CF 1F3FF 200D 2640 FE0F                  ; RGI_Emoji_ZWJ_Sequence  ; deaf woman: dark skin tone                                     # E12.0  [1] (🧏🏿‍♀️)
1F9CF 1F3FF 200D 2642 FE0F                  ; RGI_Emoji_ZWJ_Sequence  ; deaf man: dark skin tone                                       # E12.0  [1] (🧏🏿‍♂️)
1F9D4 200D 2640 FE0F                        ; RGI_Emoji_ZWJ_Sequence  ; woman: beard                                                   # E13.1  [1] (🧔‍♀️)
1F9D4 200D 2642 FE0F                        ; RGI_Emoji_ZWJ_Sequence  ; man: beard                                                     # E13.1  [1] (🧔‍♂️)
1F9D4 1F3FB 200D 2640 FE0F                  ; RGI_Emoji_ZWJ_Sequence  ; woman: light skin tone, beard                                  # E13.1  [1] (🧔🏻‍♀️)
1F9D4 1F3FB 200D 2642 FE0F                  ; RGI_Emoji_ZWJ_Sequence  ; man: light skin tone, beard                                    # E13.1  [1] (🧔🏻‍♂️)
1F9D4 1F3FC 200D 2640 FE0F                  ; RGI_Emoji_ZWJ_Sequence  ; woman: medium-light skin tone, beard                           # E13.1  [1] (🧔🏼‍♀️)
1F9D4 1F3FC 200D 2642 FE0F                  ; RGI_Emoji_ZWJ_Sequence  ; man: medium-light skin tone, beard                             # E13.1  [1] (🧔🏼‍♂️)
1F9D4 1F3FD 200D 2640 FE0F                  ; RGI_Emoji_ZWJ_Sequence  ; woman: medium skin tone, beard                                 # E13.1  [1] (🧔🏽‍♀️)
1F9D4 1F3FD 200D 2642 FE0F                  ; RGI_Emoji_ZWJ_Sequence  ; man: medium skin tone, beard                                   # E13.1  [1] (🧔🏽‍♂️)
1F9D4 1F3FE 200D 2640 FE0F                  ; RGI_Emoji_ZWJ_Sequence  ; woman: medium-dark skin tone, beard                            # E13.1  [1] (🧔🏾‍♀️)
1F9D4 1F3FE 200D 2642 FE0F                  ; RGI_Emoji_ZWJ_Sequence  ; man: medium-dark skin tone, beard                              # E13.1  [1] (🧔🏾‍♂️)
1F9D4 1F3FF 200D 2640 FE0F                  ; RGI_Emoji_ZWJ_Sequence  ; woman: dark skin tone, beard                                   # E13.1  [1] (🧔🏿‍♀️)
1F9D4 1F3FF 200D 2642 FE0F                  ; RGI_Emoji_ZWJ_Sequence  ; man: dark skin tone, beard                                     # E13.1  [1] (🧔🏿‍♂️)
1F9D6 200D 2640 FE0F                        ; RGI_Emoji_ZWJ_Sequence  ; woman in steamy room                                           # E5.0   [1] (🧖‍♀️)
1F9D6 200D 2642 FE0F                        ; RGI_Emoji_ZWJ_Sequence  ; man in steamy room                                             # E5.0   [1] (🧖‍♂️)
1F9D6 1F3FB 200D 2640 FE0F                  ; RGI_Emoji_ZWJ_Sequence  ; woman in steamy room: light skin tone                          # E5.0   [1] (🧖🏻‍♀️)
1F9D6 1F3FB 200D 2642 FE0F                  ; RGI_Emoji_ZWJ_Sequence  ; man in steamy room: light skin tone                            # E5.0   [1] (🧖🏻‍♂️)
1F9D6 1F3FC 200D 2640 FE0F                  ; RGI_Emoji_ZWJ_Sequence  ; woman in steamy room: medium-light skin tone                   # E5.0   [1] (🧖🏼‍♀️)
1F9D6 1F3FC 200D 2642 FE0F                  ; RGI_Emoji_ZWJ_Sequence  ; man in steamy room: medium-light skin tone                     # E5.0   [1] (🧖🏼‍♂️)
1F9D6 1F3FD 200D 2640 FE0F                  ; RGI_Emoji_ZWJ_Sequence  ; woman in steamy room: medium skin tone                         # E5.0   [1] (🧖🏽‍♀️)
1F9D6 1F3FD 200D 2642 FE0F                  ; RGI_Emoji_ZWJ_Sequence  ; man in steamy room: medium skin tone                           # E5.0   [1] (🧖🏽‍♂️)
1F9D6 1F3FE 200D 2640 FE0F                  ; RGI_Emoji_ZWJ_Sequence  ; woman in steamy room: medium-dark skin tone                    # E5.0   [1] (🧖🏾‍♀️)
1F9D6 1F3FE 200D 2642 FE0F                  ; RGI_Emoji_ZWJ_Sequence  ; man in steamy room: medium-dark skin tone                      # E5.0   [1] (🧖🏾‍♂️)
1F9D6 1F3FF 200D 2640 FE0F                  ; RGI_Emoji_ZWJ_Sequence  ; woman in steamy room: dark skin tone                           # E5.0   [1] (🧖🏿‍♀️)
1F9D6 1F3FF 200D 2642 FE0F                  ; RGI_Emoji_ZWJ_Sequence  ; man in steamy room: dark skin tone                             # E5.0   [1] (🧖🏿‍♂️)
1F9D7 200D 2640 FE0F                        ; RGI_Emoji_ZWJ_Sequence  ; woman climbing                                                 # E5.0   [1] (🧗‍♀️)
1F9D7 200D 2642 FE0F                        ; RGI_Emoji_ZWJ_Sequence  ; man climbing                                                   # E5.0   [1] (🧗‍♂️)
1F9D7 1F3FB 200D 2640 FE0F                  ; RGI_Emoji_ZWJ_Sequence  ; woman climbing: light skin tone                                # E5.0   [1] (🧗🏻‍♀️)
1F9D7 1F3FB 200D 2642 FE0F                  ; RGI_Emoji_ZWJ_Sequence  ; man climbing: light skin tone                                  # E5.0   [1] (🧗🏻‍♂️)
1F9D7 1F3FC 200D 2640 FE0F                  ; RGI_Emoji_ZWJ_Sequence  ; woman climbing: medium-light skin tone                         # E5.0   [1] (🧗🏼‍♀️)
1F9D7 1F3FC 200D 2642 FE0F                  ; RGI_Emoji_ZWJ_Sequence  ; man climbing: medium-light skin tone                           # E5.0   [1] (🧗🏼‍♂️)
1F9D7 1F3FD 200D 2640 FE0F                  ; RGI_Emoji_ZWJ_Sequence  ; woman climbing: medium skin tone                               # E5.0   [1] (🧗🏽‍♀️)
1F9D7 1F3FD 200D 2642 FE0F                  ; RGI_Emoji_ZWJ_Sequence  ; man climbing: medium skin tone                                 # E5.0   [1] (🧗🏽‍♂️)
1F9D7 1F3FE 200D 2640 FE0F                  ; RGI_Emoji_ZWJ_Sequence  ; woman climbing: medium-dark skin tone                          # E5.0   [1] (🧗🏾‍♀️)
1F9D7 1F3FE 200D 2642 FE0F                  ; RGI_Emoji_ZWJ_Sequence  ; man climbing: medium-dark skin tone                            # E5.0   [1] (🧗🏾‍♂️)
1F9D7 1F3FF 200D 2640 FE0F                  ; RGI_Emoji_ZWJ_Sequence  ; woman climbing: dark skin tone                                 # E5.0   [1] (🧗🏿‍♀️)
1F9D7 1F3FF 200D 2642 FE0F                  ; RGI_Emoji_ZWJ_Sequence  ; man climbing: dark skin tone                                   # E5.0   [1] (🧗🏿‍♂️)
1F9D8 200D 2640 FE0F                        ; RGI_Emoji_ZWJ_Sequence  ; woman in lotus position                                        # E5.0   [1] (🧘‍♀️)
1F9D8 200D 2642 FE0F                        ; RGI_Emoji_ZWJ_Sequence  ; man in lotus position                                          # E5.0   [1] (🧘‍♂️)
1F9D8 1F3FB 200D 2640 FE0F                  ; RGI_Emoji_ZWJ_Sequence  ; woman in lotus position: light skin tone                       # E5.0   [1] (🧘🏻‍♀️)
1F9D8 1F3FB 200D 2642 FE0F                  ; RGI_Emoji_ZWJ_Sequence  ; man in lotus position: light skin tone                         # E5.0   [1] (🧘🏻‍♂️)
1F9D8 1F3FC 200D 2640 FE0F                  ; RGI_Emoji_ZWJ_Sequence  ; woman in lotus position: medium-light skin tone                # E5.0   [1] (🧘🏼‍♀️)
1F9D8 1F3FC 200D 2642 FE0F                  ; RGI_Emoji_ZWJ_Sequence  ; man in lotus position: medium-light skin tone                  # E5.0   [1] (🧘🏼‍♂️)
1F9D8 1F3FD 200D 2640 FE0F                  ; RGI_Emoji_ZWJ_Sequence  ; woman in lotus position: medium skin tone                      # E5.0   [1] (🧘🏽‍♀️)
1F9D8 1F3FD 200D 2642 FE0F                  ; RGI_Emoji_ZWJ_Sequence  ; man in lotus position: medium skin tone                        # E5.0   [1] (🧘🏽‍♂️)
1F9D8 1F3FE 200D 2640 FE0F                  ; RGI_Emoji_ZWJ_Sequence  ; woman in lotus position: medium-dark skin tone                 # E5.0   [1] (🧘🏾‍♀️)
1F9D8 1F3FE 200D 2642 FE0F                  ; RGI_Emoji_ZWJ_Sequence  ; man in lotus position: medium-dark skin tone                   # E5.0   [1] (🧘🏾‍♂️)
1F9D8 1F3FF 200D 2640 FE0F                  ; RGI_Emoji_ZWJ_Sequence  ; woman in lotus position: dark skin tone                        # E5.0   [1] (🧘🏿‍♀️)
1F9D8 1F3FF 200D 2642 FE0F                  ; RGI_Emoji_ZWJ_Sequence  ; man in lotus position: dark skin tone                          # E5.0   [1] (🧘🏿‍♂️)
1F9D9 200D 2640 FE0F                        ; RGI_Emoji_ZWJ_Sequence  ; woman mage                                                     # E5.0   [1] (🧙‍♀️)
1F9D9 200D 2642 FE0F                        ; RGI_Emoji_ZWJ_Sequence  ; man mage                                                       # E5.0   [1] (🧙‍♂️)
1F9D9 1F3FB 200D 2640 FE0F                  ; RGI_Emoji_ZWJ_Sequence  ; woman mage: light skin tone                                    # E5.0   [1] (🧙🏻‍♀️)
1F9D9 1F3FB 200D 2642 FE0F                  ; RGI_Emoji_ZWJ_Sequence  ; man mage: light skin tone                                      # E5.0   [1] (🧙🏻‍♂️)
1F9D9 1F3FC 200D 2640 FE0F                  ; RGI_Emoji_ZWJ_Sequence  ; woman mage: medium-light skin tone                             # E5.0   [1] (🧙🏼‍♀️)
1F9D9 1F3FC 200D 2642 FE0F                  ; RGI_Emoji_ZWJ_Sequence  ; man mage: medium-light skin tone                               # E5.0   [1] (🧙🏼‍♂️)
1F9D9 1F3FD 200D 2640 FE0F                  ; RGI_Emoji_ZWJ_Sequence  ; woman mage: medium skin tone                                   # E5.0   [1] (🧙🏽‍♀️)
1F9D9 1F3FD 200D 2642 FE0F                  ; RGI_Emoji_ZWJ_Sequence  ; man mage: medium skin tone                                     # E5.0   [1] (🧙🏽‍♂️)
1F9D9 1F3FE 200D 2640 FE0F                  ; RGI_Emoji_ZWJ_Sequence  ; woman mage: medium-dark skin tone                              # E5.0   [1] (🧙🏾‍♀️)
1F9D9 1F3FE 200D 2642 FE0F                  ; RGI_Emoji_ZWJ_Sequence  ; man mage: medium-dark skin tone                                # E5.0   [1] (🧙🏾‍♂️)
1F9D9 1F3FF 200D 2640 FE0F                  ; RGI_Emoji_ZWJ_Sequence  ; woman mage: dark skin tone                                     # E5.0   [1] (🧙🏿‍♀️)
1F9D9 1F3FF 200D 2642 FE0F                  ; RGI_Emoji_ZWJ_Sequence  ; man mage: dark skin tone                                       # E5.0   [1] (🧙🏿‍♂️)
1F9DA 200D 2640 FE0F                        ; RGI_Emoji_ZWJ_Sequence  ; woman fairy                                                    # E5.0   [1] (🧚‍♀️)
1F9DA 200D 2642 FE0F                        ; RGI_Emoji_ZWJ_Sequence  ; man fairy                                                      # E5.0   [1] (🧚‍♂️)
1F9DA 1F3FB 200D 2640 FE0F                  ; RGI_Emoji_ZWJ_Sequence  ; woman fairy: light skin tone                                   # E5.0   [1] (🧚🏻‍♀️)
1F9DA 1F3FB 200D 2642 FE0F                  ; RGI_Emoji_ZWJ_Sequence  ; man fairy: light skin tone                                     # E5.0   [1] (🧚🏻‍♂️)
1F9DA 1F3FC 200D 2640 FE0F                  ; RGI_Emoji_ZWJ_Sequence  ; woman fairy: medium-light skin tone                            # E5.0   [1] (🧚🏼‍♀️)
1F9DA 1F3FC 200D 2642 FE0F                  ; RGI_Emoji_ZWJ_Sequence  ; man fairy: medium-light skin tone                              # E5.0   [1] (🧚🏼‍♂️)
1F9DA 1F3FD 200D 2640 FE0F                  ; RGI_Emoji_ZWJ_Sequence  ; woman fairy: medium skin tone                                  # E5.0   [1] (🧚🏽‍♀️)
1F9DA 1F3FD 200D 2642 FE0F                  ; RGI_Emoji_ZWJ_Sequence  ; man fairy: medium skin tone                                    # E5.0   [1] (🧚🏽‍♂️)
1F9DA 1F3FE 200D 2640 FE0F                  ; RGI_Emoji_ZWJ_Sequence  ; woman fairy: medium-dark skin tone                             # E5.0   [1] (🧚🏾‍♀️)
1F9DA 1F3FE 200D 2642 FE0F                  ; RGI_Emoji_ZWJ_Sequence  ; man fairy: medium-dark skin tone                               # E5.0   [1] (🧚🏾‍♂️)
1F9DA 1F3FF 200D 2640 FE0F                  ; RGI_Emoji_ZWJ_Sequence  ; woman fairy: dark skin tone                                    # E5.0   [1] (🧚🏿‍♀️)
1F9DA 1F3FF 200D 2642 FE0F                  ; RGI_Emoji_ZWJ_Sequence  ; man fairy: dark skin tone                                      # E5.0   [1] (🧚🏿‍♂️)
1F9DB 200D 2640 FE0F                        ; RGI_Emoji_ZWJ_Sequence  ; woman vampire                                                  # E5.0   [1] (🧛‍♀️)
1F9DB 200D 2642 FE0F                        ; RGI_Emoji_ZWJ_Sequence  ; man vampire                                                    # E5.0   [1] (🧛‍♂️)
1F9DB 1F3FB 200D 2640 FE0F                  ; RGI_Emoji_ZWJ_Sequence  ; woman vampire: light skin tone                                 # E5.0   [1] (🧛🏻‍♀️)
1F9DB 1F3FB 200D 2642 FE0F                  ; RGI_Emoji_ZWJ_Sequence  ; man vampire: light skin tone                                   # E5.0   [1] (🧛🏻‍♂️)
1F9DB 1F3FC 200D 2640 FE0F                  ; RGI_Emoji_ZWJ_Sequence  ; woman vampire: medium-light skin tone                          # E5.0   [1] (🧛🏼‍♀️)
1F9DB 1F3FC 200D 2642 FE0F                  ; RGI_Emoji_ZWJ_Sequence  ; man vampire: medium-light skin tone                            # E5.0   [1] (🧛🏼‍♂️)
1F9DB 1F3FD 200D 2640 FE0F                  ; RGI_Emoji_ZWJ_Sequence  ; woman vampire: medium skin tone                                # E5.0   [1] (🧛🏽‍♀️)
1F9DB 1F3FD 200D 2642 FE0F                  ; RGI_Emoji_ZWJ_Sequence  ; man vampire: medium skin tone                                  # E5.0   [1] (🧛🏽‍♂️)
1F9DB 1F3FE 200D 2640 FE0F                  ; RGI_Emoji_ZWJ_Sequence  ; woman vampire: medium-dark skin tone                           # E5.0   [1] (🧛🏾‍♀️)
1F9DB 1F3FE 200D 2642 FE0F                  ; RGI_Emoji_ZWJ_Sequence  ; man vampire: medium-dark skin tone                             # E5.0   [1] (🧛🏾‍♂️)
1F9DB 1F3FF 200D 2640 FE0F                  ; RGI_Emoji_ZWJ_Sequence  ; woman vampire: dark skin tone                                  # E5.0   [1] (🧛🏿‍♀️)
1F9DB 1F3FF 200D 2642 FE0F                  ; RGI_Emoji_ZWJ_Sequence  ; man vampire: dark skin tone                                    # E5.0   [1] (🧛🏿‍♂️)
1F9DC 200D 2640 FE0F                        ; RGI_Emoji_ZWJ_Sequence  ; mermaid                                                        # E5.0   [1] (🧜‍♀️)
1F9DC 200D 2642 FE0F                        ; RGI_Emoji_ZWJ_Sequence  ; merman                                                         # E5.0   [1] (🧜‍♂️)
1F9DC 1F3FB 200D 2640 FE0F                  ; RGI_Emoji_ZWJ_Sequence  ; mermaid: light skin tone                                       # E5.0   [1] (🧜🏻‍♀️)
1F9DC 1F3FB 200D 2642 FE0F                  ; RGI_Emoji_ZWJ_Sequence  ; merman: light skin tone                                        # E5.0   [1] (🧜🏻‍♂️)
1F9DC 1F3FC 200D 2640 FE0F                  ; RGI_Emoji_ZWJ_Sequence  ; mermaid: medium-light skin tone                                # E5.0   [1] (🧜🏼‍♀️)
1F9DC 1F3FC 200D 2642 FE0F                  ; RGI_Emoji_ZWJ_Sequence  ; merman: medium-light skin tone                                 # E5.0   [1] (🧜🏼‍♂️)
1F9DC 1F3FD 200D 2640 FE0F                  ; RGI_Emoji_ZWJ_Sequence  ; mermaid: medium skin tone                                      # E5.0   [1] (🧜🏽‍♀️)
1F9DC 1F3FD 200D 2642 FE0F                  ; RGI_Emoji_ZWJ_Sequence  ; merman: medium skin tone                                       # E5.0   [1] (🧜🏽‍♂️)
1F9DC 1F3FE 200D 2640 FE0F                  ; RGI_Emoji_ZWJ_Sequence  ; mermaid: medium-dark skin tone                                 # E5.0   [1] (🧜🏾‍♀️)
1F9DC 1F3FE 200D 2642 FE0F                  ; RGI_Emoji_ZWJ_Sequence  ; merman: medium-dark skin tone                                  # E5.0   [1] (🧜🏾‍♂️)
1F9DC 1F3FF 200D 2640 FE0F                  ; RGI_Emoji_ZWJ_Sequence  ; mermaid: dark skin tone                                        # E5.0   [1] (🧜🏿‍♀️)
1F9DC 1F3FF 200D 2642 FE0F                  ; RGI_Emoji_ZWJ_Sequence  ; merman: dark skin tone                                         # E5.0   [1] (🧜🏿‍♂️)
1F9DD 200D 2640 FE0F                        ; RGI_Emoji_ZWJ_Sequence  ; woman elf                                                      # E5.0   [1] (🧝‍♀️)
1F9DD 200D 2642 FE0F                        ; RGI_Emoji_ZWJ_Sequence  ; man elf                                                        # E5.0   [1] (🧝‍♂️)
1F9DD 1F3FB 200D 2640 FE0F                  ; RGI_Emoji_ZWJ_Sequence  ; woman elf: light skin tone                                     # E5.0   [1] (🧝🏻‍♀️)
1F9DD 1F3FB 200D 2642 FE0F                  ; RGI_Emoji_ZWJ_Sequence  ; man elf: light skin tone                                       # E5.0   [1] (🧝🏻‍♂️)
1F9DD 1F3FC 200D 2640 FE0F                  ; RGI_Emoji_ZWJ_Sequence  ; woman elf: medium-light skin tone                              # E5.0   [1] (🧝🏼‍♀️)
1F9DD 1F3FC 200D 2642 FE0F                  ; RGI_Emoji_ZWJ_Sequence  ; man elf: medium-light skin tone                                # E5.0   [1] (🧝🏼‍♂️)
1F9DD 1F3FD 200D 2640 FE0F                  ; RGI_Emoji_ZWJ_Sequence  ; woman elf: medium skin tone                                    # E5.0   [1] (🧝🏽‍♀️)
1F9DD 1F3FD 200D 2642 FE0F                  ; RGI_Emoji_ZWJ_Sequence  ; man elf: medium skin tone                                      # E5.0   [1] (🧝🏽‍♂️)
1F9DD 1F3FE 200D 2640 FE0F                  ; RGI_Emoji_ZWJ_Sequence  ; woman elf: medium-dark skin tone                               # E5.0   [1] (🧝🏾‍♀️)
1F9DD 1F3FE 200D 2642 FE0F                  ; RGI_Emoji_ZWJ_Sequence  ; man elf: medium-dark skin tone                                 # E5.0   [1] (🧝🏾‍♂️)
1F9DD 1F3FF 200D 2640 FE0F                  ; RGI_Emoji_ZWJ_Sequence  ; woman elf: dark skin tone                                      # E5.0   [1] (🧝🏿‍♀️)
1F9DD 1F3FF 200D 2642 FE0F                  ; RGI_Emoji_ZWJ_Sequence  ; man elf: dark skin tone                                        # E5.0   [1] (🧝🏿‍♂️)
1F9DE 200D 2640 FE0F                        ; RGI_Emoji_ZWJ_Sequence  ; woman genie                                                    # E5.0   [1] (🧞‍♀️)
1F9DE 200D 2642 FE0F                        ; RGI_Emoji_ZWJ_Sequence  ; man genie                                                      # E5.0   [1] (🧞‍♂️)
1F9DF 200D 2640 FE0F                        ; RGI_Emoji_ZWJ_Sequence  ; woman zombie                                                   # E5.0   [1] (🧟‍♀️)
1F9DF 200D 2642 FE0F                        ; RGI_Emoji_ZWJ_Sequence  ; man zombie                                                     # E5.0   [1] (🧟‍♂️)
1F468 200D 1F9B0                            ; RGI_Emoji_ZWJ_Sequence  ; man: red hair                                                  # E11.0  [1] (👨‍🦰)
1F468 200D 1F9B1                            ; RGI_Emoji_ZWJ_Sequence  ; man: curly hair                                                # E11.0  [1] (👨‍🦱)
1F468 200D 1F9B2                            ; RGI_Emoji_ZWJ_Sequence  ; man: bald                                                      # E11.0  [1] (👨‍🦲)
1F468 200D 1F9B3                            ; RGI_Emoji_ZWJ_Sequence  ; man: white hair                                                # E11.0  [1] (👨‍🦳)
1F468 1F3FB 200D 1F9B0                      ; RGI_Emoji_ZWJ_Sequence  ; man: light skin tone, red hair                                 # E11.0  [1] (👨🏻‍🦰)
1F468 1F3FB 200D 1F9B1                      ; RGI_Emoji_ZWJ_Sequence  ; man: light skin tone, curly hair                               # E11.0  [1] (👨🏻‍🦱)
1F468 1F3FB 200D 1F9B2                      ; RGI_Emoji_ZWJ_Sequence  ; man: light skin tone, bald                                     # E11.0  [1] (👨🏻‍🦲)
1F468 1F3FB 200D 1F9B3                      ; RGI_Emoji_ZWJ_Sequence  ; man: light skin tone, white hair                               # E11.0  [1] (👨🏻‍🦳)
1F468 1F3FC 200D 1F9B0                      ; RGI_Emoji_ZWJ_Sequence  ; man: medium-light skin tone, red hair                          # E11.0  [1] (👨🏼‍🦰)
1F468 1F3FC 200D 1F9B1                      ; RGI_Emoji_ZWJ_Sequence  ; man: medium-light skin tone, curly hair                        # E11.0  [1] (👨🏼‍🦱)
1F468 1F3FC 200D 1F9B2                      ; RGI_Emoji_ZWJ_Sequence  ; man: medium-light skin tone, bald                              # E11.0  [1] (👨🏼‍🦲)
1F468 1F3FC 200D 1F9B3                      ; RGI_Emoji_ZWJ_Sequence  ; man: medium-light skin tone, white hair                        # E11.0  [1] (👨🏼‍🦳)
1F468 1F3FD 200D 1F9B0                      ; RGI_Emoji_ZWJ_Sequence  ; man: medium skin tone, red hair                                # E11.0  [1] (👨🏽‍🦰)
1F468 1F3FD 200D 1F9B1                      ; RGI_Emoji_ZWJ_Sequence  ; man: medium skin tone, curly hair                              # E11.0  [1] (👨🏽‍🦱)
1F468 1F3FD 200D 1F9B2                      ; RGI_Emoji_ZWJ_Sequence  ; man: medium skin tone, bald                                    # E11.0  [1] (👨🏽‍🦲)
1F468 1F3FD 200D 1F9B3                      ; RGI_Emoji_ZWJ_Sequence  ; man: medium skin tone, white hair                              # E11.0  [1] (👨🏽‍🦳)
1F468 1F3FE 200D 1F9B0                      ; RGI_Emoji_ZWJ_Sequence  ; man: medium-dark skin tone, red hair                           # E11.0  [1] (👨🏾‍🦰)
1F468 1F3FE 200D 1F9B1                      ; RGI_Emoji_ZWJ_Sequence  ; man: medium-dark skin tone, curly hair                         # E11.0  [1] (👨🏾‍🦱)
1F468 1F3FE 200D 1F9B2                      ; RGI_Emoji_ZWJ_Sequence  ; man: medium-dark skin tone, bald                               # E11.0  [1] (👨🏾‍🦲)
1F468 1F3FE 200D 1F9B3                      ; RGI_Emoji_ZWJ_Sequence  ; man: medium-dark skin tone, white hair                         # E11.0  [1] (👨🏾‍🦳)
1F468 1F3FF 200D 1F9B0                      ; RGI_Emoji_ZWJ_Sequence  ; man: dark skin tone, red hair                                  # E11.0  [1] (👨🏿‍🦰)
1F468 1F3FF 200D 1F9B1                      ; RGI_Emoji_ZWJ_Sequence  ; man: dark skin tone, curly hair                                # E11.0  [1] (👨🏿‍🦱)
1F468 1F3FF 200D 1F9B2                      ; RGI_Emoji_ZWJ_Sequence  ; man: dark skin tone, bald                                      # E11.0  [1] (👨🏿‍🦲)
1F468 1F3FF 200D 1F9B3                      ; RGI_Emoji_ZWJ_Sequence  ; man: dark skin tone, white hair                                # E11.0  [1] (👨🏿‍🦳)
1F469 200D 1F9B0                            ; RGI_Emoji_ZWJ_Sequence  ; woman: red hair                                                # E11.0  [1] (👩‍🦰)
1F469 200D 1F9B1                            ; RGI_Emoji_ZWJ_Sequence  ; woman: curly hair                                              # E11.0  [1] (👩‍🦱)
1F469 200D 1F9B2                            ; RGI_Emoji_ZWJ_Sequence  ; woman: bald                                                    # E11.0  [1] (👩‍🦲)
1F469 200D 1F9B3                            ; RGI_Emoji_ZWJ_Sequence  ; woman: white hair                                              # E11.0  [1] (👩‍🦳)
1F469 1F3FB 200D 1F9B0                      ; RGI_Emoji_ZWJ_Sequence  ; woman: light skin tone, red hair                               # E11.0  [1] (👩🏻‍🦰)
1F469 1F3FB 200D 1F9B1                      ; RGI_Emoji_ZWJ_Sequence  ; woman: light skin tone, curly hair                             # E11.0  [1] (👩🏻‍🦱)
1F469 1F3FB 200D 1F9B2                      ; RGI_Emoji_ZWJ_Sequence  ; woman: light skin tone, bald                                   # E11.0  [1] (👩🏻‍🦲)
1F469 1F3FB 200D 1F9B3                      ; RGI_Emoji_ZWJ_Sequence  ; woman: light skin tone, white hair                             # E11.0  [1] (👩🏻‍🦳)
1F469 1F3FC 200D 1F9B0                      ; RGI_Emoji_ZWJ_Sequence  ; woman: medium-light skin tone, red hair                        # E11.0  [1] (👩🏼‍🦰)
1F469 1F3FC 200D 1F9B1                      ; RGI_Emoji_ZWJ_Sequence  ; woman: medium-light skin tone, curly hair                      # E11.0  [1] (👩🏼‍🦱)
1F469 1F3FC 200D 1F9B2                      ; RGI_Emoji_ZWJ_Sequence  ; woman: medium-light skin tone, bald                            # E11.0  [1] (👩🏼‍🦲)
1F469 1F3FC 200D 1F9B3                      ; RGI_Emoji_ZWJ_Sequence  ; woman: medium-light skin tone, white hair                      # E11.0  [1] (👩🏼‍🦳)
1F469 1F3FD 200D 1F9B0                      ; RGI_Emoji_ZWJ_Sequence  ; woman: medium skin tone, red hair                              # E11.0  [1] (👩🏽‍🦰)
1F469 1F3FD 200D 1F9B1                      ; RGI_Emoji_ZWJ_Sequence  ; woman: medium skin tone, curly hair                            # E11.0  [1] (👩🏽‍🦱)
1F469 1F3FD 200D 1F9B2                      ; RGI_Emoji_ZWJ_Sequence  ; woman: medium skin tone, bald                                  # E11.0  [1] (👩🏽‍🦲)
1F469 1F3FD 200D 1F9B3                      ; RGI_Emoji_ZWJ_Sequence  ; woman: medium skin tone, white hair                            # E11.0  [1] (👩🏽‍🦳)
1F469 1F3FE 200D 1F9B0                      ; RGI_Emoji_ZWJ_Sequence  ; woman: medium-dark skin tone, red hair                         # E11.0  [1] (👩🏾‍🦰)
1F469 1F3FE 200D 1F9B1                      ; RGI_Emoji_ZWJ_Sequence  ; woman: medium-dark skin tone, curly hair                       # E11.0  [1] (👩🏾‍🦱)
1F469 1F3FE 200D 1F9B2                      ; RGI_Emoji_ZWJ_Sequence  ; woman: medium-dark skin tone, bald                             # E11.0  [1] (👩🏾‍🦲)
1F469 1F3FE 200D 1F9B3                      ; RGI_Emoji_ZWJ_Sequence  ; woman: medium-dark skin tone, white hair                       # E11.0  [1] (👩🏾‍🦳)
1F469 1F3FF 200D 1F9B0                      ; RGI_Emoji_ZWJ_Sequence  ; woman: dark skin tone, red hair                                # E11.0  [1] (👩🏿‍🦰)
1F469 1F3FF 200D 1F9B1                      ; RGI_Emoji_ZWJ_Sequence  ; woman: dark skin tone, curly hair                              # E11.0  [1] (👩🏿‍🦱)
1F469 1F3FF 200D 1F9B2                      ; RGI_Emoji_ZWJ_Sequence  ; woman: dark skin tone, bald                                    # E11.0  [1] (👩🏿‍🦲)
1F469 1F3FF 200D 1F9B3                      ; RGI_Emoji_ZWJ_Sequence  ; woman: dark skin tone, white hair                              # E11.0  [1] (👩🏿‍🦳)
1F9D1 200D 1F9B0                            ; RGI_Emoji_ZWJ_Sequence  ; person: red hair                                               # E12.1  [1] (🧑‍🦰)
1F9D1 200D 1F9B1                            ; RGI_Emoji_ZWJ_Sequence  ; person: curly hair                                             # E12.1  [1] (🧑‍🦱)
1F9D1 200D 1F9B2                            ; RGI_Emoji_ZWJ_Sequence  ; person: bald                                                   # E12.1  [1] (🧑‍🦲)
1F9D1 200D 1F9B3                            ; RGI_Emoji_ZWJ_Sequence  ; person: white hair                                             # E12.1  [1] (🧑‍🦳)
1F9D1 1F3FB 200D 1F9B0                      ; RGI_Emoji_ZWJ_Sequence  ; person: light skin tone, red hair                              # E12.1  [1] (🧑🏻‍🦰)
1F9D1 1F3FB 200D 1F9B1                      ; RGI_Emoji_ZWJ_Sequence  ; person: light skin tone, curly hair                            # E12.1  [1] (🧑🏻‍🦱)
1F9D1 1F3FB 200D 1F9B2                      ; RGI_Emoji_ZWJ_Sequence  ; person: light skin tone, bald                                  # E12.1  [1] (🧑🏻‍🦲)
1F9D1 1F3FB 200D 1F9B3                      ; RGI_Emoji_ZWJ_Sequence  ; person: light skin tone, white hair                            # E12.1  [1] (🧑🏻‍🦳)
1F9D1 1F3FC 200D 1F9B0                      ; RGI_Emoji_ZWJ_Sequence  ; person: medium-light skin tone, red hair                       # E12.1  [1] (🧑🏼‍🦰)
1F9D1 1F3FC 200D 1F9B1                      ; RGI_Emoji_ZWJ_Sequence  ; person: medium-light skin tone, curly hair                     # E12.1  [1] (🧑🏼‍🦱)
1F9D1 1F3FC 200D 1F9B2                      ; RGI_Emoji_ZWJ_Sequence  ; person: medium-light skin tone, bald                           # E12.1  [1] (🧑🏼‍🦲)
1F9D1 1F3FC 200D 1F9B3                      ; RGI_Emoji_ZWJ_Sequence  ; person: medium-light skin tone, white hair                     # E12.1  [1] (🧑🏼‍🦳)
1F9D1 1F3FD 200D 1F9B0                      ; RGI_Emoji_ZWJ_Sequence  ; person: medium skin tone, red hair                             # E12.1  [1] (🧑🏽‍🦰)
1F9D1 1F3FD 200D 1F9B1                      ; RGI_Emoji_ZWJ_Sequence  ; person: medium skin tone, curly hair                           # E12.1  [1] (🧑🏽‍🦱)
1F9D1 1F3FD 200D 1F9B2                      ; RGI_Emoji_ZWJ_Sequence  ; person: medium skin tone, bald                                 # E12.1  [1] (🧑🏽‍🦲)
1F9D1 1F3FD 200D 1F9B3                      ; RGI_Emoji_ZWJ_Sequence  ; person: medium skin tone, white hair                           # E12.1  [1] (🧑🏽‍🦳)
1F9D1 1F3FE 200D 1F9B0                      ; RGI_Emoji_ZWJ_Sequence  ; person: medium-dark skin tone, red hair                        # E12.1  [1] (🧑🏾‍🦰)
1F9D1 1F3FE 200D 1F9B1                      ; RGI_Emoji_ZWJ_Sequence  ; person: medium-dark skin tone, curly hair                      # E12.1  [1] (🧑🏾‍🦱)
1F9D1 1F3FE 200D 1F9B2                      ; RGI_Emoji_ZWJ_Sequence  ; person: medium-dark skin tone, bald                            # E12.1  [1] (🧑🏾‍🦲)
1F9D1 1F3FE 200D 1F9B3                      ; RGI_Emoji_ZWJ_Sequence  ; person: medium-dark skin tone, white hair                      # E12.1  [1] (🧑🏾‍🦳)
1F9D1 1F3FF 200D 1F9B0                      ; RGI_Emoji_ZWJ_Sequence  ; person: dark skin tone, red hair                               # E12.1  [1] (🧑🏿‍🦰)
1F9D1 1F3FF 200D 1F9B1                      ; RGI_Emoji_ZWJ_Sequence  ; person: dark skin tone, curly hair                             # E12.1  [1] (🧑🏿‍🦱)
1F9D1 1F3FF 200D 1F9B2                      ; RGI_Emoji_ZWJ_Sequence  ; person: dark skin tone, bald                                   # E12.1  [1] (🧑🏿‍🦲)
1F9D1 1F3FF 200D 1F9B3                      ; RGI_Emoji_ZWJ_Sequence  ; person: dark skin tone, white hair                             # E12.1  [1] (🧑🏿‍🦳)
26D3 FE0F 200D 1F4A5                        ; RGI_Emoji_ZWJ_Sequence  ; broken chain                                                   # E15.1  [1] (⛓️‍💥)
2764 FE0F 200D 1F525                        ; RGI_Emoji_ZWJ_Sequence  ; heart on fire                                                  # E13.1  [1] (❤️‍🔥)
2764 FE0F 200D 1FA79                        ; RGI_Emoji_ZWJ_Sequence  ; mending heart                                                  # E13.1  [1] (❤️‍🩹)
1F344 200D 1F7EB                            ; RGI_Emoji_ZWJ_Sequence  ; brown mushroom                                                 # E15.1  [1] (🍄‍🟫)
1F34B 200D 1F7E9                            ; RGI_Emoji_ZWJ_Sequence  ; lime                                                           # E15.1  [1] (🍋‍🟩)
1F3F3 FE0F 200D 26A7 FE0F                   ; RGI_Emoji_ZWJ_Sequence  ; transgender flag                                               # E13.0  [1] (🏳️‍⚧️)
1F3F3 FE0F 200D 1F308                       ; RGI_Emoji_ZWJ_Sequence  ; rainbow flag                                                   # E4.0   [1] (🏳️‍🌈)
1F3F4 200D 2620 FE0F                        ; RGI_Emoji_ZWJ_Sequence  ; pirate flag                                                    # E11.0  [1] (🏴‍☠️)
1F408 200D 2B1B                             ; RGI_Emoji_ZWJ_Sequence  ; black cat                                                      # E13.0  [1] (🐈‍⬛)
1F415 200D 1F9BA                            ; RGI_Emoji_ZWJ_Sequence  ; service dog                                                    # E12.0  [1] (🐕‍🦺)
1F426 200D 2B1B                             ; RGI_Emoji_ZWJ_Sequence  ; black bird                                                     # E15.0  [1] (🐦‍⬛)
1F426 200D 1F525                            ; RGI_Emoji_ZWJ_Sequence  ; phoenix                                                        # E15.1  [1] (🐦‍🔥)
1F43B 200D 2744 FE0F                        ; RGI_Emoji_ZWJ_Sequence  ; polar bear                                                     # E13.0  [1] (🐻‍❄️)
1F441 FE0F 200D 1F5E8 FE0F                  ; RGI_Emoji_ZWJ_Sequence  ; eye in speech bubble                                           # E2.0   [1] (👁️‍🗨️)
1F62E 200D 1F4A8                            ; RGI_Emoji_ZWJ_Sequence  ; face exhaling                                                  # E13.1  [1] (😮‍💨)
1F635 200D 1F4AB                            ; RGI_Emoji_ZWJ_Sequence  ; face with spiral eyes                                          # E13.1  [1] (😵‍💫)
1F636 200D 1F32B FE0F                       ; RGI_Emoji_ZWJ_Sequence  ; face in clouds                                                 # E13.1  [1] (😶‍🌫️)
1F642 200D 2194 FE0F                        ; RGI_Emoji_ZWJ_Sequence  ; head shaking horizontally                                      # E15.1  [1] (🙂‍↔️)
1F642 200D 2195 FE0F                        ; RGI_Emoji_ZWJ_Sequence  ; head shaking vertically                                        # E15.1  [1] (🙂‍↕️)
1F9D1 200D 1FA70                            ; RGI_Emoji_ZWJ_Sequence  ; ballet dancer                                                  # E17.0  [1] (🧑‍🩰)
1F9D1 1F3FB 200D 1F430 200D 1F9D1 1F3FC     ; RGI_Emoji_ZWJ_Sequence  ; people with bunny ears: light skin tone, medium-light skin tone #E17.0  [1] (🧑🏻‍🐰‍🧑🏼)
1F9D1 1F3FB 200D 1F430 200D 1F9D1 1F3FD     ; RGI_Emoji_ZWJ_Sequence  ; people with bunny ears: light skin tone, medium skin tone      # E17.0  [1] (🧑🏻‍🐰‍🧑🏽)
1F9D1 1F3FB 200D 1F430 200D 1F9D1 1F3FE     ; RGI_Emoji_ZWJ_Sequence  ; people with bunny ears: light skin tone, medium-dark skin tone # E17.0  [1] (🧑🏻‍🐰‍🧑🏾)
1F9D1 1F3FB 200D 1F430 200D 1F9D1 1F3FF     ; RGI_Emoji_ZWJ_Sequence  ; people with bunny ears: light skin tone, dark skin tone        # E17.0  [1] (🧑🏻‍🐰‍🧑🏿)
1F9D1 1F3FB 200D 1FA70                      ; RGI_Emoji_ZWJ_Sequence  ; ballet dancer: light skin tone                                 # E17.0  [1] (🧑🏻‍🩰)
1F9D1 1F3FB 200D 1FAEF 200D 1F9D1 1F3FC     ; RGI_Emoji_ZWJ_Sequence  ; people wrestling: light skin tone, medium-light skin tone      # E17.0  [1] (🧑🏻‍🫯‍🧑🏼)
1F9D1 1F3FB 200D 1FAEF 200D 1F9D1 1F3FD     ; RGI_Emoji_ZWJ_Sequence  ; people wrestling: light skin tone, medium skin tone            # E17.0  [1] (🧑🏻‍🫯‍🧑🏽)
1F9D1 1F3FB 200D 1FAEF 200D 1F9D1 1F3FE     ; RGI_Emoji_ZWJ_Sequence  ; people wrestling: light skin tone, medium-dark skin tone       # E17.0  [1] (🧑🏻‍🫯‍🧑🏾)
1F9D1 1F3FB 200D 1FAEF 200D 1F9D1 1F3FF     ; RGI_Emoji_ZWJ_Sequence  ; people wrestling: light skin tone, dark skin tone              # E17.0  [1] (🧑🏻‍🫯‍🧑🏿)
1F9D1 1F3FC 200D 1F430 200D 1F9D1 1F3FB     ; RGI_Emoji_ZWJ_Sequence  ; people with bunny ears: medium-light skin tone, light skin tone #E17.0  [1] (🧑🏼‍🐰‍🧑🏻)
1F9D1 1F3FC 200D 1F430 200D 1F9D1 1F3FD     ; RGI_Emoji_ZWJ_Sequence  ; people with bunny ears: medium-light skin tone, medium skin tone #E17.0 [1] (🧑🏼‍🐰‍🧑🏽)
1F9D1 1F3FC 200D 1F430 200D 1F9D1 1F3FE     ; RGI_Emoji_ZWJ_Sequence  ; people with bunny ears: medium-light skin tone, medium-dark skin tone #E17.0[1] (🧑🏼‍🐰‍🧑🏾)
1F9D1 1F3FC 200D 1F430 200D 1F9D1 1F3FF     ; RGI_Emoji_ZWJ_Sequence  ; people with bunny ears: medium-light skin tone, dark skin tone # E17.0  [1] (🧑🏼‍🐰‍🧑🏿)
1F9D1 1F3FC 200D 1FA70                      ; RGI_Emoji_ZWJ_Sequence  ; ballet dancer: medium-light skin tone                          # E17.0  [1] (🧑🏼‍🩰)
1F9D1 1F3FC 200D 1FAEF 200D 1F9D1 1F3FB     ; RGI_Emoji_ZWJ_Sequence  ; people wrestling: medium-light skin tone, light skin tone      # E17.0  [1] (🧑🏼‍🫯‍🧑🏻)
1F9D1 1F3FC 200D 1FAEF 200D 1F9D1 1F3FD     ; RGI_Emoji_ZWJ_Sequence  ; people wrestling: medium-light skin tone, medium skin tone     # E17.0  [1] (🧑🏼‍🫯‍🧑🏽)
1F9D1 1F3FC 200D 1FAEF 200D 1F9D1 1F3FE     ; RGI_Emoji_ZWJ_Sequence  ; people wrestling: medium-light skin tone, medium-dark skin tone #E17.0  [1] (🧑🏼‍🫯‍🧑🏾)
1F9D1 1F3FC 200D 1FAEF 200D 1F9D1 1F3FF     ; RGI_Emoji_ZWJ_Sequence  ; people wrestling: medium-light skin tone, dark skin tone       # E17.0  [1] (🧑🏼‍🫯‍🧑🏿)
1F9D1 1F3FD 200D 1F430 200D 1F9D1 1F3FB     ; RGI_Emoji_ZWJ_Sequence  ; people with bunny ears: medium skin tone, light skin tone      # E17.0  [1] (🧑🏽‍🐰‍🧑🏻)
1F9D1 1F3FD 200D 1F430 200D 1F9D1 1F3FC     ; RGI_Emoji_ZWJ_Sequence  ; people with bunny ears: medium skin tone, medium-light skin tone #E17.0 [1] (🧑🏽‍🐰‍🧑🏼)
1F9D1 1F3FD 200D 1F430 200D 1F9D1 1F3FE     ; RGI_Emoji_ZWJ_Sequence  ; people with bunny ears: medium skin tone, medium-dark skin tone #E17.0  [1] (🧑🏽‍🐰‍🧑🏾)
1F9D1 1F3FD 200D 1F430 200D 1F9D1 1F3FF     ; RGI_Emoji_ZWJ_Sequence  ; people with bunny ears: medium skin tone, dark skin tone       # E17.0  [1] (🧑🏽‍🐰‍🧑🏿)
1F9D1 1F3FD 200D 1FA70                      ; RGI_Emoji_ZWJ_Sequence  ; ballet dancer: medium skin tone                                # E17.0  [1] (🧑🏽‍🩰)
1F9D1 1F3FD 200D 1FAEF 200D 1F9D1 1F3FB     ; RGI_Emoji_ZWJ_Sequence  ; people wrestling: medium skin tone, light skin tone            # E17.0  [1] (🧑🏽‍🫯‍🧑🏻)
1F9D1 1F3FD 200D 1FAEF 200D 1F9D1 1F3FC     ; RGI_Emoji_ZWJ_Sequence  ; people wrestling: medium skin tone, medium-light skin tone     # E17.0  [1] (🧑🏽‍🫯‍🧑🏼)
1F9D1 1F3FD 200D 1FAEF 200D 1F9D1 1F3FE     ; RGI_Emoji_ZWJ_Sequence  ; people wrestling: medium skin tone, medium-dark skin tone      # E17.0  [1] (🧑🏽‍🫯‍🧑🏾)
1F9D1 1F3FD 200D 1FAEF 200D 1F9D1 1F3FF     ; RGI_Emoji_ZWJ_Sequence  ; people wrestling: medium skin tone, dark skin tone             # E17.0  [1] (🧑🏽‍🫯‍🧑🏿)
1F9D1 1F3FE 200D 1F430 200D 1F9D1 1F3FB     ; RGI_Emoji_ZWJ_Sequence  ; people with bunny ears: medium-dark skin tone, light skin tone # E17.0  [1] (🧑🏾‍🐰‍🧑🏻)
1F9D1 1F3FE 200D 1F430 200D 1F9D1 1F3FC     ; RGI_Emoji_ZWJ_Sequence  ; people with bunny ears: medium-dark skin tone, medium-light skin tone #E17.0[1] (🧑🏾‍🐰‍🧑🏼)
1F9D1 1F3FE 200D 1F430 200D 1F9D1 1F3FD     ; RGI_Emoji_ZWJ_Sequence  ; people with bunny ears: medium-dark skin tone, medium skin tone #E17.0  [1] (🧑🏾‍🐰‍🧑🏽)
1F9D1 1F3FE 200D 1F430 200D 1F9D1 1F3FF     ; RGI_Emoji_ZWJ_Sequence  ; people with bunny ears: medium-dark skin tone, dark skin tone  # E17.0  [1] (🧑🏾‍🐰‍🧑🏿)
1F9D1 1F3FE 200D 1FA70                      ; RGI_Emoji_ZWJ_Sequence  ; ballet dancer: medium-dark skin tone                           # E17.0  [1] (🧑🏾‍🩰)
1F9D1 1F3FE 200D 1FAEF 200D 1F9D1 1F3FB     ; RGI_Emoji_ZWJ_Sequence  ; people wrestling: medium-dark skin tone, light skin tone       # E17.0  [1] (🧑🏾‍🫯‍🧑🏻)
1F9D1 1F3FE 200D 1FAEF 200D 1F9D1 1F3FC     ; RGI_Emoji_ZWJ_Sequence  ; people wrestling: medium-dark skin tone, medium-light skin tone #E17.0  [1] (🧑🏾‍🫯‍🧑🏼)
1F9D1 1F3FE 200D 1FAEF 200D 1F9D1 1F3FD     ; RGI_Emoji_ZWJ_Sequence  ; people wrestling: medium-dark skin tone, medium skin tone      # E17.0  [1] (🧑🏾‍🫯‍🧑🏽)
1F9D1 1F3FE 200D 1FAEF 200D 1F9D1 1F3FF     ; RGI_Emoji_ZWJ_Sequence  ; people wrestling: medium-dark skin tone, dark skin tone        # E17.0  [1] (🧑🏾‍🫯‍🧑🏿)
1F9D1 1F3FF 200D 1F430 200D 1F9D1 1F3FB     ; RGI_Emoji_ZWJ_Sequence  ; people with bunny ears: dark skin tone, light skin tone        # E17.0  [1] (🧑🏿‍🐰‍🧑🏻)
1F9D1 1F3FF 200D 1F430 200D 1F9D1 1F3FC     ; RGI_Emoji_ZWJ_Sequence  ; people with bunny ears: dark skin tone, medium-light skin tone # E17.0  [1] (🧑🏿‍🐰‍🧑🏼)
1F9D1 1F3FF 200D 1F430 200D 1F9D1 1F3FD     ; RGI_Emoji_ZWJ_Sequence  ; people with bunny ears: dark skin tone, medium skin tone       # E17.0  [1] (🧑🏿‍🐰‍🧑🏽)
1F9D1 1F3FF 200D 1F430 200D 1F9D1 1F3FE     ; RGI_Emoji_ZWJ_Sequence  ; people with bunny ears: dark skin tone, medium-dark skin tone  # E17.0  [1] (🧑🏿‍🐰‍🧑🏾)
1F9D1 1F3FF 200D 1FA70                      ; RGI_Emoji_ZWJ_Sequence  ; ballet dancer: dark skin tone                                  # E17.0  [1] (🧑🏿‍🩰)
1F9D1 1F3FF 200D 1FAEF 200D 1F9D1 1F3FB     ; RGI_Emoji_ZWJ_Sequence  ; people wrestling: dark skin tone, light skin tone              # E17.0  [1] (🧑🏿‍🫯‍🧑🏻)
1F9D1 1F3FF 200D 1FAEF 200D 1F9D1 1F3FC     ; RGI_Emoji_ZWJ_Sequence  ; people wrestling: dark skin tone, medium-light skin tone       # E17.0  [1] (🧑🏿‍🫯‍🧑🏼)
1F9D1 1F3FF 200D 1FAEF 200D 1F9D1 1F3FD     ; RGI_Emoji_ZWJ_Sequence  ; people wrestling: dark skin tone, medium skin tone             # E17.0  [1] (🧑🏿‍🫯‍🧑🏽)
1F9D1 1F3FF 200D 1FAEF 200D 1F9D1 1F3FE     ; RGI_Emoji_ZWJ_Sequence  ; people wrestling: dark skin tone, medium-dark skin tone        # E17.0  [1] (🧑🏿‍🫯‍🧑🏾)
0023 FE0E  ; text style;  # (1.1) NUMBER SIGN
0023 FE0F  ; emoji style; # (1.1) NUMBER SIGN
002A FE0E  ; text style;  # (1.1) ASTERISK
002A FE0F  ; emoji style; # (1.1) ASTERISK
0030 FE0E  ; text style;  # (1.1) DIGIT ZERO
0030 FE0F  ; emoji style; # (1.1) DIGIT ZERO
0031 FE0E  ; text style;  # (1.1) DIGIT ONE
0031 FE0F  ; emoji style; # (1.1) DIGIT ONE
0032 FE0E  ; text style;  # (1.1) DIGIT TWO
0032 FE0F  ; emoji style; # (1.1) DIGIT TWO
0033 FE0E  ; text style;  # (1.1) DIGIT THREE
0033 FE0F  ; emoji style; # (1.1) DIGIT THREE
0034 FE0E  ; text style;  # (1.1) DIGIT FOUR
0034 FE0F  ; emoji style; # (1.1) DIGIT FOUR
0035 FE0E  ; text style;  # (1.1) DIGIT FIVE
0035 FE0F  ; emoji style; # (1.1) DIGIT FIVE
0036 FE0E  ; text style;  # (1.1) DIGIT SIX
0036 FE0F  ; emoji style; # (1.1) DIGIT SIX
0037 FE0E  ; text style;  # (1.1) DIGIT SEVEN
0037 FE0F  ; emoji style; # (1.1) DIGIT SEVEN
0038 FE0E  ; text style;  # (1.1) DIGIT EIGHT
0038 FE0F  ; emoji style; # (1.1) DIGIT EIGHT
0039 FE0E  ; text style;  # (1.1) DIGIT NINE
0039 FE0F  ; emoji style; # (1.1) DIGIT NINE
00A9 FE0E  ; text style;  # (1.1) COPYRIGHT SIGN
00A9 FE0F  ; emoji style; # (1.1) COPYRIGHT SIGN
00AE FE0E  ; text style;  # (1.1) REGISTERED SIGN
00AE FE0F  ; emoji style; # (1.1) REGISTERED SIGN
203C FE0E  ; text style;  # (1.1) DOUBLE EXCLAMATION MARK
203C FE0F  ; emoji style; # (1.1) DOUBLE EXCLAMATION MARK
2049 FE0E  ; text style;  # (3.0) EXCLAMATION QUESTION MARK
2049 FE0F  ; emoji style; # (3.0) EXCLAMATION QUESTION MARK
2122 FE0E  ; text style;  # (1.1) TRADE MARK SIGN
2122 FE0F  ; emoji style; # (1.1) TRADE MARK SIGN
2139 FE0E  ; text style;  # (3.0) INFORMATION SOURCE
2139 FE0F  ; emoji style; # (3.0) INFORMATION SOURCE
2194 FE0E  ; text style;  # (1.1) LEFT RIGHT ARROW
2194 FE0F  ; emoji style; # (1.1) LEFT RIGHT ARROW
2195 FE0E  ; text style;  # (1.1) UP DOWN ARROW
2195 FE0F  ; emoji style; # (1.1) UP DOWN ARROW
2196 FE0E  ; text style;  # (1.1) NORTH WEST ARROW
2196 FE0F  ; emoji style; # (1.1) NORTH WEST ARROW
2197 FE0E  ; text style;  # (1.1) NORTH EAST ARROW
2197 FE0F  ; emoji style; # (1.1) NORTH EAST ARROW
2198 FE0E  ; text style;  # (1.1) SOUTH EAST ARROW
2198 FE0F  ; emoji style; # (1.1) SOUTH EAST ARROW
2199 FE0E  ; text style;  # (1.1) SOUTH WEST ARROW
2199 FE0F  ; emoji style; # (1.1) SOUTH WEST ARROW
21A9 FE0E  ; text style;  # (1.1) LEFTWARDS ARROW WITH HOOK
21A9 FE0F  ; emoji style; # (1.1) LEFTWARDS ARROW WITH HOOK
21AA FE0E  ; text style;  # (1.1) RIGHTWARDS ARROW WITH HOOK
21AA FE0F  ; emoji style; # (1.1) RIGHTWARDS ARROW WITH HOOK
231A FE0E  ; text style;  # (1.1) WATCH
231A FE0F  ; emoji style; # (1.1) WATCH
231B FE0E  ; text style;  # (1.1) HOURGLASS
231B FE0F  ; emoji style; # (1.1) HOURGLASS
2328 FE0E  ; text style;  # (1.1) KEYBOARD
2328 FE0F  ; emoji style; # (1.1) KEYBOARD
23CF FE0E  ; text style;  # (4.0) EJECT SYMBOL
23CF FE0F  ; emoji style; # (4.0) EJECT SYMBOL
23E9 FE0E  ; text style;  # (6.0) BLACK RIGHT-POINTING DOUBLE TRIANGLE
23E9 FE0F  ; emoji style; # (6.0) BLACK RIGHT-POINTING DOUBLE TRIANGLE
23EA FE0E  ; text style;  # (6.0) BLACK LEFT-POINTING DOUBLE TRIANGLE
23EA FE0F  ; emoji style; # (6.0) BLACK LEFT-POINTING DOUBLE TRIANGLE
23EB FE0E  ; text style;  # (6.0) BLACK UP-POINTING DOUBLE TRIANGLE
23EB FE0F  ; emoji style; # (6.0) BLACK UP-POINTING DOUBLE TRIANGLE
23EC FE0E  ; text style;  # (6.0) BLACK DOWN-POINTING DOUBLE TRIANGLE
23EC FE0F  ; emoji style; # (6.0) BLACK DOWN-POINTING DOUBLE TRIANGLE
23ED FE0E  ; text style;  # (6.0) BLACK RIGHT-POINTING DOUBLE TRIANGLE WITH VERTICAL BAR
23ED FE0F  ; emoji style; # (6.0) BLACK RIGHT-POINTING DOUBLE TRIANGLE WITH VERTICAL BAR
23EE FE0E  ; text style;  # (6.0) BLACK LEFT-POINTING DOUBLE TRIANGLE WITH VERTICAL BAR
23EE FE0F  ; emoji style; # (6.0) BLACK LEFT-POINTING DOUBLE TRIANGLE WITH VERTICAL BAR
23EF FE0E  ; text style;  # (6.0) BLACK RIGHT-POINTING TRIANGLE WITH DOUBLE VERTICAL BAR
23EF FE0F  ; emoji style; # (6.0) BLACK RIGHT-POINTING TRIANGLE WITH DOUBLE VERTICAL BAR
23F0 FE0E  ; text style;  # (6.0) ALARM CLOCK
23F0 FE0F  ; emoji style; # (6.0) ALARM CLOCK
23F1 FE0E  ; text style;  # (6.0) STOPWATCH
23F1 FE0F  ; emoji style; # (6.0) STOPWATCH
23F2 FE0E  ; text style;  # (6.0) TIMER CLOCK
23F2 FE0F  ; emoji style; # (6.0) TIMER CLOCK
23F3 FE0E  ; text style;  # (6.0) HOURGLASS WITH FLOWING SAND
23F3 FE0F  ; emoji style; # (6.0) HOURGLASS WITH FLOWING SAND
23F8 FE0E  ; text style;  # (7.0) DOUBLE VERTICAL BAR
23F8 FE0F  ; emoji style; # (7.0) DOUBLE VERTICAL BAR
23F9 FE0E  ; text style;  # (7.0) BLACK SQUARE FOR STOP
23F9 FE0F  ; emoji style; # (7.0) BLACK SQUARE FOR STOP
23FA FE0E  ; text style;  # (7.0) BLACK CIRCLE FOR RECORD
23FA FE0F  ; emoji style; # (7.0) BLACK CIRCLE FOR RECORD
24C2 FE0E  ; text style;  # (1.1) CIRCLED LATIN CAPITAL LETTER M
24C2 FE0F  ; emoji style; # (1.1) CIRCLED LATIN CAPITAL LETTER M
25AA FE0E  ; text style;  # (1.1) BLACK SMALL SQUARE
25AA FE0F  ; emoji style; # (1.1) BLACK SMALL SQUARE
25AB FE0E  ; text style;  # (1.1) WHITE SMALL SQUARE
25AB FE0F  ; emoji style; # (1.1) WHITE SMALL SQUARE
25B6 FE0E  ; text style;  # (1.1) BLACK RIGHT-POINTING TRIANGLE
25B6 FE0F  ; emoji style; # (1.1) BLACK RIGHT-POINTING TRIANGLE
25C0 FE0E  ; text style;  # (1.1) BLACK LEFT-POINTING TRIANGLE
25C0 FE0F  ; emoji style; # (1.1) BLACK LEFT-POINTING TRIANGLE
25FB FE0E  ; text style;  # (3.2) WHITE MEDIUM SQUARE
25FB FE0F  ; emoji style; # (3.2) WHITE MEDIUM SQUARE
25FC FE0E  ; text style;  # (3.2) BLACK MEDIUM SQUARE
25FC FE0F  ; emoji style; # (3.2) BLACK MEDIUM SQUARE
25FD FE0E  ; text style;  # (3.2) WHITE MEDIUM SMALL SQUARE
25FD FE0F  ; emoji style; # (3.2) WHITE MEDIUM SMALL SQUARE
25FE FE0E  ; text style;  # (3.2) BLACK MEDIUM SMALL SQUARE
25FE FE0F  ; emoji style; # (3.2) BLACK MEDIUM SMALL SQUARE
2600 FE0E  ; text style;  # (1.1) BLACK SUN WITH RAYS
2600 FE0F  ; emoji style; # (1.1) BLACK SUN WITH RAYS
2601 FE0E  ; text style;  # (1.1) CLOUD
2601 FE0F  ; emoji style; # (1.1) CLOUD
2602 FE0E  ; text style;  # (1.1) UMBRELLA
2602 FE0F  ; emoji style; # (1.1) UMBRELLA
2603 FE0E  ; text style;  # (1.1) SNOWMAN
2603 FE0F  ; emoji style; # (1.1) SNOWMAN
2604 FE0E  ; text style;  # (1.1) COMET
2604 FE0F  ; emoji style; # (1.1) COMET
260E FE0E  ; text style;  # (1.1) BLACK TELEPHONE
260E FE0F  ; emoji style; # (1.1) BLACK TELEPHONE
2611 FE0E  ; text style;  # (1.1) BALLOT BOX WITH CHECK
2611 FE0F  ; emoji style; # (1.1) BALLOT BOX WITH CHECK
2614 FE0E  ; text style;  # (4.0) UMBRELLA WITH RAIN DROPS
2614 FE0F  ; emoji style; # (4.0) UMBRELLA WITH RAIN DROPS
2615 FE0E  ; text style;  # (4.0) HOT BEVERAGE
2615 FE0F  ; emoji style; # (4.0) HOT BEVERAGE
2618 FE0E  ; text style;  # (4.1) SHAMROCK
2618 FE0F  ; emoji style; # (4.1) SHAMROCK
261D FE0E  ; text style;  # (1.1) WHITE UP POINTING INDEX
261D FE0F  ; emoji style; # (1.1) WHITE UP POINTING INDEX
2620 FE0E  ; text style;  # (1.1) SKULL AND CROSSBONES
2620 FE0F  ; emoji style; # (1.1) SKULL AND CROSSBONES
2622 FE0E  ; text style;  # (1.1) RADIOACTIVE SIGN
2622 FE0F  ; emoji style; # (1.1) RADIOACTIVE SIGN
2623 FE0E  ; text style;  # (1.1) BIOHAZARD SIGN
2623 FE0F  ; emoji style; # (1.1) BIOHAZARD SIGN
2626 FE0E  ; text style;  # (1.1) ORTHODOX CROSS
2626 FE0F  ; emoji style; # (1.1) ORTHODOX CROSS
262A FE0E  ; text style;  # (1.1) STAR AND CRESCENT
262A FE0F  ; emoji style; # (1.1) STAR AND CRESCENT
262E FE0E  ; text style;  # (1.1) PEACE SYMBOL
262E FE0F  ; emoji style; # (1.1) PEACE SYMBOL
262F FE0E  ; text style;  # (1.1) YIN YANG
262F FE0F  ; emoji style; # (1.1) YIN YANG
2638 FE0E  ; text style;  # (1.1) WHEEL OF DHARMA
2638 FE0F  ; emoji style; # (1.1) WHEEL OF DHARMA
2639 FE0E  ; text style;  # (1.1) WHITE FROWNING FACE
2639 FE0F  ; emoji style; # (1.1) WHITE FROWNING FACE
263A FE0E  ; text style;  # (1.1) WHITE SMILING FACE
263A FE0F  ; emoji style; # (1.1) WHITE SMILING FACE
2640 FE0E  ; text style;  # (1.1) FEMALE SIGN
2640 FE0F  ; emoji style; # (1.1) FEMALE SIGN
2642 FE0E  ; text style;  # (1.1) MALE SIGN
2642 FE0F  ; emoji style; # (1.1) MALE SIGN
2648 FE0E  ; text style;  # (1.1) ARIES
2648 FE0F  ; emoji style; # (1.1) ARIES
2649 FE0E  ; text style;  # (1.1) TAURUS
2649 FE0F  ; emoji style; # (1.1) TAURUS
264A FE0E  ; text style;  # (1.1) GEMINI
264A FE0F  ; emoji style; # (1.1) GEMINI
264B FE0E  ; text style;  # (1.1) CANCER
264B FE0F  ; emoji style; # (1.1) CANCER
264C FE0E  ; text style;  # (1.1) LEO
264C FE0F  ; emoji style; # (1.1) LEO
264D FE0E  ; text style;  # (1.1) VIRGO
264D FE0F  ; emoji style; # (1.1) VIRGO
264E FE0E  ; text style;  # (1.1) LIBRA
264E FE0F  ; emoji style; # (1.1) LIBRA
264F FE0E  ; text style;  # (1.1) SCORPIUS
264F FE0F  ; emoji style; # (1.1) SCORPIUS
2650 FE0E  ; text style;  # (1.1) SAGITTARIUS
2650 FE0F  ; emoji style; # (1.1) SAGITTARIUS
2651 FE0E  ; text style;  # (1.1) CAPRICORN
2651 FE0F  ; emoji style; # (1.1) CAPRICORN
2652 FE0E  ; text style;  # (1.1) AQUARIUS
2652 FE0F  ; emoji style; # (1.1) AQUARIUS
2653 FE0E  ; text style;  # (1.1) PISCES
2653 FE0F  ; emoji style; # (1.1) PISCES
265F FE0E  ; text style;  # (1.1) BLACK CHESS PAWN
265F FE0F  ; emoji style; # (1.1) BLACK CHESS PAWN
2660 FE0E  ; text style;  # (1.1) BLACK SPADE SUIT
2660 FE0F  ; emoji style; # (1.1) BLACK SPADE SUIT
2663 FE0E  ; text style;  # (1.1) BLACK CLUB SUIT
2663 FE0F  ; emoji style; # (1.1) BLACK CLUB SUIT
2665 FE0E  ; text style;  # (1.1) BLACK HEART SUIT
2665 FE0F  ; emoji style; # (1.1) BLACK HEART SUIT
2666 FE0E  ; text style;  # (1.1) BLACK DIAMOND SUIT
2666 FE0F  ; emoji style; # (1.1) BLACK DIAMOND SUIT
2668 FE0E  ; text style;  # (1.1) HOT SPRINGS
2668 FE0F  ; emoji style; # (1.1) HOT SPRINGS
267B FE0E  ; text style;  # (3.2) BLACK UNIVERSAL RECYCLING SYMBOL
267B FE0F  ; emoji style; # (3.2) BLACK UNIVERSAL RECYCLING SYMBOL
267E FE0E  ; text style;  # (4.1) PERMANENT PAPER SIGN
267E FE0F  ; emoji style; # (4.1) PERMANENT PAPER SIGN
267F FE0E  ; text style;  # (4.1) WHEELCHAIR SYMBOL
267F FE0F  ; emoji style; # (4.1) WHEELCHAIR SYMBOL
2692 FE0E  ; text style;  # (4.1) HAMMER AND PICK
2692 FE0F  ; emoji style; # (4.1) HAMMER AND PICK
2693 FE0E  ; text style;  # (4.1) ANCHOR
2693 FE0F  ; emoji style; # (4.1) ANCHOR
2694 FE0E  ; text style;  # (4.1) CROSSED SWORDS
2694 FE0F  ; emoji style; # (4.1) CROSSED SWORDS
2695 FE0E  ; text style;  # (4.1) STAFF OF AESCULAPIUS
2695 FE0F  ; emoji style; # (4.1) STAFF OF AESCULAPIUS
2696 FE0E  ; text style;  # (4.1) SCALES
2696 FE0F  ; emoji style; # (4.1) SCALES
2697 FE0E  ; text style;  # (4.1) ALEMBIC
2697 FE0F  ; emoji style; # (4.1) ALEMBIC
2699 FE0E  ; text style;  # (4.1) GEAR
2699 FE0F  ; emoji style; # (4.1) GEAR
269B FE0E  ; text style;  # (4.1) ATOM SYMBOL
269B FE0F  ; emoji style; # (4.1) ATOM SYMBOL
269C FE0E  ; text style;  # (4.1) FLEUR-DE-LIS
269C FE0F  ; emoji style; # (4.1) FLEUR-DE-LIS
26A0 FE0E  ; text style;  # (4.0) WARNING SIGN
26A0 FE0F  ; emoji style; # (4.0) WARNING SIGN
26A1 FE0E  ; text style;  # (4.0) HIGH VOLTAGE SIGN
26A1 FE0F  ; emoji style; # (4.0) HIGH VOLTAGE SIGN
26A7 FE0E  ; text style;  # (4.1) MALE WITH STROKE AND MALE AND FEMALE SIGN
26A7 FE0F  ; emoji style; # (4.1) MALE WITH STROKE AND MALE AND FEMALE SIGN
26AA FE0E  ; text style;  # (4.1) MEDIUM WHITE CIRCLE
26AA FE0F  ; emoji style; # (4.1) MEDIUM WHITE CIRCLE
26AB FE0E  ; text style;  # (4.1) MEDIUM BLACK CIRCLE
26AB FE0F  ; emoji style; # (4.1) MEDIUM BLACK CIRCLE
26B0 FE0E  ; text style;  # (4.1) COFFIN
26B0 FE0F  ; emoji style; # (4.1) COFFIN
26B1 FE0E  ; text style;  # (4.1) FUNERAL URN
26B1 FE0F  ; emoji style; # (4.1) FUNERAL URN
26BD FE0E  ; text style;  # (5.2) SOCCER BALL
26BD FE0F  ; emoji style; # (5.2) SOCCER BALL
26BE FE0E  ; text style;  # (5.2) BASEBALL
26BE FE0F  ; emoji style; # (5.2) BASEBALL
26C4 FE0E  ; text style;  # (5.2) SNOWMAN WITHOUT SNOW
26C4 FE0F  ; emoji style; # (5.2) SNOWMAN WITHOUT SNOW
26C5 FE0E  ; text style;  # (5.2) SUN BEHIND CLOUD
26C5 FE0F  ; emoji style; # (5.2) SUN BEHIND CLOUD
26C8 FE0E  ; text style;  # (5.2) THUNDER CLOUD AND RAIN
26C8 FE0F  ; emoji style; # (5.2) THUNDER CLOUD AND RAIN
26CE FE0E  ; text style;  # (6.0) OPHIUCHUS
26CE FE0F  ; emoji style; # (6.0) OPHIUCHUS
26CF FE0E  ; text style;  # (5.2) PICK
26CF FE0F  ; emoji style; # (5.2) PICK
26D1 FE0E  ; text style;  # (5.2) HELMET WITH WHITE CROSS
26D1 FE0F  ; emoji style; # (5.2) HELMET WITH WHITE CROSS
26D3 FE0E  ; text style;  # (5.2) CHAINS
26D3 FE0F  ; emoji style; # (5.2) CHAINS
26D4 FE0E  ; text style;  # (5.2) NO ENTRY
26D4 FE0F  ; emoji style; # (5.2) NO ENTRY
26E9 FE0E  ; text style;  # (5.2) SHINTO SHRINE
26E9 FE0F  ; emoji style; # (5.2) SHINTO SHRINE
26EA FE0E  ; text style;  # (5.2) CHURCH
26EA FE0F  ; emoji style; # (5.2) CHURCH
26F0 FE0E  ; text style;  # (5.2) MOUNTAIN
26F0 FE0F  ; emoji style; # (5.2) MOUNTAIN
26F1 FE0E  ; text style;  # (5.2) UMBRELLA ON GROUND
26F1 FE0F  ; emoji style; # (5.2) UMBRELLA ON GROUND
26F2 FE0E  ; text style;  # (5.2) FOUNTAIN
26F2 FE0F  ; emoji style; # (5.2) FOUNTAIN
26F3 FE0E  ; text style;  # (5.2) FLAG IN HOLE
26F3 FE0F  ; emoji style; # (5.2) FLAG IN HOLE
26F4 FE0E  ; text style;  # (5.2) FERRY
26F4 FE0F  ; emoji style; # (5.2) FERRY
26F5 FE0E  ; text style;  # (5.2) SAILBOAT
26F5 FE0F  ; emoji style; # (5.2) SAILBOAT
26F7 FE0E  ; text style;  # (5.2) SKIER
26F7 FE0F  ; emoji style; # (5.2) SKIER
26F8 FE0E  ; text style;  # (5.2) ICE SKATE
26F8 FE0F  ; emoji style; # (5.2) ICE SKATE
26F9 FE0E  ; text style;  # (5.2) PERSON WITH BALL
26F9 FE0F  ; emoji style; # (5.2) PERSON WITH BALL
26FA FE0E  ; text style;  # (5.2) TENT
26FA FE0F  ; emoji style; # (5.2) TENT
26FD FE0E  ; text style;  # (5.2) FUEL PUMP
26FD FE0F  ; emoji style; # (5.2) FUEL PUMP
2702 FE0E  ; text style;  # (1.1) BLACK SCISSORS
2702 FE0F  ; emoji style; # (1.1) BLACK SCISSORS
2705 FE0E  ; text style;  # (6.0) WHITE HEAVY CHECK MARK
2705 FE0F  ; emoji style; # (6.0) WHITE HEAVY CHECK MARK
2708 FE0E  ; text style;  # (1.1) AIRPLANE
2708 FE0F  ; emoji style; # (1.1) AIRPLANE
2709 FE0E  ; text style;  # (1.1) ENVELOPE
2709 FE0F  ; emoji style; # (1.1) ENVELOPE
270A FE0E  ; text style;  # (6.0) RAISED FIST
270A FE0F  ; emoji style; # (6.0) RAISED FIST
270B FE0E  ; text style;  # (6.0) RAISED HAND
270B FE0F  ; emoji style; # (6.0) RAISED HAND
270C FE0E  ; text style;  # (1.1) VICTORY HAND
270C FE0F  ; emoji style; # (1.1) VICTORY HAND
270D FE0E  ; text style;  # (1.1) WRITING HAND
270D FE0F  ; emoji style; # (1.1) WRITING HAND
270F FE0E  ; text style;  # (1.1) PENCIL
270F FE0F  ; emoji style; # (1.1) PENCIL
2712 FE0E  ; text style;  # (1.1) BLACK NIB
2712 FE0F  ; emoji style; # (1.1) BLACK NIB
2714 FE0E  ; text style;  # (1.1) HEAVY CHECK MARK
2714 FE0F  ; emoji style; # (1.1) HEAVY CHECK MARK
2716 FE0E  ; text style;  # (1.1) HEAVY MULTIPLICATION X
2716 FE0F  ; emoji style; # (1.1) HEAVY MULTIPLICATION X
271D FE0E  ; text style;  # (1.1) LATIN CROSS
271D FE0F  ; emoji style; # (1.1) LATIN CROSS
2721 FE0E  ; text style;  # (1.1) STAR OF DAVID
2721 FE0F  ; emoji style; # (1.1) STAR OF DAVID
2728 FE0E  ; text style;  # (6.0) SPARKLES
2728 FE0F  ; emoji style; # (6.0) SPARKLES
2733 FE0E  ; text style;  # (1.1) EIGHT SPOKED ASTERISK
2733 FE0F  ; emoji style; # (1.1) EIGHT SPOKED ASTERISK
2734 FE0E  ; text style;  # (1.1) EIGHT POINTED BLACK STAR
2734 FE0F  ; emoji style; # (1.1) EIGHT POINTED BLACK STAR
2744 FE0E  ; text style;  # (1.1) SNOWFLAKE
2744 FE0F  ; emoji style; # (1.1) SNOWFLAKE
2747 FE0E  ; text style;  # (1.1) SPARKLE
2747 FE0F  ; emoji style; # (1.1) SPARKLE
274C FE0E  ; text style;  # (6.0) CROSS MARK
274C FE0F  ; emoji style; # (6.0) CROSS MARK
274E FE0E  ; text style;  # (6.0) NEGATIVE SQUARED CROSS MARK
274E FE0F  ; emoji style; # (6.0) NEGATIVE SQUARED CROSS MARK
2753 FE0E  ; text style;  # (6.0) BLACK QUESTION MARK ORNAMENT
2753 FE0F  ; emoji style; # (6.0) BLACK QUESTION MARK ORNAMENT
2754 FE0E  ; text style;  # (6.0) WHITE QUESTION MARK ORNAMENT
2754 FE0F  ; emoji style; # (6.0) WHITE QUESTION MARK ORNAMENT
2755 FE0E  ; text style;  # (6.0) WHITE EXCLAMATION MARK ORNAMENT
2755 FE0F  ; emoji style; # (6.0) WHITE EXCLAMATION MARK ORNAMENT
2757 FE0E  ; text style;  # (5.2) HEAVY EXCLAMATION MARK SYMBOL
2757 FE0F  ; emoji style; # (5.2) HEAVY EXCLAMATION MARK SYMBOL
2763 FE0E  ; text style;  # (1.1) HEAVY HEART EXCLAMATION MARK ORNAMENT
2763 FE0F  ; emoji style; # (1.1) HEAVY HEART EXCLAMATION MARK ORNAMENT
2764 FE0E  ; text style;  # (1.1) HEAVY BLACK HEART
2764 FE0F  ; emoji style; # (1.1) HEAVY BLACK HEART
2795 FE0E  ; text style;  # (6.0) HEAVY PLUS SIGN
2795 FE0F  ; emoji style; # (6.0) HEAVY PLUS SIGN
2796 FE0E  ; text style;  # (6.0) HEAVY MINUS SIGN
2796 FE0F  ; emoji style; # (6.0) HEAVY MINUS SIGN
2797 FE0E  ; text style;  # (6.0) HEAVY DIVISION SIGN
2797 FE0F  ; emoji style; # (6.0) HEAVY DIVISION SIGN
27A1 FE0E  ; text style;  # (1.1) BLACK RIGHTWARDS ARROW
27A1 FE0F  ; emoji style; # (1.1) BLACK RIGHTWARDS ARROW
27B0 FE0E  ; text style;  # (6.0) CURLY LOOP
27B0 FE0F  ; emoji style; # (6.0) CURLY LOOP
27BF FE0E  ; text style;  # (6.0) DOUBLE CURLY LOOP
27BF FE0F  ; emoji style; # (6.0) DOUBLE CURLY LOOP
2934 FE0E  ; text style;  # (3.2) ARROW POINTING RIGHTWARDS THEN CURVING UPWARDS
2934 FE0F  ; emoji style; # (3.2) ARROW POINTING RIGHTWARDS THEN CURVING UPWARDS
2935 FE0E  ; text style;  # (3.2) ARROW POINTING RIGHTWARDS THEN CURVING DOWNWARDS
2935 FE0F  ; emoji style; # (3.2) ARROW POINTING RIGHTWARDS THEN CURVING DOWNWARDS
2B05 FE0E  ; text style;  # (4.0) LEFTWARDS BLACK ARROW
2B05 FE0F  ; emoji style; # (4.0) LEFTWARDS BLACK ARROW
2B06 FE0E  ; text style;  # (4.0) UPWARDS BLACK ARROW
2B06 FE0F  ; emoji style; # (4.0) UPWARDS BLACK ARROW
2B07 FE0E  ; text style;  # (4.0) DOWNWARDS BLACK ARROW
2B07 FE0F  ; emoji style; # (4.0) DOWNWARDS BLACK ARROW
2B1B FE0E  ; text style;  # (5.1) BLACK LARGE SQUARE
2B1B FE0F  ; emoji style; # (5.1) BLACK LARGE SQUARE
2B1C FE0E  ; text style;  # (5.1) WHITE LARGE SQUARE
2B1C FE0F  ; emoji style; # (5.1) WHITE LARGE SQUARE
2B50 FE0E  ; text style;  # (5.1) WHITE MEDIUM STAR
2B50 FE0F  ; emoji style; # (5.1) WHITE MEDIUM STAR
2B55 FE0E  ; text style;  # (5.2) HEAVY LARGE CIRCLE
2B55 FE0F  ; emoji style; # (5.2) HEAVY LARGE CIRCLE
3030 FE0E  ; text style;  # (1.1) WAVY DASH
3030 FE0F  ; emoji style; # (1.1) WAVY DASH
303D FE0E  ; text style;  # (3.2) PART ALTERNATION MARK
303D FE0F  ; emoji style; # (3.2) PART ALTERNATION MARK
3297 FE0E  ; text style;  # (1.1) CIRCLED IDEOGRAPH CONGRATULATION
3297 FE0F  ; emoji style; # (1.1) CIRCLED IDEOGRAPH CONGRATULATION
3299 FE0E  ; text style;  # (1.1) CIRCLED IDEOGRAPH SECRET
3299 FE0F  ; emoji style; # (1.1) CIRCLED IDEOGRAPH SECRET
1F004 FE0E ; text style;  # (5.1) MAHJONG TILE RED DRAGON
1F004 FE0F ; emoji style; # (5.1) MAHJONG TILE RED DRAGON
1F170 FE0E ; text style;  # (6.0) NEGATIVE SQUARED LATIN CAPITAL LETTER A
1F170 FE0F ; emoji style; # (6.0) NEGATIVE SQUARED LATIN CAPITAL LETTER A
1F171 FE0E ; text style;  # (6.0) NEGATIVE SQUARED LATIN CAPITAL LETTER B
1F171 FE0F ; emoji style; # (6.0) NEGATIVE SQUARED LATIN CAPITAL LETTER B
1F17E FE0E ; text style;  # (6.0) NEGATIVE SQUARED LATIN CAPITAL LETTER O
1F17E FE0F ; emoji style; # (6.0) NEGATIVE SQUARED LATIN CAPITAL LETTER O
1F17F FE0E ; text style;  # (5.2) NEGATIVE SQUARED LATIN CAPITAL LETTER P
1F17F FE0F ; emoji style; # (5.2) NEGATIVE SQUARED LATIN CAPITAL LETTER P
1F202 FE0E ; text style;  # (6.0) SQUARED KATAKANA SA
1F202 FE0F ; emoji style; # (6.0) SQUARED KATAKANA SA
1F21A FE0E ; text style;  # (5.2) SQUARED CJK UNIFIED IDEOGRAPH-7121
1F21A FE0F ; emoji style; # (5.2) SQUARED CJK UNIFIED IDEOGRAPH-7121
1F22F FE0E ; text style;  # (5.2) SQUARED CJK UNIFIED IDEOGRAPH-6307
1F22F FE0F ; emoji style; # (5.2) SQUARED CJK UNIFIED IDEOGRAPH-6307
1F237 FE0E ; text style;  # (6.0) SQUARED CJK UNIFIED IDEOGRAPH-6708
1F237 FE0F ; emoji style; # (6.0) SQUARED CJK UNIFIED IDEOGRAPH-6708
1F30D FE0E ; text style;  # (6.0) EARTH GLOBE EUROPE-AFRICA
1F30D FE0F ; emoji style; # (6.0) EARTH GLOBE EUROPE-AFRICA
1F30E FE0E ; text style;  # (6.0) EARTH GLOBE AMERICAS
1F30E FE0F ; emoji style; # (6.0) EARTH GLOBE AMERICAS
1F30F FE0E ; text style;  # (6.0) EARTH GLOBE ASIA-AUSTRALIA
1F30F FE0F ; emoji style; # (6.0) EARTH GLOBE ASIA-AUSTRALIA
1F315 FE0E ; text style;  # (6.0) FULL MOON SYMBOL
1F315 FE0F ; emoji style; # (6.0) FULL MOON SYMBOL
1F31C FE0E ; text style;  # (6.0) LAST QUARTER MOON WITH FACE
1F31C FE0F ; emoji style; # (6.0) LAST QUARTER MOON WITH FACE
1F321 FE0E ; text style;  # (7.0) THERMOMETER
1F321 FE0F ; emoji style; # (7.0) THERMOMETER
1F324 FE0E ; text style;  # (7.0) WHITE SUN WITH SMALL CLOUD
1F324 FE0F ; emoji style; # (7.0) WHITE SUN WITH SMALL CLOUD
1F325 FE0E ; text style;  # (7.0) WHITE SUN BEHIND CLOUD
1F325 FE0F ; emoji style; # (7.0) WHITE SUN BEHIND CLOUD
1F326 FE0E ; text style;  # (7.0) WHITE SUN BEHIND CLOUD WITH RAIN
1F326 FE0F ; emoji style; # (7.0) WHITE SUN BEHIND CLOUD WITH RAIN
1F327 FE0E ; text style;  # (7.0) CLOUD WITH RAIN
1F327 FE0F ; emoji style; # (7.0) CLOUD WITH RAIN
1F328 FE0E ; text style;  # (7.0) CLOUD WITH SNOW
1F328 FE0F ; emoji style; # (7.0) CLOUD WITH SNOW
1F329 FE0E ; text style;  # (7.0) CLOUD WITH LIGHTNING
1F329 FE0F ; emoji style; # (7.0) CLOUD WITH LIGHTNING
1F32A FE0E ; text style;  # (7.0) CLOUD WITH TORNADO
1F32A FE0F ; emoji style; # (7.0) CLOUD WITH TORNADO
1F32B FE0E ; text style;  # (7.0) FOG
1F32B FE0F ; emoji style; # (7.0) FOG
1F32C FE0E ; text style;  # (7.0) WIND BLOWING FACE
1F32C FE0F ; emoji style; # (7.0) WIND BLOWING FACE
1F336 FE0E ; text style;  # (7.0) HOT PEPPER
1F336 FE0F ; emoji style; # (7.0) HOT PEPPER
1F378 FE0E ; text style;  # (6.0) COCKTAIL GLASS
1F378 FE0F ; emoji style; # (6.0) COCKTAIL GLASS
1F37D FE0E ; text style;  # (7.0) FORK AND KNIFE WITH PLATE
1F37D FE0F ; emoji style; # (7.0) FORK AND KNIFE WITH PLATE
1F393 FE0E ; text style;  # (6.0) GRADUATION CAP
1F393 FE0F ; emoji style; # (6.0) GRADUATION CAP
1F396 FE0E ; text style;  # (7.0) MILITARY MEDAL
1F396 FE0F ; emoji style; # (7.0) MILITARY MEDAL
1F397 FE0E ; text style;  # (7.0) REMINDER RIBBON
1F397 FE0F ; emoji style; # (7.0) REMINDER RIBBON
1F399 FE0E ; text style;  # (7.0) STUDIO MICROPHONE
1F399 FE0F ; emoji style; # (7.0) STUDIO MICROPHONE
1F39A FE0E ; text style;  # (7.0) LEVEL SLIDER
1F39A FE0F ; emoji style; # (7.0) LEVEL SLIDER
1F39B FE0E ; text style;  # (7.0) CONTROL KNOBS
1F39B FE0F ; emoji style; # (7.0) CONTROL KNOBS
1F39E FE0E ; text style;  # (7.0) FILM FRAMES
1F39E FE0F ; emoji style; # (7.0) FILM FRAMES
1F39F FE0E ; text style;  # (7.0) ADMISSION TICKETS
1F39F FE0F ; emoji style; # (7.0) ADMISSION TICKETS
1F3A7 FE0E ; text style;  # (6.0) HEADPHONE
1F3A7 FE0F ; emoji style; # (6.0) HEADPHONE
1F3AC FE0E ; text style;  # (6.0) CLAPPER BOARD
1F3AC FE0F ; emoji style; # (6.0) CLAPPER BOARD
1F3AD FE0E ; text style;  # (6.0) PERFORMING ARTS
1F3AD FE0F ; emoji style; # (6.0) PERFORMING ARTS
1F3AE FE0E ; text style;  # (6.0) VIDEO GAME
1F3AE FE0F ; emoji style; # (6.0) VIDEO GAME
1F3C2 FE0E ; text style;  # (6.0) SNOWBOARDER
1F3C2 FE0F ; emoji style; # (6.0) SNOWBOARDER
1F3C4 FE0E ; text style;  # (6.0) SURFER
1F3C4 FE0F ; emoji style; # (6.0) SURFER
1F3C6 FE0E ; text style;  # (6.0) TROPHY
1F3C6 FE0F ; emoji style; # (6.0) TROPHY
1F3CA FE0E ; text style;  # (6.0) SWIMMER
1F3CA FE0F ; emoji style; # (6.0) SWIMMER
1F3CB FE0E ; text style;  # (7.0) WEIGHT LIFTER
1F3CB FE0F ; emoji style; # (7.0) WEIGHT LIFTER
1F3CC FE0E ; text style;  # (7.0) GOLFER
1F3CC FE0F ; emoji style; # (7.0) GOLFER
1F3CD FE0E ; text style;  # (7.0) RACING MOTORCYCLE
1F3CD FE0F ; emoji style; # (7.0) RACING MOTORCYCLE
1F3CE FE0E ; text style;  # (7.0) RACING CAR
1F3CE FE0F ; emoji style; # (7.0) RACING CAR
1F3D4 FE0E ; text style;  # (7.0) SNOW CAPPED MOUNTAIN
1F3D4 FE0F ; emoji style; # (7.0) SNOW CAPPED MOUNTAIN
1F3D5 FE0E ; text style;  # (7.0) CAMPING
1F3D5 FE0F ; emoji style; # (7.0) CAMPING
1F3D6 FE0E ; text style;  # (7.0) BEACH WITH UMBRELLA
1F3D6 FE0F ; emoji style; # (7.0) BEACH WITH UMBRELLA
1F3D7 FE0E ; text style;  # (7.0) BUILDING CONSTRUCTION
1F3D7 FE0F ; emoji style; # (7.0) BUILDING CONSTRUCTION
1F3D8 FE0E ; text style;  # (7.0) HOUSE BUILDINGS
1F3D8 FE0F ; emoji style; # (7.0) HOUSE BUILDINGS
1F3D9 FE0E ; text style;  # (7.0) CITYSCAPE
1F3D9 FE0F ; emoji style; # (7.0) CITYSCAPE
1F3DA FE0E ; text style;  # (7.0) DERELICT HOUSE BUILDING
1F3DA FE0F ; emoji style; # (7.0) DERELICT HOUSE BUILDING
1F3DB FE0E ; text style;  # (7.0) CLASSICAL BUILDING
1F3DB FE0F ; emoji style; # (7.0) CLASSICAL BUILDING
1F3DC FE0E ; text style;  # (7.0) DESERT
1F3DC FE0F ; emoji style; # (7.0) DESERT
1F3DD FE0E ; text style;  # (7.0) DESERT ISLAND
1F3DD FE0F ; emoji style; # (7.0) DESERT ISLAND
1F3DE FE0E ; text style;  # (7.0) NATIONAL PARK
1F3DE FE0F ; emoji style; # (7.0) NATIONAL PARK
1F3DF FE0E ; text style;  # (7.0) STADIUM
1F3DF FE0F ; emoji style; # (7.0) STADIUM
1F3E0 FE0E ; text style;  # (6.0) HOUSE BUILDING
1F3E0 FE0F ; emoji style; # (6.0) HOUSE BUILDING
1F3ED FE0E ; text style;  # (6.0) FACTORY
1F3ED FE0F ; emoji style; # (6.0) FACTORY
1F3F3 FE0E ; text style;  # (7.0) WAVING WHITE FLAG
1F3F3 FE0F ; emoji style; # (7.0) WAVING WHITE FLAG
1F3F5 FE0E ; text style;  # (7.0) ROSETTE
1F3F5 FE0F ; emoji style; # (7.0) ROSETTE
1F3F7 FE0E ; text style;  # (7.0) LABEL
1F3F7 FE0F ; emoji style; # (7.0) LABEL
1F408 FE0E ; text style;  # (6.0) CAT
1F408 FE0F ; emoji style; # (6.0) CAT
1F415 FE0E ; text style;  # (6.0) DOG
1F415 FE0F ; emoji style; # (6.0) DOG
1F41F FE0E ; text style;  # (6.0) FISH
1F41F FE0F ; emoji style; # (6.0) FISH
1F426 FE0E ; text style;  # (6.0) BIRD
1F426 FE0F ; emoji style; # (6.0) BIRD
1F43F FE0E ; text style;  # (7.0) CHIPMUNK
1F43F FE0F ; emoji style; # (7.0) CHIPMUNK
1F441 FE0E ; text style;  # (7.0) EYE
1F441 FE0F ; emoji style; # (7.0) EYE
1F442 FE0E ; text style;  # (6.0) EAR
1F442 FE0F ; emoji style; # (6.0) EAR
1F446 FE0E ; text style;  # (6.0) WHITE UP POINTING BACKHAND INDEX
1F446 FE0F ; emoji style; # (6.0) WHITE UP POINTING BACKHAND INDEX
1F447 FE0E ; text style;  # (6.0) WHITE DOWN POINTING BACKHAND INDEX
1F447 FE0F ; emoji style; # (6.0) WHITE DOWN POINTING BACKHAND INDEX
1F448 FE0E ; text style;  # (6.0) WHITE LEFT POINTING BACKHAND INDEX
1F448 FE0F ; emoji style; # (6.0) WHITE LEFT POINTING BACKHAND INDEX
1F449 FE0E ; text style;  # (6.0) WHITE RIGHT POINTING BACKHAND INDEX
1F449 FE0F ; emoji style; # (6.0) WHITE RIGHT POINTING BACKHAND INDEX
1F44D FE0E ; text style;  # (6.0) THUMBS UP SIGN
1F44D FE0F ; emoji style; # (6.0) THUMBS UP SIGN
1F44E FE0E ; text style;  # (6.0) THUMBS DOWN SIGN
1F44E FE0F ; emoji style; # (6.0) THUMBS DOWN SIGN
1F453 FE0E ; text style;  # (6.0) EYEGLASSES
1F453 FE0F ; emoji style; # (6.0) EYEGLASSES
1F46A FE0E ; text style;  # (6.0) FAMILY
1F46A FE0F ; emoji style; # (6.0) FAMILY
1F47D FE0E ; text style;  # (6.0) EXTRATERRESTRIAL ALIEN
1F47D FE0F ; emoji style; # (6.0) EXTRATERRESTRIAL ALIEN
1F4A3 FE0E ; text style;  # (6.0) BOMB
1F4A3 FE0F ; emoji style; # (6.0) BOMB
1F4B0 FE0E ; text style;  # (6.0) MONEY BAG
1F4B0 FE0F ; emoji style; # (6.0) MONEY BAG
1F4B3 FE0E ; text style;  # (6.0) CREDIT CARD
1F4B3 FE0F ; emoji style; # (6.0) CREDIT CARD
1F4BB FE0E ; text style;  # (6.0) PERSONAL COMPUTER
1F4BB FE0F ; emoji style; # (6.0) PERSONAL COMPUTER
1F4BF FE0E ; text style;  # (6.0) OPTICAL DISC
1F4BF FE0F ; emoji style; # (6.0) OPTICAL DISC
1F4CB FE0E ; text style;  # (6.0) CLIPBOARD
1F4CB FE0F ; emoji style; # (6.0) CLIPBOARD
1F4DA FE0E ; text style;  # (6.0) BOOKS
1F4DA FE0F ; emoji style; # (6.0) BOOKS
1F4DF FE0E ; text style;  # (6.0) PAGER
1F4DF FE0F ; emoji style; # (6.0) PAGER
1F4E4 FE0E ; text style;  # (6.0) OUTBOX TRAY
1F4E4 FE0F ; emoji style; # (6.0) OUTBOX TRAY
1F4E5 FE0E ; text style;  # (6.0) INBOX TRAY
1F4E5 FE0F ; emoji style; # (6.0) INBOX TRAY
1F4E6 FE0E ; text style;  # (6.0) PACKAGE
1F4E6 FE0F ; emoji style; # (6.0) PACKAGE
1F4EA FE0E ; text style;  # (6.0) CLOSED MAILBOX WITH LOWERED FLAG
1F4EA FE0F ; emoji style; # (6.0) CLOSED MAILBOX WITH LOWERED FLAG
1F4EB FE0E ; text style;  # (6.0) CLOSED MAILBOX WITH RAISED FLAG
1F4EB FE0F ; emoji style; # (6.0) CLOSED MAILBOX WITH RAISED FLAG
1F4EC FE0E ; text style;  # (6.0) OPEN MAILBOX WITH RAISED FLAG
1F4EC FE0F ; emoji style; # (6.0) OPEN MAILBOX WITH RAISED FLAG
1F4ED FE0E ; text style;  # (6.0) OPEN MAILBOX WITH LOWERED FLAG
1F4ED FE0F ; emoji style; # (6.0) OPEN MAILBOX WITH LOWERED FLAG
1F4F7 FE0E ; text style;  # (6.0) CAMERA
1F4F7 FE0F ; emoji style; # (6.0) CAMERA
1F4F9 FE0E ; text style;  # (6.0) VIDEO CAMERA
1F4F9 FE0F ; emoji style; # (6.0) VIDEO CAMERA
1F4FA FE0E ; text style;  # (6.0) TELEVISION
1F4FA FE0F ; emoji style; # (6.0) TELEVISION
1F4FB FE0E ; text style;  # (6.0) RADIO
1F4FB FE0F ; emoji style; # (6.0) RADIO
1F4FD FE0E ; text style;  # (7.0) FILM PROJECTOR
1F4FD FE0F ; emoji style; # (7.0) FILM PROJECTOR
1F508 FE0E ; text style;  # (6.0) SPEAKER
1F508 FE0F ; emoji style; # (6.0) SPEAKER
1F50D FE0E ; text style;  # (6.0) LEFT-POINTING MAGNIFYING GLASS
1F50D FE0F ; emoji style; # (6.0) LEFT-POINTING MAGNIFYING GLASS
1F512 FE0E ; text style;  # (6.0) LOCK
1F512 FE0F ; emoji style; # (6.0) LOCK
1F513 FE0E ; text style;  # (6.0) OPEN LOCK
1F513 FE0F ; emoji style; # (6.0) OPEN LOCK
1F549 FE0E ; text style;  # (7.0) OM SYMBOL
1F549 FE0F ; emoji style; # (7.0) OM SYMBOL
1F54A FE0E ; text style;  # (7.0) DOVE OF PEACE
1F54A FE0F ; emoji style; # (7.0) DOVE OF PEACE
1F550 FE0E ; text style;  # (6.0) CLOCK FACE ONE OCLOCK
1F550 FE0F ; emoji style; # (6.0) CLOCK FACE ONE OCLOCK
1F551 FE0E ; text style;  # (6.0) CLOCK FACE TWO OCLOCK
1F551 FE0F ; emoji style; # (6.0) CLOCK FACE TWO OCLOCK
1F552 FE0E ; text style;  # (6.0) CLOCK FACE THREE OCLOCK
1F552 FE0F ; emoji style; # (6.0) CLOCK FACE THREE OCLOCK
1F553 FE0E ; text style;  # (6.0) CLOCK FACE FOUR OCLOCK
1F553 FE0F ; emoji style; # (6.0) CLOCK FACE FOUR OCLOCK
1F554 FE0E ; text style;  # (6.0) CLOCK FACE FIVE OCLOCK
1F554 FE0F ; emoji style; # (6.0) CLOCK FACE FIVE OCLOCK
1F555 FE0E ; text style;  # (6.0) CLOCK FACE SIX OCLOCK
1F555 FE0F ; emoji style; # (6.0) CLOCK FACE SIX OCLOCK
1F556 FE0E ; text style;  # (6.0) CLOCK FACE SEVEN OCLOCK
1F556 FE0F ; emoji style; # (6.0) CLOCK FACE SEVEN OCLOCK
1F557 FE0E ; text style;  # (6.0) CLOCK FACE EIGHT OCLOCK
1F557 FE0F ; emoji style; # (6.0) CLOCK FACE EIGHT OCLOCK
1F558 FE0E ; text style;  # (6.0) CLOCK FACE NINE OCLOCK
1F558 FE0F ; emoji style; # (6.0) CLOCK FACE NINE OCLOCK
1F559 FE0E ; text style;  # (6.0) CLOCK FACE TEN OCLOCK
1F559 FE0F ; emoji style; # (6.0) CLOCK FACE TEN OCLOCK
1F55A FE0E ; text style;  # (6.0) CLOCK FACE ELEVEN OCLOCK
1F55A FE0F ; emoji style; # (6.0) CLOCK FACE ELEVEN OCLOCK
1F55B FE0E ; text style;  # (6.0) CLOCK FACE TWELVE OCLOCK
1F55B FE0F ; emoji style; # (6.0) CLOCK FACE TWELVE OCLOCK
1F55C FE0E ; text style;  # (6.0) CLOCK FACE ONE-THIRTY
1F55C FE0F ; emoji style; # (6.0) CLOCK FACE ONE-THIRTY
1F55D FE0E ; text style;  # (6.0) CLOCK FACE TWO-THIRTY
1F55D FE0F ; emoji style; # (6.0) CLOCK FACE TWO-THIRTY
1F55E FE0E ; text style;  # (6.0) CLOCK FACE THREE-THIRTY
1F55E FE0F ; emoji style; # (6.0) CLOCK FACE THREE-THIRTY
1F55F FE0E ; text style;  # (6.0) CLOCK FACE FOUR-THIRTY
1F55F FE0F ; emoji style; # (6.0) CLOCK FACE FOUR-THIRTY
1F560 FE0E ; text style;  # (6.0) CLOCK FACE FIVE-THIRTY
1F560 FE0F ; emoji style; # (6.0) CLOCK FACE FIVE-THIRTY
1F561 FE0E ; text style;  # (6.0) CLOCK FACE SIX-THIRTY
1F561 FE0F ; emoji style; # (6.0) CLOCK FACE SIX-THIRTY
1F562 FE0E ; text style;  # (6.0) CLOCK FACE SEVEN-THIRTY
1F562 FE0F ; emoji style; # (6.0) CLOCK FACE SEVEN-THIRTY
1F563 FE0E ; text style;  # (6.0) CLOCK FACE EIGHT-THIRTY
1F563 FE0F ; emoji style; # (6.0) CLOCK FACE EIGHT-THIRTY
1F564 FE0E ; text style;  # (6.0) CLOCK FACE NINE-THIRTY
1F564 FE0F ; emoji style; # (6.0) CLOCK FACE NINE-THIRTY
1F565 FE0E ; text style;  # (6.0) CLOCK FACE TEN-THIRTY
1F565 FE0F ; emoji style; # (6.0) CLOCK FACE TEN-THIRTY
1F566 FE0E ; text style;  # (6.0) CLOCK FACE ELEVEN-THIRTY
1F566 FE0F ; emoji style; # (6.0) CLOCK FACE ELEVEN-THIRTY
1F567 FE0E ; text style;  # (6.0) CLOCK FACE TWELVE-THIRTY
1F567 FE0F ; emoji style; # (6.0) CLOCK FACE TWELVE-THIRTY
1F56F FE0E ; text style;  # (7.0) CANDLE
1F56F FE0F ; emoji style; # (7.0) CANDLE
1F570 FE0E ; text style;  # (7.0) MANTELPIECE CLOCK
1F570 FE0F ; emoji style; # (7.0) MANTELPIECE CLOCK
1F573 FE0E ; text style;  # (7.0) HOLE
1F573 FE0F ; emoji style; # (7.0) HOLE
1F574 FE0E ; text style;  # (7.0) MAN IN BUSINESS SUIT LEVITATING
1F574 FE0F ; emoji style; # (7.0) MAN IN BUSINESS SUIT LEVITATING
1F575 FE0E ; text style;  # (7.0) SLEUTH OR SPY
1F575 FE0F ; emoji style; # (7.0) SLEUTH OR SPY
1F576 FE0E ; text style;  # (7.0) DARK SUNGLASSES
1F576 FE0F ; emoji style; # (7.0) DARK SUNGLASSES
1F577 FE0E ; text style;  # (7.0) SPIDER
1F577 FE0F ; emoji style; # (7.0) SPIDER
1F578 FE0E ; text style;  # (7.0) SPIDER WEB
1F578 FE0F ; emoji style; # (7.0) SPIDER WEB
1F579 FE0E ; text style;  # (7.0) JOYSTICK
1F579 FE0F ; emoji style; # (7.0) JOYSTICK
1F587 FE0E ; text style;  # (7.0) LINKED PAPERCLIPS
1F587 FE0F ; emoji style; # (7.0) LINKED PAPERCLIPS
1F58A FE0E ; text style;  # (7.0) LOWER LEFT BALLPOINT PEN
1F58A FE0F ; emoji style; # (7.0) LOWER LEFT BALLPOINT PEN
1F58B FE0E ; text style;  # (7.0) LOWER LEFT FOUNTAIN PEN
1F58B FE0F ; emoji style; # (7.0) LOWER LEFT FOUNTAIN PEN
1F58C FE0E ; text style;  # (7.0) LOWER LEFT PAINTBRUSH
1F58C FE0F ; emoji style; # (7.0) LOWER LEFT PAINTBRUSH
1F58D FE0E ; text style;  # (7.0) LOWER LEFT CRAYON
1F58D FE0F ; emoji style; # (7.0) LOWER LEFT CRAYON
1F590 FE0E ; text style;  # (7.0) RAISED HAND WITH FINGERS SPLAYED
1F590 FE0F ; emoji style; # (7.0) RAISED HAND WITH FINGERS SPLAYED
1F5A5 FE0E ; text style;  # (7.0) DESKTOP COMPUTER
1F5A5 FE0F ; emoji style; # (7.0) DESKTOP COMPUTER
1F5A8 FE0E ; text style;  # (7.0) PRINTER
1F5A8 FE0F ; emoji style; # (7.0) PRINTER
1F5B1 FE0E ; text style;  # (7.0) THREE BUTTON MOUSE
1F5B1 FE0F ; emoji style; # (7.0) THREE BUTTON MOUSE
1F5B2 FE0E ; text style;  # (7.0) TRACKBALL
1F5B2 FE0F ; emoji style; # (7.0) TRACKBALL
1F5BC FE0E ; text style;  # (7.0) FRAME WITH PICTURE
1F5BC FE0F ; emoji style; # (7.0) FRAME WITH PICTURE
1F5C2 FE0E ; text style;  # (7.0) CARD INDEX DIVIDERS
1F5C2 FE0F ; emoji style; # (7.0) CARD INDEX DIVIDERS
1F5C3 FE0E ; text style;  # (7.0) CARD FILE BOX
1F5C3 FE0F ; emoji style; # (7.0) CARD FILE BOX
1F5C4 FE0E ; text style;  # (7.0) FILE CABINET
1F5C4 FE0F ; emoji style; # (7.0) FILE CABINET
1F5D1 FE0E ; text style;  # (7.0) WASTEBASKET
1F5D1 FE0F ; emoji style; # (7.0) WASTEBASKET
1F5D2 FE0E ; text style;  # (7.0) SPIRAL NOTE PAD
1F5D2 FE0F ; emoji style; # (7.0) SPIRAL NOTE PAD
1F5D3 FE0E ; text style;  # (7.0) SPIRAL CALENDAR PAD
1F5D3 FE0F ; emoji style; # (7.0) SPIRAL CALENDAR PAD
1F5DC FE0E ; text style;  # (7.0) COMPRESSION
1F5DC FE0F ; emoji style; # (7.0) COMPRESSION
1F5DD FE0E ; text style;  # (7.0) OLD KEY
1F5DD FE0F ; emoji style; # (7.0) OLD KEY
1F5DE FE0E ; text style;  # (7.0) ROLLED-UP NEWSPAPER
1F5DE FE0F ; emoji style; # (7.0) ROLLED-UP NEWSPAPER
1F5E1 FE0E ; text style;  # (7.0) DAGGER KNIFE
1F5E1 FE0F ; emoji style; # (7.0) DAGGER KNIFE
1F5E3 FE0E ; text style;  # (7.0) SPEAKING HEAD IN SILHOUETTE
1F5E3 FE0F ; emoji style; # (7.0) SPEAKING HEAD IN SILHOUETTE
1F5E8 FE0E ; text style;  # (7.0) LEFT SPEECH BUBBLE
1F5E8 FE0F ; emoji style; # (7.0) LEFT SPEECH BUBBLE
1F5EF FE0E ; text style;  # (7.0) RIGHT ANGER BUBBLE
1F5EF FE0F ; emoji style; # (7.0) RIGHT ANGER BUBBLE
1F5F3 FE0E ; text style;  # (7.0) BALLOT BOX WITH BALLOT
1F5F3 FE0F ; emoji style; # (7.0) BALLOT BOX WITH BALLOT
1F5FA FE0E ; text style;  # (7.0) WORLD MAP
1F5FA FE0F ; emoji style; # (7.0) WORLD MAP
1F610 FE0E ; text style;  # (6.0) NEUTRAL FACE
1F610 FE0F ; emoji style; # (6.0) NEUTRAL FACE
1F687 FE0E ; text style;  # (6.0) METRO
1F687 FE0F ; emoji style; # (6.0) METRO
1F68D FE0E ; text style;  # (6.0) ONCOMING BUS
1F68D FE0F ; emoji style; # (6.0) ONCOMING BUS
1F691 FE0E ; text style;  # (6.0) AMBULANCE
1F691 FE0F ; emoji style; # (6.0) AMBULANCE
1F694 FE0E ; text style;  # (6.0) ONCOMING POLICE CAR
1F694 FE0F ; emoji style; # (6.0) ONCOMING POLICE CAR
1F698 FE0E ; text style;  # (6.0) ONCOMING AUTOMOBILE
1F698 FE0F ; emoji style; # (6.0) ONCOMING AUTOMOBILE
1F6AD FE0E ; text style;  # (6.0) NO SMOKING SYMBOL
1F6AD FE0F ; emoji style; # (6.0) NO SMOKING SYMBOL
1F6B2 FE0E ; text style;  # (6.0) BICYCLE
1F6B2 FE0F ; emoji style; # (6.0) BICYCLE
1F6B9 FE0E ; text style;  # (6.0) MENS SYMBOL
1F6B9 FE0F ; emoji style; # (6.0) MENS SYMBOL
1F6BA FE0E ; text style;  # (6.0) WOMENS SYMBOL
1F6BA FE0F ; emoji style; # (6.0) WOMENS SYMBOL
1F6BC FE0E ; text style;  # (6.0) BABY SYMBOL
1F6BC FE0F ; emoji style; # (6.0) BABY SYMBOL
1F6CB FE0E ; text style;  # (7.0) COUCH AND LAMP
1F6CB FE0F ; emoji style; # (7.0) COUCH AND LAMP
1F6CD FE0E ; text style;  # (7.0) SHOPPING BAGS
1F6CD FE0F ; emoji style; # (7.0) SHOPPING BAGS
1F6CE FE0E ; text style;  # (7.0) BELLHOP BELL
1F6CE FE0F ; emoji style; # (7.0) BELLHOP BELL
1F6CF FE0E ; text style;  # (7.0) BED
1F6CF FE0F ; emoji style; # (7.0) BED
1F6E0 FE0E ; text style;  # (7.0) HAMMER AND WRENCH
1F6E0 FE0F ; emoji style; # (7.0) HAMMER AND WRENCH
1F6E1 FE0E ; text style;  # (7.0) SHIELD
1F6E1 FE0F ; emoji style; # (7.0) SHIELD
1F6E2 FE0E ; text style;  # (7.0) OIL DRUM
1F6E2 FE0F ; emoji style; # (7.0) OIL DRUM
1F6E3 FE0E ; text style;  # (7.0) MOTORWAY
1F6E3 FE0F ; emoji style; # (7.0) MOTORWAY
1F6E4 FE0E ; text style;  # (7.0) RAILWAY TRACK
1F6E4 FE0F ; emoji style; # (7.0) RAILWAY TRACK
1F6E5 FE0E ; text style;  # (7.0) MOTOR BOAT
1F6E5 FE0F ; emoji style; # (7.0) MOTOR BOAT
1F6E9 FE0E ; text style;  # (7.0) SMALL AIRPLANE
1F6E9 FE0F ; emoji style; # (7.0) SMALL AIRPLANE
1F6F0 FE0E ; text style;  # (7.0) SATELLITE
1F6F0 FE0F ; emoji style; # (7.0) SATELLITE
1F6F3 FE0E ; text style;  # (7.0) PASSENGER SHIP
1F6F3 FE0F ; emoji style; # (7.0) PASSENGER SHIP
