1	= START OF HEADING
2	= START OF TEXT
3	= END OF TEXT
4	= END OF TRANSMISSION
5	= ENQUIRY
6	= ACKNOWLEDGE
7	= BELL
8	= BACKSPACE
9	= CHARACTER TABULATION|= horizontal tabulation (HT)|= tab
10	= LINE FEED (LF)|= new line (NL)|= end of line (EOL)
11	= LINE TABULATION|= vertical tabulation (VT)
12	= FORM FEED (FF)
13	= CARRIAGE RETURN (CR)
14	= SHIFT OUT|* known as LOCKING-SHIFT ONE in 8-bit environments
15	= SHIFT IN|* known as LOCKING-SHIFT ZERO in 8-bit environments
16	= DATA LINK ESCAPE
17	= DEVICE CONTROL ONE
18	= DEVICE CONTROL TWO
19	= DEVICE CONTROL THREE
20	= DEVICE CONTROL FOUR
21	= NEGATIVE ACKNOWLEDGE
22	= SYNCHRONOUS IDLE
23	= END OF TRANSMISSION BLOCK
24	= CANCEL
25	= END OF MEDIUM
26	= SUBSTITUTE|x (replacement character - FFFD)
27	= ESCAPE
28	= INFORMATION SEPARATOR FOUR|= file separator (FS)
29	= INFORMATION SEPARATOR THREE|= group separator (GS)
30	= INFORMATION SEPARATOR TWO|= record separator (RS)
31	= INFORMATION SEPARATOR ONE|= unit separator (US)
32	* sometimes considered a control code|* other space characters: 2000-200A|x (no-break space - 00A0)|x (zero width space - 200B)|x (narrow no-break space - 202F)|x (word joiner - 2060)|x (symbol for space - 2420)|x (blank symbol - 2422)|x (open box - 2423)|x (ideographic space - 3000)|x (zero width no-break space - FEFF)
33	= factorial|= bang|x (inverted exclamation mark - 00A1)|x (latin letter retroflex click - 01C3)|x (double exclamation mark - 203C)|x (interrobang - 203D)|x (warning sign - 26A0)|x (heavy exclamation mark symbol - 2757)|x (heavy exclamation mark ornament - 2762)|x (medieval exclamation mark - 2E53)|x (modifier letter raised exclamation mark - A71D)
34	= double quote|* neutral (vertical), used as opening or closing quotation mark|* preferred characters in English for paired quotation marks are 201C & 201D|* 05F4 is preferred for gershayim when writing Hebrew|x (modifier letter double prime - 02BA)|x (double acute accent - 02DD)|x (modifier letter double apostrophe - 02EE)|x (combining double acute accent - 030B)|x (combining double vertical line above - 030E)|x (hebrew punctuation gershayim - 05F4)|x (left double quotation mark - 201C)|x (right double quotation mark - 201D)|x (double prime - 2033)|x (ditto mark - 3003)
35	= pound sign (weight)|= hashtag, hash|= crosshatch, octothorpe|* for denoting musical sharp 266F is preferred|x (l b bar symbol - 2114)|x (numero sign - 2116)|x (viewdata square - 2317)|x (music sharp sign - 266F)|x (equals sign and slanted parallel - 29E3)
36	= milréis, escudo|* used for many peso currencies in Latin America and elsewhere|* glyph may have one or two vertical bars|* other currency symbol characters start at 20A0|x (cent sign - 00A2)|x (currency sign - 00A4)|x (peso sign - 20B1)|x (heavy dollar sign - 1F4B2)
37	x (arabic percent sign - 066A)|x (per mille sign - 2030)|x (per ten thousand sign - 2031)|x (commercial minus sign - 2052)
38	= and|* originally derived from a ligature of 'e' and 't'|x (tironian sign et - 204A)|x (turned ampersand - 214B)|x (heavy ampersand ornament - 1F674)
39	= apostrophe-quote (1.0)|= single quote|= APL quote|* neutral (vertical) glyph with mixed usage|* 2019 is preferred for apostrophe|* preferred characters in English for paired quotation marks are 2018 & 2019|* 05F3 is preferred for geresh when writing Hebrew|x (modifier letter prime - 02B9)|x (modifier letter apostrophe - 02BC)|x (modifier letter vertical line - 02C8)|x (combining acute accent - 0301)|x (combining vertical line above - 030D)|x (hebrew punctuation geresh - 05F3)|x (left single quotation mark - 2018)|x (right single quotation mark - 2019)|x (prime - 2032)|x (latin small letter saltillo - A78C)
40	= opening parenthesis (1.0)
41	= closing parenthesis (1.0)|* see discussion on semantics of paired bracketing characters
42	= star|* can have five or six spokes|x (arabic five pointed star - 066D)|x (reference mark - 203B)|x (asterism - 2042)|x (low asterisk - 204E)|x (two asterisks aligned vertically - 2051)|x (combining asterisk above - 20F0)|x (asterisk operator - 2217)|x (sextile - 26B9)|x (heavy asterisk - 2731)|x (slavonic asterisk - A673)|x (medium six spoked asterisk - 1F7B6)
43	x (modifier letter plus sign - 02D6)|x (minus sign - 2212)|x (heavy plus sign - 2795)|x (hebrew letter alternative plus sign - FB29)|x (light greek cross - 1F7A2)
44	= the use as decimal or thousands separator is locale dependent|x (arabic comma - 060C)|x (arabic decimal separator - 066B)|x (single low-9 quotation mark - 201A)|x (hypodiastole - 2E12)|x (reversed comma - 2E41)|x (medieval comma - 2E4C)|x (ideographic comma - 3001)
45	= hyphen, dash|= minus sign|* used generically for hyphen, minus sign or en dash, all of which have dedicated alternatives|x (soft hyphen - 00AD)|x (modifier letter minus sign - 02D7)|x (hyphen - 2010)|x (non-breaking hyphen - 2011)|x (figure dash - 2012)|x (en dash - 2013)|x (hyphenation point - 2027)|x (hyphen bullet - 2043)|x (minus sign - 2212)|x (roman uncia sign - 10191)
46	= period, dot, decimal point|* the use as decimal point is locale dependent|* may be rendered as a raised decimal point in old style numbers|x (middle dot - 00B7)|x (arabic full stop - 06D4)|x (one dot leader - 2024)|x (horizontal ellipsis - 2026)|x (raised dot - 2E33)|x (stenographic full stop - 2E3C)|x (ideographic full stop - 3002)
47	= slash, forward slash, virgule|x (combining long solidus overlay - 0338)|x (fraction slash - 2044)|x (division slash - 2215)|x (mathematical rising diagonal - 27CB)|x (big solidus - 29F8)|x (dotted solidus - 2E4A)
48	~ 0030 FE00 short diagonal stroke form
50	x (latin letter two with stroke - 01BB)|x (turned digit two - 218A)
51	x (turned digit three - 218B)|x (latin capital letter reversed open e - A7AB)
52	x (latin capital letter cuatrillo - A72C)
53	x (latin capital letter tone five - 01BC)
58	* also used to denote division or scale; for that mathematical use 2236 is preferred|* in Finnish and Swedish, also used as intra-word punctation (abbreviation mark)|x (modifier letter triangular colon - 02D0)|x (modifier letter raised colon - 02F8)|x (armenian full stop - 0589)|x (hebrew punctuation sof pasuq - 05C3)|x (ethiopic wordspace - 1361)|x (ethiopic colon - 1365)|x (two dot punctuation - 205A)|x (tricolon - 205D)|x (ratio - 2236)|x (modifier letter colon - A789)|x (presentation form for vertical two dot leader - FE30)
59	* this, and not 037E, is the preferred character for "Greek question mark"|x (greek question mark - 037E)|x (arabic semicolon - 061B)|x (reversed semicolon - 204F)|x (turned semicolon - 2E35)
60	* paired with 003E for ASCII-based angle bracket markup conventions|x (modifier letter left arrowhead - 02C2)|x (single left-pointing angle quotation mark - 2039)|x (left-pointing angle bracket - 2329)|x (mathematical left angle bracket - 27E8)|x (left angle bracket - 3008)
61	* other related characters: 2241-2263|x (canadian syllabics hyphen - 1400)|x (almost equal to - 2248)|x (not equal to - 2260)|x (identical to - 2261)|x (double hyphen - 2E40)|x (katakana-hiragana double hyphen - 30A0)|x (modifier letter short equals sign - A78A)|x (small equals sign - FE66)|x (roman sextans sign - 10190)|x (heavy equals sign - 1F7F0)
62	x (modifier letter right arrowhead - 02C3)|x (single right-pointing angle quotation mark - 203A)|x (right-pointing angle bracket - 232A)|x (mathematical right angle bracket - 27E9)|x (right angle bracket - 3009)
63	x (inverted question mark - 00BF)|x (greek question mark - 037E)|x (arabic question mark - 061F)|x (interrobang - 203D)|x (double question mark - 2047)|x (black question mark ornament - 2753)|x (uncertainty sign - 2BD1)|x (reversed question mark - 2E2E)|x (medieval question mark - 2E54)|x (replacement character - FFFD)
64	= at sign|= arroba (old Spanish unit of weight)|x (circled latin small letter a - 24D0)
66	x (script capital b - 212C)
67	x (greek capital lunate sigma symbol - 03F9)|x (double-struck capital c - 2102)|x (degree celsius - 2103)|x (black-letter capital c - 212D)|x (roman numeral one hundred - 216D)
68	x (roman numeral five hundred - 216E)
69	x (latin capital letter open e - 0190)|x (euler constant - 2107)|x (script capital e - 2130)
70	x (degree fahrenheit - 2109)|x (script capital f - 2131)|x (turned capital f - 2132)
72	x (script capital h - 210B)|x (black-letter capital h - 210C)|x (double-struck capital h - 210D)
73	* Turkish and Azerbaijani use 0131 for lowercase|x (latin capital letter i with dot above - 0130)|x (script capital i - 2110)|x (black-letter capital i - 2111)|x (roman numeral one - 2160)
75	x (kelvin sign - 212A)
76	x (script capital l - 2112)
77	x (script capital m - 2133)|x (roman numeral one thousand - 216F)
78	x (double-struck capital n - 2115)
80	x (script capital p - 2118)|x (double-struck capital p - 2119)
81	x (cyrillic capital letter qa - 051A)|x (double-struck capital q - 211A)|x (rotated capital q - 213A)
82	x (script capital r - 211B)|x (black-letter capital r - 211C)|x (double-struck capital r - 211D)
86	x (roman numeral five - 2164)
87	x (cyrillic capital letter we - 051C)
88	x (roman numeral ten - 2169)
90	x (double-struck capital z - 2124)|x (black-letter capital z - 2128)
91	= opening square bracket (1.0)|* other bracket characters: 27E6-27EB, 2983-2998, 3008-301B
92	= backslash|x (combining reverse solidus overlay - 20E5)|x (set minus - 2216)|x (mathematical falling diagonal - 27CD)|x (big reverse solidus - 29F9)
93	= closing square bracket (1.0)
94	* this is a spacing character|* used in ASCII-based representation of exponentiation|x (modifier letter up arrowhead - 02C4)|x (modifier letter circumflex accent - 02C6)|x (combining circumflex accent - 0302)|x (caret - 2038)|x (logical and - 2227)|x (up arrowhead - 2303)
95	= spacing underscore (1.0)|* this is a spacing character|* joins with adjacent instances of itself|x (modifier letter low macron - 02CD)|x (combining macron below - 0331)|x (combining low line - 0332)|x (double low line - 2017)|x (combining conjoining macron below - FE2D)
96	= backtick, backquote|* this is a spacing character|* in some technical contexts functions as opening quote, paired with apostrophe|x (acute accent - 00B4)|x (modifier letter grave accent - 02CB)|x (combining grave accent - 0300)|x (greek varia - 1FEF)|x (left single quotation mark - 2018)|x (reversed prime - 2035)
97	x (latin small letter alpha - 0251)
99	x (greek lunate sigma symbol - 03F2)|x (latin letter small capital c - 1D04)
100	x (cyrillic small letter komi de - 0501)
101	x (estimated symbol - 212E)|x (script small e - 212F)|x (latin small letter blackletter e - AB32)
102	x (latin small letter f with hook - 0192)|x (latin small letter lenis f - AB35)
103	x (latin small letter script g - 0261)|x (script small g - 210A)
104	x (cyrillic small letter shha - 04BB)|x (planck constant - 210E)
105	* Turkish and Azerbaijani use 0130 for uppercase|x (latin small letter dotless i - 0131)|x (superscript latin small letter i - 2071)|x (mathematical italic small dotless i - 1D6A4)
106	x (latin small letter dotless j - 0237)|x (greek letter yot - 03F3)|x (mathematical italic small dotless j - 1D6A5)
108	x (script small l - 2113)|x (mathematical script small l - 1D4C1)
110	x (superscript latin small letter n - 207F)
111	x (latin letter small capital o - 1D0F)|x (script small o - 2134)|x (latin small letter blackletter o - AB3D)
113	x (cyrillic small letter qa - 051B)
115	x (latin small letter long s - 017F)|x (latin letter small capital s - A731)
119	x (cyrillic small letter we - 051D)|x (latin letter small capital w - 1D21)
120	x (multiplication sign - 00D7)
122	x (latin small letter z with stroke - 01B6)|x (latin letter small capital z - 1D22)
123	= opening curly bracket (1.0)|= left brace
124	= vertical bar, pipe|* used in pairs to indicate absolute value|* also used as an unpaired separator or as a fence|x (broken bar - 00A6)|x (latin letter dental click - 01C0)|x (hebrew punctuation paseq - 05C0)|x (devanagari danda - 0964)|x (combining long vertical line overlay - 20D2)|x (divides - 2223)|x (light vertical bar - 2758)
125	= closing curly bracket (1.0)|= right brace
126	* this is a spacing character|x (small tilde - 02DC)|x (combining tilde - 0303)|x (combining tilde overlay - 0334)|x (swung dash - 2053)|x (tilde operator - 223C)|x (tilde with ring above - 2E1B)|x (vertical tilde - 2E2F)|x (wave dash - 301C)|x (fullwidth tilde - FF5E)
127	= DELETE
130	= BREAK PERMITTED HERE|x (zero width space - 200B)
131	= NO BREAK HERE|x (word joiner - 2060)
132	* formerly known as INDEX
133	= NEXT LINE (NEL)
134	= START OF SELECTED AREA
135	= END OF SELECTED AREA
136	= CHARACTER TABULATION SET
137	= CHARACTER TABULATION WITH JUSTIFICATION
138	= LINE TABULATION SET
139	= PARTIAL LINE FORWARD
140	= PARTIAL LINE BACKWARD
141	= REVERSE LINE FEED
142	= SINGLE SHIFT TWO
143	= SINGLE SHIFT THREE
144	= DEVICE CONTROL STRING
145	= PRIVATE USE ONE
146	= PRIVATE USE TWO
147	= SET TRANSMIT STATE
148	= CANCEL CHARACTER
149	= MESSAGE WAITING
150	= START OF GUARDED AREA
151	= END OF GUARDED AREA
152	= START OF STRING
154	= SINGLE CHARACTER INTRODUCER
155	= CONTROL SEQUENCE INTRODUCER
156	= STRING TERMINATOR
157	= OPERATING SYSTEM COMMAND
158	= PRIVACY MESSAGE
159	= APPLICATION PROGRAM COMMAND
160	* commonly abbreviated as NBSP|* should be the same width as the space 0020|x (space - 0020)|x (figure space - 2007)|x (narrow no-break space - 202F)|x (word joiner - 2060)|x (shouldered open box - 237D)|x (zero width no-break space - FEFF)|# <noBreak> 0020
161	* Spanish, Asturian, Galician|* used in extended IPA to represent sublaminal lower alveolar percussive|x (exclamation mark - 0021)|x (modifier letter raised inverted exclamation mark - A71E)
162	x (latin small letter c with stroke - 023C)|x (mill sign - 20A5)|x (cedi sign - 20B5)|x (musical symbol cut time - 1D135)
163	= pound sterling, Irish punt, lira, etc.|* not to be confused with the unit of weight|* glyph may have one or two crossbars, in distinction from 20A4|x (lira sign - 20A4)|x (turkish lira sign - 20BA)|x (roman semuncia sign - 10192)
164	* generic or unknown currency|* other currency symbol characters start at 20A0|x (dollar sign - 0024)
165	= yuan sign (renminbi)|* glyph may have one or two crossbars, but the official symbol in Japan and China has two|* in native context, specific ideographs may be used for units of these currencies|x (latin capital letter y with stroke - 024E)|x (cyrillic capital letter straight u with stroke - 04B0)|x 5143|x 5186
166	= broken vertical bar (1.0)|= parted rule (in typography)|x (vertical line - 007C)
167	* used in referencing numbered sections or paragraphs|x (top half section sign - 2E39)
168	* this is a spacing character|x (combining diaeresis - 0308)|# 0020 0308
169	x (sound recording copyright - 2117)|x (circled latin capital letter c - 24B8)|x (copyleft symbol - 1F12F)|x (mask work symbol - 1F1AD)
170	* Spanish|x (modifier letter small a - 1D43)|# <super> 0061
171	= left guillemet|= chevrons (in typography)|* usually opening, sometimes closing|x (much less-than - 226A)|x (left double angle bracket - 300A)
172	= angled dash (in typography)|x (reversed not sign - 2310)|x (turned not sign - 2319)
173	= discretionary hyphen|* commonly abbreviated as SHY|* an invisible format character indicating a possible hyphenation location
174	= registered trade mark sign (1.0)|x (trade mark sign - 2122)|x (circled latin capital letter r - 24C7)|x (raised md sign - 1F16B)|x (raised mr sign - 1F16C)
175	= overline, APL overbar|* this is a spacing character|* unlike 203E, adjacent instances of this character do not join|x (modifier letter macron - 02C9)|x (combining macron - 0304)|x (combining overline - 0305)|x (overline - 203E)|x (combining conjoining macron - FE26)|# 0020 0304
176	* this is a spacing character|x (ring above - 02DA)|x (combining ring above - 030A)|x (superscript zero - 2070)|x (degree celsius - 2103)|x (degree fahrenheit - 2109)|x (ring operator - 2218)
177	= biquintile (astrological aspect: 144°)|x (minus-or-plus sign - 2213)|x (division times - 22C7)
178	= squared|* other superscript digit characters: 2070-2079|x (superscript one - 00B9)|# <super> 0032
179	= cubed|x (superscript one - 00B9)|# <super> 0033
180	* this is a spacing character|x (grave accent - 0060)|x (modifier letter prime - 02B9)|x (modifier letter acute accent - 02CA)|x (double acute accent - 02DD)|x (combining acute accent - 0301)|x (greek tonos - 0384)|x (greek oxia - 1FFD)|x (prime - 2032)|# 0020 0301
181	# 03BC greek small letter mu
182	= paragraph sign|* section sign in some European usage|x (reversed pilcrow sign - 204B)|x (curved stem paragraph sign ornament - 2761)|x (capitulum - 2E3F)
183	= midpoint (in typography)|= Georgian comma|= Greek middle dot (ano teleia)|* also used as a raised decimal point or to denote multiplication; for multiplication 22C5 is preferred|* used as a vowel length mark (part of words) in many Amerindian orthographies|x (full stop - 002E)|x (dot above - 02D9)|x (greek ano teleia - 0387)|x (bullet - 2022)|x (one dot leader - 2024)|x (hyphenation point - 2027)|x (bullet operator - 2219)|x (dot operator - 22C5)|x (word separator middle dot - 2E31)|x (raised dot - 2E33)|x (katakana middle dot - 30FB)|x (latin letter sinological dot - A78F)
184	* this is a spacing character|* other spacing accent characters: 02D8-02DB|x (combining cedilla - 0327)|# 0020 0327
185	x (superscript two - 00B2)|x (superscript three - 00B3)|x (superscript zero - 2070)|# <super> 0031
186	* Spanish|x (modifier letter small o - 1D52)|x (superscript zero - 2070)|x (numero sign - 2116)|# <super> 006F
187	= right guillemet|* usually closing, sometimes opening|x (much greater-than - 226B)|x (right double angle bracket - 300B)
188	# <fraction> 0031 2044 0034
189	# <fraction> 0031 2044 0032
190	# <fraction> 0033 2044 0034
191	= turned question mark|* Spanish|x (question mark - 003F)|x (inverted interrobang - 2E18)|x (reversed question mark - 2E2E)
192	: 0041 0300
193	: 0041 0301
194	: 0041 0302
195	: 0041 0303
196	: 0041 0308
197	x (angstrom sign - 212B)|: 0041 030A
198	= latin capital ligature ae (1.1)|x (cyrillic capital ligature a ie - 04D4)
199	: 0043 0327
200	: 0045 0300
201	: 0045 0301
202	: 0045 0302
203	: 0045 0308
204	: 0049 0300
205	: 0049 0301
206	: 0049 0302
207	: 0049 0308
208	* lowercase is 00F0|x (latin capital letter d with stroke - 0110)|x (latin capital letter african d - 0189)|x (latin capital letter d with short stroke overlay - A7C7)
209	: 004E 0303
210	: 004F 0300
211	: 004F 0301
212	: 004F 0302
213	: 004F 0303
214	: 004F 0308
215	= z notation Cartesian product|x (latin small letter x - 0078)|x (saltire - 2613)|x (multiplication x - 2715)|x (heavy ballot x - 2718)|x (cross mark - 274C)|x (vector or cross product - 2A2F)|x (cancellation x - 1F5D9)|x (light saltire - 1F7A9)
216	= o slash|x (latin capital letter o with middle tilde - 019F)|x (empty set - 2205)|x (latin capital letter o with long stroke overlay - A74A)
217	: 0055 0300
218	: 0055 0301
219	: 0055 0302
220	: 0055 0308
221	: 0059 0301
223	= Eszett|* German|* not used in Swiss High German|* uppercase is "SS" (standard case mapping), alternatively 1E9E|* typographically the glyph for this character can be based on a ligature of 017F with either 0073 or with an old-style glyph for 007A (the latter similar in appearance to 0292). Both forms exist interchangeably today.|x (latin small letter long s - 017F)|x (latin small letter ezh - 0292)|x (greek small letter beta - 03B2)|x (latin capital letter sharp s - 1E9E)|x (latin small letter beta - A7B5)|x (latin small letter middle scots s - A7D7)
224	: 0061 0300
225	: 0061 0301
226	: 0061 0302
227	* Portuguese|: 0061 0303
228	: 0061 0308
229	* Danish, Norwegian, Swedish, Walloon|: 0061 030A
230	= latin small ligature ae (1.1)|= ash (from Old English æsc)|* Danish, Norwegian, Icelandic, Faroese, Old English, French, IPA|x (latin small ligature oe - 0153)|x (cyrillic small ligature a ie - 04D5)|x (latin small letter turned ae - 1D02)|x (latin small letter a reversed-schwa - AB31)
231	: 0063 0327
232	: 0065 0300
233	: 0065 0301
234	: 0065 0302
235	: 0065 0308
236	* Italian, Malagasy|: 0069 0300
237	: 0069 0301
238	: 0069 0302
239	: 0069 0308
240	* Icelandic, Faroese, Old English, IPA|* uppercase is 00D0|x (latin small letter d with stroke - 0111)|x (greek small letter delta - 03B4)|x (latin small letter delta - 1E9F)|x (partial differential - 2202)|x (latin small letter insular d - A77A)
241	: 006E 0303
242	: 006F 0300
243	: 006F 0301
244	: 006F 0302
245	* Portuguese, Estonian, Livonian|: 006F 0303
246	: 006F 0308
247	= obelus|* occasionally used as an alternate, more visually distinct shape for a hyphen in some contexts|* historically used as a punctuation mark to denote questionable passages in manuscripts|x (syriac harklean obelus - 070B)|x (commercial minus sign - 2052)|x (division slash - 2215)|x (divides - 2223)|x (ratio - 2236)|x (heavy division sign - 2797)|x (long division - 27CC)|x (dotted obelos - 2E13)
248	= o slash|* Danish, Norwegian, Faroese, IPA|x (latin small letter barred o - 0275)|x (diameter sign - 2300)|x (latin small letter o with long stroke overlay - A74B)|x (latin small letter old polish o - A7C1)|x (latin small letter blackletter o with stroke - AB3E)
249	* French, Italian|: 0075 0300
250	: 0075 0301
251	: 0075 0302
252	: 0075 0308
253	* Czech, Slovak, Icelandic, Faroese, Welsh, Malagasy|: 0079 0301
254	* Icelandic, Old English, phonetics|* Runic letter borrowed into Latin script|* replaced by "th" in modern English|x (greek small letter sho - 03F8)|x (runic letter thurisaz thurs thorn - 16A6)|x (latin small letter double thorn - A7D3)
255	* French, medieval Hungarian orthography|* uppercase is 0178|: 0079 0308
256	: 0041 0304
257	* Latvian, Latin, ...|: 0061 0304
258	: 0041 0306
259	* Romanian, Vietnamese, Latin, ...|: 0061 0306
260	: 0041 0328
261	* Polish, Lithuanian, ...|: 0061 0328
262	: 0043 0301
263	* Polish, Croatian, Serbian, ...|x (cyrillic small letter tshe - 045B)|: 0063 0301
264	: 0043 0302
265	* Esperanto|: 0063 0302
266	: 0043 0307
267	* Maltese, Irish Gaelic (old orthography)|: 0063 0307
268	: 0043 030C
269	* Czech, Slovak, Slovenian, and many other languages|: 0063 030C
270	* the form using caron/hacek is preferred in all contexts|: 0044 030C
271	* Czech, Slovak|* the form using apostrophe is preferred in typesetting|: 0064 030C
272	x (latin capital letter eth - 00D0)|x (latin capital letter african d - 0189)|x (latin capital letter d with short stroke overlay - A7C7)
273	* Croatian, Serbian, Vietnamese, Sami, Moro|* an alternate glyph with the stroke through the bowl is used in Americanist orthographies|x (latin small letter eth - 00F0)|x (cyrillic small letter dje - 0452)|x (latin small letter d with middle tilde - 1D6D)|x (dong sign - 20AB)|x (latin small letter d with short stroke overlay - A7C8)
274	: 0045 0304
275	* Latvian, Latin, ...|: 0065 0304
276	: 0045 0306
277	* Malay, Latin, ...|: 0065 0306
278	: 0045 0307
279	* Lithuanian|: 0065 0307
280	: 0045 0328
281	* Polish, Lithuanian, ...|: 0065 0328
282	: 0045 030C
283	* Czech, ...|: 0065 030C
284	: 0047 0302
285	* Esperanto|: 0067 0302
286	: 0047 0306
287	* Turkish, Azerbaijani|x (latin small letter g with caron - 01E7)|: 0067 0306
288	: 0047 0307
289	* Maltese, Irish Gaelic (old orthography)|: 0067 0307
290	: 0047 0327
291	* Latvian|* there are three major glyph variants|: 0067 0327
292	* lowercase in Nawdm is 0266|: 0048 0302
293	* Esperanto|: 0068 0302
294	x (modifier letter capital h with stroke - A7F8)
295	* Maltese, IPA, ...|x (cyrillic small letter tshe - 045B)|x (planck constant over two pi - 210F)
296	: 0049 0303
297	* Greenlandic (old orthography), Kikuyu|: 0069 0303
298	: 0049 0304
299	* Latvian, Latin, ...|: 0069 0304
300	: 0049 0306
301	* Latin, ...|: 0069 0306
302	: 0049 0328
303	* Lithuanian, ...|: 0069 0328
304	= i dot|* Turkish, Azerbaijani|* lowercase is 0069|x (latin capital letter i - 0049)|: 0049 0307
305	* Turkish, Azerbaijani|* uppercase is 0049|x (latin small letter i - 0069)|x (latin small letter iota - 0269)|x (latin letter small capital i - 026A)|x (cyrillic small letter byelorussian-ukrainian i - 0456)|x (mathematical italic small dotless i - 1D6A4)
306	# 0049 004A
307	* Dutch|# 0069 006A
308	: 004A 0302
309	* Esperanto|: 006A 0302
310	: 004B 0327
311	* Latvian|* despite their names, this pair of characters should normally be displayed with a comma below|: 006B 0327
312	* Greenlandic (old orthography), Labrador Inuttut|x (cyrillic small letter ka - 043A)|x (latin letter small capital k - 1D0B)
313	: 004C 0301
314	* Slovak|: 006C 0301
315	: 004C 0327
316	* Latvian|* despite their names, this pair of characters should normally be displayed with a comma below|: 006C 0327
317	* the form using apostrophe is preferred in typesetting|: 004C 030C
318	* Slovak|* the form using apostrophe is preferred in typesetting|: 006C 030C
319	* some fonts show the middle dot inside the L, but the preferred form has the dot following the L|# 004C 00B7
320	* Catalan legacy compatibility character for ISO/IEC 6937|* preferred representation for Catalan: 006C 00B7|# 006C 00B7
321	x (latin capital letter l with bar - 023D)|x (latin letter small capital l with stroke - 1D0C)|x (latin capital letter l with middle tilde - 2C62)|x (latin capital letter l with high stroke - A748)
322	* Polish, Sorbian, Iñupiaq, ...|* also used for Latin-based orthographies for Belarusian and Ukrainian|x (latin small letter l with bar - 019A)|x (latin small letter l with middle tilde - 026B)
323	: 004E 0301
324	* Polish, ...|: 006E 0301
325	: 004E 0327
326	* Latvian|* despite their names, this pair of characters should normally be displayed with a comma below|: 006E 0327
327	: 004E 030C
328	* Czech, Slovak|: 006E 030C
329	= latin small letter apostrophe n (1.0)|* this character is deprecated and its use is strongly discouraged|* Afrikaans|* legacy compatibility character for ISO/IEC 6937|* uppercase is 02BC 004E|# 02BC 006E
330	* glyph may also have appearance of large form of the small letter|x (latin capital letter n with long right leg - 0220)|x (latin capital letter n with descender - A790)
331	= engma, angma|* Sami, Mende, IPA, ...|* velar nasal, nasalization|x (latin small letter n with long right leg - 019E)|x (latin small letter n with palatal hook - 1D87)|x (latin small letter n with descender - A791)
332	: 004F 0304
333	* Latvian, Latin, ...|: 006F 0304
334	: 004F 0306
335	* Latin|: 006F 0306
336	: 004F 030B
337	* Hungarian|: 006F 030B
339	= ethel (from Old English eðel)|* French, IPA, Old Icelandic, Old English, ...|x (latin small letter ae - 00E6)|x (latin letter small capital oe - 0276)|x (latin small letter turned oe - 1D14)|x (modifier letter small ligature oe - A7F9)|x (latin small letter inverted oe - AB40)|x (latin small letter open oe - AB62)
340	: 0052 0301
341	* Slovak, ...|: 0072 0301
342	: 0052 0327
343	* Livonian|* despite their names, this pair of characters should normally be displayed with a comma below|: 0072 0327
344	: 0052 030C
345	* Czech, ...|: 0072 030C
346	: 0053 0301
347	* Polish, Indic transliteration, ...|: 0073 0301
348	: 0053 0302
349	* Esperanto|: 0073 0302
350	: 0053 0327
351	* Turkish, Azerbaijani, ...|* the character 0219 should be used instead for Romanian|x (latin small letter s with comma below - 0219)|: 0073 0327
352	: 0053 030C
353	* Czech, Estonian, Finnish, Slovak, and many other languages|: 0073 030C
354	: 0054 0327
355	* Semitic transliteration, ...|* the character 021B should be used instead for Romanian|x (latin small letter t with comma below - 021B)|: 0074 0327
356	* the form using caron/hacek is preferred in all contexts|: 0054 030C
357	* Czech, Slovak|* the form using apostrophe is preferred in typesetting|: 0074 030C
359	* Sami|x (latin small letter t with middle tilde - 1D75)
360	: 0055 0303
361	* Greenlandic (old orthography), Kikuyu|: 0075 0303
362	: 0055 0304
363	* Latvian, Lithuanian, Latin, ...|: 0075 0304
364	: 0055 0306
365	* Latin, Esperanto, ...|: 0075 0306
366	: 0055 030A
367	* Czech, ...|: 0075 030A
368	: 0055 030B
369	* Hungarian|: 0075 030B
370	: 0055 0328
371	* Lithuanian|: 0075 0328
372	: 0057 0302
373	* Welsh|: 0077 0302
374	: 0059 0302
375	* Welsh|: 0079 0302
376	* French, Igbo|* lowercase is 00FF|: 0059 0308
377	: 005A 0301
378	* Polish, ...|: 007A 0301
379	: 005A 0307
380	* Polish, ...|: 007A 0307
381	: 005A 030C
382	* Czech, Estonian, Finnish, Slovak, Slovenian, and many other languages|: 007A 030C
383	* in common use in Roman types until the 18th century|* in current use in Fraktur and Gaelic types|x (latin small letter sharp s - 00DF)|x (latin small ligature long s t - FB05)|# 0073 latin small letter s
384	* Americanist and Indo-Europeanist usage for phonetic beta|* Americanist orthographies use an alternate glyph with the stroke through the bowl|* also used in Old Saxon manuscripts|* uppercase is 0243|x (greek small letter beta - 03B2)|x (latin small letter b with middle tilde - 1D6C)|x (blank symbol - 2422)
385	* African languages|* lowercase is 0253
386	x (cyrillic capital letter be - 0411)
387	* Zhuang (old orthography)|* former Soviet minority language scripts|x (latin small letter b with hook - 0253)|x (cyrillic small letter be - 0431)
389	* Zhuang (old orthography)|* Zhuang tone three is Cyrillic ze|* Zhuang tone four is Cyrillic che|x (latin small letter tone two - 01A8)|x (latin small letter tone five - 01BD)|x (cyrillic small letter ze - 0437)|x (cyrillic small letter che - 0447)|x (cyrillic small letter soft sign - 044C)
390	* typographically a turned C|* African languages|* lowercase is 0254|x (latin letter small capital open o - 1D10)|x (roman numeral reversed one hundred - 2183)
392	* African
393	* Ewe|* lowercase is 0256|x (latin capital letter eth - 00D0)|x (latin capital letter d with stroke - 0110)
394	* Pan-Nigerian alphabet|* lowercase is 0257
396	* former-Soviet minority language scripts|* Zhuang (old orthography)
397	= reversed Polish-hook o|* archaic phonetic for labialized alveolar fricative|* recommended spellings 007A 02B7 or 007A 032B
398	= turned capital e|* Pan-Nigerian alphabet|* lowercase is 01DD|x (there exists - 2203)|x (latin letter small capital turned e - 2C7B)
399	* Azerbaijani, ...|* lowercase is 0259|x (cyrillic capital letter schwa - 04D8)
400	= capital epsilon|* African languages|* lowercase is 025B|* not to be confused with glyph variants of capital E|x (euler constant - 2107)|x (turned digit three - 218B)|x (latin capital letter tresillo - A72A)
401	* African|x (latin capital letter f with stroke - A798)
402	= script f|= Florin currency symbol (Netherlands)|= function symbol|* used as abbreviation convention for folder
403	* African|* lowercase is 0260
404	* African|* lowercase is 0263|x (latin capital letter r with long leg - A7E2)
405	= hwair|* Gothic transliteration|* uppercase is 01F6|x (gothic letter hwair - 10348)
406	* African languages|* lowercase is 0269|x (cyrillic capital letter iota - A646)
407	= barred i, i bar|* African languages|* lowercase is 0268|* ISO 6438 gives lowercase as 026A, not 0268|x (latin letter small capital i - 026A)|x (latin small capital letter i with stroke - 1D7B)
409	* Hausa, Pan-Nigerian alphabet
410	= barred l|* Americanist phonetic usage for IPA ɬ|* uppercase is 023D|x (latin small letter l with stroke - 0142)|x (latin small letter l with belt - 026C)|x (latin small letter l with double bar - 2C61)|x (latin small letter l with high stroke - A749)
411	= barred lambda, lambda bar|* Americanist phonetic usage for IPA tɬ|* uppercase is A7DC|x (greek small letter lamda - 03BB)
412	* Zhuang (old orthography)|* lowercase is 026F|x (latin letter small capital turned m - A7FA)|x (latin epigraphic letter inverted m - A7FD)
413	* African|* lowercase is 0272
414	* archaic phonetic for Japanese 3093|* recommended spelling for syllabic n is 006E 0329|* Lakota (indicates nasalization of vowel), superseded by 014B|* uppercase is 0220|x (latin small letter eng - 014B)|x (hiragana letter n - 3093)
415	= barred o, o bar|* African languages|* the formal name does not describe the glyph|* lowercase is 0275|x (cyrillic capital letter barred o - 04E8)
416	: 004F 031B
417	* Vietnamese|: 006F 031B
418	% LATIN CAPITAL LETTER GHA
419	% LATIN SMALL LETTER GHA|* Pan-Turkic Latin alphabets, Tajik|x (latin small letter oi digraph - 1DF5E)
421	* African
422	* Old Norse|* from German Standard DIN 31624 and ISO 5426-2|* lowercase is 0280
423	x (latin letter voiced laryngeal spirant - 1D24)|x (cyrillic capital letter reversed dze - A644)|x (roman sextula sign - 10193)
424	* Zhuang (old orthography)|* typographically a reversed S|x (latin small letter tone six - 0185)|x (cyrillic small letter reversed dze - A645)
425	* African languages|* lowercase is 0283|x (greek capital letter sigma - 03A3)|x (n-ary summation - 2211)
426	* archaic phonetic for labialized palatoalveolar or palatal fricative|* Twi|* recommended spellings 0283 02B7, 00E7 02B7, 0068 0265, etc.
427	* archaic phonetic for palatalized alveolar or dental stop|* recommended spelling 0074 02B2
428	* a glyph variant with hook at the right also occurs
429	* African languages
430	* African languages|* lowercase is 0288
431	: 0055 031B
432	* Vietnamese|: 0075 031B
433	* African languages|* typographically, turned capital Greek omega 03A9|* lowercase is 028A|x (inverted ohm sign - 2127)
434	= script v|* African|* lowercase is 028B
435	* a glyph variant with hook at the left also occurs
436	* Bini, Esoko, and other Edo languages in West Africa
438	= barred z, z bar|* Pan-Turkic Latin orthography|* also a handwritten variant of Latin "z"|x (latin small letter z - 007A)|x (latin small letter z with middle tilde - 1D76)
439	* African, Skolt Sami|* lowercase is 0292|x (latin capital letter yogh - 021C)|x (cyrillic capital letter abkhasian dze - 04E0)|x (latin letter small capital ezh - 1D23)|x (latin capital letter reversed open e - A7AB)
440	x (latin capital letter open e - 0190)
441	* archaic phonetic for voiced pharyngeal fricative|* sometimes typographically rendered as a turned digit 3|* recommended spelling is 0295|x (latin letter pharyngeal voiced fricative - 0295)|x (arabic letter ain - 0639)
442	* archaic phonetic for labialized voiced palatoalveolar or palatal fricative|* Twi|* recommended spellings 0292 02B7 or 006A 02B7
443	* archaic phonetic for [dz] affricate|* recommended spellings 0292 or 0064 007A|x (latin capital letter tone two - 01A7)
445	* Zhuang (old orthography)|x (latin small letter tone six - 0185)
446	* archaic phonetic for [ts] affricate|* recommended spelling 0074 0073|* letter form is actually derived from ligation of ts, rather than inverted glottal stop|x (latin letter inverted glottal stop - 0296)|x (latin small letter ts digraph - 02A6)
447	= wen|* Runic letter borrowed into Latin script|* replaced by "w" in modern transcriptions of Old English|* uppercase is 01F7|x (runic letter wunjo wynn w - 16B9)
448	= pipe|* "c" in Zulu orthography|x (solidus - 002F)|x (vertical line - 007C)|x (latin small letter turned t - 0287)|x (divides - 2223)
449	= double pipe|* "x" in Zulu orthography|x (latin letter inverted glottal stop - 0296)|x (double vertical line - 2016)|x (parallel to - 2225)
450	= double-barred pipe|* palatoalveolar click (IPA)|x (not equal to - 2260)|x (thermodynamic - 29E7)
451	= latin letter exclamation mark (1.0)|* (post)alveolar click (IPA)|* "q" in Zulu orthography|x (exclamation mark - 0021)|x (latin letter stretched c - 0297)|x (modifier letter raised exclamation mark - A71D)|x (latin letter retroflex click with retroflex hook - 1DF0A)
452	# 0044 017D
453	# 0044 017E
454	x (cyrillic small letter dzhe - 045F)|# 0064 017E
455	# 004C 004A
456	# 004C 006A
457	x (cyrillic small letter lje - 0459)|# 006C 006A
458	# 004E 004A
459	# 004E 006A
460	x (cyrillic small letter nje - 045A)|# 006E 006A
461	: 0041 030C
462	* Pinyin third tone|: 0061 030C
463	: 0049 030C
464	* Pinyin third tone|: 0069 030C
465	: 004F 030C
466	* Pinyin third tone|: 006F 030C
467	: 0055 030C
468	* Pinyin third tone|: 0075 030C
469	: 00DC 0304
470	* Pinyin first tone|: 00FC 0304
471	: 00DC 0301
472	* Pinyin second tone|: 00FC 0301
473	: 00DC 030C
474	* Pinyin third tone|: 00FC 030C
475	: 00DC 0300
476	* Pinyin fourth tone|: 00FC 0300
477	* Pan-Nigerian alphabet|* all other usages of schwa are 0259|* uppercase is 018E|x (latin small letter schwa - 0259)
478	: 00C4 0304
479	* Livonian, Uralicist usage|: 00E4 0304
480	: 0226 0304
481	* Uralicist usage|: 0227 0304
482	: 00C6 0304
483	* Old Norse, Old English|: 00E6 0304
485	* Skolt Sami
486	: 0047 030C
487	* Skolt Sami|x (latin small letter g with breve - 011F)|: 0067 030C
488	: 004B 030C
489	* Skolt Sami|: 006B 030C
490	: 004F 0328
491	* Sami, Iroquoian, Old Icelandic|: 006F 0328
492	: 01EA 0304
493	* Old Icelandic, Livonian (in recent linguistic scholarship)|: 01EB 0304
494	: 01B7 030C
495	* Skolt Sami|: 0292 030C
496	* IPA and many languages|: 006A 030C
497	# 0044 005A
498	# 0044 007A
499	# 0064 007A
500	: 0047 0301
501	* Macedonian and Serbian transliteration|: 0067 0301
502	* lowercase is 0195|x (cyrillic capital letter komi nje - 050A)|x (gothic letter hwair - 10348)
503	= wen|* lowercase is 01BF
504	: 004E 0300
505	* Pinyin|: 006E 0300
506	: 00C5 0301
507	: 00E5 0301
508	: 00C6 0301
509	: 00E6 0301
510	: 00D8 0301
511	: 00F8 0301
512	: 0041 030F
513	: 0061 030F
514	: 0041 0311
515	: 0061 0311
516	: 0045 030F
517	: 0065 030F
518	: 0045 0311
519	: 0065 0311
520	: 0049 030F
521	: 0069 030F
522	: 0049 0311
523	: 0069 0311
524	: 004F 030F
525	: 006F 030F
526	: 004F 0311
527	: 006F 0311
528	: 0052 030F
529	: 0072 030F
530	: 0052 0311
531	: 0072 0311
532	: 0055 030F
533	: 0075 030F
534	: 0055 0311
535	: 0075 0311
536	: 0053 0326
537	x (latin small letter s with cedilla - 015F)|: 0073 0326
538	: 0054 0326
539	x (latin small letter t with cedilla - 0163)|: 0074 0326
540	x (latin capital letter ezh - 01B7)|x (cyrillic capital letter ze - 0417)|x (latin capital letter reversed open e - A7AB)
541	* Middle English, Scots|x (latin small letter ezh - 0292)|x (latin small letter insular g - 1D79)|x (latin small letter et - A76B)
542	: 0048 030C
543	* Finnish Romany|: 0068 030C
544	* Lakota (nasalization), superseded by 014A|* lowercase is 019E|x (latin capital letter eng - 014A)
545	* phonetic use in Sinology
546	x (latin letter small capital ou - 1D15)
547	* Algonquin, Huron|x (digit eight - 0038)|x (latin small letter ou digraph - 1DF5F)
548	x (latin capital letter z with descender - 2C6B)
549	* Middle High German
550	: 0041 0307
551	* Uralicist usage|: 0061 0307
552	: 0045 0327
553	: 0065 0327
554	: 00D6 0304
555	: 00F6 0304
556	: 00D5 0304
557	: 00F5 0304
558	: 004F 0307
559	: 006F 0307
560	: 022E 0304
561	: 022F 0304
562	: 0059 0304
563	* also Cornish|: 0079 0304
567	* this is a non-casing letter|x (greek letter yot - 03F3)|x (cyrillic small letter je - 0458)|x (mathematical italic small dotless j - 1D6A5)
570	* lowercase is 2C65
571	x (cedi sign - 20B5)
572	* also used in Americanist linguistics|x (cent sign - 00A2)
573	* lowercase is 019A|x (latin capital letter l with stroke - 0141)|x (latin capital letter l with double bar - 2C60)|x (latin capital letter l with middle tilde - 2C62)|x (latin capital letter l with high stroke - A748)
574	* lowercase is 2C66
575	* voiceless labio-alveolar fricative|* uppercase is 2C7E|x (latin small letter s with hook - 0282)
576	* voiced labio-alveolar fricative|* uppercase is 2C7F|x (latin small letter z with retroflex hook - 0290)
578	* casing use in Chipewyan, Dogrib, Slavey (Canadian aboriginal orthographies)|x (latin letter glottal stop - 0294)|x (modifier letter glottal stop - 02C0)
579	* lowercase is 0180|x (latin letter small capital barred b - 1D03)
580	* lowercase is 0289
581	* lowercase is 028C|x (greek capital letter lamda - 039B)
587	* this is actually a small letter alpha with a hook tail
589	x (latin small letter r with middle tilde - 1D72)
591	x (latin small letter ae - 00E6)|x (latin small letter c with cedilla - 00E7)|x (latin small letter eth - 00F0)|x (latin small letter o with stroke - 00F8)|x (latin small letter h with stroke - 0127)|x (latin small letter eng - 014B)|x (latin small ligature oe - 0153)|x (greek small letter beta - 03B2)|x (greek small letter theta - 03B8)|x (greek small letter lamda - 03BB)|x (greek small letter chi - 03C7)
592	* low central unrounded vowel|* uppercase is 2C6F
593	= latin small letter script a (1.0)|* low back unrounded vowel|* the representative glyph appears like an allograph of Latin "a", but sometimes the character is rendered more like a Greek "α"|* uppercase is 2C6D|x (greek small letter alpha - 03B1)
594	* low back rounded vowel|* uppercase is 2C70|x (latin small letter inverted alpha - AB64)
595	* implosive bilabial stop|* uppercase is 0181|x (cyrillic small letter be - 0431)
596	* typographically a turned c|* lower-mid back rounded vowel|* in older Danish usage "ɔ:" stands for "that is"|* uppercase is 0186|x (latin letter small capital open o - 1D10)|x (latin small letter reversed c - 2184)
597	* voiceless alveolo-palatal laminal fricative|* used in transcription of Mandarin Chinese|* sound spelled with 015B in Polish
598	= d retroflex hook|* voiced retroflex stop|* uppercase is 0189
599	* implosive dental or alveolar stop|* Ewe, Pan-Nigerian alphabet|* uppercase is 018A
600	* upper-mid central unrounded vowel
601	* mid-central unrounded vowel|* uppercase is 018F|* variant uppercase form 018E is associated with 01DD|x (latin small letter turned e - 01DD)|x (cyrillic small letter schwa - 04D9)
602	* rhotacized schwa
603	= epsilon|* lower-mid front unrounded vowel|* uppercase is 0190|x (greek small letter epsilon - 03B5)|x (cyrillic small letter reversed ze - 0511)
604	= reversed epsilon|* lower-mid central unrounded vowel|* uppercase is A7AB|x (cyrillic small letter ze - 0437)|x (latin small letter turned open e - 1D08)
605	* rhotacized lower-mid central vowel
606	= closed reversed epsilon|* lower-mid central rounded vowel|x (latin small letter closed open e - 029A)
607	* voiced palatal stop|* typographically a turned f, but better thought of as a form of j|* "gy" in Hungarian orthography|* also archaic phonetic for palatoalveolar affricate 02A4
608	* implosive velar stop|* uppercase is 0193
609	* voiced velar stop|* uppercase is A7AC|x (latin small letter g - 0067)|x (script small g - 210A)
610	* voiced uvular stop
611	* voiced velar fricative|* uppercase is 0194|x (greek small letter gamma - 03B3)
612	= latin small letter baby gamma (1.0)|* upper-mid back unrounded vowel|* uppercase is A7CB
613	* voiced rounded palatal approximant|* uppercase is A78D
614	* breathy-voiced glottal fricative|* uppercase is A7AA|* uppercase in Nawdm is 0124|x (modifier letter small h with hook - 02B1)
615	* voiceless coarticulated velar and palatoalveolar fricative|* "sj" in some Swedish dialects|x (latin small letter heng - A727)
616	= barred i, i bar|* high central unrounded vowel|* uppercase is 0197|* ISO 6438 gives lowercase of 0197 as 026A, not 0268|x (latin small capital letter i with stroke - 1D7B)
617	* semi-high front unrounded vowel|* preferred use is 026A latin letter small capital i|* uppercase is 0196|x (latin small letter dotless i - 0131)|x (greek small letter iota - 03B9)|x (cyrillic small letter iota - A647)|x (mathematical italic small dotless i - 1D6A4)
618	* semi-high front unrounded vowel|* preferred IPA alternate for 0269|* uppercase is A7AE|* ISO 6438 gives this as lowercase of 0197 instead of 0268|* glyph should have top and bottom serifs even in sans serif IPA font designs, to avoid confusion with lowercase l|x (latin small letter dotless i - 0131)
619	* velarized voiced alveolar lateral approximant|* uppercase is 2C62|x (latin small letter l with stroke - 0142)|x (latin small letter l with inverted lazy s - AB37)|x (latin small letter l with double middle tilde - AB38)
620	* voiceless alveolar lateral fricative|* uppercase is A7AD|x (latin small letter l with bar - 019A)
621	* voiced retroflex lateral|x (latin small letter l with retroflex hook and belt - A78E)
622	* voiced lateral fricative|* "dhl" in Zulu orthography
623	* high back unrounded vowel|* uppercase is 019C|x (latin letter small capital turned m - A7FA)
624	* voiced velar approximant
625	* voiced labiodental nasal|* uppercase is 2C6E|x (latin small letter m with palatal hook - 1D86)
626	* voiced palatal nasal|* uppercase is 019D
627	* voiced retroflex nasal
628	* voiced uvular nasal
629	= o bar|* rounded mid-central vowel, i.e. rounded schwa|* uppercase is 019F|x (greek small letter theta - 03B8)|x (cyrillic small letter fita - 0473)|x (cyrillic small letter barred o - 04E9)
630	* low front rounded vowel|x (latin small ligature oe - 0153)
631	* near-close near-back rounded vowel|* preferred use is 028A latin small letter upsilon|* uppercase is A7DD|x (latin small letter omega - A7B7)|x (greek letter small capital omega - AB65)|x (latin small letter closed omega with long stem - 1DF75)
632	* voiceless bilabial fricative|* this is a non-casing letter|x (greek small letter phi - 03C6)|x (greek phi symbol - 03D5)|x (latin small letter tailless phi - 2C77)
633	* voiced alveolar approximant|x (modifier letter small turned r - 02B4)
634	* voiced lateral flap
635	* voiced retroflex approximant|x (modifier letter small turned r with hook - 02B5)
636	* voiced strident apico-alveolar trill|* this sound is spelled with 0159 in Czech|* preferred phonetic representation for Czech is 0072 031D|* in current use in Gaelic types (as glyph variant of 0072)|* uppercase is A7E2|x (latin small letter insular r - A783)|x (latin small letter insular s - A785)
637	* voiced retroflex flap|* uppercase is 2C64|x (latin small letter turned r with tail - 2C79)
638	* voiced alveolar flap or tap|x (latin small letter long s - 017F)
639	= long i with left hook|= long leg turned iota (a misnomer)|* apical dental vowel|* IPA spelling - 007A 0329|* this character is not actually a reversed 027E|* preferred presentation is with a descender
640	* voiced uvular trill|* Germanic, Old Norse|* uppercase is 01A6
641	* voiced uvular fricative or approximant|x (modifier letter small capital inverted r - 02B6)
642	* voiceless retroflex fricative|* uppercase is A7C5
643	* voiceless postalveolar fricative|* uppercase is 01A9|x (integral - 222B)|x (latin small letter baseline esh - AB4D)
644	* implosive palatal stop|* typographically based on 025F, not on 0283
645	= long i with left hook and tail|* apical retroflex vowel|* IPA spelling - 0290 0329|* this character is not actually a reversed esh|* preferred presentation is with a descender
646	* palatalized voiceless postalveolar fricative|* suggested spelling - 0283 02B2
647	* dental click (sound of "tsk tsk")|* uppercase is A7B1|x (latin letter dental click - 01C0)
648	* voiceless retroflex stop|* uppercase is 01AE|x (latin small letter t with hook - 01AD)|x (latin small letter t with hook and retroflex hook - 1DF09)
649	* high central rounded vowel|* uppercase is 0244|x (latin small capital letter u with stroke - 1D7E)
650	* near-close near-back rounded vowel|* typographically, a turned Greek small capital omega AB65|* preferred IPA alternate to 0277|* uppercase is 01B1|x (greek small letter upsilon - 03C5)
651	= latin small letter script v (1.0)|* voiced labiodental approximant|* uppercase is 01B2|x (greek small letter upsilon - 03C5)
652	= caret, wedge|* lower-mid back unrounded vowel|* uppercase is 0245|x (greek capital letter lamda - 039B)|x (greek letter small capital lamda - 1D27)|x (logical and - 2227)
653	* voiceless rounded labiovelar approximant|x (modifier letter small turned w - AB69)
654	* voiced lateral approximant
655	* semi-high front rounded vowel
656	* voiced retroflex fricative
657	* voiced alveolo-palatal laminal fricative|* sound spelled with 017A in Polish
658	= dram sign|* voiced postalveolar fricative|* mistakenly named yogh in Unicode 1.0|* uppercase is 01B7|* Skolt Sami|x (latin small letter yogh - 021D)|x (cyrillic small letter abkhasian dze - 04E1)|x (ounce sign - 2125)|x (alchemical symbol for half dram - 1F772)|x 2CF01
659	* palatalized voiced postalveolar fricative
660	* this is a caseless letter|* used in IPA, other phonetic notations, and those orthographies which use a caseless glottal stop|x (latin capital letter glottal stop - 0241)|x (modifier letter glottal stop - 02C0)
661	= reversed glottal stop|* voiced pharyngeal fricative|* ain|x (latin small letter ezh reversed - 01B9)|x (modifier letter reversed glottal stop - 02C1)|x (latin small letter pharyngeal voiced fricative - A7CF)
662	* lateral click|x (latin letter lateral click - 01C1)
663	* palatal (or alveolar) click|x (latin letter retroflex click - 01C3)|x (complement - 2201)
664	= bullseye|* this is a non-casing letter|x (circled dot operator - 2299)|x (cyrillic capital letter monocular o - A668)
665	* bilabial trill|x (cyrillic small letter ve - 0432)
666	= closed epsilon|* lower-mid front rounded vowel|* non-IPA alternate for the preferred 0153|x (latin small letter closed reversed open e - 025E)
667	* voiced uvular implosive
668	* voiceless epiglottal fricative|x (cyrillic small letter en - 043D)|x (modifier letter capital h - 1D34)|x (modifier letter capital h with stroke - A7F8)
669	* voiced palatal fricative|* uppercase is A7B2
670	* proposed for velar click|* uppercase is A7B0|x (latin letter small capital turned k - 1DF10)
671	* velar lateral approximant
672	* voiceless uvular implosive
673	* voiced epiglottal stop
674	* voiced epiglottal fricative
675	* voiced dental affricate|x (latin small letter dz digraph with retroflex hook - AB66)
676	* voiced postalveolar affricate
677	* voiced alveolo-palatal affricate
678	* voiceless dental affricate|x (latin letter inverted glottal stop with stroke - 01BE)|x (latin small letter ts digraph with retroflex hook - AB67)
679	* voiceless postalveolar affricate|x (latin small letter tz - A729)
680	* voiceless alveolo-palatal affricate
681	* velopharyngeal fricative
682	* lateral alveolar fricative (lisp)
683	* voiced lateral alveolar fricative
684	* audible lip smack
685	* audible teeth gnashing
686	= turned h with left hook|* labialized apical dental vowel|x (latin small letter turned h - 0265)
687	= turned h with left hook and tail|* labialized apical retroflex vowel|x (superscript latin small letter i - 2071)|x (superscript latin small letter n - 207F)
688	* aspiration|# <super> 0068
689	* breathy voiced, murmured|x (latin small letter h with hook - 0266)|x (combining diaeresis below - 0324)|# <super> 0266
690	* palatalization|x (combining palatalized hook below - 0321)|# <super> 006A
691	# <super> 0072
692	x (latin small letter turned r - 0279)|# <super> 0279
693	x (latin small letter turned r with hook - 027B)|# <super> 027B
694	* preceding four used for r-coloring or r-offglides|x (latin letter small capital inverted r - 0281)|# <super> 0281
695	* labialization|x (combining inverted double arch below - 032B)|# <super> 0077
696	* palatalization|* common Americanist usage for 02B2|# <super> 0079
697	* stress, emphasis|* transliteration of mjagkij znak (Cyrillic soft sign: palatalization)|* transliteration of Hebrew geresh|x (apostrophe - 0027)|x (acute accent - 00B4)|x (modifier letter acute accent - 02CA)|x (combining acute accent - 0301)|x (greek numeral sign - 0374)|x (hebrew punctuation geresh - 05F3)|x (prime - 2032)
698	* exaggerated stress, contrastive stress|* transliteration of tverdyj znak (Cyrillic hard sign: no palatalization)|x (quotation mark - 0022)|x (combining double acute accent - 030B)|x (double prime - 2033)
699	* typographical alternate for 02BD or 02BF|* used in some Polynesian orthographies for glottal stop|* Hawaiʻian: ʻokina|* Tongan: fakauʻa|x (combining turned comma above - 0312)|x (nko low tone apostrophe - 07F5)|x (left single quotation mark - 2018)
700	= apostrophe|* glottal stop, glottalization, ejective|* many languages use this as a letter of their alphabets|* used as a tone marker in Bodo and Dogri|* indicates vowel elongation, or various truncations and ellipsis in Maithili|* used as a modifier letter in the Lisu script|* 2019 is the preferred character for a punctuation apostrophe|x (apostrophe - 0027)|x (combining comma above - 0313)|x (combining comma above right - 0315)|x (armenian apostrophe - 055A)|x (nko high tone apostrophe - 07F4)|x (greek psili - 1FBF)|x (right single quotation mark - 2019)
701	* weak aspiration|x (combining reversed comma above - 0314)|x (armenian modifier letter left half ring - 0559)|x (greek dasia - 1FFE)|x (single high-reversed-9 quotation mark - 201B)
702	* transliteration of Arabic hamza (glottal stop)|* transliteration of Hebrew alef|x (armenian apostrophe - 055A)|x (hebrew letter alef - 05D0)|x (arabic letter hamza - 0621)
703	* transliteration of Arabic ain (voiced pharyngeal fricative)|* transliteration of Hebrew ayin|x (armenian modifier letter left half ring - 0559)|x (hebrew letter ayin - 05E2)|x (arabic letter ain - 0639)
704	* ejective or glottalized|* typographical alternate for 02BC or 02BE|x (latin letter glottal stop - 0294)|x (combining hook above - 0309)
705	* typographical alternate for 02BF|x (latin letter pharyngeal voiced fricative - 0295)
706	* fronted articulation
707	* backed articulation
708	* raised articulation|x (circumflex accent - 005E)|x (up arrowhead - 2303)
709	* lowered articulation
710	* rising-falling tone, falling tone, secondary stress, etc.|x (circumflex accent - 005E)|x (combining circumflex accent - 0302)|x (modifier letter low circumflex accent - A788)
711	= hacek|* falling-rising tone|* Mandarin Chinese third tone|x (combining caron - 030C)
712	* primary stress, downstep|* precedes letter or syllable modified|x (apostrophe - 0027)|x (combining vertical line above - 030D)|x (modifier letter high and low vertical line - 208F)
713	* high level tone|* precedes or follows letter or syllable modified|* Mandarin Chinese first tone|x (macron - 00AF)|x (combining macron - 0304)
714	* high-rising tone (IPA), high tone, primary stress|* Mandarin Chinese second tone|x (acute accent - 00B4)|x (modifier letter prime - 02B9)|x (combining acute accent - 0301)|x (greek numeral sign - 0374)|x (armenian emphasis mark - 055B)
715	* high-falling tone (IPA), low tone, secondary or tertiary stress|* Mandarin Chinese fourth tone|x (grave accent - 0060)|x (combining grave accent - 0300)|x (armenian comma - 055D)
716	* secondary stress|* precedes letter or syllable modified|x (combining vertical line below - 0329)
717	* low level tone|* used as a modifier letter in the Lisu script|x (low line - 005F)|x (combining macron below - 0331)
718	* low-falling tone
719	* low-rising tone|x (greek lower numeral sign - 0375)
720	* length mark|x (colon - 003A)
721	* half-length mark|x (middle dot - 00B7)
722	* more rounded articulation
723	* less rounded articulation
724	* vowel raising or closing|x (combining up tack below - 031D)|x (combining dot below - 0323)
725	* vowel lowering or opening|x (combining left half ring below - 031C)|x (combining down tack below - 031E)
726	* advanced or fronted articulation|x (combining plus sign below - 031F)
727	* retracted or backed articulation|* glyph may have small end-serifs|x (combining minus sign below - 0320)|x (minus sign - 2212)
728	x (combining breve - 0306)|# 0020 0306
729	* Mandarin Chinese fifth tone (light or neutral)|x (combining dot above - 0307)|# 0020 0307
730	x (degree sign - 00B0)|x (combining ring above - 030A)|# 0020 030A
731	x (combining ogonek - 0328)|# 0020 0328
732	x (tilde - 007E)|x (combining tilde - 0303)|x (tilde operator - 223C)|# 0020 0303
733	x (combining double acute accent - 030B)|# 0020 030B
734	* rhotacization in vowel|* often ligated: 025A = 0259 + 02DE; 025D = 025C + 02DE
735	* Swedish grave accent
736	* these modifier letters are occasionally used in transcription of affricates|# <super> 0263
737	# <super> 006C
738	# <super> 0073
739	# <super> 0078
740	# <super> 0295
749	x (modifier letter short equals sign - A78A)
750	* Nenets
755	x (combining ring below - 0325)
768	= Greek varia|* Pinyin: marks Mandarin Chinese fourth tone|x (grave accent - 0060)|x (modifier letter grave accent - 02CB)
769	= stress mark|= Greek oxia, tonos|* Pinyin: marks Mandarin Chinese second tone|x (apostrophe - 0027)|x (acute accent - 00B4)|x (modifier letter prime - 02B9)|x (modifier letter acute accent - 02CA)|x (greek tonos - 0384)
770	= hat|x (circumflex accent - 005E)|x (modifier letter circumflex accent - 02C6)
771	* IPA: nasalization|* Vietnamese tone mark|* distinguished from the Middle Vietnamese "apex" diacritic|x (tilde - 007E)|x (small tilde - 02DC)|x (combining macron-acute - 1DC4)
772	= long|* Pinyin: marks Mandarin Chinese first tone|* distinguish from the following|x (macron - 00AF)|x (modifier letter macron - 02C9)|x (combining minus sign above - 1AE2)
773	= overscore, vinculum|* connects on left and right|x (macron - 00AF)
774	= short|= Greek vrachy|x (breve - 02D8)|x (combining cyrillic kavyka - A67C)
775	= derivative (Newtonian notation)|x (dot above - 02D9)
776	= double dot above, umlaut|= Greek dialytika|= double derivative|x (diaeresis - 00A8)
777	= hoi|* kerns left or right of circumflex over vowels|* Vietnamese tone mark|x (modifier letter glottal stop - 02C0)
778	x (degree sign - 00B0)|x (ring above - 02DA)
779	* Hungarian, Chuvash|x (quotation mark - 0022)|x (modifier letter double prime - 02BA)|x (double acute accent - 02DD)
780	= hacek, V above|* Pinyin: marks Mandarin Chinese third tone|x (caron - 02C7)
781	* this is not the Greek tonos|* Marshallese|x (modifier letter vertical line - 02C8)
782	* Marshallese|x (quotation mark - 0022)
783	* Serbian and Croatian phonetics
784	x (devanagari sign candrabindu - 0901)
785	x (combining cyrillic palatalization - 0484)|x (combining cyrillic pokrytie - 0487)
786	= cedilla above|* Latvian (but not used in decomposition)|x (modifier letter turned comma - 02BB)
787	= Greek psili, smooth breathing mark|* Americanist: ejective or glottalization|x (modifier letter apostrophe - 02BC)|x (combining cyrillic psili pneumata - 0486)|x (armenian apostrophe - 055A)
788	= Greek dasia, rough breathing mark|x (modifier letter reversed comma - 02BD)|x (combining cyrillic dasia pneumata - 0485)|x (armenian modifier letter left half ring - 0559)
789	x (modifier letter apostrophe - 02BC)
792	x (combining left tack above - 1AE0)|x (modifier letter left tack - AB6A)
793	x (combining right tack above - 1AE1)|x (modifier letter right tack - AB6B)
794	* IPA: unreleased stop
795	* Vietnamese
796	* IPA: open variety of vowel|x (modifier letter down tack - 02D5)
797	* IPA: vowel raising or closing|x (modifier letter up tack - 02D4)|x (combining up tack above - 1DF5)
798	* IPA: vowel lowering or opening|x (modifier letter down tack - 02D5)|x (combining down tack above - 1ADB)
799	* IPA: advanced or fronted articulation|x (modifier letter plus sign - 02D6)|x (combining plus sign above - 1AC8)
800	* IPA: retracted or backed articulation|* glyph may have small end-serifs|x (modifier letter minus sign - 02D7)|x (combining minus sign above - 1AE2)
801	* IPA: palatalization|x (modifier letter small j - 02B2)
802	* IPA: retroflexion
803	= nang|* IPA: closer variety of vowel|* Americanist and Indo-Europeanist: retraction or retroflexion|* Semiticist: velarization or pharyngealization|* Vietnamese tone mark|x (modifier letter up tack - 02D4)
804	* IPA: breathy-voice or murmur|x (modifier letter small h with hook - 02B1)
805	* IPA: voiceless|* vocalic (in Latin transliteration of Indic sonorants)|* Madurese|x (modifier letter low ring - 02F3)
806	* Romanian, Latvian, Livonian
807	* French, Turkish, Azerbaijani|x (cedilla - 00B8)
808	= nasal hook|* Americanist: nasalization|* Polish, Lithuanian|x (ogonek - 02DB)|x (combining open mark below - 1AB7)
809	* IPA: syllabic|* Yoruba|* German dialectology|* may attach or not; shape may vary by local preferences|x (modifier letter low vertical line - 02CC)
810	* IPA: dental
811	= omega below|* IPA: labialization|x (modifier letter small w - 02B7)|x (combining inverted double arch above - 1AC7)
812	* IPA: voiced
813	* Americanist: fronted articulation
814	* Hittite transcription
815	* Americanist: fronted articulation (variant of 032D)|* Indo-Europeanist: semivowel
816	* IPA: creaky voice
817	x (low line - 005F)|x (modifier letter low macron - 02CD)
818	= underline, underscore|* connects on left and right|x (low line - 005F)
819	= double underline, double underscore|* connects on left and right|x (combining equals sign below - 0347)|x (double low line - 2017)
820	* IPA: velarization or pharyngealization
822	= strikethrough|* connects on left and right
823	= short slash overlay
824	= long slash overlay
826	* IPA: apical|x (combining inverted bridge above - 1AE3)|x (combining wide inverted bridge below - 1DF9)
827	* IPA: laminal|* preferred glyph shape is a horizontal rectangle for IPA usage|x (combining square above - 1AE4)
828	* IPA: linguolabial|x (combining seagull above - 1AE5)
830	= yerik|* used for Cyrillic yerik, indicates an omitted jer|* this is not a palatalization mark|x (combining cyrillic palatalization - 0484)|x (vertical tilde - 2E2F)|x (combining cyrillic payerok - A67D)
831	* connects on left and right
832	: 0300 combining grave accent
833	: 0301 combining acute accent
834	* Greek-specific form of circumflex for rising-falling accent|* alternative glyphs may be similar to an inverted breve, a circumflex, a tilde, or occasionally a macron|x (combining tilde - 0303)|x (combining inverted breve - 0311)
835	: 0313 combining comma above
836	* use of this character is discouraged|: 0308 0301
837	= greek non-spacing iota below (1.0)|= iota subscript|* note special casing issues|x (greek ypogegrammeni - 037A)|x (greek capital letter iota - 0399)
838	* ExtIPA: dentolabial|x (combining wide bridge above - 20E9)
839	* IPA: alveolar|x (combining equals sign above - 1AE8)
840	* IPA: strong articulation
841	* IPA: weak articulation|x (combining left angle centred above - 1AE9)
842	* IPA: denasal
843	* IPA: nasal escape
844	* IPA: velopharyngeal friction
845	* IPA: labial spreading|x (combining left right arrow above - 20E1)
846	* IPA: whistled articulation|x (combining upwards arrow above - 1AEA)
847	* commonly abbreviated as CGJ|* has no visible glyph
852	x (combining left arrowhead above - 1DFE)
856	* Latin transliterations of the Southern Min dialects of Chinese|x (combining dot above left - 1DF8)
857	x (low asterisk - 204E)
858	* Kharoshthi transliteration
859	* Latin abbreviation, Lithuanian phonetics and medievalist transcriptions
860	= ligature tie below, papyrological hyphen|* a common glyph alternate connects the horizontal midpoints of the characters|x (combining double breve - 035D)|x (combining double inverted breve - 0361)|x (combining ligature left half below - FE27)
864	x (combining double tilde left half - FE22)
865	= ligature tie|x (combining ligature left half - FE20)
866	* IPA: sliding articulation|x (combining double rightwards arrow above - 1AEB)
880	x (latin capital letter half h - 2C75)
881	x (latin small letter half h - 2C76)
884	= dexia keraia|* indicates numeric use of letters|x (modifier letter acute accent - 02CA)|: 02B9 modifier letter prime
885	= aristeri keraia|* indicates numeric use of letters|x (modifier letter low acute accent - 02CF)
890	= iota subscript|x (combining greek ypogegrammeni - 0345)|# 0020 0345
894	= erotimatiko|* sentence-final punctuation|* 003B is the preferred character|x (question mark - 003F)|: 003B semicolon
895	* lowercase is 03F3
900	x (acute accent - 00B4)|x (combining vertical line above - 030D)|# 0020 0301
901	* compatibility decomposition (NFKD) is 0020 0308 0301|: 00A8 0301
902	: 0391 0301
903	* functions in Greek like a semicolon|* 00B7 is the preferred character|: 00B7 middle dot
904	: 0395 0301
905	: 0397 0301
906	: 0399 0301
908	: 039F 0301
910	: 03A5 0301
911	: 03A9 0301
912	: 03CA 0301
915	= gamma function|x (double-struck capital gamma - 213E)
916	x (increment - 2206)
921	= iota adscript
928	x (double-struck capital pi - 213F)|x (n-ary product - 220F)
931	x (latin capital letter esh - 01A9)|x (n-ary summation - 2211)
937	x (ohm sign - 2126)|x (inverted ohm sign - 2127)
938	: 0399 0308
939	: 03A5 0308
940	: 03B1 0301
941	: 03B5 0301
942	: 03B7 0301
943	: 03B9 0301
944	: 03CB 0301
945	x (latin small letter alpha - 0251)|x (proportional to - 221D)
946	x (latin small letter sharp s - 00DF)|x (latin small letter b with stroke - 0180)|x (latin small letter beta - A7B5)
947	x (latin small letter gamma - 0263)|x (double-struck small gamma - 213D)
949	x (latin small letter open e - 025B)
952	x (latin small letter barred o - 0275)|x (cyrillic small letter fita - 0473)
953	x (latin small letter iota - 0269)|x (turned greek small letter iota - 2129)
955	= lambda|x (latin small letter lambda - A7DB)
956	x (micro sign - 00B5)
960	* math constant 3.141592...
962	= stigma (the Modern Greek name for this letterform)|* not to be confused with the actual stigma letter|x (greek small letter stigma - 03DB)
963	* used symbolically with a numeric value 200
965	x (latin small letter upsilon - 028A)|x (latin small letter v with hook - 028B)
966	* the ordinary Greek letter, showing considerable glyph variation|* in mathematical contexts, the loopy glyph is preferred, to contrast with 03D5|x (latin small letter phi - 0278)|x (greek phi symbol - 03D5)
967	x (latin small letter chi - AB53)
969	x (latin small letter omega - A7B7)
970	: 03B9 0308
971	: 03C5 0308
972	: 03BF 0301
973	: 03C5 0301
974	: 03C9 0301
975	x (greek kai symbol - 03D7)
976	= curled beta|# 03B2 greek small letter beta
977	= script theta|* used as a technical symbol|# 03B8 greek small letter theta
978	# 03A5 greek capital letter upsilon
979	: 03D2 0301
980	: 03D2 0308
981	* used as a technical symbol, with a stroked glyph|* maps to "phi1" symbol entities|# 03C6 greek small letter phi
982	= omega pi|* used as a technical symbol|* a variant of pi, looking like omega|# 03C0 greek small letter pi
983	* used as an ampersand|x (coptic symbol kai - 2CE4)
985	* the Q-shaped archaic koppas are the ordinary alphabetic letters and can also be used as symbols with a numeric value of 90 in classical and pre-classical texts
986	* apparently in origin a cursive form of digamma|* the name "stigma" originally applied to a medieval sigma-tau ligature, whose shape was confusably similar to the cursive digamma|* used as a symbol with a numeric value of 6|x (roman numeral six late form - 2185)
987	x (greek small letter final sigma - 03C2)
989	* used as a symbol with a numeric value of 6
991	* used in modern Greek as a symbol with a numeric value of 90, as in the dating of legal documentation
993	* used as a symbol with a numeric value of 900
1008	= script kappa|* used as technical symbol|# 03BA greek small letter kappa
1009	= tailed rho|* used as technical symbol|# 03C1 greek small letter rho
1010	= greek small letter lunate sigma (1.0)|# 03C2 greek small letter final sigma
1011	* uppercase is 037F
1012	x (cyrillic capital letter fita - 0472)|# 0398 greek capital letter theta
1013	= straight epsilon|x (small element of - 220A)|# 03B5 greek small letter epsilon
1014	= reversed straight epsilon|x (small contains as member - 220D)
1017	# 03A3 greek capital letter sigma
1020	* used with abbreviations containing 03C1
1021	= antisigma
1022	= sigma periestigmenon
1023	= antisigma periestigmenon
1024	: 0415 0300
1025	: 0415 0308
1027	: 0413 0301
1030	x (latin capital letter i - 0049)|x (cyrillic small letter byelorussian-ukrainian i - 0456)|x (cyrillic letter palochka - 04C0)
1031	: 0406 0308
1036	: 041A 0301
1037	: 0418 0300
1038	: 0423 0306
1041	x (latin small letter b with topbar - 0183)
1049	: 0418 0306
1059	x (cyrillic capital letter uk - 0478)|x (cyrillic small letter straight u - 04AF)|x (cyrillic capital letter monograph uk - A64A)
1081	: 0438 0306
1099	x (cyrillic small letter yeru with back yer - A651)
1100	x (latin small letter tone six - 0185)|x (cyrillic small letter neutral yer - A64F)
1102	x (cyrillic small letter reversed yu - A655)
1104	* Macedonian|: 0435 0300
1105	* Russian, ...|: 0435 0308
1106	* Serbian|x (latin small letter d with stroke - 0111)
1107	* Macedonian|: 0433 0301
1108	= Old Cyrillic yest
1109	* Macedonian|x (cyrillic small letter dzelo - A643)
1110	= Old Cyrillic i
1111	* Ukrainian|: 0456 0308
1112	* Serbian, Azerbaijani, Altay
1113	* Serbian, Macedonian|x (latin small letter lj - 01C9)
1114	* Serbian, Macedonian|x (latin small letter nj - 01CC)
1115	* Serbian|x (latin small letter c with acute - 0107)|x (latin small letter h with stroke - 0127)|x (cyrillic capital letter tshe - 040B)|x (planck constant over two pi - 210F)|x (cyrillic small letter djerv - A649)
1116	* Macedonian|: 043A 0301
1117	* Macedonian, Bulgarian|: 0438 0300
1118	* Byelorussian, Uzbek|: 0443 0306
1119	* Serbian, Macedonian, Abkhasian|x (latin small letter dz with caron - 01C6)
1121	x (cyrillic small letter broad omega - A64D)
1123	x (cyrillic small letter iotified yat - A653)|x (latin small letter sakha yat - AB60)
1125	x (latin small letter iotified e - AB61)
1127	x (cyrillic small letter closed little yus - A659)|x (cyrillic small letter blended yus - A65B)
1129	x (cyrillic small letter ya - 044F)|x (cyrillic small letter iotified closed little yus - A65D)
1131	x (cyrillic small letter blended yus - A65B)
1139	x (latin small letter barred o - 0275)|x (greek small letter theta - 03B8)
1142	: 0474 030F
1143	: 0475 030F
1144	* for "digraph onik" the preferred spelling is 041E 0443|* for "monograph uk" the preferred character is A64A|x (cyrillic capital letter u - 0423)
1145	* for "digraph onik" the preferred spelling is 043E 0443|* for "monograph uk" the preferred character is A64B
1148	= Cyrillic "beautiful omega"|* despite its name, this character does not have a titlo, nor is it composed of an omega plus a diacritic|x (cyrillic capital letter broad omega - A64C)
1149	x (greek small letter omega with psili and perispomeni - 1F66)
1155	* not used with titlo letters|x (combining cyrillic vzmet - A66F)
1156	* not used for kamora|x (modifier letter apostrophe - 02BC)|x (combining inverted breve - 0311)
1157	x (combining reversed comma above - 0314)|x (combining right tack above - 1AE1)|x (coptic combining spiritus asper - 2CF0)
1158	x (combining comma above - 0313)|x (combining left tack above - 1AE0)|x (coptic combining spiritus lenis - 2CF1)
1159	* used only with titlo letters|* also attested in Glagolitic|x (combining inverted breve - 0311)|x (combining cyrillic vzmet - A66F)
1160	* use 20DD for ten thousands sign
1161	x (combining cyrillic ten millions sign - A670)
1163	* Kildin Sami
1165	* Kildin Sami
1167	* Kildin Sami
1169	* Ukrainian
1171	* Azerbaijani, Bashkir, ...|* full bar form preferred over half-barred "F"-type
1173	* Yakut, older orthographies for Abkhasian
1175	* Tatar, ...
1177	* Bashkir|* letterforms with right hooks are preferred, although occasional variants with left hooks occur
1179	* Abkhasian, Tajik, ...
1181	* Azerbaijani
1183	* Abkhasian
1187	* Bashkir, ...
1189	* Altay, Mari, Yakut|* also used for soft en in Old Church Slavonic|* this is not a decomposable ligature
1191	* older orthographies for Abkhasian
1195	* Bashkir, Chuvash|* letterforms with right hooks are preferred, although occasional variants with left hooks occur|* in Chuvashia, letterforms identical to or similar in form to 00E7 regularly occur
1197	* Abkhasian
1199	* stem is straight, unlike LETTER U|* Azerbaijani, Bashkir, ...|x (cyrillic capital letter u - 0423)
1201	* Kazakh
1203	* Abkhasian, Tajik, Uzbek
1205	* Abkhasian|* this is not a decomposable ligature
1207	* Abkhasian, Tajik
1209	* Azerbaijani
1211	* originally derived from Latin "h", but uppercase form 04BA is closer to an inverted che (0427)|* Azerbaijani, Bashkir, ...|x (latin small letter h - 0068)
1215	* some older Abkhaz fonts show a descender shaped like a right hook (ogonek or reversed comma shape)
1216	* aspiration sign in many Caucasian languages|* is usually not cased, but the formal lowercase is 04CF|x (latin capital letter i - 0049)|x (cyrillic capital letter byelorussian-ukrainian i - 0406)
1217	: 0416 0306
1218	* Moldavian|: 0436 0306
1220	* Chukchi
1222	* Kildin Sami
1224	* Chukchi
1226	* Kildin Sami
1230	* Kildin Sami
1232	: 0410 0306
1233	: 0430 0306
1234	: 0410 0308
1235	: 0430 0308
1237	* this is not a decomposable ligature|x (latin small letter ae - 00E6)
1238	: 0415 0306
1239	: 0435 0306
1241	x (latin small letter schwa - 0259)
1242	: 04D8 0308
1243	: 04D9 0308
1244	: 0416 0308
1245	: 0436 0308
1246	: 0417 0308
1247	: 0437 0308
1249	x (latin small letter ezh - 0292)
1250	: 0418 0304
1251	: 0438 0304
1252	: 0418 0308
1253	: 0438 0308
1254	: 041E 0308
1255	: 043E 0308
1257	x (latin small letter barred o - 0275)
1258	: 04E8 0308
1259	: 04E9 0308
1260	: 042D 0308
1261	* Kildin Sami|: 044D 0308
1262	: 0423 0304
1263	: 0443 0304
1264	: 0423 0308
1265	: 0443 0308
1266	: 0423 030B
1267	: 0443 030B
1268	: 0427 0308
1269	: 0447 0308
1271	* Yupik
1272	: 042B 0308
1273	: 044B 0308
1295	x (cyrillic small letter tje - 1C8A)
1297	* also used for Enets
1299	* also used for Itelmen
1301	= voiceless l
1303	= voiceless r
1311	* used for [q] in Aleut
1313	= palatalized l
1315	= palatalized n
1317	* used in modern Abkhaz orthography|x (cyrillic small letter pe with middle hook - 04A7)
1327	* also used for Nenets
1368	* used in dialectology for Karabakh or Artsakh Armenian|# <super> 0567
1369	x (modifier letter reversed comma - 02BD)|x (modifier letter left half ring - 02BF)|x (combining reversed comma above - 0314)
1370	= armenian modifier letter right half ring (1.0)|x (modifier letter apostrophe - 02BC)|x (modifier letter right half ring - 02BE)|x (combining comma above - 0313)
1371	= shesht|x (modifier letter acute accent - 02CA)
1372	= batsaganchakan nshan|* marks intonation on word, rather than occurring finally
1373	= bowt|x (modifier letter grave accent - 02CB)
1374	= hartsakan nshan|* marks intonation on word, rather than occurring finally
1375	= patiw
1376	* used for phonetic notation
1415	# 0565 0582
1416	* used for phonetic notation
1417	= vertsaket|* may also be used for historic Georgian texts|x (colon - 003A)
1418	= yentamna
1419	# <super> 056B
1420	# <super> 0575
1422	* maps to AST 34.005:1997
1425	= atnah
1426	= segolta
1430	= tarha, me'ayla ~ mayla
1432	= tsinorit, zinorit; tsinor, zinor|* This character is to be used when Zarqa or Tsinor are placed above, and also for Tsinorit.|x (hebrew accent zinor - 05AE)
1436	= teres
1439	= pazer gadol
1441	= pazer qatan
1442	x (hebrew accent yerah ben yomo - 05AA)
1445	= yored
1448	= azla
1450	= galgal|x (hebrew accent atnah hafukh - 05A2)
1454	= tsinor; zarqa|* This character is to be used when Zarqa or Tsinor are placed above left.|x (hebrew accent zarqa - 0598)
1463	* furtive patah is not a distinct character
1464	* used generically or as qamats gadol in orthography which distinguishes that from qamats qatan|x (hebrew point qamats qatan - 05C7)
1468	= shuruq|* falls within the base letter|* as dagesh, used either generically or as dagesh qal in texts that distinguish that from dagesh hazaq
1469	= siluq|* may be used as a Hebrew accent sof pasuq
1471	x (hebrew point judeo-spanish varika - FB1E)
1472	= legarmeh|* may be treated as spacing punctuation, not as a point|x (vertical line - 007C)
1475	* may be used as a Hebrew punctuation colon|x (colon - 003A)
1477	* punctum extraordinarium (Psalms 27:13)|x (hebrew point hiriq - 05B4)
1478	* does not historically derive from the letter nun|x (hebrew letter nun - 05E0)
1479	x (hebrew point qamats - 05B8)
1480	x (hebrew point sheva - 05B0)
1481	x (hebrew point dagesh or mapiq - 05BC)|* used in texts that distinguish dagesh hazaq from dagesh gal
1488	= aleph|x (alef symbol - 2135)
1489	x (bet symbol - 2136)
1490	x (gimel symbol - 2137)
1491	x (dalet symbol - 2138)
1510	= zade
1520	= tsvey vovn
1522	= tsvey yudn
1523	x (apostrophe - 0027)
1524	x (quotation mark - 0022)
1540	* used for writing Samvat era dates in Urdu
1541	* may be used with Coptic Epact numbers
1542	x (cube root - 221B)
1543	x (fourth root - 221C)
1545	x (per mille sign - 2030)
1546	x (per ten thousand sign - 2031)
1548	* also used with Thaana and Syriac in modern text|x (comma - 002C)|x (turned comma - 2E32)|x (reversed comma - 2E41)
1552	* represents sallallahu alayhe wasallam "may God's peace and blessings be upon him"
1553	* represents alayhe assalam "upon him be peace"|x (arabic ligature alayhi as-salaam - FD47)
1554	* represents rahmatullah alayhe "may God have mercy upon him"|x (arabic ligature rahimahu allaah - FD40)
1555	* represents radi allahu 'anhu "may God be pleased with him"|x (arabic ligature radi allaahu anh - FD41)
1556	* sign placed over the name or nom-de-plume of a poet, or in some writings used to mark all proper names
1557	* marks a recommended pause position in some Qurans published in Iran and Pakistan|* should not be confused with the small TAH sign used as a diacritic for some letters such as 0679
1558	% ARABIC SMALL HIGH LIGATURE ALEF WITH YEH BARREE|* early Persian
1560	* should not be confused with 064E FATHA
1561	* should not be confused with 064F DAMMA
1562	* should not be confused with 0650 KASRA
1563	* also used with Thaana and Syriac in modern text|x (semicolon - 003B)|x (reversed semicolon - 204F)|x (turned semicolon - 2E35)
1564	* commonly abbreviated ALM|x (right-to-left mark - 200F)
1567	* also used with Thaana and Syriac in modern text|x (question mark - 003F)|x (reversed question mark - 2E2E)
1568	* used in Kashmiri to represent half ye / taler ye
1569	x (modifier letter right half ring - 02BE)
1570	: 0627 0653
1571	: 0627 0654
1572	: 0648 0654
1573	: 0627 0655
1574	* in Kyrgyz the hamza is consistently positioned to the top right in isolate and final forms|: 064A 0654
1593	x (latin small letter ezh reversed - 01B9)|x (modifier letter left half ring - 02BF)
1597	* Azerbaijani
1600	= kashida|* inserted to stretch characters or to carry tashkil with no base letter|* also used with Adlam, Hanifi Rohingya, Mandaic, Manichaean, Psalter Pahlavi, Sogdian, and Syriac
1605	* Sindhi uses a shape with a short tail
1609	* represents YEH-shaped dual-joining letter with no dots in any positional form|* not intended for use in combination with 0654|x (arabic letter yeh with hamza above - 0626)
1610	* loses its dots when used in combination with 0654|* retains its dots when used in combination with other combining marks|x (arabic letter yeh with two dots below and hamza above - 08A8)
1612	* a common alternative form is written as two intertwined dammas, one of which is turned 180 degrees
1613	x (arabic double vertical bar below - 10EFA)
1618	* marks absence of a vowel after the base consonant|* used in some Qurans to mark a long vowel as ignored|* can have a variety of shapes, including a circular one and a shape that looks like '06E1'|x (arabic small high dotless head of khah - 06E1)
1619	* used for madd jaa'iz in South Asian and Indonesian orthographies|x (arabic pepet - 0897)|x (arabic madda waajib - 089C)|x (arabic doubled madda - 089E)|x (arabic half madda over madda - 089F)
1620	* restricted to hamza and ezafe semantics|* is not used as a diacritic to form new letters
1623	= ulta pesh|* Kashmiri, Urdu
1624	* Baluchi|* indicates nasalization in Urdu
1625	* Pashto
1626	* African languages
1627	* African languages
1628	* African languages|* also used in Quranic text in African and other orthographies
1629	* African languages
1630	* Kalami
1631	* Kashmiri
1642	x (percent sign - 0025)
1644	x (apostrophe - 0027)|x (right single quotation mark - 2019)
1645	* appearance rather variable|x (asterisk - 002A)
1648	* actually a vowel sign, despite the name
1649	* Quranic Arabic
1650	* Baluchi, Kashmiri
1651	* Kashmiri|* this character is deprecated and its use is strongly discouraged|* use the sequence 0627 065F instead
1652	* Kazakh, Jawi|* forms digraphs|* in Jawi this character uses the fullsize hamza shape positioned at three-quarter height
1653	* preferred spelling is 0674 0627|# 0627 0674
1654	* preferred spelling is 0674 0648|# 0648 0674
1655	* preferred spelling is 0674 06C7|# 06C7 0674
1656	* preferred spelling is 0674 0649|# 064A 0674
1657	* Urdu
1658	* Sindhi
1659	* Sindhi
1660	* Pashto
1661	* Sindhi
1662	* Persian, Urdu, ...
1663	* Sindhi
1664	* Sindhi
1665	* Pashto|* represents the phoneme /dz/
1666	* not used in modern Pashto
1667	* Sindhi
1668	* Sindhi, Bosnian
1669	* Pashto, Khwarazmian|* represents the phoneme /ts/ in Pashto
1670	* Persian, Urdu, ...
1671	* Sindhi
1672	* Urdu
1673	* Pashto
1674	* Sindhi, early Persian, Pegon, Malagasy
1675	* Lahnda
1676	* Sindhi
1677	* Sindhi
1678	* older shape for DUL, now obsolete in Sindhi|* Burushaski
1679	* Sindhi|* current shape used for DUL
1680	* Old Urdu, not in current use
1681	* Urdu
1682	* Kurdish
1683	* Pashto
1684	* Kurdish, early Persian
1685	* Kurdish
1686	* Pashto
1687	* Dargwa
1688	* Persian, Urdu, ...
1689	* Sindhi
1690	* Pashto
1691	* early Persian
1692	* Moroccan Arabic
1693	* Turkic
1694	* Berber, Burushaski
1695	* Old Hausa
1696	* Jawi
1697	* Adighe
1698	* Maghrib Arabic
1699	* Ingush
1700	* Middle Eastern Arabic for foreign words|* Kurdish, Khwarazmian, early Persian, Jawi
1701	* North African Arabic for foreign words
1702	* Sindhi
1703	* Maghrib Arabic, Uyghur
1704	* Tunisian Arabic
1705	= kaf mashkula|* Persian, Urdu, Sindhi, ...
1706	* represents a letter distinct from Arabic KAF (0643) in Sindhi
1707	* Pashto|* may appear like an Arabic KAF (0643) with a ring below the base
1708	* use for the Jawi gaf is not recommended, although it may be found in some existing text data; recommended character for Jawi gaf is 0762|x (arabic letter keheh with dot above - 0762)
1709	* Uyghur, Kazakh, Moroccan Arabic, early Jawi, early Persian, ...
1710	* Berber, early Persian|* Pegon alternative for 08B4
1711	* Persian, Urdu, ...
1712	* Lahnda
1713	* Sindhi
1714	* not used in Sindhi
1715	* Sindhi
1716	* not used in Sindhi
1717	* Kurdish, Bosnian
1718	* Kurdish
1719	* Kurdish
1722	* Urdu, archaic Arabic|* dotless in all four contextual forms
1723	* Sindhi
1724	* Pashto
1725	* Jawi
1726	* forms aspirate digraphs in Urdu and other languages of South Asia|* represents the glottal fricative /h/ in Uyghur
1728	= arabic letter hamzah on ha (1.0)|* for Persian ezafe, Urdu izāfat, or similar cases, instead use 0654 over the language-appropriate base letter|* actually a ligature, not an independent letter|: 06D5 0654
1729	* Urdu
1730	* Urdu|* actually a ligature, not an independent letter|: 06C1 0654
1731	* Urdu
1732	* Kashmiri
1733	* Kyrgyz|* a glyph variant occurs which replaces the looped tail with a horizontal bar through the tail
1734	* Uyghur, Kurdish, Kazakh, Azerbaijani, Bosnian
1735	* Azerbaijani, Kazakh, Kyrgyz, Uyghur
1736	* Uyghur
1737	* Kazakh, Kyrgyz, Bosnian
1738	* Kurdish
1739	* Uyghur, Kazakh
1740	* Arabic, Persian, Urdu, Kashmiri, ...|* initial and medial forms of this letter have two horizontal dots below|* retains its dots in initial and medial forms when used in combination with 0654|x (arabic letter alef maksura - 0649)|x (arabic letter yeh - 064A)
1741	* Pashto, Sindhi|* should not be used in Kashmiri to represent half ye /taler ye|x (arabic letter kashmiri yeh - 0620)
1742	* Kurdish
1744	* Pashto, Uyghur|* used as the letter bbeh in Sindhi
1745	* Mende languages, Hausa
1746	* Urdu
1747	* Urdu|* actually a ligature, not an independent letter|: 06D2 0654
1748	* Urdu
1749	* Uyghur, Kazakh, Kyrgyz
1758	* indicates boundaries of parts of sections|* typically depicted as an eight-sided symbol, which may or may not appear starlike
1759	* smaller than the typical circular shape used for 0652
1760	* the term "rectangular zero" is a translation of the Arabic name of this sign|x (arabic small low upright rectangular zero - 10EF0)
1761	= Arabic jazm|* presentation form of 0652, using font technology to select the variant is preferred|* used in some Qurans to mark absence of a vowel|x (arabic sukun - 0652)
1764	* typically used with 06E5, 06E6, 06E7, and 08F3
1765	x (arabic small low waw - 08D3)|x (arabic small high waw - 08F3)
1769	* there is a range of acceptable glyphs for this character
1772	* also used in Quranic text in African and other orthographies to represent wasla, ikhtilas, etc.
1775	* also used in early Persian
1780	* Urdu and Kashmiri have a different glyph than Persian
1782	* Sindhi, Urdu, and Kashmiri have a different glyph than Persian
1783	* Sindhi, Urdu, and Kashmiri have a different glyph than Persian
1792	* marks the end of a paragraph
1793	* marks interrogations, imperatives, and pauses, especially in Biblical texts
1794	* marks subordinate clauses and minor pauses, especially in Biblical texts
1795	* marks expressions of wonder and has a distinct pausal value in Biblical texts
1796	* used at the end of verses of supplications
1797	* joins two words closely together in a context to which a rising tone is suitable
1798	* marks a dependent clause
1799	* marks the end of a subdivision of the apodosis, or latter part of a Biblical verse
1800	* marks a minor phrase division
1801	% SYRIAC SUBLINEAR COLON SKEWED LEFT|* marks the end of a real or rhetorical question|* character name is a misnomer
1802	* a contraction mark, mostly used in East Syriac|* placed at the end of an incomplete word
1803	* marks the beginning of a phrase, word, or morpheme that has a marginal note|x (division sign - 00F7)
1804	* marks the end of a section with a marginal note
1805	* marks the beginning of a phrase, word, or morpheme that has a marginal note
1807	= SAM|* marks the beginning of a Syriac abbreviation
1809	* used in East Syriac texts to indicate an etymological Alaph
1812	* used in Garshuni documents
1814	* ambiguous form for undifferentiated early dalath/rish
1820	* used in Garshuni documents
1822	* mostly used in East Syriac texts
1831	* used in Christian Palestinian Aramaic
1856	* feminine marker used with the Taw feminine suffix|x (combining dot above left - 1DF8)
1857	* indicates a plosive pronunciation
1858	* indicates an aspirated (spirantized) pronunciation
1859	* accent mark used in ancient manuscripts
1860	* accent mark used in ancient manuscripts
1861	* diacritic used in Turoyo for letters not found in Syriac
1862	* diacritic used in Turoyo for letters not found in Syriac
1863	* indication of a silent letter
1864	* indication of a silent letter|* also used to indicate numbers multiplied by a certain constant
1865	* a music mark|* also used in the Syrian Orthodox Anaphora book to mark the breaking of the Eucharist bread
1866	* a diacritic cross used in liturgical texts
1881	* Saraiki
1884	* Shina
1890	* Jawi, preferred to 06AC|x (arabic letter kaf with dot above - 06AC)
1891	* Moroccan Arabic, Amazigh, Burushaski|x (arabic letter ng - 06AD)
1894	* Maba
1895	* Arwi
1896	* Saraiki, Pathwari
1897	* Gojri
1899	* Torwali, Ormuri
1900	* Ormuri|* represents a voiced alveolo-palatal laminal fricative|x (latin small letter z with curl - 0291)
1901	* Kalami, Ormuri
2026	x (nko letter ra - 07D9)
2027	x (combining macron - 0304)
2028	x (combining tilde - 0303)
2029	x (combining dot above - 0307)
2030	x (combining circumflex accent - 0302)
2034	x (combining dot below - 0323)
2035	x (combining diaeresis - 0308)
2036	x (modifier letter apostrophe - 02BC)
2037	x (modifier letter turned comma - 02BB)
2038	* indicates remote future placement of the topic under discussion
2039	* marks end of a major section of text|* symbol represents the three stones holding a cooking pot over a fire
2042	x (low line - 005F)|x (arabic tatweel - 0640)
2045	* used to abbreviate units of measure|x (combining bridge below - 032A)
2046	x (nko letter da - 07D8)
2047	x (nko letter ta - 07D5)
2076	= fatha al-nida
2078	= fatha al-ima
2081	= fatha al-iha
2085	= fatha
2086	= damma
2089	= kasra
2096	= word separator
2097	= interruption
2098	= restraint
2099	= prayer
2100	= surprise
2101	= question
2104	= shouting
2105	= end of section
2106	= outburst
2107	= teaching
2108	= submissiveness
2109	= full stop
2110	= rest
2112	= a
2117	= u
2119	= pharyngeal hu
2121	= i
2134	= di
2144	x (malayalam letter nga - 0D19)
2145	x (malayalam letter ja - 0D1C)
2146	x (malayalam letter nya - 0D1E)
2147	x (malayalam letter tta - 0D1F)
2148	x (malayalam letter nna - 0D23)
2149	x (malayalam letter nnna - 0D29)
2150	x (malayalam letter bha - 0D2D)
2151	x (malayalam letter ra - 0D30)
2152	x (malayalam letter lla - 0D33)
2153	x (malayalam letter llla - 0D34)
2154	x (malayalam letter ssa - 0D37)
2182	* no final or isolated forms are attested
2187	* Pegon, Malagasy
2188	* Pegon alternative for 088B
2189	* Sundanese Pegon
2190	* mark used to indicate abbreviations in early movable type texts from Iran|* only attested in final form
2191	= arnoon
2192	* Egyptian pound
2193	* Egyptian piastre
2199	x (arabic maddah above - 0653)
2204	x (arabic maddah above - 0653)
2209	* Adamawa Fulfulde (Cameroon)|* used for the implosive bilabial stop|x (latin small letter b with hook - 0253)
2216	* Adamawa Fulfulde|* used for the implosive palatal approximant, realized as pharyngealization of the approximant|x (latin small letter y with hook - 01B4)
2217	* Adamawa Fulfulde|* used for the voiced palatal nasal|x (latin small letter n with left hook - 0272)
2218	= bottya-reh
2219	= nota-wa
2220	= bottya-yeh
2221	* Bashkir, Tatar
2222	* Belarusian|* Pegon alternative for 068A
2223	* Belarusian
2224	* Crimean Tatar, Chechen, Lak
2225	* Tatar
2228	* also used in Pegon|x (arabic letter kaf with three dots below - 06AE)
2235	* initial and medial forms have one dot below|x (arabic letter dotless feh - 06A1)|x (arabic letter feh with dot moved below - 06A2)
2236	* initial and medial forms have one dot above|x (arabic letter dotless qaf - 066F)|x (arabic letter qaf with dot above - 06A7)|x (arabic letter african qaf with three dots above - 08C4)
2237	* initial and medial forms have one dot above|x (arabic letter noon ghunna - 06BA)|x (arabic letter noon - 0646)
2244	* this letter shows an additional single dot above for the qaf only in initial and medial forms|x (arabic letter african qaf - 08BC)
2251	x (arabic small yeh barree with two dots below - 10EC5)
2252	= sign of waqf
2257	x (arabic large circle above - 10ECF)
2265	x (arabic small low noon - 10EFB)
2269	x (arabic small low word sakta - 10EFD)
2288	= successive fathatan
2289	= successive dammatan
2290	= successive kasratan
2294	* also used in Philippine languages
2296	* also used in Quranic text in African and other orthographies to represent damma
2299	* also used in Quranic text in African and other orthographies to represent dammatan
2302	* Philippine languages
2304	= vaidika adhomukha candrabindu
2305	= anunasika|x (combining candrabindu - 0310)
2306	= bindu
2308	* used for short e in Awadhi|* also used in Devanagari transliterations of some South Indian and Kashmiri languages by a publisher in Lucknow
2318	* Kashmiri, Bihari languages|* also used for transcribing Dravidian short e
2322	* Kashmiri, Bihari languages|* also used for transcribing Dravidian short o
2345	* for transcribing Dravidian alveolar n|: 0928 093C
2353	* for transcribing Dravidian alveolar r|* half form is represented as "Eyelash RA"|: 0930 093C
2356	* for transcribing Dravidian l|: 0933 093C
2364	* for extending the alphabet to new letters
2367	* stands to the left of the consonant
2373	= candra
2374	* Kashmiri, Bihari languages|* also used for transcribing Dravidian short e
2378	* Kashmiri, Bihari languages|* also used for transcribing Dravidian short o
2381	= halant (the preferred Hindi name)|* suppresses inherent vowel
2382	* character has historic use only|* combines with E to form AI, with AA to form O, and with O to form AU
2383	* Kashmiri, Bihari languages
2384	x (om symbol - 1F549)
2385	= Vedic tone svarita|* mostly used for svarita, with rare use for udatta|* used also in Vedic texts written in other scripts|x (vedic tone double svarita - 1CDA)
2386	= Vedic tone anudatta|* used also in Vedic texts written in other scripts|x (vedic tone kathaka anudatta - 1CDC)
2387	x (combining grave accent - 0300)
2388	x (combining acute accent - 0301)
2389	* used in transliteration of Avestan
2392	: 0915 093C
2393	: 0916 093C
2394	: 0917 093C
2395	: 091C 093C
2396	: 0921 093C
2397	: 0922 093C
2398	: 092B 093C
2399	: 092F 093C
2404	= purna viram|* phrase separator
2405	= deergh viram
2406	* also used to represent an anusvara following digits indicating secondary svara-s in Samavedic texts
2416	* intended for Devanagari-specific abbreviations
2425	* used in transliteration of Avestan|x (gujarati letter zha - 0AF9)
2426	* used for an affricated glide JJYA
2429	* used for writing Limbu in Devanagari|* a glyph variant has the connecting top bar
2432	= siddham, siddhirastu|* used at the beginning of texts as an invocation
2476	= Bengali va, wa
2492	* for extending the alphabet to new letters
2495	* stands to the left of the consonant
2503	* stands to the left of the consonant
2504	* stands to the left of the consonant
2507	: 09C7 09BE
2508	: 09C7 09D7
2509	= hasant (Bengali term for halant)
2510	* a dead consonant form of ta, without implicit vowel, used in some sequences
2524	: 09A1 09BC
2525	: 09A2 09BC
2527	: 09AF 09BC
2532	x (devanagari danda - 0964)
2533	x (devanagari double danda - 0965)
2544	= Assamese letter ra
2545	= Assamese letter wa|= bengali letter va with lower diagonal (1.0)
2546	= taka|* historic currency sign
2547	= Bangladeshi taka
2548	* not in current usage
2549	* not in current usage
2550	* not in current usage
2554	= ishvar|* represents the name of a deity|= svargiya|* written before the name of a deceased person
2558	* indicates external sandhi in Sanskrit documents|x (bengali sign avagraha - 09BD)|x (sharada sandhi mark - 111C9)|x (newa sandhi mark - 1145E)
2565	= aira
2611	: 0A32 0A3C
2614	: 0A38 0A3C
2620	= pairin bindi|* for extending the alphabet to new letters
2622	= kanna
2623	= sihari|* stands to the left of the consonant
2624	= bihari
2625	= aunkar
2626	= dulainkar
2631	= lanvan
2632	= dulanvan
2635	= hora
2636	= kanaura
2649	: 0A16 0A3C
2650	: 0A17 0A3C
2651	: 0A1C 0A3C
2654	: 0A2B 0A3C
2660	x (devanagari danda - 0964)
2661	x (devanagari double danda - 0965)
2672	* nasalization
2673	* doubles following consonant
2676	* God is One
2677	* some fonts use an alternate glyph shaped more like the lower part of 0A2F
2678	x (sharada abbreviation sign - 111C7)
2700	* used with Sanskrit text
2748	* for extending the alphabet to new letters
2751	* stands to the left of the consonant
2788	x (devanagari danda - 0964)
2789	x (devanagari double danda - 0965)
2801	* preferred spelling is 0AB0 0AC2 0AF0
2809	* used in transliteration of Avestan|x (devanagari letter zha - 0979)
2860	x (oriya letter va - 0B35)
2863	= ja
2869	* Kui uses an alternate glyph with the dot above the small circle|x (oriya letter ba - 0B2C)
2876	* for extending the alphabet to new letters
2887	* stands to the left of the consonant
2888	* pieces left of and above the consonant|: 0B47 0B56
2891	: 0B47 0B3E
2892	: 0B47 0B57
2899	* Kui
2900	* Kui
2901	* Kuvi, Kui
2908	= dda|: 0B21 0B3C
2909	= ddha|: 0B22 0B3C
2911	= ya
2916	x (devanagari danda - 0964)
2917	x (devanagari double danda - 0965)
2929	x (oriya letter o - 0B13)|x (oriya letter va - 0B35)
2946	* not used in Tamil
2947	= aytham|* just as for the Tamil pulli, the glyph for aytham may use either dots or rings
2964	: 0B92 0BD7
2969	* also denotes the measure kuruni/marakkaal|x (tamil sign kuruni - 11FDA)
2980	* also denotes the measure thuuni|x (tamil sign mukkuruni - 11FDC)
2986	= maa|x (tamil fraction one twentieth - 11FC8)
2995	* also denotes the measure kalam|x (tamil sign mukkuruni - 11FDC)
2997	x (tamil fraction one quarter - 11FD0)
3014	* stands to the left of the consonant
3015	* stands to the left of the consonant
3016	* stands to the left of the consonant
3018	: 0BC6 0BBE
3019	: 0BC7 0BBE
3020	: 0BC6 0BD7
3021	= pulli
3044	x (devanagari danda - 0964)
3045	x (devanagari double danda - 0965)
3059	= naal, naali/padi|* denotes a measure of grain that equals 2 uri or 4 ulakku|x (tamil sign muuvuzhakku - 11FD9)|= pillaiyaar suli|* denotes auspiciousness
3060	= maatham
3061	= varudam
3062	= patru
3063	= eduppu|* denotes incoming cash which is set aside for unknown expenses|* sometimes used as the credit sign; the traditional credit sign is distinct|x (tamil traditional credit sign - 11FE8)
3064	= merpadi
3065	= rupai|x (tamil land sign - 11FE6)
3066	= enn, niluvai|* denotes balance|* sometimes used as the number sign; the traditional number sign is distinct|x (tamil traditional number sign - 11FE9)
3073	= arasunna|* indicates a contextually elided nasal
3074	= sunna|* used in Prakrit language texts to indicate gemination of the following consonant
3076	* used in Prakrit language texts for the linguistic anusvara
3132	* used for Tamil transliteration and Perso-Arabic phonemes|* can also appear as a large dot, should be placed sufficiently below the baseline of a consonant to avoid confusion/collision with the aspiration marker
3144	: 0C46 0C56
3149	= halant (the preferred name)
3162	* letter for an alveolar consonant whose exact phonetic value is not known
3164	* auspicious word shrii|* does not combine with other letters
3165	* vowelless form of na|x (kannada letter nakaara pollu - 0CDD)|x (malayalam letter chillu n - 0D7B)
3172	x (devanagari danda - 0964)
3173	x (devanagari double danda - 0965)
3191	= siddhirastu|* used at the beginning of texts as an invocation|x (devanagari sign siddham - A8FC)|x (sharada sign siddham - 111DB)
3202	* used in Konkani, Havyaka Kannada (Havigannada) and Awadhi texts to indicate regular anusvara
3204	= siddhirastu|* used at the beginning of texts as an invocation|x (devanagari sign siddham - A8FC)|x (sharada sign siddham - 111DB)
3264	: 0CBF 0CD5
3271	: 0CC6 0CD5
3272	: 0CC6 0CD6
3274	: 0CC6 0CC2
3275	: 0CCA 0CD5
3277	* preferred name is halant
3292	* auspicious word shrii|* does not combine with other letters
3293	* vowelless form of na|x (telugu letter nakaara pollu - 0C5D)|x (malayalam letter chillu n - 0D7B)
3294	% KANNADA LETTER LLLA|* obsolete historic letter|* name is a mistake for LLLA
3300	x (devanagari danda - 0964)
3301	x (devanagari double danda - 0965)
3313	x (vedic sign jihvamuliya - 1CF5)
3314	x (vedic sign upadhmaniya - 1CF6)
3315	* used in Konkani, Havyaka Kannada (Havigannada) and Awadhi texts to indicate anunāsikā
3330	* used in Prakrit language texts to indicate gemination of the following consonant
3354	= cha
3355	= chha
3358	= nha
3359	= ta
3360	= tta
3361	= hard da
3362	= hard dda
3363	= hard na
3364	= tha
3365	= ttha
3366	= soft da
3367	= soft dda
3369	* scholarly use only
3374	* also used to denote the fraction one eightieth (kaani)
3380	= zha
3382	= soft sha
3383	= sha
3386	* scholarly use only
3389	= praslesham
3398	* stands to the left of the consonant
3399	* stands to the left of the consonant
3400	* stands to the left of the consonant
3402	: 0D46 0D3E
3403	: 0D47 0D3E
3404	* archaic form of the /au/ dependent vowel|x (malayalam au length mark - 0D57)|: 0D46 0D57
3405	= candrakkala (the preferred name)|= vowel half-u
3406	* not used in reformed modern Malayalam orthography
3407	* used historically to measure rice
3415	* used alone to write the /au/ dependent vowel in modern texts|x (malayalam vowel sign au - 0D4C)
3416	= arakaani
3417	= aramaa
3418	= muunnukaani
3419	= orumaa
3420	= rantumaa
3421	= muunnumaa
3422	= naalumaa
3428	x (devanagari danda - 0964)
3429	x (devanagari double danda - 0965)
3443	= kaal|x (north indic fraction one quarter - A830)
3444	= ara|x (north indic fraction one half - A831)
3445	= mukkaal|x (north indic fraction three quarters - A832)
3446	= maakaani
3447	= arakkaal
3448	= muntaani
3452	* historically derived from the full letter ra|* also used for chillu r
3453	* historically derived from the full letter ta|* used for chillu t and chillu d
3457	* used in Sanskrit
3458	= anusvara
3459	= visarga
3461	= sinhala letter a
3462	= sinhala letter aa
3463	= sinhala letter ae
3464	= sinhala letter aae
3465	= sinhala letter i
3466	= sinhala letter ii
3467	= sinhala letter u
3468	= sinhala letter uu
3469	= sinhala letter vocalic r
3470	= sinhala letter vocalic rr
3471	= sinhala letter vocalic l
3472	= sinhala letter vocalic ll
3473	= sinhala letter e
3474	= sinhala letter ee
3475	= sinhala letter ai
3476	= sinhala letter o
3477	= sinhala letter oo
3478	= sinhala letter au
3482	= sinhala letter ka
3483	= sinhala letter kha
3484	= sinhala letter ga
3485	= sinhala letter gha
3486	= sinhala letter nga
3487	= sinhala letter nnga
3488	= sinhala letter ca
3489	= sinhala letter cha
3490	= sinhala letter ja
3491	= sinhala letter jha
3492	= sinhala letter nya
3493	= sinhala letter jnya
3494	= sinhala letter nyja
3495	= sinhala letter tta
3496	= sinhala letter ttha
3497	= sinhala letter dda
3498	= sinhala letter ddha
3499	= sinhala letter nna
3500	= sinhala letter nndda
3501	= sinhala letter ta
3502	= sinhala letter tha
3503	= sinhala letter da
3504	= sinhala letter dha
3505	= sinhala letter na
3507	= sinhala letter nda
3508	= sinhala letter pa
3509	= sinhala letter pha
3510	= sinhala letter ba
3511	= sinhala letter bha
3512	= sinhala letter ma
3513	= sinhala letter mba
3514	= sinhala letter ya
3515	= sinhala letter ra
3517	= sinhala letter la|* dental
3520	= sinhala letter va
3521	= sinhala letter sha
3522	= sinhala letter ssa|* retroflex
3523	= sinhala letter sa|* dental
3524	= sinhala letter ha
3525	= sinhala letter lla|* retroflex
3526	= sinhala letter fa
3530	= virama
3535	= sinhala vowel sign aa
3536	= sinhala vowel sign ae
3537	= sinhala vowel sign aae
3538	= sinhala vowel sign i
3539	= sinhala vowel sign ii
3540	= sinhala vowel sign u
3542	= sinhala vowel sign uu
3544	= sinhala vowel sign vocalic r
3545	= sinhala vowel sign e
3546	= sinhala vowel sign ee|: 0DD9 0DCA
3547	= sinhala vowel sign ai
3548	= sinhala vowel sign o|: 0DD9 0DCF
3549	= sinhala vowel sign oo|: 0DDC 0DCA
3550	= sinhala vowel sign au|: 0DD9 0DDF
3551	= sinhala vowel sign vocalic l
3570	= sinhala vowel sign vocalic rr
3571	= sinhala vowel sign vocalic ll
3572	x (tamil punctuation end of text - 11FFF)
3620	* independent vowel letter used to write Sanskrit
3622	* independent vowel letter used to write Sanskrit
3630	= ho nok huk
3631	= paiyan noi|* ellipsis, abbreviation
3634	x (thai character lakkhangyao - 0E45)
3635	# 0E4D 0E32
3639	= sara uue
3642	* Pali virama
3651	= sara ai mai muan
3652	= sara ai mai malai
3653	= lakkhang yao|* special vowel length indication used with 0E24 or 0E26|x (thai character sara aa - 0E32)
3654	= mai yamok|* repetition
3655	= mai taikhu
3660	* cancellation mark|x (khmer sign toandakhiat - 17CD)
3661	= nikkhahit|* final nasal
3662	x (lao yamakkan - 0ECE)
3663	* used as a bullet|x (khmer sign phnaek muan - 17D9)
3674	* used to mark end of long sections|* used in combination with 0E30 to mark end of a verse
3675	* used to mark end of chapter or document|x (khmer sign koomuut - 17DA)
3713	= ko kay
3714	= kho khay
3716	= kho khuay
3719	= ngo ngu, ngo ngua
3720	= co cok, co cua
3722	= so sang
3725	= nyo nyung
3732	= do dek
3733	= to ta
3734	= tho thong
3735	= tho thung
3737	= no nok
3738	= bo be, bo bet
3739	= po pa
3740	= pho pheng
3741	% LAO LETTER FO FON|= fo fa|* name is a mistake for fo sung
3742	= pho phu
3743	% LAO LETTER FO FAY|* name is a mistake for fo tam
3745	= mo mew, mo ma
3746	= yo ya
3747	% LAO LETTER RO|= ro rot|* name is a mistake, lo ling is the mnemonic for 0EA5
3749	% LAO LETTER LO|= lo ling|* name is a mistake, lo loot is the mnemonic for 0EA3
3751	= wo wi
3754	= so sya
3755	= ho hay, ho han
3757	= o o
3758	= ho hya, ho hyan
3761	* vowel shortener
3763	# 0ECD 0EB2
3771	= mai kong
3773	= nyo fyang
3779	= mai muan
3780	= mai may
3782	* repetition
3789	* final nasal or long o vowel
3790	* marks a consonant that is simultaneously a part of two consonant clusters in Pali text|x (thai character yamakkan - 0E4E)
3804	# 0EAB 0E99
3805	# 0EAB 0EA1
3844	* honorific; marks beginning of text or start of new folio|x (mongolian birga - 1800)
3845	* follows and ligates with initial yig-mgo
3848	* separates sections of meaning equivalent to topics and sub-topics
3849	* list enumerator, used in Bhutan
3850	* petition honorific, used in Bhutan
3851	= tsek|* morpheme delimiter (approximate meaning)|* the normal tsheg; provides a break opportunity|* character name is a misnomer
3852	* a non-breaking tsheg; inhibits line breaking|* character name is a misnomer|# <noBreak> 0F0B
3853	= shey|* marks end of a section of text (tshig-grub)|x (devanagari danda - 0964)
3854	* marks end of a whole topic (don-tshan)|x (devanagari double danda - 0965)
3857	* shad which follows a tsheg-bar that starts a new line
3860	* used as a comma-like text delimiter|x (khmer sign camnuc pii kuuh - 17D6)
3864	* combines with digits
3865	* combines with digits
3868	x (alchemical symbol for oil - 1F746)
3871	= deka dena|* normally indicates a neutral fortune|* may also signify good luck earlier, bad luck later|x (tibetan sign rdel nag rdel dkar - 0FCE)
3892	* repetition
3893	* honorific, emphasis; used like underlining
3894	* marks point of text insertion or annotation
3895	* emphasis; used like underlining
3897	* a lenition mark
3899	* brackets
3901	* used for bracketing with a roof over
3903	* marks which combine with digits
3907	: 0F42 0FB7
3917	: 0F4C 0FB7
3922	: 0F51 0FB7
3927	: 0F56 0FB7
3932	: 0F5B 0FB7
3938	* when followed by a subjoined letter = ra mgo
3941	= reversed sha
3944	* base for dependent vowels
3945	: 0F40 0FB5
3946	* fixed-form letter not showing the shape variation of the ordinary ra|* used only in transliteration and transcription|x (tibetan letter ra - 0F62)
3953	= a-chung|* common, vowel-lengthening mark
3955	* use of this character is discouraged|: 0F71 0F72
3957	* use of this character is discouraged|: 0F71 0F74
3958	: 0FB2 0F80
3959	* this character is deprecated and its use is strongly discouraged|# 0FB2 0F81
3960	: 0FB3 0F80
3961	* this character is deprecated and its use is strongly discouraged|# 0FB3 0F81
3966	= anusvara
3967	= visarga
3969	* use of this character is discouraged|: 0F71 0F80
3971	x (devanagari sign candrabindu - 0901)
3972	= srog med|x (devanagari sign virama - 094D)
3973	* transliteration of Sanskrit avagraha|x (devanagari sign avagraha - 093D)
3976	x (vedic sign jihvamuliya - 1CF5)|x (mongolian letter ali gali damaru - 1882)
3977	x (vedic sign upadhmaniya - 1CF6)|x (mongolian letter ali gali inverted ubadama - 1884)
3978	* always followed by 0F82
3980	x (mongolian letter ali gali ubadama - 1883)
3987	: 0F92 0FB7
3997	: 0F9C 0FB7
4002	: 0FA1 0FB7
4007	: 0FA6 0FB7
4012	: 0FAB 0FB7
4013	= wa-zur, wa-btags (wa ta)
4016	= a-chung|* rare, only used for full-sized subjoined letter|x (tibetan vowel sign aa - 0F71)
4017	= ya-btags (ya ta)
4018	= ra-btags (ra ta)
4021	= reversed subjoined sha
4025	: 0F90 0FB5
4030	* often repeated three times; indicates a refrain
4031	* marks point of text insertion or annotation|x (reference mark - 203B)
4032	* marks a heavy drum beat
4033	* marks a light drum beat
4034	* symbol of a small Tibetan hand drum
4035	* symbol of a Tibetan cymbal
4036	* symbol of a Tibetan hand bell|x (bell - 1F514)
4042	* the double body symbol|x (yin yang - 262F)
4043	* the tri-kaya or triple body symbol
4044	* the quadruple body symbol, a form of the svasti sign|x (left-facing svasti sign - 0FD6)
4046	= dena deka|* signifies bad luck earlier, good luck later|x (tibetan sign rdel dkar rdel nag - 0F1F)
4048	% TIBETAN MARK BKA- SHOG GI MGO RGYAN|* used in Bhutan
4049	* used in Bhutan
4050	= nyi tsek
4051	= da nying yik go dun ma
4052	= da nying yik go kab ma
4053	= gyung drung nang -khor|* symbol of good luck and well-being in India|x 5350
4054	= gyung drung phyi -khor|x 534D
4055	= gyung drung nang -khor bzhi mig can
4056	= gyung drung phyi -khor bzhi mig can
4096	~ 1000 FE00 dotted form
4098	~ 1002 FE00 dotted form
4100	~ 1004 FE00 dotted form
4112	~ 1010 FE00 dotted form
4113	~ 1011 FE00 dotted form
4117	~ 1015 FE00 dotted form
4121	~ 1019 FE00 dotted form
4122	~ 101A FE00 dotted form
4124	~ 101C FE00 dotted form
4125	~ 101D FE00 dotted form
4129	* also represents the glottal stop as a consonant
4130	~ 1022 FE00 dotted form
4134	: 1025 102E
4145	* stands to the left of the consonant|~ 1031 FE00 dotted form
4151	= aukmyit|* a tone mark
4154	= killer (always rendered visibly)
4170	x (devanagari danda - 0964)
4171	x (devanagari double danda - 0965)
4213	~ 1075 FE00 dotted form
4216	~ 1078 FE00 dotted form
4218	~ 107A FE00 dotted form
4224	~ 1080 FE00 dotted form
4256	x (georgian small letter an - 2D00)
4304	x (georgian mtavruli capital letter an - 1C90)
4347	x (three dot punctuation - 2056)
4348	# <super> 10DC
4352	= G
4353	= GG
4354	= N
4355	= D
4356	= DD
4357	= R
4358	= M
4359	= B
4360	= BB
4361	= S|* voiceless lenis alveolar fricative
4362	= SS|* voiceless fortis alveolar fricative
4363	* zero sound
4364	= J|* voiceless or voiced lenis alveolar affricate
4365	= JJ|* voiceless unaspirated fortis alveolar affricate
4366	= C|* voiceless aspirated alveolar affricate
4367	= K
4368	= T
4369	= P
4370	= H|* voiceless glottal fricative
4412	* voiceless lenis dental fricative
4413	* voiceless fortis dental fricative
4414	* voiceless lenis retroflex fricative
4415	* voiceless fortis retroflex fricative
4416	* voiced alveolar fricative
4428	* velar nasal consonant
4430	* voiceless or voiced lenis dental affricate
4431	* voiceless unaspirated fortis dental affricate
4432	* voiceless or voiced lenis retroflex affricate
4433	* voiceless unaspirated fortis retroflex affricate
4436	* voiceless aspirated dental affricate
4437	* voiceless aspirated retroflex affricate
4441	* glottal stop
4449	= A
4450	= AE
4451	= YA
4452	= YAE
4453	= EO
4454	= E
4455	= YEO
4456	= YE
4457	= O
4458	= WA
4459	= WAE
4460	= OE
4461	= YO
4462	= U
4463	= WEO
4464	= WE
4465	= WI
4466	= YU
4467	= EU
4468	= YI
4469	= I
4510	* rounded open-mid back vowel
4520	= G
4521	= GG
4522	= GS
4523	= N
4524	= NJ
4525	= NH
4526	= D
4527	= L
4528	= LG
4529	= LM
4530	= LB
4531	= LS
4532	= LT
4533	= LP
4534	= LH
4535	= M
4536	= B
4537	= BS
4538	= S
4539	= SS
4540	= NG|* velar nasal consonant
4541	= J
4542	= C
4543	= K
4544	= T
4545	= P
4546	= H
4588	% HANGUL JONGSEONG YESIEUNG-KIYEOK
4589	% HANGUL JONGSEONG YESIEUNG-SSANGKIYEOK
4590	% HANGUL JONGSEONG SSANGYESIEUNG
4591	% HANGUL JONGSEONG YESIEUNG-KHIEUKH
4682	x (ethiopic syllable gurage qwi - 1E7F0)
4684	x (ethiopic syllable gurage qwee - 1E7F1)
4685	x (ethiopic syllable gurage qwe - 1E7F2)
4786	x (ethiopic syllable gurage kwi - 1E7F5)
4788	x (ethiopic syllable gurage kwee - 1E7F6)
4789	x (ethiopic syllable gurage kwe - 1E7F7)
4800	x (ethiopic syllable gurage hhwa - 1E7E8)
4802	x (ethiopic syllable hhwi - 1E7E9)
4804	x (ethiopic syllable hhwee - 1E7EA)
4805	x (ethiopic syllable hhwe - 1E7EB)
4882	x (ethiopic syllable gurage gwi - 1E7F8)
4884	x (ethiopic syllable gurage gwee - 1E7F9)
4885	x (ethiopic syllable gurage gwe - 1E7FA)
4957	* Basketo
4958	* Basketo
4993	x (ethiopic syllable gurage mwi - 1E7ED)
4994	x (ethiopic syllable gurage mwee - 1E7EE)
4997	x (ethiopic syllable gurage bwi - 1E7F3)
4998	x (ethiopic syllable gurage bwee - 1E7F4)
5001	x (ethiopic syllable gurage fwi - 1E7FB)
5002	x (ethiopic syllable gurage fwee - 1E7FC)
5005	x (ethiopic syllable gurage pwi - 1E7FD)
5006	x (ethiopic syllable gurage pwee - 1E7FE)
5121	* Inuktitut (AI), Carrier (U)
5122	* Inuktitut
5123	* Carrier (O)
5125	* Inuktitut (U), Carrier (E)
5126	* Inuktitut (UU)
5148	* East Cree
5150	* Moose Cree (Y), Algonquian (GLOTTAL STOP)
5151	* West Cree (T), East Cree (Y), Inuktitut (GLOTTAL STOP)|* Athapascan (B/P), Sayisi (I), Carrier (G)
5152	* West Cree (K), Athapascan (K), Carrier (KH)
5153	* N Cree (SH), Sayisi (R), Carrier (NG)
5154	* Algonquian (S), Chipewyan (R), Sayisi (S)
5155	* West Cree (N), Athapascan (D/T), Sayisi (N), Carrier (N)
5156	* West Cree (W), Sayisi (O)
5157	* Chipewyan (TT), South Slavey (GH)
5158	* Algonquian (H), Carrier (R)
5159	* Moose Cree (W), Athapascan (Y), Sayisi (YU), Blackfoot (S)
5160	* West Cree (C), Sayisi (D)
5161	* Athapascan (N), Sayisi (AI)
5162	* N Cree (L), Carrier (D)|x (down tack - 22A4)
5167	* Inuktitut (PAI), Athapascan (BE), Carrier (HU)
5168	* Inuktitut
5171	* Inuktitut (PU), Athapascan (BO), Carrier (HE)
5172	* Inuktitut (PUU)
5176	* Athapascan (BA), Carrier (HA)
5193	* Blackfoot (Y)
5194	* Sayisi (G)
5196	* Inuktitut (TAI), Athapascan (DI), Carrier (DU)
5197	* Inuktitut
5198	* Athapascan (DE), Carrier (DO)
5200	* Inuktitut (TU), Athapascan (DO), Carrier (DE), Sayisi (DU)
5201	* Inuktitut (TUU)
5205	* Athapascan (DA)
5223	* South Slavey (DEH)
5224	* South Slavey (DIH)
5225	* South Slavey (DOH)
5226	* South Slavey (DAH)
5227	* Inuktitut (KAI), Blackfoot (PA)
5228	* Inuktitut
5229	* Blackfoot (PE)
5231	* Inuktitut (KU), Sayisi (KU), Blackfoot (PI)
5232	* Inuktitut (KUU)
5234	* Blackfoot (PO)
5252	* East Cree
5257	* Inuktitut (GAI), Athapascan (DHE), Sayisi (THE), Blackfoot (MA)
5258	* Inuktitut (GAAI)
5259	* Inuktitut (GI), Athapascan (DHI), Sayisi (THI), Blackfoot (ME)
5260	* Inuktitut (GII)
5261	* Inuktitut (GU), Athapascan (DHO), Sayisi (THO), Blackfoot (MI)
5262	* Inuktitut (GUU)
5264	* Inuktitut (GA), Athapascan (DHA), Sayisi (THA), Blackfoot (MO)
5265	* Inuktitut (GAA)
5281	* Inuktitut (G), Sayisi (T)
5282	* Athapascan (DH)
5283	* Inuktitut (MAI), Blackfoot (TA)
5284	* Inuktitut
5285	* Blackfoot (TE)
5287	* Inuktitut (MU), Sayisi (MU), Blackfoot (TI)
5288	* Inuktitut (MUU)
5290	* Blackfoot (TO)
5308	* Carrier (M)
5312	* Inuktitut (NAI)
5313	* Inuktitut
5316	* Inuktitut (NU), Sayisi (NU)
5317	* Inuktitut (NUU)
5331	* Inuktitut (LAI)
5332	* Inuktitut
5335	* Inuktitut (LU)
5336	* Inuktitut (LUU)
5357	* Inuktitut (SAI), Blackfoot (SA)
5358	* Inuktitut
5359	* Blackfoot (SE)
5361	* Inuktitut (SU), Sayisi (SU), Blackfoot (SI)
5362	* Inuktitut (SUU)
5364	* Blackfoot (SO)
5414	* Inuktitut (YAI), Blackfoot (YA)
5415	* Inuktitut
5416	* Blackfoot (YE)
5418	* Inuktitut (YU), Blackfoot (YI)
5419	* Inuktitut (YUU)
5421	* Blackfoot (YO)
5442	* Inuktitut (RAI)
5443	* Athapascan (LE)
5444	* Athapascan (LI)
5445	* Inuktitut
5448	* Inuktitut (RU)
5449	* Inuktitut (RUU)
5450	* Sayisi (LU)
5459	* Inuktitut (FAI)
5460	* Inuktitut
5470	* Sayisi (TE)
5472	* Sayisi (TI)
5476	* Sayisi (TU)
5478	* Sayisi (TA)
5485	* Sayisi (TTHU)
5487	* probably a mistaken interpretation of an asterisk used to mark a proper noun|x (asterisk - 002A)
5501	* Algonquian
5502	* Inuktitut
5505	* Inuktitut (QU)
5506	* Inuktitut (QUU)
5510	* Sayisi (KLE)
5511	* Sayisi (KLI)
5512	* Sayisi (KLU)
5513	* Sayisi (KLA)
5518	* Inuktitut
5521	* Inuktitut (NGU)
5522	* Inuktitut (NGUU)
5529	* Sayisi (SHU)
5538	* Inuktitut (LHU)
5539	* Inuktitut (LHUU)
5570	* Sayisi (HU)
5652	* Athapascan (ZA), Sayisi (TZO), South Slavey (DHA)
5653	* Athapascan (ZO), Sayisi (TZU), South Slavey (DHO)
5658	* Athapascan (ZE), Sayisi (TZE), South Slavey (DHE)
5659	* Athapascan (ZI), Sayisi (TZI), South Slavey (DHI)
5741	* Algonquian|* used as a symbol to denote Christ|x (chi rho - 2627)
5742	x (stenographic full stop - 2E3C)
5747	* Inuktitut (NNGU)
5748	* Inuktitut (NNGUU)
5760	* glyph is blank in "stemless" style fonts|x (space - 0020)
5787	* marks beginning of Ogham text
5788	* marks end of Ogham text
5798	x (latin small letter thorn - 00FE)
5817	x (latin letter wynn - 01BF)
5870	* golden number 17
5871	* golden number 18
5872	* golden number 19
5901	* modern adaptation, not found in Old Tagalog
5909	x (hanunoo sign pamudpod - 1734)
5919	= Zambales ra|* modern adaptation, not found in Old Tagalog
5940	x (tagalog sign pamudpod - 1715)
5941	x (devanagari danda - 0964)
5942	x (devanagari double danda - 0965)
6030	* as this character belongs to the first register, its correct transliteration is nna, not nno
6045	* used only for Pali/Sanskrit transliteration
6046	* used only for Pali/Sanskrit transliteration|* as this character belongs to the first register, its correct transliteration is ssa, not sso
6050	* glottal stop
6051	* use of this character is strongly discouraged; 17A2 should be used instead
6052	* use of this character is strongly discouraged; the sequence 17A2 17B6 should be used instead
6056	* obsolete ligature for the sequence 17A7 1780|* use of the sequence is now preferred
6066	* this is a variant for 17B1, used in only two words|* 17B1 is the normal variant of this vowel
6086	= srak am|= anusvara|* final nasalization|* this character is usually regarded as a vowel sign am, along with om and aam|x (thai character nikhahit - 0E4D)|x (myanmar sign anusvara - 1036)
6087	= srak ah|= visarga|x (myanmar sign visarga - 1038)
6088	* inserts a short inherent vowel with abrupt glottal stop|* the preferred transliteration is yukaleakpintu
6089	* changes the second register to the first|* the preferred transliteration is muusekatoan
6090	* changes the first register to the second|* the preferred transliteration is treisap
6091	* shortens the vowel sound in the previous orthographic syllable|* the preferred transliteration is bantak
6092	* a diacritic historically corresponding to the repha form of ra in Devanagari
6093	* indicates that the base character is not pronounced|x (thai character thanthakhat - 0E4C)
6094	* sign used with some exclamations
6095	* denotes stressed intonation in some single-consonant words
6096	* denotes deviation from the general rules of pronunciation, mostly used in loan words from Pali/Sanskrit, French, and so on
6097	* mostly obsolete, a "killer"|* indicates that the base character is the final consonant of a word without its inherent vowel sound
6098	* functions to indicate that the following Khmer letter is to be rendered subscripted|* shape shown is arbitrary and is not visibly rendered
6099	* originally intended as part of lunar date symbols|* use of this character is discouraged in favor of the complete set of lunar date symbols|x (khmer symbol pathamasat - 19E0)
6100	* functions as a full stop, period|x (thai character paiyannoi - 0E2F)|x (myanmar sign little section - 104A)
6101	* indicates the end of a section or a text|x (thai character angkhankhu - 0E5A)|x (myanmar sign section - 104B)
6102	* functions as colon|* the preferred transliteration is camnoc pii kuuh|x (division sign - 00F7)|x (tibetan mark gter tsheg - 0F14)
6103	* repetition sign|x (thai character maiyamok - 0E46)
6104	* et cetera|* use of this character is discouraged; other abbreviations for et cetera also exist|* preferred spelling: 17D4 179B 17D4
6105	* indicates the beginning of a book or a treatise|* the preferred transliteration is phnek moan|x (thai character fongman - 0E4F)
6106	* indicates the end of a book or treatise|* this forms a pair with 17D9|* the preferred transliteration is koomoot|x (thai character khomut - 0E5B)
6108	* rare, shows an omitted Sanskrit vowel, like an apostrophe|* the preferred transliteration is avakraha sannya|x (devanagari sign avagraha - 093D)
6109	* mostly obsolete|* indicates that the base character is the final consonant of a word with its inherent vowel sound|x (khmer sign viriam - 17D1)
6144	x (tibetan mark initial yig mgo mdun ma - 0F04)
6149	* marks the end of a chapter
6150	* not a format control character, but simply a hyphen for Todo|* also used in the Hudum (modern Mongolian) writing system|x (soft hyphen - 00AD)
6155	* abbreviated FVS1
6156	* abbreviated FVS2
6157	* abbreviated FVS3
6158	* abbreviated MVS
6159	* abbreviated FVS4
6176	x (cyrillic small letter a - 0430)
6177	x (cyrillic small letter e - 044D)
6178	x (cyrillic small letter i - 0438)
6179	x (cyrillic small letter o - 043E)
6180	x (cyrillic small letter u - 0443)
6181	x (cyrillic small letter barred o - 04E9)
6182	x (cyrillic small letter straight u - 04AF)
6184	x (cyrillic small letter en - 043D)
6186	x (cyrillic small letter be - 0431)
6187	x (cyrillic small letter pe - 043F)
6188	x (cyrillic small letter ha - 0445)
6189	x (cyrillic small letter ghe - 0433)
6190	x (cyrillic small letter em - 043C)
6191	x (cyrillic small letter el - 043B)
6192	x (cyrillic small letter es - 0441)
6193	x (cyrillic small letter sha - 0448)
6194	x (cyrillic small letter te - 0442)
6195	x (cyrillic small letter de - 0434)
6196	x (cyrillic small letter che - 0447)
6197	x (cyrillic small letter zhe - 0436)
6198	x (cyrillic small letter short i - 0439)
6199	x (cyrillic small letter er - 0440)
6200	x (cyrillic small letter ve - 0432)
6201	x (cyrillic small letter ef - 0444)
6202	x (cyrillic small letter ha - 0445)
6203	x (cyrillic small letter ka - 043A)
6204	x (cyrillic small letter tse - 0446)
6205	x (cyrillic small letter ze - 0437)
6206	x (cyrillic small letter ha - 0445)
6207	x (cyrillic small letter zhe - 0436)
6265	* same shape also appears in some Old Manchu literature|x (mongolian letter ue - 1826)
6272	x (tibetan sign sna ldan - 0F83)
6273	x (tibetan sign rnam bcad - 0F7F)
6274	x (tibetan sign lce tsa can - 0F88)
6276	x (tibetan sign mchu can - 0F89)
6277	x (tibetan mark paluta - 0F85)
6367	* Carrier (GLOTTAL STOP)
6368	* Beaver Dene (LYE)
6369	* Chipewyan Dene (LU)
6370	* Beaver Dene (LAI)
6371	* Beaver Dene (TYE)
6372	* Beaver Dene (TYA)
6373	* Beaver Dene (HYE)
6374	* Chipewyan Dene (TTHU)
6375	* Beaver Dene (HAI)
6376	* Beaver Dene (TLYE)
6377	* Chipewyan Dene (TLU)
6378	* Beaver Dene (ZYE)
6379	* Chipewyan Dene (SHU)
6380	* Chipewyan Dene (GU)
6381	* Beaver Dene (CHYE)
6382	* Chipewyan Dene (CHU)
6383	* Beaver Dene (CHAI)
6384	* Hare Dene (SHYA)
6385	* Chipewyan Dene (TSU)
6386	* Beaver Dene (TSYE)
6429	= jnya
6571	* a labialized consonant cluster
6581	* precedes consonant in visual order
6582	* precedes consonant in visual order
6583	* precedes consonant in visual order
6586	* precedes consonant in visual order
6622	* conjunction: and
6623	* perfective
6624	* represents the first Ashadha (eighth month of the lunar calendar)
6640	* represents the second Ashadha in the lunar calendar during the Adhikameas leap year
6702	* an alternative glyph with the upper part shaped like 1A33 is used in Thailand and Laos|* contrast the sequence 1A2D 1A5B
6731	* indicates a glottal consonant
6778	* indicates following character(s) are not sounded
6816	* logograph for city
6817	* logograph for village
6818	* logograph for heaven
6819	= courtyard
6820	= oyster
6821	= flower|x (flower punctuation mark - 2055)
6823	x (thai character maiyamok - 0E46)
6824	* danda
6825	* double danda
6827	x (thai character angkhankhu - 0E5A)
6828	* used in combinations with other punctuation marks at ends of sections
6835	* originally a misconstrual of a caron-acute sequence in Croatian dialectology|* for Croatian dialectology use the sequence 030C 0301, instead
6839	x (combining ogonek - 0328)|x (combining greek ypogegrammeni - 0345)
6843	* intended to surround a diacritic above
6845	* intended to surround a diacritic below
6846	* intended to surround a base letter|* exact placement is font dependent
6847	* indicates voiced labialization|x (modifier letter small w - 02B7)
6848	* indicates voiceless labialization
6853	* intended to surround a diacritic above|* used to indicate cancellation of an accent in Japanese transliteration
6854	= superscript octothorp
6855	= omega above|x (combining inverted double arch below - 032B)|x (combining latin small letter w - 1DF1)
6856	x (combining plus sign below - 031F)
6859	x (combining double acute accent - 030B)
6875	x (combining down tack below - 031E)
6880	x (combining left tack below - 0318)|x (combining cyrillic psili pneumata - 0486)|x (coptic combining spiritus lenis - 2CF1)
6881	x (combining right tack below - 0319)|x (combining cyrillic dasia pneumata - 0485)|x (coptic combining spiritus asper - 2CF0)
6882	x (combining macron - 0304)|x (combining minus sign below - 0320)
6883	x (combining inverted bridge below - 033A)
6884	x (combining square below - 033B)
6885	x (combining seagull below - 033C)
6886	= turned omega below|x (combining inverted double arch below - 032B)|x (combining seagull below - 033C)
6887	= turned omega above
6888	x (combining equals sign below - 0347)
6889	x (combining left angle above - 031A)|x (combining left angle below - 0349)
6890	x (combining upwards arrow below - 034E)
6891	x (combining double rightwards arrow below - 0362)
6896	x (combining comma above - 0313)|x (modifier letter double apostrophe - 02EE)
6912	= ardhacandra
6913	= candrabindu
6914	= anusvara
6915	= final r|* also used for repha in transliteration of Kawi|x (javanese sign layar - A982)
6916	= visarga
6917	= a
6918	= aa|: 1B05 1B35
6919	= i
6920	= ii|: 1B07 1B35
6921	= u
6922	= uu|: 1B09 1B35
6923	= vocalic r
6924	= vocalic rr|: 1B0B 1B35
6925	= vocalic l
6926	= vocalic ll|: 1B0D 1B35
6927	= e
6928	= ai
6929	= o
6930	= au|: 1B11 1B35
6932	= kha
6934	= gha
6937	= cha
6939	= jha
6941	= tta
6942	= ttha
6943	= dda
6944	= ddha
6945	= nna
6947	= tha
6949	= dha
6952	= pha
6954	= bha
6960	= sha
6961	= ssa
6964	= nukta
6965	= aa
6966	= i
6967	= ii
6968	= u
6969	= uu
6970	= vocalic r
6971	= vocalic rr|: 1B3A 1B35
6972	= vocalic l
6973	= vocalic ll|: 1B3C 1B35
6974	= e
6975	= ai
6976	= o|: 1B3E 1B35
6977	= au|: 1B3F 1B35
6978	= ae
6979	= oe|: 1B42 1B35
6980	= virama
6988	* used in older texts in place of the ja + nya conjunct|x (javanese letter nya murda - A998)
7002	= section
7003	= honorific section
7004	= punctuation ring
7005	= colon
7006	= danda|x (devanagari danda - 0964)
7007	= double danda|x (devanagari double danda - 0965)
7008	= line-breaking hyphen
7037	= end of text
7038	= end of text
7039	* truncated form of panti|x (balinese panti - 1B5A)
7040	= anusvara
7041	= final r
7042	= visarga
7073	= subjoined ya
7074	= subjoined ra
7075	= subjoined la
7076	= i
7077	= u
7078	= ae
7079	= o
7080	= e
7081	= eu
7082	= virama|* does not form conjuncts
7083	* forms conjuncts in older orthography
7084	= subjoined ma
7085	= subjoined wa
7098	= gemination mark
7099	* vocalic r
7100	* vocalic l
7101	% SUNDANESE LETTER ARCHAIC I|* character was originally misidentified, so its name is a misnomer
7103	* used in a 21st century document|* for actual final m, use the sequence 1B99 1BAA
7104	* letter a or ha for Karo and Pakpak
7106	* Toba letter ha or ka|* also known as letter ka for Karo and Pakpak
7107	* also known as Simalungun letter ka
7110	* also used in Toba
7115	* Toba letter wa can be represented by either 1BCB or 1BCD
7126	* Toba letter ta can be represented by either 1BD6 or 1BD7
7128	* Pakpak letter sa or ca
7136	* Karo letter ca can be represented by either 1BE0 or 1BE1
7143	= kebereten
7144	= ketolongen
7145	= talinga
7146	= ulua
7147	= haluan
7148	= siala ulu
7149	= hatulungan
7150	= boruta
7151	= haboritan for simalungun sa
7152	= amisara
7153	= hajoringan
7154	= virama|* cannot follow a vowel sign
7155	= virama
7288	* nasalization mark
7289	* vowel modifier
7291	* length mark
7292	* glottal protector
7293	* deglottalizes consonants
7296	x (cyrillic small letter ve - 0432)
7297	x (cyrillic small letter de - 0434)
7298	x (cyrillic small letter o - 043E)
7299	x (cyrillic small letter es - 0441)
7301	x (cyrillic small letter te - 0442)
7302	x (cyrillic small letter hard sign - 044A)
7303	x (cyrillic small letter yat - 0463)
7304	x (cyrillic small letter uk - 0479)|x (cyrillic small letter monograph uk - A64B)
7306	x (cyrillic small letter komi tje - 050F)
7312	x (georgian letter an - 10D0)
7360	* sun
7361	* half moon
7362	* full moon
7363	* wheel
7376	= vaidika saamasvara karshanna
7377	= vaidika svarita uurdhva shara
7378	* indicates vibrato|= vaidika saamasvara prenkha
7379	= vaidika saamagaana yogakaala|* separates sections between which a pause is disallowed
7380	* used predominantly in the Maitrayani Samhita and in some manuscripts of the Vajasaneyi Madhyandina Samhita
7381	= vaidika svarita adho nyubja
7382	= vaidika svarita adhah konna
7383	= vaidika svarita adho vakra rekhaa
7384	= vaidika svarita adho'rdha vakra
7385	= vaidika svarita adhah samyukta rekhaa
7386	= vaidika svarita uurdhva dvi rekhaa|x (devanagari stress sign udatta - 0951)
7387	= vaidika svarita uurdhva tri rekhaa
7388	= vaidika svarita adho rekhaa|x (devanagari stress sign anudatta - 0952)
7389	= vaidika svarita adho bindu
7390	= vaidika svarita adho dvi bindu
7391	= vaidika svarita adhas tri bindu
7392	= vaidika uurdhva vakra rekhaa
7393	= vaidika svarita dvi vakra khannda
7394	= vaidika madhyarekhaa
7395	= vaidika visarga dakshinnatah uurdhvaga
7396	= vaidika visarga vaamatah uurdhvaga
7397	= vaidika visarga vaamatah adhoga
7398	= vaidika visarga dakshinnatah adhoga
7399	= vaidika visarga dakshinnatah uurdhva vakra
7400	= vaidika visarga vaamatah adho vakra
7401	= vaidika anusvaara antarmukha
7402	= vaidika anusvaara naagaphanna
7403	= vaidika anusvaara vaamagomukha
7404	= vaidika anusvaara vaamagomukha sa-vakra
7405	= vaidika tiryak
7406	= vaidika anusvaara anugaamii
7407	= vaidika anusvaara dakshinnamukha
7408	= vaidika anusvaara ttha-sadrisha
7409	= vaidika anusvaara ubhayato mukha
7410	= vaidika jihvaamuuliiya upadhmaaniiya
7413	* marks a velar fricative occurring only before unvoiced velar stops|x (kannada sign jihvamuliya - 0CF1)|x (tibetan sign lce tsa can - 0F88)|x (brahmi sign jihvamuliya - 11003)|x (sharada sign jihvamuliya - 111C2)|x (newa sign jihvamuliya - 11460)|x (soyombo sign jihvamuliya - 11A84)
7414	* marks a bilabial fricative occurring only before unvoiced labial stops|x (kannada sign upadhmaniya - 0CF2)|x (tibetan sign mchu can - 0F89)|x (brahmi sign upadhmaniya - 11004)|x (sharada sign upadhmaniya - 111C3)|x (newa sign upadhmaniya - 11461)|x (soyombo sign upadhmaniya - 11A85)
7415	= vaidika saamagaana atikrama|* indicates skipping of a svara
7418	* used as a base for a combining nasal sign
7426	* glyph can also have sideways orientation
7427	x (latin capital letter b with stroke - 0243)
7432	x (latin small letter reversed open e - 025C)|x (modifier letter small turned open e - 1D4C)
7435	x (latin small letter kra - 0138)|x (cyrillic small letter ka - 043A)
7438	x (cyrillic small letter i - 0438)|x (modifier letter capital reversed n - 1D3B)
7440	x (latin small letter open o - 0254)|x (latin small letter reversed c - 2184)
7444	* glyph can also have sideways orientation
7448	* represents a semi-voiced [p]|x (greek letter small capital rho - 1D29)
7451	x (cyrillic small letter te - 0442)
7454	* glyph can also have turned orientation
7459	x (cyrillic small letter abkhasian dze - 04E1)
7461	x (arabic letter ain - 0639)|x (latin small letter egyptological ain - A725)
7465	* represents a voiceless uvular trill|x (latin letter small capital p - 1D18)
7467	* in italic style, the glyph is obliqued, not italicized|x (cyrillic small letter el - 043B)
7468	# <super> 0041
7469	# <super> 00C6
7470	# <super> 0042
7472	# <super> 0044
7473	# <super> 0045
7474	# <super> 018E
7475	# <super> 0047
7476	# <super> 0048|* voiceless epiglottalized release (extended IPA)|x (latin letter small capital h - 029C)|x (modifier letter cyrillic en - 1D78)
7477	# <super> 0049
7478	# <super> 004A
7479	# <super> 004B
7480	# <super> 004C
7481	# <super> 004D
7482	# <super> 004E
7484	# <super> 004F
7485	# <super> 0222
7486	# <super> 0050
7487	# <super> 0052
7488	# <super> 0054
7489	# <super> 0055
7490	# <super> 0057
7491	# <super> 0061
7492	# <super> 0250
7493	# <super> 0251
7494	# <super> 1D02
7495	# <super> 0062
7496	# <super> 0064
7497	# <super> 0065
7498	# <super> 0259
7499	# <super> 025B
7500	* more appropriate equivalence would be to 1D08|# <super> 025C
7501	# <super> 0067
7503	# <super> 006B
7504	# <super> 006D
7505	# <super> 014B
7506	# <super> 006F
7507	# <super> 0254
7508	# <super> 1D16
7509	# <super> 1D17
7510	# <super> 0070
7511	# <super> 0074
7512	# <super> 0075
7513	# <super> 1D1D
7514	# <super> 026F
7515	# <super> 0076
7516	x (latin small letter egyptological ain - A725)|# <super> 1D25
7517	# <super> 03B2
7518	# <super> 03B3
7519	# <super> 03B4
7520	# <super> 03C6
7521	# <super> 03C7
7522	# <sub> 0069
7523	# <sub> 0072
7524	# <sub> 0075
7525	# <sub> 0076
7526	# <sub> 03B2
7527	# <sub> 03B3
7528	# <sub> 03C1
7529	# <sub> 03C6
7530	# <sub> 03C7
7531	x (latin small letter l with middle tilde - 026B)|x (latin small letter turned r with middle tilde - AB68)
7543	* Georgian transcription|x (georgian letter turned gan - 10F9)
7544	* sometimes substituted for 1D34 in extended IPA|x (modifier letter capital h - 1D34)|# <super> 043D
7545	* older Irish phonetic notation|* uppercase is A77D|x (latin small letter g - 0067)|x (latin small letter yogh - 021D)|x (latin small letter script g - 0261)|x (latin small letter gamma - 0263)|x (latin small letter closed insular g - A7D1)
7546	* American dictionary usage|x (greek small letter theta - 03B8)
7547	* used with different meanings by Americanists and Oxford dictionaries|x (latin capital letter i with stroke - 0197)
7548	* used by Russianists
7549	* used by Americanists|* uppercase is 2C63
7550	* used by Americanists|x (latin small letter u bar - 0289)
7551	* used by Americanists and Oxford dictionaries|x (latin small letter t with palatal hook - 01AB)
7555	x (latin small letter script g - 0261)
7558	x (latin small letter m with hook - 0271)
7559	x (latin small letter eng - 014B)
7566	* uppercase is A7C6|x (latin small letter z with hook - 0225)|x (modifier letter rhotic hook - 02DE)|x (latin capital letter t with retroflex hook - 01AE)|x (latin small letter d with tail - 0256)|x (latin small letter l with retroflex hook - 026D)|x (latin small letter n with retroflex hook - 0273)|x (latin small letter turned r with hook - 027B)|x (latin small letter r with tail - 027D)|x (latin small letter s with hook - 0282)|x (latin small letter squat reversed esh - 0285)|x (latin small letter t with retroflex hook - 0288)|x (latin small letter z with retroflex hook - 0290)|x (latin small letter turned h with fishhook and tail - 02AF)
7572	x (latin small letter reversed open e with hook - 025D)
7573	x (latin small letter schwa with hook - 025A)
7579	# <super> 0252
7580	# <super> 0063
7581	# <super> 0255
7582	# <super> 00F0
7583	# <super> 025C
7584	# <super> 0066
7585	# <super> 025F
7586	# <super> 0261
7587	# <super> 0265
7588	# <super> 0268
7589	# <super> 0269
7590	* not for use in UPA|x (modifier letter capital i - 1D35)|# <super> 026A
7591	# <super> 1D7B
7592	# <super> 029D
7593	# <super> 026D
7594	# <super> 1D85
7595	* not for use in UPA|x (modifier letter capital l - 1D38)|# <super> 029F
7596	# <super> 0271
7597	# <super> 0270
7598	# <super> 0272
7599	# <super> 0273
7600	* not for use in UPA|x (modifier letter capital n - 1D3A)|# <super> 0274
7601	# <super> 0275
7602	# <super> 0278
7603	# <super> 0282
7604	# <super> 0283
7605	# <super> 01AB
7606	# <super> 0289
7607	# <super> 028A
7608	* not for use in UPA|x (modifier letter capital u - 1D41)|# <super> 1D1C
7609	# <super> 028B
7610	# <super> 028C
7611	# <super> 007A
7612	# <super> 0290
7613	# <super> 0291
7614	# <super> 0292
7615	# <super> 03B8
7616	x (combining grave accent - 0300)|x (greek dialytika and varia - 1FED)
7617	x (combining acute accent - 0301)|x (combining greek dialytika tonos - 0344)|x (greek dialytika and oxia - 1FEE)
7619	* abbreviation mark in Glagolitic|x (combining breve - 0306)
7620	* also used to represent the Middle Vietnamese "apex" diacritic (dấu sóng)|x (combining tilde - 0303)
7627	* Lithuanian dialectology
7628	* Lithuanian dialectology
7665	x (combining latin small letter w below - 1ABF)|x (combining inverted double arch above - 1AC7)
7669	x (combining up tack below - 031D)
7671	x (combining cyrillic kavyka - A67C)
7672	* used in Syriac as a disambiguation dot|* used in Typicon Cyrillic, where the dot may have a square appearance|* used in the Latin-based Americanist phonetic notation of Franz Boas|x (combining dot above right - 0358)|x (syriac feminine dot - 0740)
7673	* used as a Typicon mark|x (combining inverted bridge below - 033A)
7674	* used in Syriac as a disambiguation dot
7675	* used for "mhusaa" in Newa scribal tradition
7677	* diacritic indicating a strident vowel in Khoisan languages
7678	x (combining left arrowhead below - 0354)
7680	: 0041 0325
7681	: 0061 0325
7682	: 0042 0307
7683	* Irish Gaelic (old orthography)|: 0062 0307
7684	: 0042 0323
7685	: 0062 0323
7686	: 0042 0331
7687	: 0062 0331
7688	: 00C7 0301
7689	: 00E7 0301
7690	: 0044 0307
7691	* Irish Gaelic (old orthography)|: 0064 0307
7692	: 0044 0323
7693	* Indic transliteration|: 0064 0323
7694	: 0044 0331
7695	: 0064 0331
7696	: 0044 0327
7697	* Livonian|* despite their names, this pair of characters should normally be displayed with a comma below|: 0064 0327
7698	: 0044 032D
7699	: 0064 032D
7700	: 0112 0300
7701	: 0113 0300
7702	: 0112 0301
7703	: 0113 0301
7704	: 0045 032D
7705	: 0065 032D
7706	: 0045 0330
7707	: 0065 0330
7708	: 0228 0306
7709	* Hebrew transliteration|: 0229 0306
7710	: 0046 0307
7711	* Irish Gaelic (old orthography)|: 0066 0307
7712	: 0047 0304
7713	: 0067 0304
7714	: 0048 0307
7715	: 0068 0307
7716	: 0048 0323
7717	* Indic transliteration|: 0068 0323
7718	: 0048 0308
7719	: 0068 0308
7720	: 0048 0327
7721	: 0068 0327
7722	: 0048 032E
7723	* Semitic transliteration|: 0068 032E
7724	: 0049 0330
7725	: 0069 0330
7726	: 00CF 0301
7727	: 00EF 0301
7728	: 004B 0301
7729	* Macedonian transliteration|: 006B 0301
7730	: 004B 0323
7731	: 006B 0323
7732	: 004B 0331
7733	: 006B 0331
7734	: 004C 0323
7735	* Indic transliteration|* see ISO 15919 on the use of dot below versus ring below in Indic transliteration|x (combining ring below - 0325)|: 006C 0323
7736	: 1E36 0304
7737	* Indic transliteration|: 1E37 0304
7738	: 004C 0331
7739	* Indic transliteration|: 006C 0331
7740	: 004C 032D
7741	: 006C 032D
7742	: 004D 0301
7743	: 006D 0301
7744	: 004D 0307
7745	* Irish Gaelic (old orthography)|: 006D 0307
7746	: 004D 0323
7747	* Indic transliteration|: 006D 0323
7748	: 004E 0307
7749	* Indic transliteration|: 006E 0307
7750	: 004E 0323
7751	* Indic transliteration|: 006E 0323
7752	: 004E 0331
7753	* Indic transliteration|: 006E 0331
7754	: 004E 032D
7755	: 006E 032D
7756	: 00D5 0301
7757	: 00F5 0301
7758	: 00D5 0308
7759	: 00F5 0308
7760	: 014C 0300
7761	: 014D 0300
7762	: 014C 0301
7763	: 014D 0301
7764	: 0050 0301
7765	: 0070 0301
7766	: 0050 0307
7767	* Irish Gaelic (old orthography)|: 0070 0307
7768	: 0052 0307
7769	: 0072 0307
7770	: 0052 0323
7771	* Indic transliteration|* see ISO 15919 on the use of dot below versus ring below in Indic transliteration|x (combining ring below - 0325)|: 0072 0323
7772	: 1E5A 0304
7773	* Indic transliteration|: 1E5B 0304
7774	: 0052 0331
7775	* Indic transliteration|: 0072 0331
7776	: 0053 0307
7777	* Irish Gaelic (old orthography)|: 0073 0307
7778	: 0053 0323
7779	* Indic transliteration|: 0073 0323
7780	: 015A 0307
7781	: 015B 0307
7782	: 0160 0307
7783	: 0161 0307
7784	: 1E62 0307
7785	: 1E63 0307
7786	: 0054 0307
7787	* Irish Gaelic (old orthography)|: 0074 0307
7788	: 0054 0323
7789	* Indic transliteration|: 0074 0323
7790	: 0054 0331
7791	* Semitic transliteration|: 0074 0331
7792	: 0054 032D
7793	: 0074 032D
7794	: 0055 0324
7795	: 0075 0324
7796	: 0055 0330
7797	: 0075 0330
7798	: 0055 032D
7799	: 0075 032D
7800	: 0168 0301
7801	: 0169 0301
7802	: 016A 0308
7803	: 016B 0308
7804	: 0056 0303
7805	: 0076 0303
7806	: 0056 0323
7807	: 0076 0323
7808	: 0057 0300
7809	* Welsh|: 0077 0300
7810	: 0057 0301
7811	* Welsh|: 0077 0301
7812	: 0057 0308
7813	* Welsh|: 0077 0308
7814	: 0057 0307
7815	: 0077 0307
7816	: 0057 0323
7817	: 0077 0323
7818	: 0058 0307
7819	: 0078 0307
7820	: 0058 0308
7821	: 0078 0308
7822	: 0059 0307
7823	: 0079 0307
7824	: 005A 0302
7825	: 007A 0302
7826	: 005A 0323
7827	* Semitic transliteration|x (arabic letter zah - 0638)|: 007A 0323
7828	: 005A 0331
7829	* Semitic transliteration|: 007A 0331
7830	* Semitic transliteration|: 0068 0331
7831	: 0074 0308
7832	: 0077 030A
7833	: 0079 030A
7834	# 0061 02BE
7835	* in current use in Gaelic types (as glyph variant of 1E61)|: 017F 0307
7836	* medievalist use for several abbreviations|* used in pre-1921 Latvian orthography|* used in Blackletter types of pre-1950 Lower Sorbian orthography|x (latin small letter s with oblique stroke - A7A9)
7838	* not used in Swiss High German|* lowercase is 00DF|x (latin small letter sharp s - 00DF)|x (latin capital letter middle scots s - A7D6)
7839	* this is a non-casing letter|x (greek small letter delta - 03B4)
7840	: 0041 0323
7841	: 0061 0323
7842	: 0041 0309
7843	: 0061 0309
7844	: 00C2 0301
7845	: 00E2 0301
7846	: 00C2 0300
7847	: 00E2 0300
7848	: 00C2 0309
7849	: 00E2 0309
7850	: 00C2 0303
7851	: 00E2 0303
7852	: 1EA0 0302
7853	: 1EA1 0302
7854	: 0102 0301
7855	: 0103 0301
7856	: 0102 0300
7857	: 0103 0300
7858	: 0102 0309
7859	: 0103 0309
7860	: 0102 0303
7861	: 0103 0303
7862	: 1EA0 0306
7863	: 1EA1 0306
7864	: 0045 0323
7865	: 0065 0323
7866	: 0045 0309
7867	: 0065 0309
7868	: 0045 0303
7869	: 0065 0303
7870	: 00CA 0301
7871	: 00EA 0301
7872	: 00CA 0300
7873	: 00EA 0300
7874	: 00CA 0309
7875	: 00EA 0309
7876	: 00CA 0303
7877	: 00EA 0303
7878	: 1EB8 0302
7879	: 1EB9 0302
7880	: 0049 0309
7881	: 0069 0309
7882	: 0049 0323
7883	: 0069 0323
7884	: 004F 0323
7885	: 006F 0323
7886	: 004F 0309
7887	: 006F 0309
7888	: 00D4 0301
7889	: 00F4 0301
7890	: 00D4 0300
7891	: 00F4 0300
7892	: 00D4 0309
7893	: 00F4 0309
7894	: 00D4 0303
7895	: 00F4 0303
7896	: 1ECC 0302
7897	: 1ECD 0302
7898	: 01A0 0301
7899	: 01A1 0301
7900	: 01A0 0300
7901	: 01A1 0300
7902	: 01A0 0309
7903	: 01A1 0309
7904	: 01A0 0303
7905	: 01A1 0303
7906	: 01A0 0323
7907	: 01A1 0323
7908	: 0055 0323
7909	: 0075 0323
7910	: 0055 0309
7911	: 0075 0309
7912	: 01AF 0301
7913	: 01B0 0301
7914	: 01AF 0300
7915	: 01B0 0300
7916	: 01AF 0309
7917	: 01B0 0309
7918	: 01AF 0303
7919	: 01B0 0303
7920	: 01AF 0323
7921	: 01B0 0323
7922	: 0059 0300
7923	* Welsh|: 0079 0300
7924	: 0059 0323
7925	: 0079 0323
7926	: 0059 0309
7927	: 0079 0309
7928	: 0059 0303
7929	: 0079 0303
7936	: 03B1 0313
7937	: 03B1 0314
7938	: 1F00 0300
7939	: 1F01 0300
7940	: 1F00 0301
7941	: 1F01 0301
7942	: 1F00 0342
7943	: 1F01 0342
7944	: 0391 0313
7945	: 0391 0314
7946	: 1F08 0300
7947	: 1F09 0300
7948	: 1F08 0301
7949	: 1F09 0301
7950	: 1F08 0342
7951	: 1F09 0342
7952	: 03B5 0313
7953	: 03B5 0314
7954	: 1F10 0300
7955	: 1F11 0300
7956	: 1F10 0301
7957	: 1F11 0301
7960	: 0395 0313
7961	: 0395 0314
7962	: 1F18 0300
7963	: 1F19 0300
7964	: 1F18 0301
7965	: 1F19 0301
7968	: 03B7 0313
7969	: 03B7 0314
7970	: 1F20 0300
7971	: 1F21 0300
7972	: 1F20 0301
7973	: 1F21 0301
7974	: 1F20 0342
7975	: 1F21 0342
7976	: 0397 0313
7977	: 0397 0314
7978	: 1F28 0300
7979	: 1F29 0300
7980	: 1F28 0301
7981	: 1F29 0301
7982	: 1F28 0342
7983	: 1F29 0342
7984	: 03B9 0313
7985	: 03B9 0314
7986	: 1F30 0300
7987	: 1F31 0300
7988	: 1F30 0301
7989	: 1F31 0301
7990	: 1F30 0342
7991	: 1F31 0342
7992	: 0399 0313
7993	: 0399 0314
7994	: 1F38 0300
7995	: 1F39 0300
7996	: 1F38 0301
7997	: 1F39 0301
7998	: 1F38 0342
7999	: 1F39 0342
8000	: 03BF 0313
8001	: 03BF 0314
8002	: 1F40 0300
8003	: 1F41 0300
8004	: 1F40 0301
8005	: 1F41 0301
8008	: 039F 0313
8009	: 039F 0314
8010	: 1F48 0300
8011	: 1F49 0300
8012	: 1F48 0301
8013	: 1F49 0301
8016	: 03C5 0313
8017	: 03C5 0314
8018	: 1F50 0300
8019	: 1F51 0300
8020	: 1F50 0301
8021	: 1F51 0301
8022	: 1F50 0342
8023	: 1F51 0342
8025	: 03A5 0314
8027	: 1F59 0300
8029	: 1F59 0301
8031	: 1F59 0342
8032	: 03C9 0313
8033	: 03C9 0314
8034	: 1F60 0300
8035	: 1F61 0300
8036	: 1F60 0301
8037	: 1F61 0301
8038	: 1F60 0342
8039	: 1F61 0342
8040	: 03A9 0313
8041	: 03A9 0314
8042	: 1F68 0300
8043	: 1F69 0300
8044	: 1F68 0301
8045	: 1F69 0301
8046	: 1F68 0342
8047	: 1F69 0342
8048	: 03B1 0300
8049	: 03AC greek small letter alpha with tonos
8050	: 03B5 0300
8051	: 03AD greek small letter epsilon with tonos
8052	: 03B7 0300
8053	: 03AE greek small letter eta with tonos
8054	: 03B9 0300
8055	: 03AF greek small letter iota with tonos
8056	: 03BF 0300
8057	: 03CC greek small letter omicron with tonos
8058	: 03C5 0300
8059	: 03CD greek small letter upsilon with tonos
8060	: 03C9 0300
8061	: 03CE greek small letter omega with tonos
8064	: 1F00 0345
8065	: 1F01 0345
8066	: 1F02 0345
8067	: 1F03 0345
8068	: 1F04 0345
8069	: 1F05 0345
8070	: 1F06 0345
8071	: 1F07 0345
8072	: 1F08 0345
8073	: 1F09 0345
8074	: 1F0A 0345
8075	: 1F0B 0345
8076	: 1F0C 0345
8077	: 1F0D 0345
8078	: 1F0E 0345
8079	: 1F0F 0345
8080	: 1F20 0345
8081	: 1F21 0345
8082	: 1F22 0345
8083	: 1F23 0345
8084	: 1F24 0345
8085	: 1F25 0345
8086	: 1F26 0345
8087	: 1F27 0345
8088	: 1F28 0345
8089	: 1F29 0345
8090	: 1F2A 0345
8091	: 1F2B 0345
8092	: 1F2C 0345
8093	: 1F2D 0345
8094	: 1F2E 0345
8095	: 1F2F 0345
8096	: 1F60 0345
8097	: 1F61 0345
8098	: 1F62 0345
8099	: 1F63 0345
8100	: 1F64 0345
8101	: 1F65 0345
8102	: 1F66 0345
8103	: 1F67 0345
8104	: 1F68 0345
8105	: 1F69 0345
8106	: 1F6A 0345
8107	: 1F6B 0345
8108	: 1F6C 0345
8109	: 1F6D 0345
8110	: 1F6E 0345
8111	: 1F6F 0345
8112	: 03B1 0306
8113	: 03B1 0304
8114	: 1F70 0345
8115	: 03B1 0345
8116	: 03AC 0345
8118	: 03B1 0342
8119	: 1FB6 0345
8120	: 0391 0306
8121	: 0391 0304
8122	: 0391 0300
8123	: 0386 greek capital letter alpha with tonos
8124	: 0391 0345
8125	# 0020 0313
8126	: 03B9 greek small letter iota
8127	x (modifier letter apostrophe - 02BC)|# 0020 0313
8128	# 0020 0342
8129	: 00A8 0342
8130	: 1F74 0345
8131	: 03B7 0345
8132	: 03AE 0345
8134	: 03B7 0342
8135	: 1FC6 0345
8136	: 0395 0300
8137	: 0388 greek capital letter epsilon with tonos
8138	: 0397 0300
8139	: 0389 greek capital letter eta with tonos
8140	: 0397 0345
8141	: 1FBF 0300
8142	: 1FBF 0301
8143	: 1FBF 0342
8144	: 03B9 0306
8145	: 03B9 0304
8146	: 03CA 0300
8147	: 0390 greek small letter iota with dialytika and tonos
8150	: 03B9 0342
8151	: 03CA 0342
8152	: 0399 0306
8153	: 0399 0304
8154	: 0399 0300
8155	: 038A greek capital letter iota with tonos
8157	: 1FFE 0300
8158	: 1FFE 0301
8159	: 1FFE 0342
8160	: 03C5 0306
8161	: 03C5 0304
8162	: 03CB 0300
8163	: 03B0 greek small letter upsilon with dialytika and tonos
8164	: 03C1 0313
8165	: 03C1 0314
8166	: 03C5 0342
8167	: 03CB 0342
8168	: 03A5 0306
8169	: 03A5 0304
8170	: 03A5 0300
8171	: 038E greek capital letter upsilon with tonos
8172	: 03A1 0314
8173	: 00A8 0300
8174	: 0385 greek dialytika tonos
8175	: 0060 grave accent
8178	: 1F7C 0345
8179	: 03C9 0345
8180	: 03CE 0345
8182	: 03C9 0342
8183	: 1FF6 0345
8184	: 039F 0300
8185	: 038C greek capital letter omicron with tonos
8186	: 03A9 0300
8187	: 038F greek capital letter omega with tonos
8188	: 03A9 0345
8189	: 00B4 acute accent
8190	x (modifier letter reversed comma - 02BD)|# 0020 0314
8192	: 2002 en space
8193	= mutton quad|: 2003 em space
8194	= nut|* half an em|# 0020 space
8195	= mutton|* nominally, a space equal to the type size in points|* may scale by the condensation factor of a font|# 0020 space
8196	= thick space|# 0020 space
8197	= mid space|# 0020 space
8198	* in computer typography sometimes equated to thin space|# 0020 space
8199	* space equal to tabular width of a font, typically set to the same width as digit zero 0030|* this is equivalent to the digit width of fonts with fixed-width digits|# <noBreak> 0020
8200	* space equal to narrow punctuation of a font, typically set to the same width as full stop 002E|# 0020 space
8201	= narrow space|* this should be much narrower than space 0020; typically set to 1/5 or 1/6 em|x (narrow no-break space - 202F)|# 0020 space
8202	* thinner than a thin space; typically set to 1/10 to 1/16 em|* in traditional typography, the thinnest space available|# 0020 space
8203	* commonly abbreviated ZWSP|* this character is intended for invisible word separation and for line break control; it has no width, but its presence between two characters does not prevent increased letter spacing in justification
8204	* commonly abbreviated ZWNJ
8205	* commonly abbreviated ZWJ
8206	* commonly abbreviated LRM
8207	* commonly abbreviated RLM|x (arabic letter mark - 061C)
8208	x (hyphen-minus - 002D)|x (soft hyphen - 00AD)
8209	# <noBreak> 2010
8212	* may be used in pairs to offset parenthetical text|x (two-em dash - 2E3A)|x (katakana-hiragana prolonged sound mark - 30FC)
8213	= quotation dash|* long dash introducing quoted text
8214	* used in pairs to indicate norm of a matrix|x (combining double vertical stroke overlay - 20E6)|x (parallel to - 2225)|x (double vertical bar - 23F8)
8215	* this is a spacing character|x (low line - 005F)|x (combining double low line - 0333)|# 0020 0333
8216	= single turned comma quotation mark|* this is the preferred character (as opposed to 201B)|x (apostrophe - 0027)|x (modifier letter turned comma - 02BB)|x (heavy single turned comma quotation mark ornament - 275B)|~ 2018 FE00 non-fullwidth form|~ 2018 FE01 right-justified fullwidth form|~ 2018 FE02 Sibe form
8217	= single comma quotation mark|* this is the preferred character to use for apostrophe|x (apostrophe - 0027)|x (modifier letter apostrophe - 02BC)|x (heavy single comma quotation mark ornament - 275C)|~ 2019 FE00 non-fullwidth form|~ 2019 FE01 left-justified fullwidth form|~ 2019 FE02 Sibe form
8218	= low single comma quotation mark|* used as opening single quotation mark in some languages
8219	= single reversed comma quotation mark|* has same semantic as 2018, but differs in appearance|x (modifier letter reversed comma - 02BD)
8220	= double turned comma quotation mark|* this is the preferred character (as opposed to 201F)|x (quotation mark - 0022)|x (heavy double turned comma quotation mark ornament - 275D)|x (reversed double prime quotation mark - 301D)|~ 201C FE00 non-fullwidth form|~ 201C FE01 right-justified fullwidth form|~ 201C FE02 Sibe form
8221	= double comma quotation mark|x (quotation mark - 0022)|x (double prime - 2033)|x (heavy double comma quotation mark ornament - 275E)|x (double prime quotation mark - 301E)|~ 201D FE00 non-fullwidth form|~ 201D FE01 left-justified fullwidth form|~ 201D FE02 Sibe form
8222	= low double comma quotation mark|* used as opening double quotation mark in some languages|x (double low-reversed-9 quotation mark - 2E42)|x (low double prime quotation mark - 301F)
8223	= double reversed comma quotation mark|* has same semantic as 201C, but differs in appearance
8224	= obelisk, long cross, oblong cross|x (turned dagger - 2E38)
8225	= diesis, double obelisk|x (triple dagger - 2E4B)
8226	= black small circle|x (middle dot - 00B7)|x (one dot leader - 2024)|x (bullet operator - 2219)|x (inverse bullet - 25D8)|x (white bullet - 25E6)
8227	x (end of proof - 220E)|x (black right-pointing small triangle - 25B8)
8228	* also used as an Armenian semicolon (mijaket)|x (middle dot - 00B7)|x (bullet - 2022)|x (bullet operator - 2219)|# 002E full stop
8229	# 002E 002E
8230	= three dot leader|x (vertical ellipsis - 22EE)|x (presentation form for vertical horizontal ellipsis - FE19)|# 002E 002E 002E
8231	* visible symbol used to indicate correct positions for word breaking, as in dic·tion·ar·ies
8232	* may be used to represent this semantic unambiguously
8233	* may be used to represent this semantic unambiguously
8234	* commonly abbreviated LRE
8235	* commonly abbreviated RLE
8236	* commonly abbreviated PDF
8237	* commonly abbreviated LRO
8238	* commonly abbreviated RLO
8239	= no-break thin space|* commonly abbreviated NNBSP|* a narrow form of a no-break space; should be the same width as thin space 2009|x (no-break space - 00A0)|x (four-per-em space - 2005)|x (thin space - 2009)|# <noBreak> 0020
8240	= permille, per thousand|* used, for example, in measures of blood alcohol content, salinity, etc.|x (percent sign - 0025)|x (arabic-indic per mille sign - 0609)
8241	= permyriad|* percent of a percent, rarely used|x (percent sign - 0025)|x (arabic-indic per ten thousand sign - 060A)
8242	= minutes, feet|x (apostrophe - 0027)|x (acute accent - 00B4)|x (modifier letter prime - 02B9)
8243	= seconds, inches|x (quotation mark - 0022)|x (modifier letter double prime - 02BA)|x (right double quotation mark - 201D)|x (ditto mark - 3003)|x (double prime quotation mark - 301E)|# 2032 2032
8244	= lines (old measure, 1/12 of an inch)|# 2032 2032 2032
8245	x (grave accent - 0060)
8246	x (reversed double prime quotation mark - 301D)|# 2035 2035
8247	# 2035 2035 2035
8248	x (up arrowhead - 2303)|x (modifier letter low circumflex accent - A788)
8249	= left pointing single guillemet|* usually opening, sometimes closing|x (less-than sign - 003C)|x (left-pointing angle bracket - 2329)|x (left angle bracket - 3008)
8250	= right pointing single guillemet|* usually closing, sometimes opening|x (greater-than sign - 003E)|x (right-pointing angle bracket - 232A)|x (right angle bracket - 3009)
8251	= Japanese kome|= Urdu paragraph separator|x (tibetan ku ru kha bzhi mig can - 0FBF)|x 200AD
8252	x (exclamation mark - 0021)|# 0021 0021
8253	x (exclamation mark - 0021)|x (question mark - 003F)|x (inverted interrobang - 2E18)|x (heavy interrobang ornament - 1F679)
8254	= spacing overscore|# 0020 0305
8255	= Greek enotikon|x (smile - 2323)
8256	= z notation sequence concatenation|x (frown - 2322)
8257	* proofreader's mark: insert here|x (right semidirect product - 22CC)
8259	x (hyphen-minus - 002D)
8260	= solidus (in typography)|* for composing arbitrary fractions|x (solidus - 002F)|x (division slash - 2215)
8261	x (left vertical bar with quill - 2E20)|x (left square bracket with stroke - 2E55)
8263	# 003F 003F
8264	# 003F 0021
8265	# 0021 003F
8266	* Irish Gaelic, Old English, ...|x (ampersand - 0026)|x (tironian sign capital et - 2E52)|x (script ligature et ornament - 1F670)
8267	x (pilcrow sign - 00B6)|x (paragraphus mark - 2E4D)
8270	x (asterisk - 002A)|x (combining asterisk below - 0359)
8271	* used occasionally in Sindhi when Sindhi is written in the Arabic script|x (semicolon - 003B)|x (arabic semicolon - 061B)
8272	* editing mark|x (modifier breve with inverted breve - AB5B)
8274	= abzüglich (German), med avdrag av (Swedish), piska (Swedish, "whip")|* a common glyph variant and fallback representation looks like ./.|* may also be used as a dingbat to indicate correctness|* used in Finno-Ugric Phonetic Alphabet to indicate a related borrowed form with different sound|x (percent sign - 0025)|x (arabic percent sign - 066A)|x (division sign - 00F7)
8275	x (tilde - 007E)
8277	= phul, puspika|* used as a punctuation mark with Syloti Nagri, Bengali and other Indic scripts|x (heavy eight teardrop-spoked propeller asterisk - 274B)
8278	x (georgian paragraph separator - 10FB)
8279	# 2032 2032 2032 2032
8281	= Greek pentonkion|= quincunx|x (die face-5 - 2684)
8282	* historically used to indicate the end of a sentence or change of speaker|* extends from baseline to cap height|x (presentation form for vertical two dot leader - FE30)|x (greek acrophonic epidaurean two - 1015B)
8283	* used by scribes in the margin as highlighter mark|* this is centered on the line, but extends beyond top and bottom of the line
8284	* used by scribes in the margin as highlighter mark
8285	= Epidaurean acrophonic symbol three|x (vertical ellipsis - 22EE)|x (triple colon operator - 2AF6)|x (presentation form for vertical horizontal ellipsis - FE19)
8286	* used in dictionaries to indicate legal but undesirable word break|* glyph extends the whole height of the line|x (vertical six dots - 2E3D)
8287	* abbreviated MMSP|* four-eighteenths of an em|# 0020 space
8288	* commonly abbreviated WJ|* a zero width non-breaking space (only)|* intended for disambiguation of functions for byte order mark|x (zero width no-break space - FEFF)
8289	* contiguity operator indicating application of a function
8290	* contiguity operator indicating multiplication
8291	= invisible comma|* contiguity operator indicating that adjacent mathematical symbols form a list, e.g. when no visible comma is used between multiple indices
8292	* contiguity operator indicating addition
8294	* commonly abbreviated LRI
8295	* commonly abbreviated RLI
8296	* commonly abbreviated FSI
8297	* commonly abbreviated PDI
8304	# <super> 0030
8305	* functions as a modifier letter|# <super> 0069
8306	x (superscript two - 00B2)
8307	x (superscript three - 00B3)
8308	# <super> 0034
8309	# <super> 0035
8310	# <super> 0036
8311	# <super> 0037
8312	# <super> 0038
8313	# <super> 0039
8314	# <super> 002B
8315	# <super> 2212
8316	# <super> 003D
8317	# <super> 0028
8318	# <super> 0029
8319	* functions as a modifier letter|# <super> 006E
8320	# <sub> 0030
8321	# <sub> 0031
8322	# <sub> 0032
8323	# <sub> 0033
8324	# <sub> 0034
8325	# <sub> 0035
8326	# <sub> 0036
8327	# <sub> 0037
8328	# <sub> 0038
8329	# <sub> 0039
8330	# <sub> 002B
8331	# <sub> 2212
8332	# <sub> 003D
8333	# <sub> 0028
8334	# <sub> 0029
8335	* variable primary or secondary stress|* precedes letter or syllable modified|x (modifier letter vertical line - 02C8)|x (modifier letter low vertical line - 02CC)
8336	# <sub> 0061
8337	# <sub> 0065
8338	# <sub> 006F
8339	# <sub> 0078
8340	# <sub> 0259
8341	# <sub> 0068
8342	# <sub> 006B
8343	# <sub> 006C
8344	# <sub> 006D
8345	# <sub> 006E
8346	# <sub> 0070
8347	# <sub> 0073
8348	# <sub> 0074
8349	# <sub> 0077
8350	# <sub> 0079
8351	# <sub> 007A|x (dollar sign - 0024)|x (cent sign - 00A2)|x (pound sign - 00A3)|x (currency sign - 00A4)|x (yen sign - 00A5)|x (latin small letter f with hook - 0192)|x (armenian dram sign - 058F)|x (afghani sign - 060B)|x (bengali rupee mark - 09F2)|x (bengali rupee sign - 09F3)|x (gujarati rupee sign - 0AF1)|x (tamil rupee sign - 0BF9)|x (thai currency symbol baht - 0E3F)|x (khmer currency symbol riel - 17DB)|x (script capital m - 2133)|x 5143|x 5186|x 5706|x 5713|x (rial sign - FDFC)|x (wancho ngun sign - 1E2FF)
8352	* intended for ECU, but not widely used|* historical character; this is NOT the euro!|x (euro sign - 20AC)
8353	* Costa Rica, El Salvador
8354	* Brazil
8355	* France|x (latin capital letter f with stroke - A798)
8356	* intended for lira, but not widely used|* preferred character for lira is 00A3|x (pound sign - 00A3)|x (turkish lira sign - 20BA)
8357	* USA (1/10 cent)
8358	* Nigeria
8359	* Spain|x (peso sign - 20B1)
8360	* India, unofficial legacy practice|x (indian rupee sign - 20B9)|# 0052 0073
8361	* Korea|* glyph may have one or two crossbars, but the most common form in Korea has only one
8362	= shekel|* Israel
8363	* Vietnam
8364	* currency sign for the European Monetary Union|* euro, not ecu|x (euro-currency sign - 20A0)
8365	* Laos|x (latin capital letter barred k - 1DF48)
8366	* Mongolia|* also transliterated as tugrug, tugric, tugrog, togrog, tögrög
8367	* Greece
8369	= Filipino peso sign|* Philippines|* extant and discontinued Latin-American peso currencies (Mexican, Chilean, Colombian, etc.) use the dollar sign|x (dollar sign - 0024)|x (peseta sign - 20A7)
8370	* Paraguay|* Often represented by G. or Gs.
8371	* former Argentinian currency
8372	* Ukraine
8373	* Ghana|* glyph may look like '023B' or like C with a short vertical stroke through the upper arm|x (cent sign - 00A2)|x (latin capital letter c with stroke - 023B)
8374	* used in France from 13th-18th centuries
8375	* historical international currency associated with Esperanto
8376	* Kazakhstan|x (apl functional symbol up tack overbar - 2351)|x (box drawings down single and horizontal double - 2564)|x (postal mark - 3012)
8377	* official rupee currency sign for India|* contrasts with script-specific rupee signs and abbreviations|x (devanagari letter ra - 0930)
8378	* official lira currency sign for Turkey
8379	* early representation of the Mark currency used in Denmark and Norway|x (script capital m - 2133)
8380	* Azerbaijan
8381	* Russia
8382	* Georgia
8383	* a cryptocurrency
8384	* Kyrgyzstan
8385	* Saudi Arabia
8386	* Maldives
8401	* vector
8402	* negation
8403	* occasional variant for negation
8405	* rotation
8407	* vector
8411	= third derivative
8412	= fourth derivative
8413	= JIS composition circle|= Cyrillic combining ten thousands sign|x (white circle - 25CB)|x (large circle - 25EF)|x (ideographic number zero - 3007)
8414	x (white square - 25A1)
8415	x (white diamond - 25C7)
8416	* prohibition|x (prohibited sign - 1F6C7)
8417	* tensor|x (combining left right arrow below - 034D)
8418	x (clear screen symbol - 239A)|x (screen - 1F5B5)
8420	x (white up-pointing triangle - 25B3)
8421	x (reverse solidus - 005C)
8422	= z notation finite function diacritic|x (double vertical line - 2016)|x (rightwards arrow with double vertical stroke - 21FB)|x (rightwards two-headed arrow with double vertical stroke - 2901)|x (rightwards arrow with tail with double vertical stroke - 2915)
8423	= actuarial bend|x (right ceiling - 2309)
8425	= contraction operator|* extends the full width of the base character|x (combining bridge above - 0346)
8426	x (leftwards arrow - 2190)
8427	= long double slash overlay
8448	# 0061 002F 0063
8449	= aux soins (de)|x (aktieselskab - 214D)|# 0061 002F 0073
8450	= the set of complex numbers|# <font> 0043 latin capital letter c
8451	= degrees centigrade|# 00B0 0043
8452	= clone
8453	# 0063 002F 006F
8454	* Spanish for "each one"|# 0063 002F 0075
8455	x (latin capital letter e - 0045)|# 0190 latin capital letter open e
8457	# 00B0 0046
8458	= real number symbol|# <font> 0067 latin small letter g
8459	= Hamiltonian operator|~ 210B FE00 chancery style|~ 210B FE01 roundhand style|# <font> 0048 latin capital letter h
8460	= Hilbert space|# <font> 0048 latin capital letter h
8461	# <font> 0048 latin capital letter h
8462	= height, specific enthalpy, ...|* simply a mathematical italic h; this character's name results from legacy usage|# <font> 0068 latin small letter h
8463	= reduced Planck constant, Dirac constant|x (cyrillic small letter tshe - 045B)|# <font> 0127 latin small letter h with stroke
8464	~ 2110 FE00 chancery style|~ 2110 FE01 roundhand style|# <font> 0049 latin capital letter i
8465	= imaginary part|# <font> 0049 latin capital letter i
8466	= Laplace transform|~ 2112 FE00 chancery style|~ 2112 FE01 roundhand style|# <font> 004C latin capital letter l
8467	= mathematical symbol 'ell'|= liter (traditional symbol)|* despite its character name, this symbol is derived from a special italicized version of the small letter l|* the SI recommended symbol for liter is 006C or 004C|x (mathematical script small l - 1D4C1)|# <font> 006C latin small letter l
8468	= pounds|x (number sign - 0023)
8469	= natural number|* a glyph variant with doubled vertical strokes exists|# <font> 004E latin capital letter n
8470	x (number sign - 0023)|x (masculine ordinal indicator - 00BA)|# 004E 006F
8471	= published|= phonorecord sign|x (copyright sign - 00A9)|x (circled latin capital letter p - 24C5)
8472	% WEIERSTRASS ELLIPTIC FUNCTION|* actually this has the form of a lowercase calligraphic p, despite its name
8473	# <font> 0050 latin capital letter p
8474	= the set of rational numbers|# <font> 0051 latin capital letter q
8475	= Riemann Integral|~ 211B FE00 chancery style|~ 211B FE01 roundhand style|# <font> 0052 latin capital letter r
8476	= real part|# <font> 0052 latin capital letter r
8477	= the set of real numbers|# <font> 0052 latin capital letter r
8478	= recipe|= cross ratio
8480	# <super> 0053 004D
8481	* typical forms for this symbol may use lowercase, small caps or superscripted letter shapes|x (black telephone - 260E)|x (telephone location sign - 2706)|x (telephone receiver - 1F4DE)|# 0054 0045 004C
8482	x (circled wz - 1F12E)|# <super> 0054 004D
8484	= the set of integers|# <font> 005A latin capital letter z
8485	x (latin small letter ezh - 0292)|x (alchemical symbol for half ounce - 1F773)|x 2CF04
8486	* SI unit of resistance, named after G. S. Ohm, German physicist|* preferred representation is 03A9|x (ascending node - 260A)|: 03A9 greek capital letter omega
8487	= mho|* archaic unit of conductance (= the SI unit siemens)|* typographically a turned greek capital letter omega|x (latin capital letter upsilon - 01B1)|x (greek capital letter omega - 03A9)|x (descending node - 260B)
8488	# <font> 005A latin capital letter z
8489	* unique element fulfilling a description (logic)|x (greek small letter iota - 03B9)
8490	: 004B latin capital letter k
8491	* non SI length unit (=0.1 nm) named after A. J. Ångström, Swedish physicist|* preferred representation is 00C5|: 00C5 latin capital letter a with ring above
8492	= Bernoulli function|~ 212C FE00 chancery style|~ 212C FE01 roundhand style|# <font> 0042 latin capital letter b
8493	# <font> 0043 latin capital letter c
8494	* used in European packaging|x (latin small letter e - 0065)
8495	= error|= natural exponent|# <font> 0065 latin small letter e
8496	= emf (electromotive force)|~ 2130 FE00 chancery style|~ 2130 FE01 roundhand style|# <font> 0045 latin capital letter e
8497	= Fourier transform|~ 2131 FE00 chancery style|~ 2131 FE01 roundhand style|# <font> 0046 latin capital letter f
8498	= Claudian digamma inversum|* lowercase is 214E|x (latin capital letter f - 0046)|x (greek letter digamma - 03DC)
8499	= M-matrix (physics)|= German Mark currency symbol, before WWII|* when used for the Mark symbol, the range of glyph variation is restricted|x (nordic mark sign - 20BB)|~ 2133 FE00 chancery style|~ 2133 FE01 roundhand style|# <font> 004D latin capital letter m
8500	= order, of inferior order to|# <font> 006F latin small letter o
8501	# 05D0 hebrew letter alef
8502	# 05D1 hebrew letter bet
8503	# 05D2 hebrew letter gimel
8504	# 05D3 hebrew letter dalet
8505	* intended for use with 20DD|x (circled information source - 1F6C8)|# <font> 0069 latin small letter i
8506	* a binding signature mark
8507	* typical forms for this symbol may use lowercase, small caps or superscripted letter shapes|x (telephone sign - 2121)|x (fax machine - 1F4E0)|# 0046 0041 0058
8508	# <font> 03C0 greek small letter pi
8509	# <font> 03B3 greek small letter gamma
8510	# <font> 0393 greek capital letter gamma
8511	# <font> 03A0 greek capital letter pi
8512	# <font> 2211 n-ary summation
8513	= game|x (lisu letter hha - A4E8)
8514	x (lisu letter uh - A4F6)
8516	x (lisu letter yha - 11FB0)
8517	* sometimes used for the differential|# <font> 0044 latin capital letter d
8518	* sometimes used for the differential|# <font> 0064 latin small letter d
8519	* sometimes used for the natural exponent|# <font> 0065 latin small letter e
8520	* sometimes used for the imaginary unit|# <font> 0069 latin small letter i
8521	* sometimes used for the imaginary unit|# <font> 006A latin small letter j
8523	* used in linear logic|x (ampersand - 0026)
8524	* abbreviates the word 'per'
8525	x (addressed to the subject - 2101)
8526	* uppercase is 2132|x (greek small letter digamma - 03DD)
8527	x (vulgar fraction one quarter - 00BC)|x (vulgar fraction one half - 00BD)|x (vulgar fraction three quarters - 00BE)
8528	# <fraction> 0031 2044 0037
8529	# <fraction> 0031 2044 0039
8530	# <fraction> 0031 2044 0031 0030
8531	# <fraction> 0031 2044 0033
8532	# <fraction> 0032 2044 0033
8533	# <fraction> 0031 2044 0035
8534	# <fraction> 0032 2044 0035
8535	# <fraction> 0033 2044 0035
8536	# <fraction> 0034 2044 0035
8537	# <fraction> 0031 2044 0036
8538	# <fraction> 0035 2044 0036
8539	# <fraction> 0031 2044 0038
8540	# <fraction> 0033 2044 0038
8541	# <fraction> 0035 2044 0038
8542	# <fraction> 0037 2044 0038
8543	# <fraction> 0031 2044
8544	# 0049 latin capital letter i
8545	# 0049 0049
8546	# 0049 0049 0049
8547	# 0049 0056
8548	# 0056 latin capital letter v
8549	# 0056 0049
8550	# 0056 0049 0049
8551	# 0056 0049 0049 0049
8552	# 0049 0058
8553	# 0058 latin capital letter x
8554	# 0058 0049
8555	# 0058 0049 0049
8556	# 004C latin capital letter l
8557	# 0043 latin capital letter c
8558	# 0044 latin capital letter d
8559	# 004D latin capital letter m
8560	# 0069 latin small letter i
8561	# 0069 0069
8562	# 0069 0069 0069
8563	# 0069 0076
8564	# 0076 latin small letter v
8565	# 0076 0069
8566	# 0076 0069 0069
8567	# 0076 0069 0069 0069
8568	# 0069 0078
8569	# 0078 latin small letter x
8570	# 0078 0069
8571	# 0078 0069 0069
8572	# 006C latin small letter l
8573	# 0063 latin small letter c
8574	# 0064 latin small letter d
8575	# 006D latin small letter m
8579	= apostrophic C|= Claudian antisigma|* used in combination with C and I to form large numbers|* lowercase is 2184|x (latin capital letter open o - 0186)|x (greek capital reversed lunate sigma symbol - 03FD)
8580	x (latin small letter open o - 0254)|x (greek small reversed lunate sigma symbol - 037B)
8581	x (greek letter stigma - 03DA)
8582	x (runic letter z - 16CE)|x (downwards arrow - 2193)
8585	* used in baseball scoring, from ARIB STD B24|# <fraction> 0030 2044 0033
8586	* digit for 10 in some duodecimal systems|x (latin capital letter script r - AB6C)
8587	* digit for 11 in some duodecimal systems|x (latin capital letter open e - 0190)|x (euler constant - 2107)|x (latin small letter tresillo - A72B)
8592	x (combining leftwards arrow overlay - 20EA)
8593	* IPA: egressive airflow
8594	= z notation total function
8595	* IPA: ingressive airflow|x (leftwards arrow from downwards arrow - 1F8C0)
8596	= z notation relation
8602	* negation of 2190|: 2190 0338
8603	* negation of 2192|: 2192 0338
8604	x (wave arrow pointing directly left - 2B3F)
8606	= fast cursor left|x (leftwards two-headed arrow with triangle arrowheads - 2BEC)
8607	= fast cursor up
8608	= z notation total surjection|= fast cursor right
8609	= form feed|= fast cursor down
8611	= z notation total injection
8614	= z notation maplet
8615	= depth symbol
8622	* negation of 2194|: 2194 0338
8623	= electrolysis|x (downwards triangle-headed zigzag arrow - 2B4D)
8626	x (inverse downwards arrow with tip leftwards - 1FBB4)
8628	= line feed
8629	* may indicate a carriage return or new line|x (return symbol - 23CE)
8632	= home
8633	= tab with shift tab|x (horizontal tab key - 2B7E)
8644	x (long rightwards arrow over long leftwards arrow - 1F8D0)
8652	x (long rightwards harpoon over long leftwards harpoon - 1F8D1)
8653	* negation of 21D0|: 21D0 0338
8654	* negation of 21D4|: 21D4 0338
8655	* negation of 21D2|: 21D2 0338
8668	x (long leftwards squiggle arrow - 2B33)
8670	= page up
8671	= page down
8676	= leftward tab
8677	= rightward tab
8678	x (north east white arrow - 2B00)
8679	= shift|= level 2 select (ISO 9995-7)
8680	= group select (ISO 9995-7)
8682	= caps lock
8683	= level 2 lock
8684	= capitals (caps) lock|x (upwards white arrow from bar with horizontal bar - 2BB8)
8685	= numeric lock
8686	= level 3 select
8687	= level 3 lock
8688	= group lock
8689	= home
8690	= end
8691	= scrolling|x (left right white arrow - 2B04)
8692	x (left arrow with small circle - 2B30)
8694	x (three leftwards arrows - 2B31)
8696	= z notation partial function
8697	= z notation partial relation
8699	= z notation finite function
8700	= z notation finite relation
8704	= universal quantifier
8705	x (latin letter stretched c - 0297)
8707	= existential quantifier
8708	: 2203 0338
8709	= null set|* used in linguistics to indicate a null morpheme or phonological "zero"|x (latin capital letter o with stroke - 00D8)|x (diameter sign - 2300)|~ 2205 FE00 zero with long diagonal stroke overlay form
8710	= Laplace operator|= forward difference|= symmetric difference (in set theory)|* other symbols may also be used for symmetric difference|x (greek capital letter delta - 0394)|x (white up-pointing triangle - 25B3)
8711	= backward difference|= gradient, del|* used for Laplacian operator (written with superscript 2)|x (white down-pointing triangle - 25BD)
8713	: 2208 0338
8714	* originates in math pi fonts; not the straight epsilon|x (greek lunate epsilon symbol - 03F5)
8715	= such that
8716	: 220B 0338
8717	x (greek reversed lunate epsilon symbol - 03F6)
8718	= q.e.d.|x (triangular bullet - 2023)|x (black vertical rectangle - 25AE)
8719	= product sign|x (greek capital letter pi - 03A0)
8720	= coproduct sign
8721	= summation sign|x (greek capital letter sigma - 03A3)|x (double-struck n-ary summation - 2140)
8722	x (hyphen-minus - 002D)|x (heavy minus sign - 2796)
8723	x (plus-minus sign - 00B1)
8725	* generic division operator|x (solidus - 002F)|x (fraction slash - 2044)|x (mathematical rising diagonal - 27CB)
8726	x (reverse solidus - 005C)|x (mathematical falling diagonal - 27CD)|x (reverse solidus operator - 29F5)
8727	* may be used to represent the telephony asterisk seen on keypads|x (asterisk - 002A)
8728	= composite function|= APL jot|x (degree sign - 00B0)|x (devanagari abbreviation sign - 0970)|x (white bullet - 25E6)|x (avestan abbreviation mark - 10B39)
8729	x (middle dot - 00B7)|x (bullet - 2022)|x (one dot leader - 2024)
8730	= radical sign|x (check mark - 2713)
8731	x (arabic-indic cube root - 0606)
8732	x (arabic-indic fourth root - 0607)
8733	x (greek small letter alpha - 03B1)
8735	= with (in chess notation)|x (reversed right angle - 2BFE)
8736	* used in astrological contexts for aspect semisquare|x (acute angle - 299F)
8737	x (measured angle with double arc - 1CEF9)
8738	= angle arc
8739	= such that|= APL stile|x (vertical line - 007C)|x (latin letter dental click - 01C0)
8740	: 2223 0338
8741	x (latin letter lateral click - 01C1)|x (double vertical line - 2016)
8742	: 2225 0338
8743	= wedge, conjunction|x (n-ary logical and - 22C0)|x (up arrowhead - 2303)|x (and with dot - 27D1)
8744	= vee, disjunction|x (n-ary logical or - 22C1)|x (down arrowhead - 2304)|x (or with dot inside - 27C7)
8745	= cap, hat|x (n-ary intersection - 22C2)|~ 2229 FE00 with serifs
8746	= cup|x (n-ary union - 22C3)|~ 222A FE00 with serifs
8747	x (latin small letter esh - 0283)
8748	# 222B 222B
8749	x (quadruple integral operator - 2A0C)|# 222B 222B 222B
8750	x (integral around a point operator - 2A15)
8751	# 222E 222E
8752	# 222E 222E 222E
8755	* clockwise or anticlockwise arrows do not reverse during layout mirroring
8756	x (historic site - 26EC)
8758	* preferred to 003A for denotation of division or scale in mathematical use|x (colon - 003A)
8760	= saturating subtraction|* sometimes claimed as notation for symmetric set difference, but 2206 is preferred
8763	x (tilde operator with rising dots - 2A6B)
8764	= varies with (proportional to)|= difference between|= similar to|= not|= cycle|= APL tilde|x (tilde - 007E)|x (not sign - 00AC)|x (small tilde - 02DC)
8765	= lazy S|* reversed tilde and lazy S are glyph variants|~ 223D FE00 using lazy S
8766	= most positive
8767	= alternating current
8769	: 223C 0338
8770	~ 2242 FE00 using lazy S
8771	~ 2243 FE00 using lazy S
8772	: 2243 0338
8773	x (approximately equal or equal to - 2A70)
8775	: 2245 0338
8776	= asymptotic to|~ 2248 FE00 using lazy S
8777	: 2248 0338
8780	* reversed tilde and lazy S are glyph variants
8786	= nearly equals
8791	= approximately equal to
8793	= corresponds to
8796	= equiangular|= equal to by definition
8800	x (equals sign - 003D)|x (latin letter alveolar click - 01C2)|: 003D 0338
8802	: 2261 0338
8804	x (less-than sign - 003C)
8805	x (greater-than sign - 003E)
8808	x (less-than and single-line not equal to - 2A87)|~ 2268 FE00 with vertical stroke
8809	x (greater-than and single-line not equal to - 2A88)|~ 2269 FE00 with vertical stroke
8810	x (left-pointing double angle quotation mark - 00AB)
8811	x (right-pointing double angle quotation mark - 00BB)
8812	= plaintiff, quantic
8813	: 224D 0338
8814	: 003C 0338
8815	: 003E 0338
8816	: 2264 0338
8817	: 2265 0338
8818	~ 2272 FE00 following the slant of the lower leg
8819	~ 2273 FE00 following the slant of the lower leg
8820	: 2272 0338
8821	: 2273 0338
8824	: 2276 0338
8825	: 2277 0338
8826	= lower rank than|x (precedes under relation - 22B0)
8827	= higher rank than|x (succeeds under relation - 22B1)
8832	: 227A 0338
8833	: 227B 0338
8834	= included in set|x (left sideways u bracket - 2E26)
8835	= includes in set|x (right sideways u bracket - 2E27)
8836	: 2282 0338
8837	: 2283 0338
8840	: 2286 0338
8841	: 2287 0338
8842	~ 228A FE00 with stroke through bottom members
8843	~ 228B FE00 with stroke through bottom members
8845	x (n-ary union operator with dot - 2A03)|x (intersection with dot - 2A40)
8846	= z notation bag addition|x (n-ary union operator with plus - 2A04)
8851	x (n-ary square intersection operator - 2A05)|~ 2293 FE00 with serifs
8852	x (n-ary square union operator - 2A06)|~ 2294 FE00 with serifs
8853	= direct sum|= vector pointing into page|x (n-ary circled plus operator - 2A01)|x (alchemical symbol for verdigris - 1F728)|~ 2295 FE00 with white rim
8854	= symmetric difference|x (circle with horizontal bar - 29B5)|x (alchemical symbol for salt - 1F714)
8855	= tensor product|= vector pointing into page|x (circled crossing lanes - 26D2)|x (n-ary circled times operator - 2A02)|x (circled x - 2BBE)|x (lot of fortune - 1F774)|~ 2297 FE00 with white rim
8857	= direct product|= vector pointing out of page|x (latin letter bilabial click - 0298)|x (sun - 2609)|x (n-ary circled dot operator - 2A00)
8858	x (apl functional symbol circle jot - 233E)|x (bullseye - 25CE)
8859	x (apl functional symbol circle star - 235F)
8860	= NoDerivatives (symbol used for Creative Commons licenses)|x (circled cc - 1F16D)|~ 229C FE00 with equal sign touching the circle
8864	x (ballot box with x - 2612)|x (squared saltire - 26DD)|x (alchemical symbol for month - 1F771)
8865	x (alchemical symbol for urine - 1F755)|x (right open squared dot - 1FBBC)
8866	= turnstile|= proves, implies, yields|= reducible
8867	= reverse turnstile|= non-theorem, does not yield
8868	= top|x (raised interpolation marker - 2E06)|x (alchemical symbol for crucible-4 - 1F768)
8869	= base, bottom|x (perpendicular - 27C2)
8870	= reduces to
8872	= statement is true, valid|= is a tautology|= satisfies|= results in
8876	: 22A2 0338
8877	: 22A8 0338
8878	: 22A9 0338
8879	: 22AB 0338
8880	x (precedes - 227A)
8881	x (succeeds - 227B)
8882	x (white left-pointing pointer - 25C5)
8883	x (white right-pointing pointer - 25BB)
8891	x (semisextile - 26BA)
8892	x (projective - 2305)|x (quincunx - 26BB)
8896	* also used to denote the universal quantifier|x (logical and - 2227)
8897	* also used to denote the existential quantifier|x (logical or - 2228)
8898	= z notation generalised intersection|x (intersection - 2229)
8899	= z notation generalised union|x (union - 222A)
8900	x (white diamond - 25C7)|x (black small diamond - 2B29)
8901	* preferred to 00B7 for denotation of multiplication|x (middle dot - 00B7)
8902	* APL|x (arabic five pointed star - 066D)|x (black star - 2605)|x (white medium star - 2B50)
8903	* ambiguous sign conflating two operators|x (plus-minus sign - 00B1)|x (multiplication sign - 00D7)|x (division sign - 00F7)|x (multiplication x - 2715)
8904	x (ocr bow tie - 2445)
8908	x (caret insertion point - 2041)
8909	~ 22CD FE00 using lazy S
8916	= proper intersection
8917	x (viewdata square - 2317)
8922	~ 22DA FE00 with slanted equal
8923	~ 22DB FE00 with slanted equal
8924	~ 22DC FE00 with horizontal equal
8925	~ 22DD FE00 with horizontal equal
8928	: 227C 0338
8929	: 227D 0338
8930	: 2291 0338
8931	: 2292 0338
8938	: 22B2 0338
8939	: 22B3 0338
8940	: 22B4 0338
8941	: 22B5 0338
8942	x (tricolon - 205D)|x (horizontal ellipsis - 2026)|x (presentation form for vertical horizontal ellipsis - FE19)
8960	x (latin small letter o with stroke - 00F8)|x (empty set - 2205)
8961	* from ISO 2047|* symbol for End of Transmission
8963	x (circumflex accent - 005E)|x (modifier letter up arrowhead - 02C4)|x (caret - 2038)|x (logical and - 2227)
8964	x (modifier letter down arrowhead - 02C5)|x (logical or - 2228)|x (countersink - 2335)
8965	x (nand - 22BC)
8967	x (wiggly vertical line - 2E3E)|x (wavy dash - 3030)
8968	= APL upstile|x (top left half bracket - 2E22)|x (left corner bracket - 300C)
8969	x (combining annuity symbol - 20E7)|x (top right half bracket - 2E23)
8970	= APL downstile|x (bottom left half bracket - 2E24)
8971	x (right corner bracket - 300D)|x (bottom right half bracket - 2E25)
8972	* set of four "crop" corners, arranged facing outward
8976	= beginning of line|x (not sign - 00AC)
8977	= Kissen (pillow)|* used as a command delimiter in some very old computers|x (rotated white four pointed cusp - 2BCF)
8978	= position of any line|x (upper half circle - 25E0)
8979	= position of a surface
8980	x (sector with chord - 1CEF6)
8982	= true position|x (square position indicator - 2BD0)
8983	x (equal and parallel to - 22D5)
8984	= command key (1.0)|= operating system key (ISO 9995-7)
8985	= line marker
8986	x (alarm clock - 23F0)|x (clock face one oclock - 1F550)
8987	x (white hourglass - 29D6)
8988	x (right angle substitution marker - 2E00)|x (top left half bracket - 2E22)
8992	x (integral extension - 23AE)
8994	x (character tie - 2040)
8995	x (undertie - 203F)
8996	= enter key
8998	= delete to the right key
8999	= clear key|x (ballot box with x - 2612)
9000	x (keyboard and mouse - 1F5A6)|x (wired keyboard - 1F5AE)
9001	x (less-than sign - 003C)|x (single left-pointing angle quotation mark - 2039)|x (mathematical left angle bracket - 27E8)|: 3008 left angle bracket
9002	x (greater-than sign - 003E)|x (single right-pointing angle quotation mark - 203A)|x (mathematical right angle bracket - 27E9)|: 3009 right angle bracket
9003	= delete to the left key
9011	x (lower left triangle - 25FA)
9012	x (open box - 2423)
9013	x (down arrowhead - 2304)
9015	x (apl functional symbol quad - 2395)|x (white vertical rectangle - 25AF)|x (n-ary white vertical bar - 2AFF)
9018	x (white diamond in square - 26CB)
9019	x (squared small circle - 29C7)
9022	x (circled ring operator - 229A)|x (circled white bullet - 29BE)
9023	x (roman as sign - 1019A)
9024	x (reverse solidus with horizontal stroke - 29F7)
9025	x (squared rising diagonal slash - 29C4)
9026	x (squared falling diagonal slash - 29C5)
9033	x (reversed empty set - 29B0)
9034	= up tack underbar|* preferred naming for APL tack symbols now follows the London Convention in ISO/IEC 13751:2000 (APL Extended)|x (up tack - 22A5)
9038	= up tack jot|x (up tack - 22A5)
9041	= down tack overbar|x (down tack - 22A4)|x (postal mark - 3012)
9043	x (up arrowhead in a rectangle box - 2BB9)
9045	= down tack jot|x (down tack - 22A4)
9053	x (intersection with dot - 2A40)
9055	x (circled asterisk operator - 229B)
9057	= down tack diaeresis|x (down tack - 22A4)
9060	= hoot
9061	= holler
9064	= smirk
9072	x (uncertainty sign - 2BD1)
9083	* from ISO 2047|* symbol for Negative Acknowledge
9085	* from ISO 9995-7|* keyboard symbol for No Break Space|x (open box - 2423)
9086	* from ISO 2047|x (alarm bell symbol - 1FBFA)
9087	* from ISO 2047|* symbol for End of Medium
9093	= center
9096	= control|x (wheel of dharma - 2638)
9097	= pause
9098	= interrupt, break
9099	= escape
9108	x (white hexagon - 2B21)
9109	x (apl functional symbol squish quad - 2337)|x (white vertical rectangle - 25AF)
9111	x (back with leftwards arrow above - 1F519)
9114	x (combining enclosing screen - 20E2)
9134	x (top half integral - 2320)|x (bottom half integral - 2321)
9135	* used for extension of arrows|x (vertical line extension - 23D0)
9136	= left moustache
9137	= right moustache
9139	x (n-ary summation - 2211)
9140	x (presentation form for vertical left square bracket - FE47)
9141	x (presentation form for vertical right square bracket - FE48)
9142	* only used for terminal emulation
9147	* scan line-5 is unified with the box-drawing graphic character 2500
9150	x (left ceiling - 2308)
9151	x (left floor - 230A)
9161	x (down tack - 22A4)|x (box drawings light down and horizontal - 252C)
9162	x (up tack - 22A5)|x (box drawings light up and horizontal - 2534)
9163	x (right ceiling - 2309)
9164	x (right floor - 230B)
9166	* may be shown with either hollow or filled glyph|x (downwards arrow with corner leftwards - 21B5)|x (return left - 2B90)
9167	* UI symbol to eject media
9168	* used for extension of arrows|x (horizontal line extension - 23AF)
9175	x (combining greek musical triseme - 1D242)
9176	x (combining greek musical tetraseme - 1D243)
9177	x (combining greek musical pentaseme - 1D244)
9180	x (presentation form for vertical left parenthesis - FE35)
9181	x (presentation form for vertical right parenthesis - FE36)
9182	x (presentation form for vertical left curly bracket - FE37)
9183	x (presentation form for vertical right curly bracket - FE38)
9184	x (presentation form for vertical left tortoise shell bracket - FE39)
9185	x (presentation form for vertical right tortoise shell bracket - FE3A)
9192	* Algol-60 token for scientific notation literals
9193	= fast forward
9194	= rewind, fast backwards
9197	= skip to the end or next file/track/chapter
9198	= skip to the start or previous file/track/chapter
9199	= play/pause toggle
9200	x (watch - 231A)|x (clock face one oclock - 1F550)|x (mantelpiece clock - 1F570)
9203	x (hourglass - 231B)
9204	= reverse, back|* preferred to 25C0 black left-pointing triangle|x (black medium left-pointing triangle centred - 2BC7)|x (black left-pointing isosceles right triangle - 1F780)
9205	= forward|* preferred to 25B6 black right-pointing triangle|x (black medium right-pointing triangle centred - 2BC8)|x (black right-pointing isosceles right triangle - 1F782)
9206	= increase|* preferred to 25B2 black up-pointing triangle|x (black medium up-pointing triangle centred - 2BC5)|x (black up-pointing isosceles right triangle - 1F781)
9207	= decrease|* preferred to 25BC black down-pointing triangle|x (black medium down-pointing triangle centred - 2BC6)|x (black down-pointing isosceles right triangle - 1F783)
9208	= pause|x (double vertical line - 2016)
9209	= stop|x (black medium square - 25FC)
9210	= record|x (medium black circle - 26AB)|x (large red circle - 1F534)
9211	* IEC 5009 standby symbol|* IEEE 1621 power symbol
9212	* IEC 5010 power on-off symbol
9213	* use 2B58 for power off symbol|x (heavy circle - 2B58)
9214	x (last quarter moon - 263E)
9250	* graphic for space|x (latin small letter b with stroke - 0180)
9251	* graphic for space|x (counterbore - 2334)
9253	* from ISO 9995-7|* keyboard symbol for undoable delete
9254	* from ISO 2047|x (arabic question mark - 061F)
9285	= unique asterisk|x (bowtie - 22C8)
9286	= transit
9287	= amount
9288	% MICR ON US SYMBOL|= on us
9289	% MICR DASH SYMBOL|= dash
9312	# <circle> 0031
9313	# <circle> 0032
9314	# <circle> 0033
9315	# <circle> 0034
9316	# <circle> 0035
9317	# <circle> 0036
9318	# <circle> 0037
9319	# <circle> 0038
9320	# <circle> 0039
9321	# <circle> 0031 0030
9322	# <circle> 0031 0031
9323	# <circle> 0031 0032
9324	# <circle> 0031 0033
9325	# <circle> 0031 0034
9326	# <circle> 0031 0035
9327	# <circle> 0031 0036
9328	# <circle> 0031 0037
9329	# <circle> 0031 0038
9330	# <circle> 0031 0039
9331	# <circle> 0032 0030
9332	# 0028 0031 0029
9333	# 0028 0032 0029
9334	# 0028 0033 0029
9335	# 0028 0034 0029
9336	# 0028 0035 0029
9337	# 0028 0036 0029
9338	# 0028 0037 0029
9339	# 0028 0038 0029
9340	# 0028 0039 0029
9341	# 0028 0031 0030 0029
9342	# 0028 0031 0031 0029
9343	# 0028 0031 0032 0029
9344	# 0028 0031 0033 0029
9345	# 0028 0031 0034 0029
9346	# 0028 0031 0035 0029
9347	# 0028 0031 0036 0029
9348	# 0028 0031 0037 0029
9349	# 0028 0031 0038 0029
9350	# 0028 0031 0039 0029
9351	# 0028 0032 0030 0029
9352	# 0031 002E
9353	# 0032 002E
9354	# 0033 002E
9355	# 0034 002E
9356	# 0035 002E
9357	# 0036 002E
9358	# 0037 002E
9359	# 0038 002E
9360	# 0039 002E
9361	# 0031 0030 002E
9362	# 0031 0031 002E
9363	# 0031 0032 002E
9364	# 0031 0033 002E
9365	# 0031 0034 002E
9366	# 0031 0035 002E
9367	# 0031 0036 002E
9368	# 0031 0037 002E
9369	# 0031 0038 002E
9370	# 0031 0039 002E
9371	# 0032 0030 002E
9372	# 0028 0061 0029
9373	# 0028 0062 0029
9374	# 0028 0063 0029
9375	# 0028 0064 0029
9376	# 0028 0065 0029
9377	# 0028 0066 0029
9378	# 0028 0067 0029
9379	# 0028 0068 0029
9380	# 0028 0069 0029
9381	# 0028 006A 0029
9382	# 0028 006B 0029
9383	# 0028 006C 0029
9384	# 0028 006D 0029
9385	# 0028 006E 0029
9386	# 0028 006F 0029
9387	# 0028 0070 0029
9388	# 0028 0071 0029
9389	# 0028 0072 0029
9390	# 0028 0073 0029
9391	# 0028 0074 0029
9392	# 0028 0075 0029
9393	# 0028 0076 0029
9394	# 0028 0077 0029
9395	# 0028 0078 0029
9396	# 0028 0079 0029
9397	# 0028 007A 0029
9398	# <circle> 0041
9399	# <circle> 0042
9400	x (copyright sign - 00A9)|# <circle> 0043
9401	# <circle> 0044
9402	# <circle> 0045
9403	# <circle> 0046
9404	# <circle> 0047
9405	# <circle> 0048
9406	# <circle> 0049
9407	# <circle> 004A
9408	# <circle> 004B
9409	# <circle> 004C
9410	x (mask work symbol - 1F1AD)|# <circle> 004D
9411	# <circle> 004E
9412	# <circle> 004F
9413	x (sound recording copyright - 2117)|# <circle> 0050
9414	# <circle> 0051
9415	x (registered sign - 00AE)|# <circle> 0052
9416	# <circle> 0053
9417	# <circle> 0054
9418	# <circle> 0055
9419	# <circle> 0056
9420	# <circle> 0057
9421	# <circle> 0058
9422	# <circle> 0059
9423	# <circle> 005A
9424	# <circle> 0061
9425	# <circle> 0062
9426	# <circle> 0063
9427	# <circle> 0064
9428	# <circle> 0065
9429	# <circle> 0066
9430	# <circle> 0067
9431	# <circle> 0068
9432	# <circle> 0069
9433	# <circle> 006A
9434	# <circle> 006B
9435	# <circle> 006C
9436	# <circle> 006D
9437	# <circle> 006E
9438	# <circle> 006F
9439	# <circle> 0070
9440	# <circle> 0071
9441	# <circle> 0072
9442	# <circle> 0073
9443	# <circle> 0074
9444	# <circle> 0075
9445	# <circle> 0076
9446	# <circle> 0077
9447	# <circle> 0078
9448	# <circle> 0079
9449	# <circle> 007A
9450	# <circle> 0030
9471	x (dingbat negative circled digit one - 2776)
9472	= Videotex Mosaic DG 15|x (box drawings light horizontal with vertical stroke - 1FBAF)
9474	= Videotex Mosaic DG 14
9484	= Videotex Mosaic DG 16
9488	= Videotex Mosaic DG 17
9492	= Videotex Mosaic DG 18
9496	= Videotex Mosaic DG 19
9500	= Videotex Mosaic DG 20
9501	= Videotex Mosaic DG 03
9508	= Videotex Mosaic DG 21
9509	= Videotex Mosaic DG 04
9516	= Videotex Mosaic DG 22
9519	= Videotex Mosaic DG 02
9524	= Videotex Mosaic DG 23
9527	= Videotex Mosaic DG 01
9532	= Videotex Mosaic DG 24
9535	= Videotex Mosaic DG 13
9585	* not intended for mathematical symbol \diagup|x (solidus - 002F)|x (fraction slash - 2044)|x (division slash - 2215)
9586	* not intended for mathematical symbol \diagdown|x (reverse solidus - 005C)|x (set minus - 2216)|x (reverse solidus operator - 29F5)
9587	x (saltire - 2613)|x (multiplication x - 2715)
9608	= solid|x (black square - 25A0)
9617	* 25%
9618	= speckles fill, dotted fill|* 50%|* used in mapping to cp949|x (inverse medium shade - 1FB90)
9619	* 75%
9626	x (reverse checker board - 1F67F)|x (checker board fill - 1FB95)
9630	x (checker board - 1F67E)|x (inverse checker board fill - 1FB96)
9632	= moding mark (in ideographic text)|x (full block - 2588)|x (black large square - 2B1B)
9633	= quadrature|= alchemical symbol for salt|* used in astrological contexts for aspect square|* may be used to represent a missing ideograph|x (combining enclosing square - 20DE)|x (white medium square - 25FB)|x (ballot box - 2610)|x (white large square - 2B1C)|x (geta mark - 3013)
9639	x (upper left to lower right fill - 1FB98)
9640	x (upper right to lower left fill - 1FB99)
9642	= square bullet|x (black very small square - 2B1D)
9643	x (white very small square - 2B1E)
9646	= histogram marker|x (end of proof - 220E)
9647	x (apl functional symbol squish quad - 2337)|x (apl functional symbol quad - 2395)
9650	x (black medium up-pointing triangle - 23F6)|x (black medium up-pointing triangle centred - 2BC5)|x (up-pointing red triangle - 1F53A)
9651	= trine|x (combining enclosing upward pointing triangle - 20E4)|x (increment - 2206)|x (triangle with rounded corners - 1F6C6)|x (alchemical symbol for fire - 1F702)
9652	x (up-pointing small red triangle - 1F53C)
9654	x (black medium right-pointing triangle - 23F5)|x (black medium right-pointing triangle centred - 2BC8)
9655	= z notation range restriction
9656	x (triangular bullet - 2023)
9659	= forward arrow indicator|x (contains as normal subgroup - 22B3)
9660	x (black medium down-pointing triangle - 23F7)|x (black medium down-pointing triangle centred - 2BC6)|x (down-pointing red triangle - 1F53B)
9661	= Hamilton operator|x (nabla - 2207)|x (heavy white down-pointing triangle - 26DB)|x (alchemical symbol for water - 1F704)
9662	x (down-pointing small red triangle - 1F53D)
9664	x (black medium left-pointing triangle - 23F4)|x (black medium left-pointing triangle centred - 2BC7)
9665	= z notation domain restriction
9669	= backward arrow indicator|x (normal subgroup of - 22B2)
9670	x (black diamond suit - 2666)|x (black medium diamond - 2B25)|x (large orange diamond - 1F536)
9671	x (combining enclosing diamond - 20DF)|x (diamond operator - 22C4)|x (white diamond suit - 2662)|x (white concave-sided diamond - 27E1)|x (white medium diamond - 2B26)|x (alchemical symbol for soap - 1F754)|x (box drawings light diagonal diamond - 1FBAE)
9673	= tainome (Japanese, a kind of bullet)
9674	x (white diamond suit - 2662)
9675	* fifth day (taian) in a six-day annotation system (Rokuyō) used in Japanese traditional calendars|x (combining enclosing circle - 20DD)|x (large circle - 25EF)|x (heavy circle - 2B58)|x (ideographic number zero - 3007)|x (tomobiki symbol - 1F1AE)|x (full moon symbol - 1F315)
9676	* note that the reference glyph for this character is intentionally larger than the dotted circle glyph used to indicate combining characters in this standard; see, for example, 0300
9678	x (circled ring operator - 229A)|x (heavy circle with circle inside - 2B57)|x (direct hit - 1F3AF)|x (round target - 1F78B)
9679	* fourth day (butsumetsu) in a six-day annotation system (Rokuyō) used in Japanese traditional calendars|x (black large circle - 2B24)|x (new moon symbol - 1F311)|x (large red circle - 1F534)
9680	* first day (senshō) in a six-day annotation system (Rokuyō) used in Japanese traditional calendars|x (first quarter moon symbol - 1F313)
9681	* third day (sembu) in a six-day annotation system (Rokuyō) used in Japanese traditional calendars|x (last quarter moon symbol - 1F317)
9688	x (bullet - 2022)|x (white bullet - 25E6)
9696	x (arc - 2312)
9698	x (lower right triangular medium shade - 1FB9E)
9699	x (lower left triangular medium shade - 1FB9F)
9700	x (upper left triangular medium shade - 1FB9C)
9701	x (upper right triangular medium shade - 1FB9D)
9702	x (bullet - 2022)|x (ring operator - 2218)|x (inverse bullet - 25D8)
9703	x (square with top half black - 2B12)
9711	x (combining enclosing circle - 20DD)|x (white circle - 25CB)|x (black large circle - 2B24)|x (heavy large circle - 2B55)|x (ideographic number zero - 3007)
9722	x (right triangle - 22BF)
9723	= always (modal operator)|x (white square - 25A1)|x (white square with leftwards tick - 27E4)
9724	x (black square for stop - 23F9)|x (black square - 25A0)
9725	x (white small square - 25AB)
9726	x (black small square - 25AA)
9727	x (right triangle - 22BF)
9728	= clear weather|x (sun - 2609)|x (high brightness symbol - 1F506)
9729	= cloudy weather
9730	= rainy weather|x (closed umbrella - 1F302)|x (cloud with rain - 1F327)
9731	= snowy weather
9733	x (star operator - 22C6)|x (black small star - 2B51)|x (left half black star - 2BE8)|x (light five pointed black star - 1F7C9)
9734	x (stress outlined white star - 2729)|x (white medium star - 2B50)|x (glowing star - 1F31F)
9737	= alchemical symbol for gold|x (circled dot operator - 2299)|x (black sun with rays - 2600)|x (white sun with rays - 263C)|x (sun with face - 1F31E)
9738	= alchemical symbol for sublimation|x (alchemical symbol for sublimation - 1F75E)
9739	= alchemical symbol for purify|x (alchemical symbol for purify - 1F763)
9740	= alchemical symbol for day|x (occultation - 1F775)
9741	x (lunar eclipse - 1F776)
9742	x (telephone sign - 2121)|x (telephone location sign - 2706)|x (telephone receiver - 1F4DE)|x (black touchtone telephone - 1F57F)
9743	x (white touchtone telephone - 1F57E)
9744	x (white square - 25A1)
9745	x (ballot box with bold check - 1F5F9)
9746	x (squared times - 22A0)|x (x in a rectangle box - 2327)|x (ballot box with light x - 2BBD)|x (ballot box with ballot - 1F5F3)|x (ballot box with script x - 1F5F5)
9747	= St. Andrew's Cross|x (ballot x - 2717)|x (light saltire - 1F7A9)
9748	= showery weather
9749	= tea or coffee, depending on locale|* can be used to indicate a wait|x (watch - 231A)|x (hourglass - 231B)|x (teacup without handle - 1F375)
9752	x (four leaf clover - 1F340)
9753	* a binding signature mark|x (rotated floral heart bullet - 2767)|x (south west pointing vine leaf - 1F659)
9756	x (white left pointing backhand index - 1F448)|x (sideways white left pointing index - 1F598)
9757	x (sideways white up pointing index - 1F59E)
9758	= fist (typographic term)|x (sideways white right pointing index - 1F599)|x (left third white right pointing index - 1FBC1)
9759	x (white down pointing left hand index - 1F597)|x (sideways white down pointing index - 1F59F)
9760	= poison|x (black skull and crossbones - 1F571)
9764	x (staff of aesculapius - 2695)|x (alchemical symbol for caduceus - 1F750)
9767	= Constantine's cross, Christogram|x (coptic symbol khi ro - 2CE9)
9769	= simple cross potent|* contrasts with the actual cross of Jerusalem, which adds a small crosslet at each corner|x (alchemical symbol for vinegar - 1F70A)
9771	= symbol of iran (1.0)
9772	= khanda|* Sikh religious symbol|x (khanda - 1FAAF)
9775	x (tibetan symbol nor bu nyis -khyil - 0FCA)
9776	= qian2
9777	= dui4
9778	= li2
9779	= zhen4
9780	= xun4
9781	= kan3
9782	= gen4
9783	= kun1
9784	x (helm symbol - 2388)
9785	x (slightly frowning face - 1F641)
9786	x (slightly smiling face - 1F642)|= have a nice day!
9788	= compass|x (sun - 2609)|x (sun with face - 1F31E)|x (white sun - 1F323)|x (high brightness symbol - 1F506)
9789	= alchemical symbol for silver|x (first quarter moon symbol - 1F313)
9790	= alchemical symbol for silver|x (power sleep symbol - 23FE)|x (last quarter moon symbol - 1F317)|x (crescent moon - 1F319)
9791	= alchemical symbol for quicksilver|= intersexuality
9792	= Venus|= alchemical symbol for copper|x (woman - 1F469)|x (womens symbol - 1F6BA)
9793	= alchemical symbol for antimony|x (alchemical symbol for verdigris - 1F728)
9794	= Mars|= alchemical symbol for iron|x (passed symbol - 2BFD)|x (man - 1F468)|x (mens symbol - 1F6B9)
9795	= alchemical symbol for tin|x (alchemical symbol for moon-jupiter - 1CED3)
9796	= alchemical symbol for lead
9797	= alchemical symbol for platinum|x (astronomical symbol for uranus - 26E2)
9798	= alchemical symbol for bismuth/tinglass|x (neptune form two - 2BC9)
9799	x (pluto form two - 2BD3)
9800	x (ram - 1F40F)
9803	x (crab - 1F980)
9804	x (lion face - 1F981)
9805	= minim (alternate glyph)
9806	x (scales - 2696)|x (alchemical symbol for sublimation - 1F75E)
9807	= Scorpio|= minim, drop|x (scorpion - 1F982)
9808	x (bow and arrow - 1F3F9)
9810	x (amphora - 1F3FA)
9826	x (white diamond - 25C7)|x (lozenge - 25CA)
9827	x (shamrock - 2618)
9829	= valentine|x (heavy black heart - 2764)|x (heart with tip on the left - 1F394)|x (blue heart - 1F499)|x (black heart - 1F5A4)
9830	x (black diamond - 25C6)
9833	= crotchet|x (musical symbol quarter note - 1D15F)
9834	= quaver|x (musical symbol eighth note - 1D160)|x (musical note - 1F3B5)
9835	= beamed quavers|x (beamed descending musical notes - 1F39D)|x (multiple musical notes - 1F3B6)
9836	= beamed semiquavers
9839	= z notation infix bag count|x (number sign - 0023)
9842	* used as generic symbol for recycling or to indicate that material is recyclable
9843	* polyethylene terephthalate
9844	* high density polyethylene
9845	* vinyl, polyvinyl chloride
9846	* low density polyethylene
9847	* polypropylene
9848	* polystyrene
9849	* other plastics
9850	* used together with other text and labels to indicate the type of material to be recycled
9851	x (clockwise rightwards and leftwards open circle arrows - 1F501)
9852	* used to indicate 100% recycled paper content
9853	* percentage of recycled paper content indicated in overlay or next to this symbol
9854	= non-acid paper
9855	= accessible place
9856	x (game die - 1F3B2)
9863	x (face without mouth - 1F636)
9872	x (waving white flag - 1F3F3)
9874	= mining, working day (in timetables)|x (pick - 26CF)|x (hammer and wrench - 1F6E0)
9875	= nautical term, harbor (on maps)
9876	= military term, battleground (on maps), killed in action|x (fencer - 1F93A)
9877	= medical term|* both inclined or upright renderings of this symbol are common|x (caduceus - 2624)|x (bowl of hygieia - 1F54F)
9878	= legal term, jurisprudence|x (libra - 264E)
9879	= chemical term, chemistry|x (alchemical symbol for retort - 1F76D)
9880	= botanical term|x (flower punctuation mark - 2055)|x (white florette - 2740)|x (tulip - 1F337)
9881	= technology, tools
9882	* signifies a commercial term or commerce|* glyph shows a heraldic staff with a winged wheel
9883	= nuclear installation (on maps)
9885	* alternative form of the interlaced pentagram (a symbol of Morocco)|x (right-handed interlaced pentagram - 26E5)
9886	= someone speaking|x (three rays left - 1F5E6)
9887	= background speaking|x (three rays right - 1F5E7)
9888	x (octagonal sign - 1F6D1)
9889	= thunder|= lightning symbol|x (lightning mood - 1F5F2)
9890	= female homosexuality|x (two women holding hands - 1F46D)
9891	* a glyph variant has the two circles on the same line|= male homosexuality|x (two men holding hands - 1F46C)
9892	* a glyph variant has the two circles on the same line|= heterosexuality
9893	= intersex, androgynous|= hermaphroditic (in botany)
9894	= transgender|= alchemical symbol for iron or crocus of iron
9895	= transgender
9896	= alchemical symbol for iron
9897	= alchemical symbol for iron
9898	= asexuality, sexless, genderless|= engaged, betrothed|* base for male or female sign|x (medium bold white circle - 1F785)
9899	* UI symbol for record function|x (black circle for record - 23FA)
9900	= engaged, betrothed (genealogy)|* can represent wedding ring
9901	x (infinity - 221E)|x (wedding - 1F492)
9902	x (infinity negated with vertical bar - 29DE)|x (united symbol - 2BFA)
9903	x (double-ended multimap - 29DF)|x (separated symbol - 2BFB)
9904	= buried (genealogy)|x (white rectangle - 25AD)
9905	= cremated (genealogy)
9910	x (vesta form two - 1F777)
9913	* an aspect of 60 degrees|x (asterisk - 002A)|x (six pointed black star - 2736)|x (alchemical symbol for sal-ammoniac - 1F739)
9914	* an aspect of 30 degrees|x (xor - 22BB)
9915	* an aspect of 150 degrees|x (nand - 22BC)
9916	* an aspect of 135 degrees
9919	= parental lock|x (key - 1F511)
9924	= light snow
9925	= partly cloudy|x (white sun with small cloud - 1F324)
9926	= rainy weather
9927	= heavy snow
9928	= thunderstorm|x (cloud with lightning - 1F329)
9931	x (apl functional symbol quad diamond - 233A)
9932	= accident|x (falling diagonal crossing rising diagonal - 292C)
9935	= under construction|x (hammer and pick - 2692)|x (construction sign - 1F6A7)
9936	= icy road
9937	= maintenance|x (construction worker - 1F477)
9938	= road closed|x (circled times - 2297)
9939	= tyre chains required
9940	x (no entry sign - 1F6AB)
9941	* left side traffic
9942	* left side traffic
9943	* left side traffic
9944	* left side traffic
9945	* left side traffic
9947	= drive slow|x (white down-pointing triangle - 25BD)
9949	= closed entry|x (squared times - 22A0)
9950	= closed to large vehicles
9951	= black lorry|= closed to large vehicles, alternate|x (delivery truck - 1F69A)
9954	x (uranus - 2645)
9955	= public office
9956	= pentalpha, pentangle|* symbol of various uses, including symbol on Moroccan flag|x (white star - 2606)
9957	* symbol of various countries, including Morocco|x (outlined white star - 269D)
9958	* symbol of various countries, including Ethiopia
9960	= hospital|x (hospital - 1F3E5)
9961	= torii
9963	x (european castle - 1F3F0)
9964	x (therefore - 2234)
9965	= factory|x (gear - 2699)|x (factory - 1F3ED)
9966	= power plant, power substation
9968	x (snow capped mountain - 1F3D4)
9969	= bathing beach|x (umbrella - 2602)|x (beach with umbrella - 1F3D6)
9970	= park
9971	= golf course|x (triangular flag on post - 1F6A9)
9972	= ferry boat terminal|x (ship - 1F6A2)
9973	= marina or yacht harbour|x (rowboat - 1F6A3)
9974	= intersection
9975	= ski resort|x (ski and ski boot - 1F3BF)
9976	= ice skating rink
9977	= track and field, gymnasium
9978	= camping site|x (camping - 1F3D5)
9979	x (bank - 1F3E6)
9980	= graveyard, memorial park, cemetery
9981	= petrol station, gas station
9982	= drive-in restaurant|x (hot beverage - 2615)|x (teacup without handle - 1F375)
9983	= Japanese self-defence force site|x (black telephone - 260E)|x (black right pointing index - 261B)|x (white right pointing index - 261E)|x (black star - 2605)|x (black circle - 25CF)|x (black square - 25A0)|x (black up-pointing triangle - 25B2)|x (black down-pointing triangle - 25BC)|x (black diamond - 25C6)|x (rightwards arrow - 2192)|x (left right arrow - 2194)|x (up down arrow - 2195)
9984	* forms a pair with 2704 white scissors
9989	x (heavy check mark - 2714)
9990	x (telephone sign - 2121)|x (telephone receiver - 1F4DE)
9992	x (up-pointing airplane - 1F6E7)
9993	= sealed envelope|x (incoming envelope - 1F4E8)|x (back of envelope - 1F582)
9994	= rock in Rock, Paper, Scissors game|x (fisted hand sign - 1F44A)
9995	= paper in Rock, Paper, Scissors game|x (waving hand sign - 1F44B)|x (raised hand with fingers splayed - 1F590)
9996	= scissors in Rock, Paper, Scissors game|x (reversed victory hand - 1F594)
9997	x (left writing hand - 1F58E)
9998	x (lower left pencil - 1F589)
10001	x (lower left fountain pen - 1F58B)
10003	x (square root - 221A)|x (light check mark - 1F5F8)|x (inverse check mark - 1FBB1)
10005	x (multiplication sign - 00D7)|x (box drawings light diagonal cross - 2573)|x (thin saltire - 1F7A8)
10006	x (extremely heavy saltire - 1F7AE)
10007	x (saltire - 2613)|x (ballot script x - 1F5F4)
10008	x (ballot bold script x - 1F5F6)
10010	x (very bold greek cross - 1F7A5)|x (voided greek cross - 1FBBB)
10014	x (white latin cross - 1F546)
10016	* historically, the Maltese cross took many forms; the shape shown in the Zapf Dingbats is similar to one known as the Cross Formée|x (cross patty with right crossbar - 2E50)|x (circled cross formee - 1F902)
10017	x (six pointed star with middle dot - 1F52F)
10022	x (light four pointed black cusp - 2BCC)|x (four pointed black star - 1F7C6)
10023	x (white four pointed cusp - 2BCE)
10025	x (white star - 2606)
10033	x (asterisk - 002A)|x (heavy six spoked asterisk - 1F7B8)
10035	x (light eight spoked asterisk - 1F7BB)
10037	x (heavy eight pointed pinwheel star - 1F7D1)
10038	x (sextile - 26B9)
10039	x (medium eight pointed black star - 1F7CE)
10040	x (heavy eight pointed black star - 1F7CF)
10042	= starburst
10048	x (rosette - 1F3F5)|x (white flower - 1F4AE)
10049	x (black rosette - 1F3F6)
10057	= jack
10059	= turbofan
10060	* forms a game tally pair with 2B55|x (multiplication sign - 00D7)|x (cancellation x - 1F5D9)|x (heavy saltire - 1F7AC)|x (white heavy saltire with rounded corners - 1FBC0)
10061	x (lower right shadowed white circle - 1F53E)
10062	x (negative diagonal cross - 1FBBD)
10071	= obstacles on the road, ARIB STD B24
10072	x (vertical line - 007C)
10075	x (left single quotation mark - 2018)
10076	x (right single quotation mark - 2019)
10077	x (left double quotation mark - 201C)|x (sans-serif heavy double turned comma quotation mark ornament - 1F676)
10078	x (right double quotation mark - 201D)|x (sans-serif heavy double comma quotation mark ornament - 1F677)
10079	x (single low-9 quotation mark - 201A)
10080	x (double low-9 quotation mark - 201E)|x (sans-serif heavy low double comma quotation mark ornament - 1F678)
10081	x (pilcrow sign - 00B6)
10082	x (exclamation mark - 0021)
10084	* displayed with a red color when used in emoji style|x (black heart suit - 2665)|x (black heart - 1F5A4)|x (white heart - 1F90D)
10086	= Aldus leaf
10087	= hedera, ivy leaf|x (reversed rotated floral heart bullet - 2619)|x (south east pointing vine leaf - 1F65B)
10088	x (left parenthesis - 0028)
10089	x (right parenthesis - 0029)
10092	x (left-pointing angle bracket - 2329)
10093	x (right-pointing angle bracket - 232A)
10094	x (single left-pointing angle quotation mark - 2039)
10095	x (single right-pointing angle quotation mark - 203A)
10098	x (left tortoise shell bracket - 3014)
10099	x (right tortoise shell bracket - 3015)
10100	x (left curly bracket - 007B)
10101	x (right curly bracket - 007D)
10132	x (wide-headed rightwards medium barb arrow - 1F872)
10133	x (plus sign - 002B)
10134	x (minus sign - 2212)
10135	x (division sign - 00F7)
10145	* fonts may harmonize this glyph with the style for other black arrows|x (leftwards black arrow - 2B05)|x (rightwards black arrow - 2B95)
10146	x (three-d top-lighted rightwards equilateral arrowhead - 2B9A)
10148	x (black rightwards equilateral arrowhead - 2B9E)|x (arrowhead-shaped pointer - 1FBB0)
10149	x (black curved downwards and rightwards arrow - 2BA9)
10150	x (black curved upwards and rightwards arrow - 2BAB)
10151	x (rightwards heavy compressed arrow - 1F842)
10153	x (rightwards right-shaded white arrow - 1F8A5)
10154	x (rightwards left-shaded white arrow - 1F8A7)
10155	x (rightwards back-tilted shadowed white arrow - 1F8A9)
10156	x (rightwards front-tilted shadowed white arrow - 1F8AB)
10159	x (rightwards arrow with notched tail - 1F89A)
10160	= kururi
10176	* used by Euclid
10177	* used by Euclid
10178	= orthogonal to|* relation, typeset with additional spacing|x (up tack - 22A5)
10183	x (logical or - 2228)|x (multiset multiplication - 228D)|x (and with dot - 27D1)
10186	x (parallel with horizontal stroke - 2AF2)|x (triple vertical bar with horizontal stroke - 2AF5)
10187	= \diagup|x (division slash - 2215)
10188	* graphically extends over the dividend|x (division sign - 00F7)|x (division slash - 2215)|x (square root - 221A)
10189	= \diagdown|x (set minus - 2216)|x (reverse solidus operator - 29F5)
10190	= box min|* morphological min product operator|* morphological erosion operator|* additive minimum operator
10191	= box max|* morphological max product operator|* morphological dilation operator|* additive maximum operator
10192	x (diamond shape with a dot inside - 1F4A0)
10193	x (logical and - 2227)|x (or with dot inside - 27C7)|x (intersection with dot - 2A40)
10194	x (element of opening downwards - 2AD9)
10195	= pullback|x (right floor - 230B)
10196	= pushout|x (left ceiling - 2308)
10199	x (join - 2A1D)
10200	x (up tack - 22A5)
10201	x (down tack - 22A4)
10202	x (true - 22A8)|x (vertical bar double left turnstile - 2AE4)
10203	x (right tack - 22A2)
10204	x (multimap - 22B8)
10205	x (right tack - 22A2)
10206	x (left tack - 22A3)
10207	= radial component|x (down tack with circle below - 2AF1)
10208	* used as form of possibility in modal logic|x (lozenge - 25CA)
10209	= never (modal operator)|x (white diamond - 25C7)
10210	= was never (modal operator)
10211	= will never be (modal operator)
10212	= was always (modal operator)|x (white square - 25A1)|x (white medium square - 25FB)
10213	= will always be (modal operator)
10214	= z notation left bag bracket|x (left white square bracket - 301A)
10215	= z notation right bag bracket|x (right white square bracket - 301B)
10216	= bra|= z notation left sequence bracket|x (left-pointing angle bracket - 2329)|x (left angle bracket - 3008)
10217	= ket|= z notation right sequence bracket|x (right-pointing angle bracket - 232A)|x (right angle bracket - 3009)
10218	= z notation left chevron bracket|x (left double angle bracket - 300A)
10219	= z notation right chevron bracket|x (right double angle bracket - 300B)
10220	x (left black tortoise shell bracket - 2997)|x (left white tortoise shell bracket - 3018)
10221	x (right black tortoise shell bracket - 2998)|x (right white tortoise shell bracket - 3019)
10222	= lgroup
10223	= rgroup
10224	x (upwards triple arrow - 290A)|x (leftwards quadruple arrow - 2B45)
10225	x (downwards triple arrow - 290B)
10226	x (anticlockwise open circle arrow - 21BA)|x (anticlockwise closed circle arrow - 2940)
10227	x (clockwise open circle arrow - 21BB)|x (clockwise closed circle arrow - 2941)
10228	x (left arrow with circled plus - 2B32)
10229	x (leftwards arrow - 2190)
10230	x (rightwards arrow - 2192)
10231	x (left right arrow - 2194)
10232	x (leftwards double arrow - 21D0)
10233	x (rightwards double arrow - 21D2)
10234	x (left right double arrow - 21D4)
10235	= maps from|x (leftwards arrow from bar - 21A4)
10236	= maps to|x (rightwards arrow from bar - 21A6)
10237	x (leftwards double arrow from bar - 2906)
10238	x (rightwards double arrow from bar - 2907)
10239	x (rightwards squiggle arrow - 21DD)|x (long leftwards squiggle arrow - 2B33)
10240	* while this character is imaged as a fixed-width blank in many fonts, it does not act as a space
10496	= z notation partial surjection|x (leftwards two-headed arrow with vertical stroke - 2B34)
10497	= z notation finite surjection|x (leftwards two-headed arrow with double vertical stroke - 2B35)
10501	= maps to|x (leftwards two-headed arrow from bar - 2B36)
10502	= maps from|x (long leftwards arrow from bar - 27FB)
10503	= maps to|x (long rightwards arrow from bar - 27FC)
10506	x (upwards double arrow - 21D1)|x (upwards quadruple arrow - 27F0)
10507	x (downwards double arrow - 21D3)|x (downwards quadruple arrow - 27F1)
10512	x (leftwards two-headed triple dash arrow - 2B37)
10513	x (leftwards arrow with dotted stem - 2B38)
10516	= z notation partial injection|x (leftwards arrow with tail with vertical stroke - 2B39)
10517	= z notation finite injection|x (leftwards arrow with tail with double vertical stroke - 2B3A)
10518	= bijective mapping|= z notation bijection|x (leftwards two-headed arrow with tail - 2B3B)
10519	= z notation surjective injection|x (leftwards two-headed arrow with tail with vertical stroke - 2B3C)
10520	= z notation finite surjective injection|x (leftwards two-headed arrow with tail with double vertical stroke - 2B3D)
10540	x (crossing lanes - 26CC)
10547	x (rightwards wave arrow - 219D)|x (wave arrow pointing directly left - 2B3F)
10560	x (combining anticlockwise ring overlay - 20DA)
10561	x (combining clockwise ring overlay - 20D9)
10567	x (leftwards arrow through x - 2B3E)
10608	x (superset of - 2283)
10609	x (equals sign above leftwards arrow - 2B40)
10610	x (reverse tilde operator above leftwards arrow - 2B41)
10611	x (rightwards arrow above reverse tilde operator - 2B4C)
10612	x (leftwards arrow above reverse tilde operator - 2B4B)
10613	x (leftwards arrow above reverse almost equal to - 2B42)
10615	x (rightwards arrow through greater-than - 2B43)
10618	x (rightwards arrow through superset - 2B44)
10624	x (triple vertical bar binary relation - 2AF4)|x (large triple vertical bar operator - 2AFC)
10625	* medium-small-sized black circle|x (bullet operator - 2219)|x (black circle - 25CF)
10626	x (tibetan sign rnam bcad - 0F7F)
10629	x (left double parenthesis - 2E28)|x (fullwidth left white parenthesis - FF5F)
10630	* used for Bourbakist intervals|x (right double parenthesis - 2E29)|x (fullwidth right white parenthesis - FF60)
10647	x (mathematical left white tortoise shell bracket - 27EC)|x (left tortoise shell bracket - 3014)|x (left white tortoise shell bracket - 3018)
10649	* four close dots vertical
10650	x (wavy line - 2307)
10651	x (measured angle - 2221)
10652	x (right angle - 221F)
10655	x (angle - 2220)
10656	x (spherical angle - 2222)
10658	x (angle - 2220)
10672	x (empty set - 2205)|x (apl functional symbol circle backslash - 2349)
10677	x (circled minus - 2296)|x (medium small white circle with horizontal bar - 1CEF0)
10678	x (alchemical symbol for nitre - 1F715)
10679	~ 29B7 FE00 with parallel lines touching the circle
10683	x (circled times - 2297)
10686	x (circled ring operator - 229A)|x (apl functional symbol circle jot - 233E)|x (bullseye - 25CE)
10687	* forms part of a graduated set of circles with enclosed black circle of different sizes|x (circled dot operator - 2299)|x (fisheye - 25C9)|x (n-ary circled dot operator - 2A00)
10692	x (apl functional symbol quad slash - 2341)|x (masu mark - 303C)
10693	x (apl functional symbol quad backslash - 2342)
10695	x (apl functional symbol quad jot - 233B)
10697	x (overlapping white squares - 2BBA)
10701	x (white up-pointing triangle - 25B3)
10705	x (bowtie - 22C8)
10707	x (left and right triangular half block - 1FB9B)
10708	x (left normal factor semidirect product - 22C9)
10709	x (right normal factor semidirect product - 22CA)
10710	= vertical bowtie|= white framus|* simple form of the alchemical symbol for hour|x (hourglass - 231B)|x (alchemical symbol for hour - 1F76E)
10711	x (upper and lower triangular half block - 1FB9A)
10712	x (presentation form for vertical wavy low line - FE34)
10716	= ISOtech entity &iinfin;|x (infinity - 221E)
10719	x (multimap - 22B8)|x (alchemical symbol for arsenic - 1F73A)
10720	= D'Alembertian|x (lower right drop-shadowed white square - 274F)
10721	x (normal subgroup of or equal to - 22B4)
10722	x (z notation bag membership - 22FF)
10723	x (number sign - 0023)|x (equal and parallel to - 22D5)
10725	x (triple horizontal bar with double vertical stroke - 2A68)
10726	= tautological equivalent
10727	= record mark|* vertical bar crossed by two horizontals|x (not equal to - 2260)|x (group mark - 2BD2)
10728	x (up-pointing triangle with left half black - 25ED)
10729	x (up-pointing triangle with right half black - 25EE)
10731	x (lozenge - 25CA)
10740	= colon right arrow
10741	x (reverse solidus - 005C)|x (set minus - 2216)|x (mathematical falling diagonal - 27CD)
10743	x (apl functional symbol backslash bar - 2340)
10744	x (division slash - 2215)
10745	= z notation schema hiding|x (set minus - 2216)
10748	x (precedes - 227A)|x (left-pointing angle bracket - 2329)
10749	x (succeeds - 227B)|x (right-pointing angle bracket - 232A)
10750	x (plus sign - 002B)
10751	x (minus sign - 2212)
10752	x (circled dot operator - 2299)|x (fisheye - 25C9)
10753	x (circled plus - 2295)
10754	x (circled times - 2297)|x (heavy circled saltire - 2B59)
10755	x (multiset multiplication - 228D)
10756	x (multiset union - 228E)
10757	x (square cap - 2293)
10758	x (square cup - 2294)
10759	= merge|x (two intersecting logical and - 2A55)
10760	x (two intersecting logical or - 2A56)
10761	x (multiplication sign - 00D7)
10762	x (n-ary summation - 2211)
10764	x (triple integral - 222D)|# 222B 222B 222B 222B
10773	x (contour integral - 222E)
10779	= upper integral
10780	= lower integral
10781	= large bowtie|* relational database theory|x (bowtie - 22C8)|x (full outer join - 27D7)
10782	* relational database theory|x (white left-pointing triangle - 25C1)
10783	x (z notation relational composition - 2A3E)
10784	x (much greater-than - 226B)
10785	x (upwards harpoon with barb rightwards - 21BE)
10788	= positive difference or sum
10789	x (dot plus - 2214)
10790	= sum or positive difference
10791	= nim-addition
10794	x (dot minus - 2238)
10799	x (multiplication sign - 00D7)
10812	x (right floor - 230B)|~ 2A3C FE00 tall variant with narrow foot
10813	x (left floor - 230A)|x (turned not sign - 2319)|~ 2A3D FE00 tall variant with narrow foot
10814	x (z notation schema composition - 2A1F)
10815	x (n-ary coproduct - 2210)
10816	x (logical and - 2227)|x (and with dot - 27D1)
10817	= z notation bag subtraction|x (multiset union - 228E)
10828	x (union - 222A)
10829	x (intersection - 2229)
10837	x (two logical and operator - 2A07)
10838	x (two logical or operator - 2A08)
10846	x (perspective - 2306)
10848	x (estimates - 2259)
10849	x (equiangular to - 225A)
10851	x (equiangular to - 225A)
10853	x (conical taper - 2332)
10854	x (approaches the limit - 2250)
10856	= identical and parallel to|x (equal and parallel to - 22D5)|x (identical to and slanted parallel - 29E5)
10859	x (homothetic - 223B)
10860	~ 2A6C FE00 using lazy S
10861	x (approximately equal to - 2245)
10862	x (star equals - 225B)
10864	x (approximately equal to - 2245)
10865	* black stands slightly better (chess notation)
10866	* white stands slightly better (chess notation)
10868	# 003A 003A 003D
10869	# 003D 003D
10870	# 003D 003D 003D
10877	x (less-than or equal to - 2264)
10878	x (greater-than or equal to - 2265)
10887	x (less-than but not equal to - 2268)
10888	x (greater-than but not equal to - 2269)
10891	x (less-than equal to or greater-than - 22DA)
10892	x (greater-than equal to or less-than - 22DB)
10901	x (equal to or less-than - 22DC)
10902	x (equal to or greater-than - 22DD)
10905	x (equal to or less-than - 22DC)
10906	x (equal to or greater-than - 22DD)
10909	~ 2A9D FE00 with similar following the slant of the upper leg
10910	~ 2A9E FE00 with similar following the slant of the upper leg
10913	= absolute continuity|x (much less-than - 226A)
10914	x (much greater-than - 226B)
10924	~ 2AAC FE00 with slanted equal
10925	~ 2AAD FE00 with slanted equal
10926	x (difference between - 224F)
10927	x (precedes or equal to - 227C)
10928	x (succeeds or equal to - 227D)
10955	~ 2ACB FE00 with stroke through bottom members
10956	~ 2ACC FE00 with stroke through bottom members
10959	x (subset of - 2282)
10960	x (superset of - 2283)
10969	x (element of - 2208)|x (element of opening upwards - 27D2)
10970	x (pitchfork - 22D4)
10971	x (pitchfork - 22D4)
10972	= not independent|* an equational logic symbol, not a computing science symbol|* non-independence (original concept) is related to forking|: 2ADD 0338
10973	= independent|* an equational logic symbol, not a computing science symbol|* independence (original concept) is related to non-forking
10974	x (left tack - 22A3)
10975	x (down tack - 22A4)
10976	x (up tack - 22A5)
10978	= ordinarily satisfies
10979	x (forces - 22A9)
10980	x (true - 22A8)
10982	x (forces - 22A9)
10983	x (down tack - 22A4)|x (apl functional symbol up tack overbar - 2351)|x (postal mark - 3012)
10984	x (up tack - 22A5)|x (apl functional symbol down tack underbar - 234A)
10987	= independence|* probability theory
10988	x (not sign - 00AC)
10989	x (reversed not sign - 2310)
10990	x (does not divide - 2224)
10993	= necessarily satisfies|x (up tack with circle above - 27DF)
10994	x (not parallel to - 2226)|x (vertical bar with horizontal stroke - 27CA)
10996	= interleave|x (triple vertical bar delimiter - 2980)
10997	x (vertical bar with horizontal stroke - 27CA)
10998	* logic|x (tricolon - 205D)|x (vertical ellipsis - 22EE)
10999	x (very much less-than - 22D8)
11000	x (very much greater-than - 22D9)
11001	x (less-than over equal to - 2266)
11002	x (greater-than over equal to - 2267)
11003	x (triple vertical bar binary relation - 2AF4)
11004	* often n-ary|x (triple vertical bar binary relation - 2AF4)|x (triple vertical bar delimiter - 2980)
11005	x (parallel to - 2225)
11006	= Dijkstra choice
11007	= n-ary Dijkstra choice
11012	x (leftwards white arrow - 21E6)|x (up down white arrow - 21F3)
11013	x (black rightwards arrow - 27A1)|x (rightwards black arrow - 2B95)
11026	x (square with left half black - 25E7)
11035	x (black square - 25A0)
11036	x (white square - 25A1)
11037	x (black small square - 25AA)
11038	x (white small square - 25AB)
11041	x (software-function symbol - 2394)
11044	x (black circle - 25CF)|x (large circle - 25EF)|x (large red circle - 1F534)
11045	x (black diamond - 25C6)
11046	x (white diamond - 25C7)|x (alchemical symbol for soap - 1F754)
11048	x (lozenge - 25CA)
11049	x (diamond operator - 22C4)|x (small orange diamond - 1F538)
11056	x (right arrow with small circle - 21F4)
11057	x (three rightwards arrows - 21F6)
11058	x (right arrow with circled plus - 27F4)
11059	x (long rightwards squiggle arrow - 27FF)|x (leftwards squiggle arrow - 21DC)
11060	x (rightwards two-headed arrow with vertical stroke - 2900)
11061	x (rightwards two-headed arrow with double vertical stroke - 2901)
11062	x (rightwards two-headed arrow from bar - 2905)
11063	x (rightwards two-headed triple dash arrow - 2910)
11064	x (rightwards arrow with dotted stem - 2911)
11065	x (rightwards arrow with tail with vertical stroke - 2914)
11066	x (rightwards arrow with tail with double vertical stroke - 2915)
11067	x (rightwards two-headed arrow with tail - 2916)
11068	x (rightwards two-headed arrow with tail with vertical stroke - 2917)
11069	x (rightwards two-headed arrow with tail with double vertical stroke - 2918)
11070	x (rightwards arrow through x - 2947)
11071	x (wave arrow pointing directly right - 2933)|x (leftwards wave arrow - 219C)
11072	x (equals sign above rightwards arrow - 2971)
11073	* mirror image of "2972"|x (tilde operator above rightwards arrow - 2972)
11074	* mirror image of "2975"|x (rightwards arrow above almost equal to - 2975)
11075	* mirror image of "2977"|x (leftwards arrow through less-than - 2977)
11076	* mirror image of "297A"|x (leftwards arrow through subset - 297A)
11077	x (upwards quadruple arrow - 27F0)
11083	* mirror image of "2974"|x (rightwards arrow above tilde operator - 2974)
11084	* mirror image of "2973"|x (leftwards arrow above tilde operator - 2973)
11085	x (downwards zigzag arrow - 21AF)
11086	* slight rise in tone
11087	* slight fall or overall fall in tone when at the end of a word or at the beginning of a phrase, respectively
11088	x (white star - 2606)
11089	x (arabic five pointed star - 066D)|x (star operator - 22C6)|x (black star - 2605)
11093	= basic symbol for speed limit|* forms a game tally pair with 274C|x (large circle - 25EF)
11094	= prefectural office
11095	= municipal office|x (bullseye - 25CE)
11096	= town or village office|= power off symbol|x (power on symbol - 23FD)|x (white circle - 25CB)
11097	= police station|x (n-ary circled times operator - 2A02)
11098	* increasing tone with falling trend at the end
11099	* sharp rise and fall in tone
11100	* continued rise in tone
11101	* continued fall in tone
11102	* sharp fall in tone with rising trend at the end
11103	* slight fall in tone with rising trend at the end
11104	x (leftwards arrow - 2190)
11105	x (upwards arrow - 2191)
11106	x (rightwards arrow - 2192)|x (triangle-headed rightwards arrow - 279D)
11107	x (downwards arrow - 2193)
11108	x (left right arrow - 2194)
11109	x (up down arrow - 2195)
11110	x (north west arrow - 2196)
11111	x (north east arrow - 2197)
11112	x (south east arrow - 2198)
11113	x (south west arrow - 2199)
11114	x (leftwards dashed arrow - 21E0)
11115	x (upwards dashed arrow - 21E1)
11116	x (rightwards dashed arrow - 21E2)
11117	x (downwards dashed arrow - 21E3)
11118	x (clockwise open circle arrow - 21BB)
11119	x (anticlockwise open circle arrow - 21BA)
11120	= left tab|x (leftwards arrow to bar - 21E4)
11121	= up tab|x (upwards arrow to bar - 2912)
11122	= right tab|x (rightwards arrow to bar - 21E5)
11123	= down tab|x (downwards arrow to bar - 2913)
11126	= home
11128	= end
11130	% LEFTWARDS TRIANGLE-HEADED ARROW WITH DOUBLE VERTICAL STROKE
11131	= page up
11132	% RIGHTWARDS TRIANGLE-HEADED ARROW WITH DOUBLE VERTICAL STROKE
11133	= page down
11134	x (leftwards arrow to bar over rightwards arrow to bar - 21B9)
11136	x (leftwards arrow over rightwards arrow - 21C6)
11139	x (downwards arrow leftwards of upwards arrow - 21F5)
11140	x (leftwards paired arrows - 21C7)
11141	x (upwards paired arrows - 21C8)
11142	x (rightwards paired arrows - 21C9)
11143	x (downwards paired arrows - 21CA)
11146	x (circled heavy white rightwards arrow - 27B2)
11151	x (anticlockwise top semicircle arrow - 21B6)
11152	x (return symbol - 23CE)
11156	= loop
11157	x (black rightwards arrow - 27A1)|x (leftwards black arrow - 2B05)
11158	= with compensation for the material
11159	* for type B electronics use 3036|x (circled postal mark - 3036)
11162	x (three-d top-lighted rightwards arrowhead - 27A2)
11166	x (black rightwards arrowhead - 27A4)
11168	x (downwards arrow with tip leftwards - 21B2)
11169	x (downwards arrow with tip rightwards - 21B3)
11170	x (upwards arrow with tip leftwards - 21B0)
11171	x (upwards arrow with tip rightwards - 21B1)
11172	x (leftwards arrow with tip upwards - 2B11)
11173	x (rightwards arrow with tip upwards - 2B0F)
11174	x (leftwards arrow with tip downwards - 2B10)
11175	x (rightwards arrow with tip downwards - 2B0E)
11177	x (heavy black curved downwards and rightwards arrow - 27A5)
11179	x (heavy black curved upwards and rightwards arrow - 27A6)
11192	= caps lock|x (upwards white arrow on pedestal with horizontal bar - 21EC)
11193	= escape|x (apl functional symbol quad up caret - 2353)
11194	= pair of bishops|x (two joined squares - 29C9)
11195	= bishops of opposite colour
11196	= bishops of the same colour
11197	x (ballot box with x - 2612)
11198	x (circled times - 2297)
11203	x (octagonal sign - 1F6D1)
11205	x (black up-pointing triangle - 25B2)
11206	x (black down-pointing triangle - 25BC)
11207	x (black left-pointing triangle - 25C0)
11208	x (black right-pointing triangle - 25B6)
11209	x (neptune - 2646)
11212	x (black four pointed star - 2726)
11214	x (white four pointed star - 2727)
11215	x (square lozenge - 2311)
11216	x (position indicator - 2316)
11217	= query|x (apl functional symbol quad question - 2370)|x (replacement character - FFFD)
11218	* formerly used as a separator character for I/O operations|x (double dagger - 2021)|x (thermodynamic - 29E7)|x (triple dagger - 2E4B)
11219	x (pluto - 2647)
11224	x (astronomical symbol for asteroid proserpina - 1CECD)
11225	x (astraea form two - 1F778)
11226	x (hygiea form two - 1F779)
11230	= true black moon Lilith
11240	x (black star - 2605)
11244	= fast cursor left|x (leftwards two headed arrow - 219E)
11245	= fast cursor up
11246	= fast cursor right
11247	= fast cursor down
11251	* the vigintile aspect is usually represented by the letter V
11252	* the novile aspect is usually represented by the letter N
11253	* the quintile aspect is usually represented by the letter Q
11254	* the binovile aspect is usually represented by the term N²
11255	* represents a 100-degree aspect
11256	* the tredecile aspect is usually represented by the term D³
11257	= with compensation for the material|x (equals sign with infinity above - 2B96)
11258	= united pawns|x (divorce symbol - 26AE)|x (two rings aligned horizontally - 1CC88)
11259	= separated pawns|x (unmarried partnership symbol - 26AF)|x (double-ended multimap - 29DF)|x (alchemical symbol for arsenic - 1F73A)
11260	= doubled pawns
11261	= passed pawn|x (male sign - 2642)
11262	= without|x (right angle - 221F)
11322	x (cyrillic small letter iota - A647)
11360	x (latin capital letter l with bar - 023D)
11361	x (latin small letter l with bar - 019A)|x (latin small letter l with double middle tilde - AB38)
11362	* lowercase is 026B|x (latin capital letter l with stroke - 0141)
11363	* lowercase is 1D7D
11364	* lowercase is 027D
11365	* uppercase is 023A
11366	* uppercase is 023E
11367	x (cyrillic capital letter en with descender - 04A2)
11369	x (cyrillic capital letter ka with descender - 049A)
11371	x (latin capital letter z with hook - 0224)
11373	= capital script a|* lowercase is 0251
11374	* lowercase is 0271
11375	* lowercase is 0250|x (for all - 2200)
11376	* lowercase is 0252
11377	* IPA: voiced labiodental flap
11381	x (greek capital letter heta - 0370)|x (turned capital f - 2132)|x (roman numeral reversed one hundred - 2183)|x (latin capital letter reversed half h - A7F5)
11382	x (greek small letter heta - 0371)|x (latin small letter reversed half h - A7F6)
11383	* medium rounded o|x (greek small letter phi - 03C6)
11387	x (latin capital letter reversed e - 018E)
11388	# <sub> 006A
11389	# <super> 0056
11390	* lowercase is 023F|x (latin capital letter s with hook - A7C5)
11391	* lowercase is 0240
11492	x (greek kai symbol - 03D7)
11496	x (greek symbol tau rho - 101A0)
11497	x (chi rho - 2627)
11503	* this mark is used in final position and extends above the following character (usually a space)
11504	x (combining reversed comma above - 0314)|x (combining cyrillic dasia pneumata - 0485)
11505	x (combining comma above - 0313)|x (combining cyrillic psili pneumata - 0486)
11506	x (coptic capital letter khei - 03E6)
11507	x (coptic small letter khei - 03E7)
11520	x (georgian capital letter an - 10A0)
11584	= Tuareg yab
11603	= Tuareg yaw
11608	= Adrar yaj
11620	= harpoon yaz
11631	= tamatart|# <super> 2D61
11632	= tazarast
11647	* suppresses an inherent vowel|* functions to indicate that previous and following character are part of a bi-consonant cluster|* shape shown is arbitrary and is not visibly rendered
11728	x (ethiopic syllable hhya - 1E7E0)
11729	x (ethiopic syllable hhyu - 1E7E1)
11730	x (ethiopic syllable hhyi - 1E7E2)
11731	x (ethiopic syllable hhyaa - 1E7E3)
11732	x (ethiopic syllable hhyee - 1E7E4)
11733	x (ethiopic syllable hhye - 1E7E5)
11734	x (ethiopic syllable hhyo - 1E7E6)
11752	x (combining latin letter small capital m - 1DDF)
11754	x (combining latin small letter o - 0366)
11757	x (combining latin small letter c - 0368)
11759	x (combining latin small letter x - 036F)
11765	* preferred representation is the sequence: 2DED 2DEE
11766	x (combining latin small letter a - 0363)
11767	x (combining latin small letter e - 0364)
11776	x (top left corner - 231C)
11782	x (down tack - 22A4)
11787	* used as an opening raised omission bracket
11788	* used as an opening or closing raised omission bracket
11789	* used as a closing or opening raised omission bracket
11790	x (greek koronis - 1FBD)
11794	= ypodiastoli
11795	* glyph variants may look like '00F7' or '2238'|x (commercial minus sign - 2052)
11796	* contrary to its formal name this symbol points upwards
11797	* contrary to its formal name this symbol points downwards
11798	= diple periestigmene
11799	* used in ancient Near-Eastern linguistics|* hyphen in Fraktur text uses 002D or 2010, but with a '2E17' glyph in Fraktur fonts|x (hyphen-minus - 002D)|x (equals sign - 003D)|x (hyphen - 2010)|x (double hyphen - 2E40)|x (oblique hyphen - 2E5D)
11800	= gnaborretni|x (interrobang - 203D)
11801	* used as a separator
11802	* indicates umlaut of the stem vowel of a plural form
11803	* indicates change in case for derived form
11805	* used in N'Ko
11806	* indicates derived form changes to uppercase
11807	* indicates derived form changes to lowercase
11808	x (left square bracket with quill - 2045)
11810	x (left ceiling - 2308)|x (top left corner - 231C)|x (left corner bracket - 300C)
11814	x (subset of - 2282)
11815	x (superset of - 2283)
11816	x (left white parenthesis - 2985)|x (fullwidth left white parenthesis - FF5F)
11822	= punctus percontativus|x (question mark - 003F)|x (inverted question mark - 00BF)|x (arabic question mark - 061F)
11823	* used for Cyrillic yerik|x (combining vertical tilde - 033E)|x (cyrillic payerok - A67F)
11824	* used in Avestan|x (ring operator - 2218)|x (white bullet - 25E6)
11825	* used in Avestan, Samaritan, ...|x (middle dot - 00B7)
11826	* indicates nasalization|x (arabic comma - 060C)
11827	* glyph position intermediate between 002E and 00B7|x (full stop - 002E)|x (middle dot - 00B7)
11828	x (comma - 002C)
11829	* indicates sudden glottal closure|x (arabic semicolon - 061B)
11830	* indicates retracted pronunciation
11831	* indicates advanced pronunciation
11832	* indicates retroflex pronunciation|x (dagger - 2020)
11833	* indicates pronunciation on one side of the mouth only|x (section sign - 00A7)
11834	= omission dash|* may be used in Chinese for abrupt change of thought, inserting new content, or continuation of tone or sound|x (em dash - 2014)
11836	* used in shorthands and stenographies|x (full stop - 002E)|x (canadian syllabics full stop - 166E)
11837	x (vertical four dots - 205E)|x (dotted fence - 2999)
11838	x (wavy line - 2307)|x (vertical zigzag line - 299A)
11839	* ancestor of the pilcrow sign|x (pilcrow sign - 00B6)
11840	x (equals sign - 003D)|x (hyphen - 2010)|x (double oblique hyphen - 2E17)|x (katakana-hiragana double hyphen - 30A0)|x (modifier letter short equals sign - A78A)
11841	* Old Hungarian|* used occasionally in Sindhi when Sindhi is written in the Arabic script|x (comma - 002C)|x (arabic comma - 060C)
11842	x (double low-9 quotation mark - 201E)
11843	* functions as a paragraphos in some Slavonic texts|x (paragraphos - 2E0F)
11844	* indicates omission of letters in a word on some Byzantine Greek seals and coins|x (greek numeral sign - 0374)
11846	x (union above intersection - 2A46)|x (modifier breve with inverted breve - AB5B)
11847	x (cyrillic kavyka - A67E)
11850	= virgula suspensiva|* indicates a medial disjunction more than solidus but less than punctus elevatus
11851	x (dagger - 2020)|x (double dagger - 2021)
11852	* indicates a minor medial pause or disjunction of sense
11853	* indicates the beginning of a paragraph, section, stanza, or proposition|x (pilcrow sign - 00B6)|x (reversed pilcrow sign - 204B)|x (paragraphos - 2E0F)|x (capitulum - 2E3F)
11856	x (maltese cross - 2720)|x (latin capital letter half h - 2C75)
11857	x (latin capital letter reversed half h - A7F5)
11858	x (tironian sign et - 204A)
11861	* optional ellipsis|x (left square bracket with quill - 2045)
11863	* obligatory ellipsis
11869	x (hyphen - 2010)|x (double oblique hyphen - 2E17)
11872	= smile mark, mirth mark, laughter mark|* wiggles are broader at top than at bottom
11873	* may indicate sarcasm when used in sequence with 2E60|* used at the end of sentences, unlike 00A1
11874	x (ornate left parenthesis - FD3E)
11904	* variant of Kangxi Radical 3
11905	* variant of Kangxi Radical 27|x 5382|x 20086
11906	* variant of Kangxi Radical 5|x 4E5B
11907	* variant of Kangxi Radical 5|x 4E5A
11908	* variant of Kangxi Radical 5|x 4E59
11909	* variant of Kangxi Radical 9|* form used on left side|x 4EBB
11910	* variant of Kangxi Radical 13|x 5182
11911	* variant of Kangxi Radical 16|x 51E0|x 20628
11912	* variant of Kangxi Radical 18|* form used at top|x 5200|x 2008A
11913	* variant of Kangxi Radical 18|* form used on right side|x 5202
11914	* variant of Kangxi Radical 25|* form used at top|x 535C
11915	* variant of Kangxi Radical 26|* form used at bottom|x 353E
11916	* variant of Kangxi Radical 42|* form used at top|x 5C0F
11917	* variant of Kangxi Radical 42|* form used at top|x 5C0F|x 2D544
11918	* variant of Kangxi Radical 43|x 5C22|x 5140
11919	* variant of Kangxi Radical 43|x 5C23
11920	* variant of Kangxi Radical 43|x 5C22
11921	* variant of Kangxi Radical 43|x 5C23|x 21BC2
11922	* variant of Kangxi Radical 49|x 5DF3
11923	* variant of Kangxi Radical 52|x 5E7A
11924	* variant of Kangxi Radical 58|x 5F51
11925	* variant of Kangxi Radical 58|* actually a form of the radical for hand, despite its resemblance in shape to the radical for snout|x 5F50|x 2B739
11926	* variant of Kangxi Radical 61|* form used on left side|x 5FC4
11927	* variant of Kangxi Radical 61|* form used at bottom|x 38FA|x 5FC3
11928	* variant of Kangxi Radical 64|* form used on left side|x 624C
11929	* variant of Kangxi Radical 66|* form used on right side|x 6535
11930	x (kangxi radical not - 2F46)
11931	* variant of Kangxi Radical 71|x 65E1
11932	* variant of Kangxi Radical 72|* actually a form of the radical for hat, despite its resemblance in shape to the radical for sun|x 5183|x 65E5
11933	* variant of Kangxi Radical 74|x 6708
11934	* variant of Kangxi Radical 78|x 6B7A
11935	* variant of Kangxi Radical 80|# 6BCD
11936	* variant of Kangxi Radical 83|x 6C11
11937	* variant of Kangxi Radical 85|* form used on left side|x 6C35
11938	* variant of Kangxi Radical 85|* form used (rarely) at bottom|x 6C3A
11939	* variant of Kangxi Radical 86|* form used at bottom|x 706C
11940	* variant of Kangxi Radical 87|* form used at top|x 722B
11941	* variant of Kangxi Radical 87|* form used at top|x 722B
11942	* simplified variant of Kangxi Radical 90|x 4E2C
11943	* variant of Kangxi Radical 93|x 725B|x 20092
11944	* variant of Kangxi Radical 94|* form used on left side|x 72AD
11945	* variant of Kangxi Radical 96|* form used on left side|x 738B|x 248E9
11946	* variant of Kangxi Radical 103|* form used on left side|x 758B|x 24D14
11947	* variant of Kangxi Radical 109|* variant of Kangxi Radical 122|* form used at top|x (cjk radical net two - 2EB2)|x 76EE|x 7F52
11948	* variant of Kangxi Radical 113|x 793A
11949	* variant of Kangxi Radical 113|x 793B
11950	* variant of Kangxi Radical 118|x 7AF9|x 25AD7
11951	* variant of Kangxi Radical 120|* form used on left side|x 7CF9
11952	* simplified Chinese variant of Kangxi Radical 120|* form used on left side|x 7E9F
11953	* variant of Kangxi Radical 122|x 7F53
11954	* variant of Kangxi Radical 109|* variant of Kangxi Radical 122|x (cjk radical eye - 2EAB)|x 7F52|x 26270
11955	* variant of Kangxi Radical 122|x 34C1|x 7F51
11956	* variant of Kangxi Radical 122|x 34C1|x 7F51
11957	* variant of Kangxi Radical 122|x 2626B
11958	* variant of Kangxi Radical 123|* form used on left side|x 7F8A
11959	* variant of Kangxi Radical 123|* form used at top|x 7F8A|x 2634C
11960	* variant of Kangxi Radical 123|x 7F8B|x 2634B
11961	* variant of Kangxi Radical 125|x 8002
11962	* variant of Kangxi Radical 129|x 8080
11963	* variant of Kangxi Radical 129|x 807F
11964	* variant of Kangxi Radical 130|x 8089
11965	* variant of Kangxi Radical 134|x 81FC|x 26951
11966	* simplified variant of Kangxi Radical 140|x 8279
11967	* variant of Kangxi Radical 140|x 8279
11968	* variant of Kangxi Radical 140|x 8279
11969	* variant of Kangxi Radical 141|x 864E
11970	* variant of Kangxi Radical 145|* form used on left side|x 8864
11971	* variant of Kangxi Radical 146|* form used at top|x 8980
11972	* variant of Kangxi Radical 146|* form used on left side|x 897F
11973	* simplified Chinese variant of Kangxi Radical 147|x 89C1
11974	* simplified Chinese variant of Kangxi Radical 148|x 89D2
11975	* variant of Kangxi Radical 148|x 278B2
11976	* simplified Chinese variant of Kangxi Radical 149|x 8BA0
11977	* simplified Chinese variant of Kangxi Radical 154|x 8D1D
11978	* variant of Kangxi Radical 157|* form used on left side|x 8DB3|x 27FB7
11979	* simplified Chinese variant of Kangxi Radical 159|x 8F66
11980	* simplified variant of Kangxi Radical 162|x 8FB6
11981	* variant of Kangxi Radical 162|x 8FB6
11982	* variant of Kangxi Radical 162|x 8FB6
11983	* variant of Kangxi Radical 163|* form used on right side|x 9091
11984	* simplified Chinese variant of Kangxi Radical 167|x 9485
11985	* variant of Kangxi Radical 168|x 9577
11986	* variant of Kangxi Radical 168|* form used on left side|x 9578
11987	* simplified Chinese variant of Kangxi Radical 168|x 957F
11988	* simplified Chinese variant of Kangxi Radical 169|x 95E8
11989	* variant of Kangxi Radical 170|x 961C|x 28E0F
11990	* variant of Kangxi Radical 170|* form used on left side|x 961D
11991	* variant of Kangxi Radical 173|x 96E8
11992	* variant of Kangxi Radical 174|x 9752
11993	* simplified Chinese variant of Kangxi Radical 178|x 97E6
11994	* simplified Chinese variant of Kangxi Radical 181|x 9875
11995	* simplified Chinese variant of Kangxi Radical 182|x 98CE
11996	* simplified Chinese variant of Kangxi Radical 183|x 98DE
11997	* variant of Kangxi Radical 184|* form used at bottom|x 98DF
11998	* variant of Kangxi Radical 184|* form used on left side|x 2967F
11999	* variant of Kangxi Radical 184|* form used on left side|x 98E0
12000	* simplified Chinese variant of Kangxi Radical 184|* form used on left side|x 9963
12001	* variant of Kangxi Radical 185|x 29810
12002	* simplified Chinese variant of Kangxi Radical 187|x 9A6C
12003	* simplified Chinese variant of Kangxi Radical 188|x 9AA8
12004	* variant of Kangxi Radical 194|x 9B3C
12005	* simplified Chinese variant of Kangxi Radical 195|x 9C7C
12006	* simplified Chinese variant of Kangxi Radical 196|x 9E1F
12007	* simplified Chinese variant of Kangxi Radical 197|x 5364
12008	* simplified variant of Kangxi Radical 199|x 9EA6
12009	* simplified variant of Kangxi Radical 201|x 9EC4
12010	* simplified Chinese variant of Kangxi Radical 205|x 9EFE
12011	* simplified Japanese variant of Kangxi Radical 210|x 6589
12012	* simplified Chinese variant of Kangxi Radical 210|x 9F50
12013	* simplified Japanese variant of Kangxi Radical 211|x 6B6F
12014	* simplified Chinese variant of Kangxi Radical 211|x 9F7F
12015	* simplified Japanese variant of Kangxi Radical 212|x 7ADC|x 9F8D
12016	* simplified Chinese variant of Kangxi Radical 212|x 9F99
12017	* variant of Kangxi Radical 213|x 9F9C
12018	* simplified Japanese variant of Kangxi Radical 213|x 4E80
12019	* simplified Chinese variant of Kangxi Radical 213|# 9F9F
12032	* Kangxi Radical 1|# 4E00
12033	* Kangxi Radical 2|# 4E28
12034	* Kangxi Radical 3|# 4E36
12035	* Kangxi Radical 4|# 4E3F
12036	* Kangxi Radical 5|# 4E59
12037	* Kangxi Radical 6|# 4E85
12038	* Kangxi Radical 7|# 4E8C
12039	* Kangxi Radical 8|# 4EA0
12040	* Kangxi Radical 9|# 4EBA
12041	* Kangxi Radical 10|# 513F
12042	* Kangxi Radical 11|# 5165
12043	* Kangxi Radical 12|# 516B
12044	* Kangxi Radical 13|# 5182
12045	* Kangxi Radical 14|# 5196
12046	* Kangxi Radical 15|# 51AB
12047	* Kangxi Radical 16|# 51E0
12048	* Kangxi Radical 17|# 51F5
12049	* Kangxi Radical 18|# 5200
12050	* Kangxi Radical 19|# 529B
12051	* Kangxi Radical 20|# 52F9
12052	* Kangxi Radical 21|# 5315
12053	* Kangxi Radical 22|# 531A
12054	* Kangxi Radical 23|# 5338
12055	* Kangxi Radical 24|# 5341
12056	* Kangxi Radical 25|# 535C
12057	* Kangxi Radical 26|# 5369
12058	* Kangxi Radical 27|# 5382
12059	* Kangxi Radical 28|# 53B6
12060	* Kangxi Radical 29|# 53C8
12061	* Kangxi Radical 30|# 53E3
12062	* Kangxi Radical 31|# 56D7
12063	* Kangxi Radical 32|# 571F
12064	* Kangxi Radical 33|# 58EB
12065	* Kangxi Radical 34|# 5902
12066	* Kangxi Radical 35|# 590A
12067	* Kangxi Radical 36|# 5915
12068	* Kangxi Radical 37|# 5927
12069	* Kangxi Radical 38|# 5973
12070	* Kangxi Radical 39|# 5B50
12071	* Kangxi Radical 40|# 5B80
12072	* Kangxi Radical 41|# 5BF8
12073	* Kangxi Radical 42|# 5C0F
12074	* Kangxi Radical 43|x 21BC1|# 5C22
12075	* Kangxi Radical 44|# 5C38
12076	* Kangxi Radical 45|# 5C6E
12077	* Kangxi Radical 46|# 5C71
12078	* Kangxi Radical 47|# 5DDB
12079	* Kangxi Radical 48|# 5DE5
12080	* Kangxi Radical 49|# 5DF1
12081	* Kangxi Radical 50|# 5DFE
12082	* Kangxi Radical 51|# 5E72
12083	* Kangxi Radical 52|# 5E7A
12084	* Kangxi Radical 53|# 5E7F
12085	* Kangxi Radical 54|# 5EF4
12086	* Kangxi Radical 55|# 5EFE
12087	* Kangxi Radical 56|# 5F0B
12088	* Kangxi Radical 57|# 5F13
12089	* Kangxi Radical 58|# 5F50
12090	* Kangxi Radical 59|# 5F61
12091	* Kangxi Radical 60|# 5F73
12092	* Kangxi Radical 61|# 5FC3
12093	* Kangxi Radical 62|# 6208
12094	* Kangxi Radical 63|# 6236
12095	* Kangxi Radical 64|# 624B
12096	* Kangxi Radical 65|# 652F
12097	* Kangxi Radical 66|# 6534
12098	* Kangxi Radical 67|# 6587
12099	* Kangxi Radical 68|# 6597
12100	* Kangxi Radical 69|# 65A4
12101	* Kangxi Radical 70|# 65B9
12102	* Kangxi Radical 71|# 65E0
12103	* Kangxi Radical 72|# 65E5
12104	* Kangxi Radical 73|# 66F0
12105	* Kangxi Radical 74|# 6708
12106	* Kangxi Radical 75|# 6728
12107	* Kangxi Radical 76|# 6B20
12108	* Kangxi Radical 77|# 6B62
12109	* Kangxi Radical 78|# 6B79
12110	* Kangxi Radical 79|# 6BB3
12111	* Kangxi Radical 80|# 6BCB
12112	* Kangxi Radical 81|# 6BD4
12113	* Kangxi Radical 82|# 6BDB
12114	* Kangxi Radical 83|# 6C0F
12115	* Kangxi Radical 84|# 6C14
12116	* Kangxi Radical 85|# 6C34
12117	* Kangxi Radical 86|# 706B
12118	* Kangxi Radical 87|# 722A
12119	* Kangxi Radical 88|# 7236
12120	* Kangxi Radical 89|# 723B
12121	* Kangxi Radical 90|# 723F
12122	* Kangxi Radical 91|# 7247
12123	* Kangxi Radical 92|# 7259
12124	* Kangxi Radical 93|# 725B
12125	* Kangxi Radical 94|# 72AC
12126	* Kangxi Radical 95|# 7384
12127	* Kangxi Radical 96|# 7389
12128	* Kangxi Radical 97|# 74DC
12129	* Kangxi Radical 98|# 74E6
12130	* Kangxi Radical 99|# 7518
12131	* Kangxi Radical 100|# 751F
12132	* Kangxi Radical 101|# 7528
12133	* Kangxi Radical 102|# 7530
12134	* Kangxi Radical 103|# 758B
12135	* Kangxi Radical 104|# 7592
12136	* Kangxi Radical 105|# 7676
12137	* Kangxi Radical 106|# 767D
12138	* Kangxi Radical 107|# 76AE
12139	* Kangxi Radical 108|# 76BF
12140	* Kangxi Radical 109|# 76EE
12141	* Kangxi Radical 110|# 77DB
12142	* Kangxi Radical 111|# 77E2
12143	* Kangxi Radical 112|# 77F3
12144	* Kangxi Radical 113|# 793A
12145	* Kangxi Radical 114|# 79B8
12146	* Kangxi Radical 115|# 79BE
12147	* Kangxi Radical 116|# 7A74
12148	* Kangxi Radical 117|# 7ACB
12149	* Kangxi Radical 118|# 7AF9
12150	* Kangxi Radical 119|# 7C73
12151	* Kangxi Radical 120|# 7CF8
12152	* Kangxi Radical 121|# 7F36
12153	* Kangxi Radical 122|# 7F51
12154	* Kangxi Radical 123|# 7F8A
12155	* Kangxi Radical 124|# 7FBD
12156	* Kangxi Radical 125|# 8001
12157	* Kangxi Radical 126|# 800C
12158	* Kangxi Radical 127|# 8012
12159	* Kangxi Radical 128|# 8033
12160	* Kangxi Radical 129|# 807F
12161	* Kangxi Radical 130|# 8089
12162	* Kangxi Radical 131|# 81E3
12163	* Kangxi Radical 132|# 81EA
12164	* Kangxi Radical 133|# 81F3
12165	* Kangxi Radical 134|# 81FC
12166	* Kangxi Radical 135|# 820C
12167	* Kangxi Radical 136|# 821B
12168	* Kangxi Radical 137|# 821F
12169	* Kangxi Radical 138|# 826E
12170	* Kangxi Radical 139|# 8272
12171	* Kangxi Radical 140|# 8278
12172	* Kangxi Radical 141|# 864D
12173	* Kangxi Radical 142|# 866B
12174	* Kangxi Radical 143|# 8840
12175	* Kangxi Radical 144|# 884C
12176	* Kangxi Radical 145|# 8863
12177	* Kangxi Radical 146|# 897E
12178	* Kangxi Radical 147|# 898B
12179	* Kangxi Radical 148|# 89D2
12180	* Kangxi Radical 149|# 8A00
12181	* Kangxi Radical 150|# 8C37
12182	* Kangxi Radical 151|# 8C46
12183	* Kangxi Radical 152|# 8C55
12184	* Kangxi Radical 153|# 8C78
12185	* Kangxi Radical 154|# 8C9D
12186	* Kangxi Radical 155|# 8D64
12187	* Kangxi Radical 156|# 8D70
12188	* Kangxi Radical 157|# 8DB3
12189	* Kangxi Radical 158|# 8EAB
12190	* Kangxi Radical 159|# 8ECA
12191	* Kangxi Radical 160|# 8F9B
12192	* Kangxi Radical 161|# 8FB0
12193	* Kangxi Radical 162|# 8FB5
12194	* Kangxi Radical 163|# 9091
12195	* Kangxi Radical 164|# 9149
12196	* Kangxi Radical 165|# 91C6
12197	* Kangxi Radical 166|# 91CC
12198	* Kangxi Radical 167|# 91D1
12199	* Kangxi Radical 168|# 9577
12200	* Kangxi Radical 169|# 9580
12201	* Kangxi Radical 170|# 961C
12202	* Kangxi Radical 171|# 96B6
12203	* Kangxi Radical 172|# 96B9
12204	* Kangxi Radical 173|# 96E8
12205	* Kangxi Radical 174|# 9751
12206	* Kangxi Radical 175|# 975E
12207	* Kangxi Radical 176|# 9762
12208	* Kangxi Radical 177|# 9769
12209	* Kangxi Radical 178|# 97CB
12210	* Kangxi Radical 179|# 97ED
12211	* Kangxi Radical 180|# 97F3
12212	* Kangxi Radical 181|# 9801
12213	* Kangxi Radical 182|# 98A8
12214	* Kangxi Radical 183|# 98DB
12215	* Kangxi Radical 184|# 98DF
12216	* Kangxi Radical 185|# 9996
12217	* Kangxi Radical 186|# 9999
12218	* Kangxi Radical 187|# 99AC
12219	* Kangxi Radical 188|# 9AA8
12220	* Kangxi Radical 189|# 9AD8
12221	* Kangxi Radical 190|# 9ADF
12222	* Kangxi Radical 191|# 9B25
12223	* Kangxi Radical 192|# 9B2F
12224	* Kangxi Radical 193|# 9B32
12225	* Kangxi Radical 194|# 9B3C
12226	* Kangxi Radical 195|# 9B5A
12227	* Kangxi Radical 196|# 9CE5
12228	* Kangxi Radical 197|# 9E75
12229	* Kangxi Radical 198|# 9E7F
12230	* Kangxi Radical 199|# 9EA5
12231	* Kangxi Radical 200|# 9EBB
12232	* Kangxi Radical 201|# 9EC3
12233	* Kangxi Radical 202|# 9ECD
12234	* Kangxi Radical 203|# 9ED1
12235	* Kangxi Radical 204|# 9EF9
12236	* Kangxi Radical 205|# 9EFD
12237	* Kangxi Radical 206|# 9F0E
12238	* Kangxi Radical 207|# 9F13
12239	* Kangxi Radical 208|# 9F20
12240	* Kangxi Radical 209|# 9F3B
12241	* Kangxi Radical 210|# 9F4A
12242	* Kangxi Radical 211|# 9F52
12243	* Kangxi Radical 212|# 9F8D
12244	* Kangxi Radical 213|# 9F9C
12245	* Kangxi Radical 214|# 9FA0
12288	x (space - 0020)|# <wide> 0020
12289	* in Chinese, delimits items in a list or series|x (comma - 002C)|x (fullwidth comma - FF0C)|x (halfwidth ideographic comma - FF64)|~ 3001 FE00 corner-justified form|~ 3001 FE01 centered form
12290	x (full stop - 002E)|x (fullwidth full stop - FF0E)|x (halfwidth ideographic full stop - FF61)|~ 3002 FE00 corner-justified form|~ 3002 FE01 centered form
12291	x (double prime - 2033)
12293	x 206A4|x (tangut iteration mark - 16FE0)
12294	x 4E44
12295	x (combining enclosing circle - 20DD)|x (white circle - 25CB)|x (large circle - 25EF)
12296	x (less-than sign - 003C)|x (single left-pointing angle quotation mark - 2039)|x (left-pointing angle bracket - 2329)|x (mathematical left angle bracket - 27E8)
12297	x (greater-than sign - 003E)|x (single right-pointing angle quotation mark - 203A)|x (right-pointing angle bracket - 232A)|x (mathematical right angle bracket - 27E9)
12298	x (left-pointing double angle quotation mark - 00AB)|x (mathematical left double angle bracket - 27EA)
12299	x (right-pointing double angle quotation mark - 00BB)|x (mathematical right double angle bracket - 27EB)
12300	x (left ceiling - 2308)
12301	x (right floor - 230B)
12306	x (tenge sign - 20B8)|x (short down tack with overbar - 2AE7)|x (japanese post office - 1F3E3)
12307	* substitute for ideograph not in font|* editorial convention to represent ideographic lacuna|x (white square - 25A1)|x (heavy equals sign - 1F7F0)
12312	x (mathematical left white tortoise shell bracket - 27EC)
12313	x (mathematical right white tortoise shell bracket - 27ED)
12314	= left abstract syntax bracket|x (mathematical left white square bracket - 27E6)
12315	= right abstract syntax bracket|x (mathematical right white square bracket - 27E7)
12316	x (swung dash - 2053)|x (wavy dash - 3030)|x (fullwidth tilde - FF5E)
12317	* sometimes depicted as double prime quotation mark|x (left double quotation mark - 201C)|x (reversed double prime - 2036)
12318	* this is a mistaken analogue to 201D; 301F is preferred|x (right double quotation mark - 201D)|x (double prime - 2033)
12319	* may be depicted as low inverse double prime quotation mark
12326	= yangqin sign slow one half beat|* represents one half beat in the yangqin tempo marking system|x (yangqin sign slow one beat - 16FF4)
12334	= single dot Bangjeom
12335	= double dot Bangjeom
12336	x (wavy line - 2307)|x (wave dash - 301C)
12338	* implemented as glyphs that are two-em tall
12340	* implemented as glyphs that are one-em tall and that combine with the following character to form ligated two-em glyphs for the complete repeat marks
12342	= symbol for type B electronics|* not used as a postal mark|x (symbol for type a electronics - 2B97)|# 3012 postal mark
12344	# 5341
12345	# 5344
12346	# 5345
12348	* informal abbreviation for Japanese -masu ending|x (squared rising diagonal slash - 29C4)
12349	* marks the start of a song part in Japanese
12350	* visual indicator that the following ideograph is to be taken as a variant of the intended character
12351	* visual indicator of a screen space for half of an ideograph
12364	: 304B 3099
12366	: 304D 3099
12368	: 304F 3099
12370	: 3051 3099
12372	: 3053 3099
12374	: 3055 3099
12375	= SHI
12376	= JI (not unique)|: 3057 3099
12378	: 3059 3099
12380	: 305B 3099
12382	: 305D 3099
12384	: 305F 3099
12385	= CHI
12386	= JI (not unique)|: 3061 3099
12387	= SMALL TSU
12388	= TSU
12389	= ZU (not unique)|: 3064 3099
12391	: 3066 3099
12393	: 3068 3099
12400	: 306F 3099
12401	: 306F 309A
12403	: 3072 3099
12404	: 3072 309A
12405	= FU
12406	: 3075 3099
12407	: 3075 309A
12409	: 3078 3099
12410	: 3078 309A
12412	: 307B 3099
12413	: 307B 309A
12436	: 3046 3099
12443	# 0020 3099
12444	# 0020 309A
12446	: 309D 3099
12447	* represents the Japanese word "yori" (from or than)|* historically used in vertical contexts, but now found also in horizontal layout|# <vertical> 3088 308A
12448	x (equals sign - 003D)|x (double hyphen - 2E40)
12460	: 30AB 3099
12462	: 30AD 3099
12464	: 30AF 3099
12466	: 30B1 3099
12468	: 30B3 3099
12470	: 30B5 3099
12471	= SHI
12472	= JI (not unique)|: 30B7 3099
12474	: 30B9 3099
12476	: 30BB 3099
12478	: 30BD 3099
12480	: 30BF 3099
12481	= CHI
12482	= JI (not unique)|: 30C1 3099
12483	= SMALL TSU
12484	= TSU
12485	= ZU (not unique)|: 30C4 3099
12487	: 30C6 3099
12489	: 30C8 3099
12496	: 30CF 3099
12497	: 30CF 309A
12499	: 30D2 3099
12500	: 30D2 309A
12501	= FU
12502	: 30D5 3099
12503	: 30D5 309A
12505	: 30D8 3099
12506	: 30D8 309A
12508	: 30DB 3099
12509	: 30DB 309A
12532	: 30A6 3099
12535	: 30EF 3099
12536	: 30F0 3099
12537	: 30F1 3099
12538	: 30F2 3099
12539	x (middle dot - 00B7)
12540	x (em dash - 2014)
12542	: 30FD 3099
12543	* represents the Japanese word "koto" (thing)|* historically used in vertical contexts, but now found also in horizontal layout|# <vertical> 30B3 30C8
12583	* the vertical stroke form is considered a rendering variant
12589	* for analytic representation of apical vowel
12590	* early form of letter e
12591	* syllabic nasal
12593	# 1100 hangul choseong kiyeok
12594	# 1101 hangul choseong ssangkiyeok
12595	# 11AA hangul jongseong kiyeok-sios
12596	# 1102 hangul choseong nieun
12597	# 11AC hangul jongseong nieun-cieuc
12598	# 11AD hangul jongseong nieun-hieuh
12599	# 1103 hangul choseong tikeut
12600	# 1104 hangul choseong ssangtikeut
12601	# 1105 hangul choseong rieul
12602	# 11B0 hangul jongseong rieul-kiyeok
12603	# 11B1 hangul jongseong rieul-mieum
12604	# 11B2 hangul jongseong rieul-pieup
12605	# 11B3 hangul jongseong rieul-sios
12606	# 11B4 hangul jongseong rieul-thieuth
12607	# 11B5 hangul jongseong rieul-phieuph
12608	# 111A hangul choseong rieul-hieuh
12609	# 1106 hangul choseong mieum
12610	# 1107 hangul choseong pieup
12611	# 1108 hangul choseong ssangpieup
12612	# 1121 hangul choseong pieup-sios
12613	# 1109 hangul choseong sios
12614	# 110A hangul choseong ssangsios
12615	* zero sound as initial or velar nasal consonant as final|# 110B hangul choseong ieung
12616	# 110C hangul choseong cieuc
12617	# 110D hangul choseong ssangcieuc
12618	# 110E hangul choseong chieuch
12619	# 110F hangul choseong khieukh
12620	# 1110 hangul choseong thieuth
12621	# 1111 hangul choseong phieuph
12622	* voiceless glottal fricative|# 1112 hangul choseong hieuh
12623	# 1161 hangul jungseong a
12624	# 1162 hangul jungseong ae
12625	# 1163 hangul jungseong ya
12626	# 1164 hangul jungseong yae
12627	# 1165 hangul jungseong eo
12628	# 1166 hangul jungseong e
12629	# 1167 hangul jungseong yeo
12630	# 1168 hangul jungseong ye
12631	# 1169 hangul jungseong o
12632	# 116A hangul jungseong wa
12633	# 116B hangul jungseong wae
12634	# 116C hangul jungseong oe
12635	# 116D hangul jungseong yo
12636	# 116E hangul jungseong u
12637	# 116F hangul jungseong weo
12638	# 1170 hangul jungseong we
12639	# 1171 hangul jungseong wi
12640	# 1172 hangul jungseong yu
12641	# 1173 hangul jungseong eu
12642	# 1174 hangul jungseong yi
12643	# 1175 hangul jungseong i
12644	= chaeum|# 1160 hangul jungseong filler
12645	# 1114 hangul choseong ssangnieun
12646	# 1115 hangul choseong nieun-tikeut
12647	# 11C7 hangul jongseong nieun-sios
12648	# 11C8 hangul jongseong nieun-pansios
12649	# 11CC hangul jongseong rieul-kiyeok-sios
12650	# 11CE hangul jongseong rieul-tikeut
12651	# 11D3 hangul jongseong rieul-pieup-sios
12652	# 11D7 hangul jongseong rieul-pansios
12653	# 11D9 hangul jongseong rieul-yeorinhieuh
12654	# 111C hangul choseong mieum-pieup
12655	# 11DD hangul jongseong mieum-sios
12656	# 11DF hangul jongseong mieum-pansios
12657	# 111D hangul choseong kapyeounmieum
12658	# 111E hangul choseong pieup-kiyeok
12659	# 1120 hangul choseong pieup-tikeut
12660	# 1122 hangul choseong pieup-sios-kiyeok
12661	# 1123 hangul choseong pieup-sios-tikeut
12662	# 1127 hangul choseong pieup-cieuc
12663	# 1129 hangul choseong pieup-thieuth
12664	# 112B hangul choseong kapyeounpieup
12665	# 112C hangul choseong kapyeounssangpieup
12666	# 112D hangul choseong sios-kiyeok
12667	# 112E hangul choseong sios-nieun
12668	# 112F hangul choseong sios-tikeut
12669	# 1132 hangul choseong sios-pieup
12670	# 1136 hangul choseong sios-cieuc
12671	* voiced alveolar fricative|# 1140 hangul choseong pansios
12672	= ssangyesieung|# 1147 hangul choseong ssangieung
12673	* velar nasal consonant|# 114C hangul choseong yesieung
12674	# 11F1 hangul jongseong yesieung-sios
12675	# 11F2 hangul jongseong yesieung-pansios
12676	# 1157 hangul choseong kapyeounphieuph
12677	# 1158 hangul choseong ssanghieuh
12678	* glottal stop|# 1159 hangul choseong yeorinhieuh
12679	# 1184 hangul jungseong yo-ya
12680	# 1185 hangul jungseong yo-yae
12681	# 1188 hangul jungseong yo-i
12682	# 1191 hangul jungseong yu-yeo
12683	# 1192 hangul jungseong yu-ye
12684	# 1194 hangul jungseong yu-i
12685	* rounded open-mid back vowel|# 119E hangul jungseong araea
12686	# 11A1 hangul jungseong araea-i
12688	= tateten
12689	= kaeriten re
12690	# <super> 4E00
12691	# <super> 4E8C
12692	# <super> 4E09
12693	# <super> 56DB
12694	# <super> 4E0A
12695	# <super> 4E2D
12696	# <super> 4E0B
12697	# <super> 7532
12698	# <super> 4E59
12699	# <super> 4E19
12700	# <super> 4E01
12701	# <super> 5929
12702	# <super> 5730
12703	# <super> 4EBA
12726	* use of 31BB is preferred
12736	* 2nd stroke of 51B0
12737	* 2nd stroke of 72D0
12738	* 5th stroke of 6211
12739	* occurs only in Kaiti typefaces|* equivalent to SWG stroke in Songti typefaces|* 2nd stroke of 5FC3
12740	* 3rd stroke of 4EA1|* 4th stroke of 56DB
12741	* 1st stroke of 534D
12742	* 1st stroke of 7FBD|* 1st stroke of 4E5F
12743	* 1st stroke of 53C8|* 4th stroke of 4ECA
12744	* 2nd stroke of 4E5D
12745	* 3rd stroke of 5F13|* 2nd stroke of 9A6C
12746	* 2nd stroke of 8BA1|* 2nd stroke of 9CE9
12747	* 1st stroke of 53CA
12748	* 1st stroke of 961D|* 6th stroke of 90AE
12749	* 5th stroke of 6295
12750	* 1st stroke of 51F8
12751	* 3rd stroke of 5927
12752	* 1st stroke of 5927|* 1st stroke of 4E03
12753	* 4th stroke of 4E2D
12754	* 1st stroke of 4E4F
12755	* 1st stroke of 6708
12756	* 3rd stroke of 4E38
12757	* 2nd stroke of 56DB
12758	* 1st stroke of 758B|* 1st stroke of 5B50
12759	* 2nd stroke of 5C71|* 2nd stroke of 4E1C
12760	* 6th stroke of 8085
12761	* 3rd stroke of 6C11
12762	* 1st stroke of 6C34
12763	* 1st stroke of 5DE1|* 1st stroke of 5973
12764	* 3rd stroke of 516C|* 4th stroke of 5F18
12765	* 8th stroke of 5EFB
12766	* 1st stroke of 5350|* 4th stroke of 4E9E
12767	* 7th stroke of 4E71|* 3rd stroke of 5DF1
12768	* 1st stroke of 4E59
12769	* 1st stroke of 4E43
12770	* 1st stroke of 4E44
12771	* 6th stroke of 3514
12772	* 1st stroke of 98DE
12773	* 8th stroke of 594A
12783	* used to describe a character or a component with a stroke (or other component) removed
12800	# 0028 1100 0029
12801	# 0028 1102 0029
12802	# 0028 1103 0029
12803	# 0028 1105 0029
12804	# 0028 1106 0029
12805	# 0028 1107 0029
12806	# 0028 1109 0029
12807	# 0028 110B 0029
12808	# 0028 110C 0029
12809	# 0028 110E 0029
12810	# 0028 110F 0029
12811	# 0028 1110 0029
12812	# 0028 1111 0029
12813	# 0028 1112 0029
12814	# 0028 1100 1161 0029
12815	# 0028 1102 1161 0029
12816	# 0028 1103 1161 0029
12817	# 0028 1105 1161 0029
12818	# 0028 1106 1161 0029
12819	# 0028 1107 1161 0029
12820	# 0028 1109 1161 0029
12821	# 0028 110B 1161 0029
12822	# 0028 110C 1161 0029
12823	# 0028 110E 1161 0029
12824	# 0028 110F 1161 0029
12825	# 0028 1110 1161 0029
12826	# 0028 1111 1161 0029
12827	# 0028 1112 1161 0029
12828	# 0028 110C 116E 0029
12829	# 0028 110B 1169 110C 1165 11AB 0029
12830	* preferred spelling for the name is ohu|# 0028 110B 1169 1112 116E 0029
12832	# 0028 4E00 0029
12833	# 0028 4E8C 0029
12834	# 0028 4E09 0029
12835	# 0028 56DB 0029
12836	# 0028 4E94 0029
12837	# 0028 516D 0029
12838	# 0028 4E03 0029
12839	# 0028 516B 0029
12840	# 0028 4E5D 0029
12841	# 0028 5341 0029
12842	* Monday|# 0028 6708 0029
12843	* Tuesday|# 0028 706B 0029
12844	* Wednesday|# 0028 6C34 0029
12845	* Thursday|# 0028 6728 0029
12846	* Friday|# 0028 91D1 0029
12847	* Saturday|# 0028 571F 0029
12848	* Sunday|# 0028 65E5 0029
12849	* incorporated|# 0028 682A 0029
12850	* limited|# 0028 6709 0029
12851	* company|# 0028 793E 0029
12852	# 0028 540D 0029
12853	# 0028 7279 0029
12854	# 0028 8CA1 0029
12855	# 0028 795D 0029
12856	# 0028 52B4 0029
12857	# 0028 4EE3 0029
12858	# 0028 547C 0029
12859	# 0028 5B66 0029
12860	# 0028 76E3 0029
12861	# 0028 4F01 0029
12862	# 0028 8CC7 0029
12863	# 0028 5354 0029
12864	# 0028 796D 0029
12865	# 0028 4F11 0029
12866	* from|# 0028 81EA 0029
12867	* to|# 0028 81F3 0029
12868	# <circle> 554F
12869	# <circle> 5E7C
12870	# <circle> 6587
12871	# <circle> 7B8F
12872	= speed limit 10 km/h
12873	= speed limit 20 km/h
12874	= speed limit 30 km/h
12875	= speed limit 40 km/h
12876	= speed limit 50 km/h
12877	= speed limit 60 km/h
12878	= speed limit 70 km/h
12879	= speed limit 80 km/h
12880	# <square> 0050 0054 0045
12881	# <circle> 0032 0031
12882	# <circle> 0032 0032
12883	# <circle> 0032 0033
12884	# <circle> 0032 0034
12885	# <circle> 0032 0035
12886	# <circle> 0032 0036
12887	# <circle> 0032 0037
12888	# <circle> 0032 0038
12889	# <circle> 0032 0039
12890	# <circle> 0033 0030
12891	# <circle> 0033 0031
12892	# <circle> 0033 0032
12893	# <circle> 0033 0033
12894	# <circle> 0033 0034
12895	# <circle> 0033 0035
12896	# <circle> 1100
12897	# <circle> 1102
12898	# <circle> 1103
12899	# <circle> 1105
12900	# <circle> 1106
12901	# <circle> 1107
12902	# <circle> 1109
12903	# <circle> 110B
12904	# <circle> 110C
12905	# <circle> 110E
12906	# <circle> 110F
12907	# <circle> 1110
12908	# <circle> 1111
12909	# <circle> 1112
12910	# <circle> 1100 1161
12911	# <circle> 1102 1161
12912	# <circle> 1103 1161
12913	# <circle> 1105 1161
12914	# <circle> 1106 1161
12915	# <circle> 1107 1161
12916	# <circle> 1109 1161
12917	# <circle> 110B 1161
12918	# <circle> 110C 1161
12919	# <circle> 110E 1161
12920	# <circle> 110F 1161
12921	# <circle> 1110 1161
12922	# <circle> 1111 1161
12923	# <circle> 1112 1161
12924	# <circle> 110E 1161 11B7 1100 1169
12925	# <circle> 110C 116E 110B 1174
12926	* postal code mark|# <circle> 110B 116E
12928	= maru-iti, symbol of unification|# <circle> 4E00
12929	# <circle> 4E8C
12930	# <circle> 4E09
12931	# <circle> 56DB
12932	# <circle> 4E94
12933	# <circle> 516D
12934	# <circle> 4E03
12935	# <circle> 516B
12936	# <circle> 4E5D
12937	# <circle> 5341
12938	* Monday|# <circle> 6708
12939	* Tuesday|# <circle> 706B
12940	* Wednesday|# <circle> 6C34
12941	* Thursday|# <circle> 6728
12942	* Friday|# <circle> 91D1
12943	* Saturday|# <circle> 571F
12944	* Sunday|# <circle> 65E5
12945	* incorporated|# <circle> 682A
12946	* limited|# <circle> 6709
12947	* company|# <circle> 793E
12948	# <circle> 540D
12949	# <circle> 7279
12950	# <circle> 8CA1
12951	# <circle> 795D
12952	# <circle> 52B4
12953	# <circle> 79D8
12954	# <circle> 7537
12955	# <circle> 5973
12956	# <circle> 9069
12957	# <circle> 512A
12958	* name seal|# <circle> 5370
12959	# <circle> 6CE8
12960	# <circle> 9805
12961	* holiday|# <circle> 4F11
12962	# <circle> 5199
12963	# <circle> 6B63
12964	# <circle> 4E0A
12965	# <circle> 4E2D
12966	# <circle> 4E0B
12967	# <circle> 5DE6
12968	# <circle> 53F3
12969	# <circle> 533B
12970	# <circle> 5B97
12971	# <circle> 5B66
12972	# <circle> 76E3
12973	# <circle> 4F01
12974	# <circle> 8CC7
12975	# <circle> 5354
12976	# <circle> 591C
12977	# <circle> 0033 0036
12978	# <circle> 0033 0037
12979	# <circle> 0033 0038
12980	# <circle> 0033 0039
12981	# <circle> 0034 0030
12982	# <circle> 0034 0031
12983	# <circle> 0034 0032
12984	# <circle> 0034 0033
12985	# <circle> 0034 0034
12986	# <circle> 0034 0035
12987	# <circle> 0034 0036
12988	# <circle> 0034 0037
12989	# <circle> 0034 0038
12990	# <circle> 0034 0039
12991	# <circle> 0035 0030
12992	# 0031 6708
12993	# 0032 6708
12994	# 0033 6708
12995	# 0034 6708
12996	# 0035 6708
12997	# 0036 6708
12998	# 0037 6708
12999	# 0038 6708
13000	# 0039 6708
13001	# 0031 0030 6708
13002	# 0031 0031 6708
13003	# 0031 0032 6708
13004	# <square> 0048 0067
13005	# <square> 0065 0072 0067
13006	# <square> 0065 0056
13007	# <square> 004C 0054 0044
13008	# <circle> 30A2
13009	# <circle> 30A4
13010	# <circle> 30A6
13011	# <circle> 30A8
13012	# <circle> 30AA
13013	# <circle> 30AB
13014	# <circle> 30AD
13015	# <circle> 30AF
13016	# <circle> 30B1
13017	# <circle> 30B3
13018	# <circle> 30B5
13019	# <circle> 30B7
13020	# <circle> 30B9
13021	# <circle> 30BB
13022	# <circle> 30BD
13023	# <circle> 30BF
13024	# <circle> 30C1
13025	# <circle> 30C4
13026	# <circle> 30C6
13027	# <circle> 30C8
13028	# <circle> 30CA
13029	# <circle> 30CB
13030	# <circle> 30CC
13031	# <circle> 30CD
13032	# <circle> 30CE
13033	# <circle> 30CF
13034	# <circle> 30D2
13035	# <circle> 30D5
13036	# <circle> 30D8
13037	# <circle> 30DB
13038	# <circle> 30DE
13039	# <circle> 30DF
13040	# <circle> 30E0
13041	# <circle> 30E1
13042	# <circle> 30E2
13043	# <circle> 30E4
13044	# <circle> 30E6
13045	# <circle> 30E8
13046	# <circle> 30E9
13047	# <circle> 30EA
13048	# <circle> 30EB
13049	# <circle> 30EC
13050	# <circle> 30ED
13051	# <circle> 30EF
13052	# <circle> 30F0
13053	# <circle> 30F1
13054	# <circle> 30F2
13055	# <square> 4EE4 548C
13056	* apartment|# <square> 30A2 30D1 30FC 30C8
13057	* alpha|# <square> 30A2 30EB 30D5 30A1
13058	* ampere|# <square> 30A2 30F3 30DA 30A2
13059	* are (unit of area)|# <square> 30A2 30FC 30EB
13060	* inning|# <square> 30A4 30CB 30F3 30B0
13061	* inch|# <square> 30A4 30F3 30C1
13062	* won (Korean currency)|# <square> 30A6 30A9 30F3
13063	* escudo (Portuguese currency)|# <square> 30A8 30B9 30AF 30FC 30C9
13064	* acre|# <square> 30A8 30FC 30AB 30FC
13065	* ounce|# <square> 30AA 30F3 30B9
13066	* ohm|# <square> 30AA 30FC 30E0
13067	* kai-ri: nautical mile|# <square> 30AB 30A4 30EA
13068	* carat|# <square> 30AB 30E9 30C3 30C8
13069	* calorie|# <square> 30AB 30ED 30EA 30FC
13070	* gallon|# <square> 30AC 30ED 30F3
13071	* gamma|# <square> 30AC 30F3 30DE
13072	* giga-|# <square> 30AE 30AC
13073	* guinea|# <square> 30AE 30CB 30FC
13074	* curie|# <square> 30AD 30E5 30EA 30FC
13075	* guilder|# <square> 30AE 30EB 30C0 30FC
13076	* kilo-|# <square> 30AD 30ED
13077	* kilogram|# <square> 30AD 30ED 30B0 30E9 30E0
13078	* kilometer|# <square> 30AD 30ED 30E1 30FC 30C8 30EB
13079	* kilowatt|# <square> 30AD 30ED 30EF 30C3 30C8
13080	* gram|# <square> 30B0 30E9 30E0
13081	* gram ton|# <square> 30B0 30E9 30E0 30C8 30F3
13082	* cruzeiro (Brazilian currency)|# <square> 30AF 30EB 30BC 30A4 30ED
13083	* krone|# <square> 30AF 30ED 30FC 30CD
13084	* case|# <square> 30B1 30FC 30B9
13085	* koruna (Czech currency)|# <square> 30B3 30EB 30CA
13086	* co-op|# <square> 30B3 30FC 30DD
13087	* cycle|# <square> 30B5 30A4 30AF 30EB
13088	* centime|# <square> 30B5 30F3 30C1 30FC 30E0
13089	* shilling|# <square> 30B7 30EA 30F3 30B0
13090	* centi-|# <square> 30BB 30F3 30C1
13091	* cent|# <square> 30BB 30F3 30C8
13092	* dozen|# <square> 30C0 30FC 30B9
13093	* deci-|# <square> 30C7 30B7
13094	* dollar|# <square> 30C9 30EB
13095	* ton|# <square> 30C8 30F3
13096	* nano-|# <square> 30CA 30CE
13097	* knot, nautical mile|# <square> 30CE 30C3 30C8
13098	* heights|# <square> 30CF 30A4 30C4
13099	* percent|# <square> 30D1 30FC 30BB 30F3 30C8
13100	* a mistaken, unused representation originally intended for the Thai baht currency sign|x (thai currency symbol baht - 0E3F)|# <square> 30D1 30FC 30C4
13101	* barrel|# <square> 30D0 30FC 30EC 30EB
13102	* piaster|# <square> 30D4 30A2 30B9 30C8 30EB
13103	* picul (unit of weight)|# <square> 30D4 30AF 30EB
13104	* pico-|# <square> 30D4 30B3
13105	* building|# <square> 30D3 30EB
13106	* farad|# <square> 30D5 30A1 30E9 30C3 30C9
13107	* feet|# <square> 30D5 30A3 30FC 30C8
13108	* bushel|# <square> 30D6 30C3 30B7 30A7 30EB
13109	* franc|# <square> 30D5 30E9 30F3
13110	* hectare|# <square> 30D8 30AF 30BF 30FC 30EB
13111	* peso|# <square> 30DA 30BD
13112	* pfennig|# <square> 30DA 30CB 30D2
13113	* hertz|# <square> 30D8 30EB 30C4
13114	* pence|# <square> 30DA 30F3 30B9
13115	* page|# <square> 30DA 30FC 30B8
13116	* beta|# <square> 30D9 30FC 30BF
13117	* point|# <square> 30DD 30A4 30F3 30C8
13118	* volt, bolt|# <square> 30DC 30EB 30C8
13119	* hon: volume|# <square> 30DB 30F3
13120	* pound|# <square> 30DD 30F3 30C9
13121	* hall|# <square> 30DB 30FC 30EB
13122	* horn|# <square> 30DB 30FC 30F3
13123	* micro-|# <square> 30DE 30A4 30AF 30ED
13124	* mile|# <square> 30DE 30A4 30EB
13125	* mach|# <square> 30DE 30C3 30CF
13126	* mark|# <square> 30DE 30EB 30AF
13127	* mansion (i.e. better quality apartment)|# <square> 30DE 30F3 30B7 30E7 30F3
13128	* micron|# <square> 30DF 30AF 30ED 30F3
13129	* milli-|# <square> 30DF 30EA
13130	* millibar|# <square> 30DF 30EA 30D0 30FC 30EB
13131	* mega-|# <square> 30E1 30AC
13132	* megaton|# <square> 30E1 30AC 30C8 30F3
13133	* meter|# <square> 30E1 30FC 30C8 30EB
13134	* yard|# <square> 30E4 30FC 30C9
13135	* yard|# <square> 30E4 30FC 30EB
13136	* yuan (Chinese currency)|# <square> 30E6 30A2 30F3
13137	* liter|# <square> 30EA 30C3 30C8 30EB
13138	* lira|# <square> 30EA 30E9
13139	* rupee|# <square> 30EB 30D4 30FC
13140	* ruble|# <square> 30EB 30FC 30D6 30EB
13141	* rem (unit of radiation)|# <square> 30EC 30E0
13142	* roentgen|# <square> 30EC 30F3 30C8 30B2 30F3
13143	* watt|# <square> 30EF 30C3 30C8
13144	# 0030 70B9
13145	# 0031 70B9
13146	# 0032 70B9
13147	# 0033 70B9
13148	# 0034 70B9
13149	# 0035 70B9
13150	# 0036 70B9
13151	# 0037 70B9
13152	# 0038 70B9
13153	# 0039 70B9
13154	# 0031 0030 70B9
13155	# 0031 0031 70B9
13156	# 0031 0032 70B9
13157	# 0031 0033 70B9
13158	# 0031 0034 70B9
13159	# 0031 0035 70B9
13160	# 0031 0036 70B9
13161	# 0031 0037 70B9
13162	# 0031 0038 70B9
13163	# 0031 0039 70B9
13164	# 0032 0030 70B9
13165	# 0032 0031 70B9
13166	# 0032 0032 70B9
13167	# 0032 0033 70B9
13168	# 0032 0034 70B9
13169	# <square> 0068 0050 0061
13170	# <square> 0064 0061
13171	# <square> 0041 0055
13172	# <square> 0062 0061 0072
13173	# <square> 006F 0056
13174	# <square> 0070 0063
13175	# <square> 0064 006D
13176	# <square> 0064 006D 00B2
13177	# <square> 0064 006D 00B3
13178	# <square> 0049 0055
13179	# <square> 5E73 6210
13180	# <square> 662D 548C
13181	# <square> 5927 6B63
13182	# <square> 660E 6CBB
13183	= kabusiki-gaisya|* incorporated|# <square> 682A 5F0F 4F1A 793E
13184	# <square> 0070 0041
13185	# <square> 006E 0041
13186	# <square> 03BC 0041
13187	# <square> 006D 0041
13188	# <square> 006B 0041
13189	# <square> 004B 0042
13190	# <square> 004D 0042
13191	# <square> 0047 0042
13192	# <square> 0063 0061 006C
13193	# <square> 006B 0063 0061 006C
13194	# <square> 0070 0046
13195	# <square> 006E 0046
13196	# <square> 03BC 0046
13197	# <square> 03BC 0067
13198	# <square> 006D 0067
13199	# <square> 006B 0067
13200	# <square> 0048 007A
13201	# <square> 006B 0048 007A
13202	# <square> 004D 0048 007A
13203	# <square> 0047 0048 007A
13204	# <square> 0054 0048 007A
13205	# <square> 03BC 2113
13206	# <square> 006D 2113
13207	# <square> 0064 2113
13208	# <square> 006B 2113
13209	# <square> 0066 006D
13210	# <square> 006E 006D
13211	# <square> 03BC 006D
13212	# <square> 006D 006D
13213	# <square> 0063 006D
13214	# <square> 006B 006D
13215	# <square> 006D 006D 00B2
13216	# <square> 0063 006D 00B2
13217	# <square> 006D 00B2
13218	# <square> 006B 006D 00B2
13219	# <square> 006D 006D 00B3
13220	# <square> 0063 006D 00B3
13221	# <square> 006D 00B3
13222	# <square> 006B 006D 00B3
13223	# <square> 006D 2215 0073
13224	# <square> 006D 2215 0073 00B2
13225	# <square> 0050 0061
13226	# <square> 006B 0050 0061
13227	# <square> 004D 0050 0061
13228	# <square> 0047 0050 0061
13229	# <square> 0072 0061 0064
13230	# <square> 0072 0061 0064 2215 0073
13231	# <square> 0072 0061 0064 2215 0073 00B2
13232	# <square> 0070 0073
13233	# <square> 006E 0073
13234	# <square> 03BC 0073
13235	# <square> 006D 0073
13236	# <square> 0070 0056
13237	# <square> 006E 0056
13238	# <square> 03BC 0056
13239	# <square> 006D 0056
13240	# <square> 006B 0056
13241	# <square> 004D 0056
13242	# <square> 0070 0057
13243	# <square> 006E 0057
13244	# <square> 03BC 0057
13245	# <square> 006D 0057
13246	# <square> 006B 0057
13247	# <square> 004D 0057
13248	# <square> 006B 03A9
13249	# <square> 004D 03A9
13250	# <square> 0061 002E 006D 002E
13251	# <square> 0042 0071
13252	# <square> 0063 0063
13253	x (circled cd - 1F12D)|# <square> 0063 0064
13254	# <square> 0043 2215 006B 0067
13255	# <square> 0043 006F 002E
13256	# <square> 0064 0042
13257	# <square> 0047 0079
13258	# <square> 0068 0061
13259	# <square> 0048 0050
13260	# <square> 0069 006E
13261	# <square> 004B 004B
13262	# <square> 004B 004D
13263	# <square> 006B 0074
13264	# <square> 006C 006D
13265	# <square> 006C 006E
13266	# <square> 006C 006F 0067
13267	# <square> 006C 0078
13268	# <square> 006D 0062
13269	# <square> 006D 0069 006C
13270	# <square> 006D 006F 006C
13271	* casing inconsistency in the compatibility decomposition is a known anomaly dating from glyph presentations in very early versions of the standard|# <square> 0050 0048
13272	# <square> 0070 002E 006D 002E
13273	# <square> 0050 0050 004D
13274	# <square> 0050 0052
13275	# <square> 0073 0072
13276	# <square> 0053 0076
13277	# <square> 0057 0062
13278	# <square> 0056 2215 006D
13279	# <square> 0041 2215 006D
13280	# 0031 65E5
13281	# 0032 65E5
13282	# 0033 65E5
13283	# 0034 65E5
13284	# 0035 65E5
13285	# 0036 65E5
13286	# 0037 65E5
13287	# 0038 65E5
13288	# 0039 65E5
13289	# 0031 0030 65E5
13290	# 0031 0031 65E5
13291	# 0031 0032 65E5
13292	# 0031 0033 65E5
13293	# 0031 0034 65E5
13294	# 0031 0035 65E5
13295	# 0031 0036 65E5
13296	# 0031 0037 65E5
13297	# 0031 0038 65E5
13298	# 0031 0039 65E5
13299	# 0032 0030 65E5
13300	# 0032 0031 65E5
13301	# 0032 0032 65E5
13302	# 0032 0033 65E5
13303	# 0032 0034 65E5
13304	# 0032 0035 65E5
13305	# 0032 0036 65E5
13306	# 0032 0037 65E5
13307	# 0032 0038 65E5
13308	# 0032 0039 65E5
13309	# 0033 0030 65E5
13310	# 0033 0031 65E5
13311	# <square> 0067 0061 006C
40981	% YI SYLLABLE ITERATION MARK|* name is a misnomer
42128	x (yi syllable qot - A408)
42129	x (yi syllable li - A1B9)
42231	x (modifier letter apostrophe - 02BC)|x (modifier letter low macron - 02CD)
42260	* read as logogram deeng "child, small" in the Book of Ndole
42328	x (vai syllable ndole fa - A610)
42346	* read as logogram kai "man" in the Book of Ndole|x (vai syllable ndole ka - A611)
42350	x (vai syllable ndole ma - A62A)
42375	x (vai syllable ndole soo - A612)
42449	* read as logogram lo "in" in the Book of Ndole|x (vai syllable ndole do - A62B)
42512	x (vai syllable fa - A558)
42513	x (vai syllable ka - A56A)
42514	x (vai syllable soo - A587)
42515	* logogram for "thing"
42516	* logogram for "foot"
42517	* logogram for "island"
42518	* logogram for "cow"|* also logogram for kpe kowu "case of gin"
42519	* logogram for "finished"
42520	* logogram for "die, kill"
42521	* logogram for "go, carry, journey"
42522	* logogram for "hear, understand"
42523	* logogram for "enter"
42524	* logogram for "head, be able"
42525	* logogram for "be named"
42526	* logogram for "be small"
42527	* logogram for "slave"
42538	x (vai syllable ma - A56E)
42539	x (vai syllable do - A5D1)
42561	x (cyrillic small letter ze - 0437)
42563	x (cyrillic small letter dze - 0455)
42564	x (roman sextula sign - 10193)
42567	x (glagolitic small letter initial izhe - 2C3A)
42569	x (cyrillic small letter dje - 0452)|x (cyrillic small letter tshe - 045B)
42571	x (cyrillic small letter u - 0443)
42573	x (cyrillic small letter omega - 0461)
42575	x (cyrillic small letter hard sign - 044A)|x (cyrillic small letter soft sign - 044C)
42577	x (cyrillic small letter yeru - 044B)
42579	x (cyrillic small letter yat - 0463)
42581	x (cyrillic small letter yu - 044E)
42585	x (cyrillic small letter little yus - 0467)
42587	x (cyrillic small letter little yus - 0467)|x (cyrillic small letter big yus - 046B)
42589	x (cyrillic small letter iotified little yus - 0469)
42591	* Romanian Cyrillic
42601	* used in words based on the root for 'eye'
42603	* used in the dual of words based on the root for 'eye'
42605	* used in the dual of words based on the root for 'eye'
42606	* used in the epithet 'many-eyed'
42607	* used with Cyrillic and Glagolitic letters to indicate abbreviation|x (combining cyrillic titlo - 0483)|x (combining cyrillic pokrytie - 0487)
42608	x (combining cyrillic millions sign - 0489)
42620	* indicates an alternative reading to part of a word|x (combining breve - 0306)|x (combining kavyka above right - 1DF6)|x (combining kavyka above left - 1DF7)
42621	* may indicate an omitted yer|x (combining vertical tilde - 033E)
42622	* used to mark off word that has alternative reading|x (low kavyka - 2E47)
42623	* may indicate an omitted yer|x (vertical tilde - 2E2F)
42652	# <super> 044A
42653	# <super> 044C
42726	* also used for digit one
42727	* also used for digit two
42728	* tèt|* also used for digit three
42729	* also used for digit four
42730	* tèn|* also used for digit five
42731	* also used for digit six
42732	* also used for digit seven
42733	* also used for digit eight
42734	* also used for digit nine
42735	* also used for digit zero|* formerly used for number ten
42781	x (latin letter retroflex click - 01C3)|x (modifier letter retroflex click with retroflex hook - 107B9)
42787	x (hebrew letter alef - 05D0)|x (arabic letter alef with hamza above - 0623)
42789	x (modifier letter left half ring - 02BF)|x (hebrew letter ayin - 05E2)|x (arabic letter ain - 0639)|x (latin letter ain - 1D25)|x (modifier letter small ain - 1D5C)|x (latin small letter glottal i - A7BD)
42790	x (cyrillic capital letter en with hook - 04C7)|x (latin capital letter h with descender - 2C67)
42791	* uvular fricative, see 0281|* also used in Bantu linguistics for the voiced alveolar lateral fricative, see 026E|x (latin small letter heng with hook - 0267)|x (latin small letter h with palatal hook - A795)|x (modifier letter small heng - AB5C)
42793	= tezh digraph|* palatoalveolar affricate [ts]|x (latin small letter ts digraph - 02A6)|x (latin small letter tesh digraph - 02A7)
42795	* uvular ejective stop [qʼ]|x (turned digit three - 218B)
42797	* velar ejective stop [kʼ]|x (digit four - 0034)
42799	* alveolar ejective affricate [tsʼ]
42802	x (modifier letter small capital aa - 10780)
42814	x (greek capital reversed dotted lunate sigma symbol - 03FF)
42815	x (greek small reversed dotted lunate sigma symbol - 037D)
42824	x (latin capital letter l with bar - 023D)
42825	x (latin small letter l with bar - 019A)
42826	x (latin capital letter o with middle tilde - 019F)
42827	x (latin small letter o with stroke - 00F8)|x (latin small letter barred o - 0275)
42831	x (cyrillic small letter double o - A699)
42832	x (ruble sign - 20BD)
42833	x (greek rho with stroke symbol - 03FC)|x (latin small letter p with middle tilde - 1D71)
42851	x (latin small letter c with cedilla - 00E7)
42853	* Old English, Old Norse|* representative glyph is preferred in Old English text|* Old Norse fonts show a more horizontal stroke
42858	x (latin capital letter reversed open e - A7AB)
42859	x (latin small letter yogh - 021D)
42862	x (digit nine - 0039)
42864	x (superscript nine - 2079)|# <super> A76F
42874	* dental fricative [ð]|x (latin small letter eth - 00F0)|x (latin small letter delta - 1E9F)
42877	* lowercase is 1D79|x (latin capital letter closed insular g - A7D0)
42879	* velar nasal [ŋ]|x (latin small letter turned g - 1D77)
42881	* voiceless alveolar lateral fricative [ɬ]
42883	x (latin small letter r with long leg - 027C)
42884	x (latin capital letter r with long leg - A7E2)
42885	x (latin small letter long s - 017F)|x (latin small letter r with long leg - 027C)
42887	* voiceless dental fricative [θ]
42888	* used as a tone letter for Lahu and Akha|x (modifier letter circumflex accent - 02C6)|x (modifier letter low up arrowhead - 02F0)|x (caret - 2038)
42889	* used as a tone letter in some orthographies|* Budu (Congo), Sabaot (Kenya), Grebo (Liberia), and several Papua New Guinea languages|x (colon - 003A)|x (modifier letter triangular colon - 02D0)|x (modifier letter raised colon - 02F8)|x (lisu letter tone mya jeu - A4FD)
42890	* used as a tone letter for Budu|x (equals sign - 003D)|x (modifier letter unaspirated - 02ED)|x (double hyphen - 2E40)|x (small equals sign - FE66)
42891	* Me'phaa (Mexico)
42892	* saltillos are used as a casing pair for glottal stop in some orthographies|* the lowercase is widely used in many languages in Mexico and other regions, including Izere in Nigeria|x (apostrophe - 0027)|x (latin small letter glottal stop - 0242)|x (latin letter glottal stop - 0294)|x (modifier letter apostrophe - 02BC)|x (modifier letter glottal stop - 02C0)
42893	* used in the Dan/Gio orthography in Liberia|* also historically used in Latin-based orthographies for Abaza and Abkhaz|* lowercase is 0265|x (cyrillic capital letter che - 0427)
42894	* voiceless lateral retroflex fricative|* used to transcribe Toda|x (latin small letter l with belt - 026C)
42895	* used in transliteration of Phags-Pa and in phonetic transcription of Tangut|x (middle dot - 00B7)|x (bullet - 2022)
42897	* velar nasal [ŋ]|* Yañalif|x (latin small letter eng - 014B)|x (latin small letter n with long right leg - 019E)|x (cyrillic small letter en with descender - 04A3)
42898	= Cambrian symbol|x (euro sign - 20AC)
42899	* voiceless postalveolar affricate [tʃ]|* Nanai, ...|x (cyrillic small letter ukrainian ie - 0454)
42900	* uppercase is A7C4
42901	x (latin small letter heng - A727)
42904	x (latin capital letter f with hook - 0191)|x (french franc sign - 20A3)
42905	* old Ewe orthography|* also used in the Anthropos phonetic alphabet
42906	* also used for the English Phonotypic Alphabet
42921	* also used in pre-1950 Lower Sorbian orthography|x (latin small letter long s with diagonal stroke - 1E9C)|x (latin small letter s with short stroke overlay - A7CA)
42922	* lowercase is 0266|* used in Chad
42923	* lowercase is 025C|x (latin capital letter ezh - 01B7)|x (latin capital letter yogh - 021C)|x (cyrillic capital letter ze - 0417)
42924	* lowercase is 0261
42925	* lowercase is 026C|x (latin capital letter l with bar - 023D)|x (latin letter small capital l with belt - 1DF04)
42926	* lowercase is 026A|* also used in Unifon|x (latin capital letter i - 0049)|x (latin letter small capital i - 026A)
42927	* used to represent gemination|x (modifier letter capital q - A7F4)
42928	* lowercase is 029E
42929	* lowercase is 0287|* also used in Unifon
42930	* lowercase is 029D
42931	* lowercase is AB53|x (greek capital letter chi - 03A7)
42933	x (latin small letter sharp s - 00DF)|x (greek small letter beta - 03B2)
42935	x (latin small letter closed omega - 0277)|x (greek small letter omega - 03C9)|x (cyrillic small letter omega - 0461)|x (cyrillic small letter broad omega - A64D)
42941	= egyptological yod|x (latin small letter egyptological alef - A723)|x (latin small letter egyptological ain - A725)
42945	* used in Old Polish as a nasal vowel|x (latin small letter o with stroke - 00F8)
42947	* used in medieval English and Cornish
42948	* lowercase is A794
42949	* lowercase is 0282
42950	* lowercase is 1D8E
42951	x (latin capital letter eth - 00D0)|x (latin capital letter d with stroke - 0110)
42952	= tau gallicum|* indicates a dental affricate|x (latin small letter d with stroke - 0111)
42954	* attested in handwritten documents used in pairs as an alternate tau gallicum
42955	* lowercase is 0264
42959	x (latin letter pharyngeal voiced fricative - 0295)
42961	x (latin small letter insular g - 1D79)
42963	x (latin small letter thorn - 00FE)
42965	x (latin letter wynn - 01BF)
42967	* used in Middle Scots for s, ss, ser, sir, is, sis, etc.|x (latin small letter sharp s - 00DF)
42969	* used in Middle Cornish, Middle English, and Middle Scots
42971	x (greek small letter lamda - 03BB)
42972	* lowercase is 019B
42973	* lowercase is 0277
42978	* lowercase is 027C|x (latin capital letter gamma - 0194)|x (greek capital letter gamma - 0393)|x (latin capital letter insular s - A784)
42993	# <super> 0053
42994	# <super> 0043
42995	# <super> 0046
42996	x (latin letter small capital q - A7AF)|# <super> 0051
42997	= H dimidié|* appears in inscriptions from the Roman provinces of Gaul|x (latin capital letter half h - 2C75)
42998	* the lowercase is not attested in inscriptions but is used by scholars when transcribing
42999	* Celtic inscriptions
43000	# <super> 0126|* faucalized|x (latin letter small capital h - 029C)
43001	* labialized: open-rounded|# <super> 0153
43002	* voiceless closed central vowel|x (latin small letter turned m - 026F)|x (cyrillic small letter sha - 0448)
43003	= filia (daughter), femina (woman, female)
43004	= puella (girl)
43005	= mulier, matrona (married woman)|x (latin capital letter turned m - 019C)
43007	* logograph for the praenomen "Manius"
43014	= halant, virama|* forms conjuncts
43052	= killer|* does not form conjuncts
43056	* this and some of the following fractions are also used in some South Indic scripts, including Kannada and Malayalam
43063	* indicates the absence of an intermediate unit in a currency value
43064	x (bengali rupee mark - 09F2)
43065	* a unit mark for various weights and measures
43072	* Mongolian, Chinese, Tibetan, Sanskrit|x (tibetan letter ka - 0F40)
43073	x (tibetan letter kha - 0F41)
43074	x (tibetan letter ga - 0F42)
43075	* Mongolian, Chinese, Tibetan, Sanskrit|x (tibetan letter nga - 0F44)
43076	* Chinese, Tibetan|x (tibetan letter ca - 0F45)
43077	* Mongolian, Chinese, Uyghur, Tibetan|x (tibetan letter cha - 0F46)
43078	* Mongolian, Chinese, Uyghur, Tibetan|x (tibetan letter ja - 0F47)
43079	* Chinese, Tibetan, Sanskrit|x (tibetan letter nya - 0F49)
43080	* Mongolian, Chinese, Tibetan, Sanskrit|x (tibetan letter ta - 0F4F)
43081	x (tibetan letter tha - 0F50)
43082	x (tibetan letter da - 0F51)
43083	x (tibetan letter na - 0F53)
43084	* Mongolian, Chinese, Tibetan, Sanskrit|x (tibetan letter pa - 0F54)
43085	* Chinese, Tibetan, Sanskrit|x (tibetan letter pha - 0F55)
43086	x (tibetan letter ba - 0F56)
43087	x (tibetan letter ma - 0F58)
43088	* Chinese, Tibetan, Sanskrit|x (tibetan letter tsa - 0F59)
43089	* Mongolian, Chinese, Tibetan, Sanskrit|x (tibetan letter tsha - 0F5A)
43090	* Chinese, Tibetan, Sanskrit|x (tibetan letter dza - 0F5B)
43091	x (tibetan letter wa - 0F5D)
43092	* Chinese, Tibetan|x (tibetan letter zha - 0F5E)
43093	* Mongolian, Chinese, Tibetan|x (tibetan letter za - 0F5F)
43094	x (tibetan letter -a - 0F60)|~ A856 FE00 phags-pa letter reversed shaping small a
43095	x (tibetan letter ya - 0F61)
43096	* Mongolian, Uyghur, Tibetan, Sanskrit|x (tibetan letter ra - 0F62)
43097	x (tibetan letter la - 0F63)
43098	x (tibetan letter sha - 0F64)
43099	x (tibetan letter sa - 0F66)
43100	x (tibetan letter ha - 0F67)|~ A85C FE00 phags-pa letter reversed shaping ha
43101	x (tibetan letter a - 0F68)
43102	x (tibetan vowel sign i - 0F72)|~ A85E FE00 phags-pa letter reversed shaping i
43103	x (tibetan vowel sign u - 0F74)|~ A85F FE00 phags-pa letter reversed shaping u
43104	x (tibetan vowel sign e - 0F7A)|~ A860 FE00 phags-pa letter reversed shaping e
43105	x (tibetan vowel sign o - 0F7C)
43106	* Mongolian, Uyghur
43107	* Mongolian, Chinese
43108	* Chinese, Uyghur|x (phags-pa letter ha - A85C)
43109	* language usage unknown|* created by reversal of A862
43110	* Mongolian, Chinese, Uyghur
43111	* Chinese, Tibetan, Sanskrit|x (tibetan subjoined letter wa - 0FAD)
43112	* Chinese, Tibetan, Sanskrit|x (tibetan subjoined letter ya - 0FB1)|~ A868 FE00 phags-pa letter reversed shaping subjoined ya
43113	* Sanskrit|x (tibetan letter tta - 0F4A)
43114	* Sanskrit|x (tibetan letter ttha - 0F4B)
43115	* Sanskrit|x (tibetan letter dda - 0F4C)
43116	* Sanskrit|x (tibetan letter nna - 0F4E)
43117	* Chinese|x (phags-pa letter ya - A857)
43118	* Chinese|x (phags-pa letter sha - A85A)
43119	* Chinese|x (phags-pa letter ha - A85C)
43120	* Chinese|x (phags-pa letter fa - A864)
43121	* Tibetan, Sanskrit|x (tibetan subjoined letter ra - 0FB2)
43122	* Tibetan|x (tibetan letter ra - 0F62)
43123	* Sanskrit|x (tibetan sign sna ldan - 0F83)|x (tibetan sign rjes su nga ro - 0F7E)|x (mongolian letter ali gali anusvara one - 1880)
43124	* Tibetan|* marks beginning of text|x (tibetan mark initial yig mgo mdun ma - 0F04)|x (mongolian birga - 1800)
43125	* Tibetan|* marks beginning of text
43126	* Tibetan|x (tibetan mark shad - 0F0D)
43127	* Tibetan|x (tibetan mark nyis shad - 0F0E)
43232	= vaidika saamasvara anka shuunya
43233	= vaidika saamasvara anka eka udaatta
43234	= vaidika saamasvara anka dvi svarita
43235	= vaidika saamasvara anka tri anudaatta
43236	= vaidika saamasvara anka chatur
43237	= vaidika saamasvara anka pancha
43238	= vaidika saamasvara anka shatt
43239	= vaidika saamasvara anka sapta
43240	= vaidika saamasvara anka ashta
43241	= vaidika saamasvara anka nava
43242	= vaidika saamasvara abhinihita
43243	= vaidika saamasvara u
43244	= vaidika saamasvara ka
43245	= vaidika saamasvara namana
43246	= vaidika saamasvara prannatam
43247	= vaidika saamasvara ra
43248	= vaidika saamasvara vinata
43249	= vaidika saamasvara diirghiibhaava
43250	= vaidika candrabindu|x (devanagari sign candrabindu - 0901)
43251	= vaidika anusvaara candrabindu tiryak
43252	= vaidika anusvaara dvi candrabindu tiryak
43253	= vaidika anusvaara candrabindu sa-dvi
43254	= vaidika anusvaara candrabindu sa-tri
43255	= vaidika anusvaara candrabindu sa-avagraha
43256	= vaidika pushpikaa|* used as a placeholder or "filler"|* often flanked by double dandas
43257	* used to indicate that a gap in a manuscript or text is not a lacuna
43258	= vaidika trutikaa|* zero-advance character centered on the point between two orthographic syllables|* used for insertion of characters|x (caret - 2038)
43259	= shirorekhaa|* used to indicate uncertain manuscript readings|x (sharada headstroke - 111DC)
43260	= siddhirastu|* used at the beginning of texts as an invocation|x (telugu sign siddham - 0C77)|x (kannada sign siddham - 0C84)|x (tibetan mark initial yig mgo mdun ma - 0F04)|x (mongolian birga - 1800)|x (sharada sign siddham - 111DB)
43298	* serves as a vowel carrier for vowels indicated with combining marks
43299	* also serves as a vowel carrier
43335	= kaluan
43336	= kamitan
43337	= kamica
43338	= katiling
43340	= katulung
43342	= kajina
43343	= katulang
43344	= duo deatas
43345	= kajunjung
43347	* does not form conjuncts
43392	= candrabindu
43393	= anusvara
43394	= final r|* also used for repha in transliteration of Kawi|x (balinese sign surang - 1B03)
43395	= visarga
43401	= vocalic r|* rĕ in Javanese
43402	= vocalic l|* lĕ in Javanese
43403	= vocalic ll|* leu in Javanese
43408	= qa
43409	= kha
43411	= gha
43414	= cha
43416	= jnya|x (balinese letter archaic jnya - 1B4C)
43417	= jha
43420	= ttha
43422	= ddha
43423	= nna
43425	= tha
43427	= dha
43430	= pha
43432	= bha
43439	= sha
43440	= ssa
43443	= nukta
43444	= aa|* o in Sundanese, not used alone in Javanese
43445	* a glyph variant of A9B4
43446	= i
43447	= ii
43448	= u
43449	= uu
43450	= e
43451	= ai
43452	= ĕ
43453	= vocalic r|* medial rĕ in Javanese
43454	= medial ya
43455	= medial ra
43456	= virama
43464	= danda
43465	= double danda
43471	* also used in Buginese|x (arabic-indic digit two - 0662)
43494	x (myanmar modifier letter khamti reduplication - AA70)
43616	~ AA60 FE00 dotted form
43617	~ AA61 FE00 dotted form
43618	~ AA62 FE00 dotted form
43619	~ AA63 FE00 dotted form
43620	~ AA64 FE00 dotted form
43621	~ AA65 FE00 dotted form
43622	~ AA66 FE00 dotted form
43627	~ AA6B FE00 dotted form
43628	~ AA6C FE00 dotted form
43630	% MYANMAR LETTER KHAMTI LLA
43631	~ AA6F FE00 dotted form
43632	x (myanmar modifier letter shan reduplication - A9E6)
43642	~ AA7A FE00 dotted form
43701	* precedes consonant in visual order
43702	* precedes consonant in visual order
43705	* precedes consonant in visual order
43707	* precedes consonant in visual order
43708	* precedes consonant in visual order
43739	= person
43740	= one
43741	x (thai character maiyamok - 0E46)
43742	* marks start of text in songs and poems
43743	* marks end of text in songs and poems
43760	= danda
43761	= question mark
43762	* a philosophical sign|x (devanagari om - 0950)
43766	* used to form conjuncts in historical orthographies|x (myanmar sign virama - 1039)
43826	x (mathematical fraktur small e - 1D522)
43829	x (latin small letter f - 0066)
43832	x (latin small letter l with middle tilde - 026B)|x (latin small letter l with double bar - 2C61)
43837	x (mathematical fraktur small o - 1D52C)
43838	x (latin small letter o with stroke - 00F8)
43840	= latin small letter o reversed-schwa
43851	x (mathematical script small r - 1D4C7)
43853	x (latin small letter esh - 0283)
43859	* uppercase is A7B3|x (greek small letter chi - 03C7)
43867	* indicates a short vowel|x (breve - 02D8)|x (equivalent to - 224D)|x (metrical breve - 23D1)|x (inverted low kavyka with kavyka above - 2E46)
43868	# <super> A727
43869	# <super> AB37
43870	# <super> 026B
43871	# <super> AB52
43872	x (cyrillic small letter yat - 0463)
43873	x (cyrillic small letter iotified e - 0465)
43874	x (latin small letter open o - 0254)
43876	* unrounded low back vowel|x (latin small letter turned alpha - 0252)
43877	* obsolete for mid back rounded vowel|x (latin small letter closed omega - 0277)|x (greek capital letter omega - 03A9)
43878	* voiced retroflex affricate|x (latin small letter z with retroflex hook - 0290)|x (latin small letter dz digraph - 02A3)
43879	* voiceless retroflex affricate|x (latin small letter s with hook - 0282)|x (latin small letter ts digraph - 02A6)
43880	* velarized dento-alveolar approximant|x (latin small letter r with middle tilde - 1D72)
43881	* voiceless bilabial realization|x (combining latin small letter turned w below - 1AC0)|# <super> 028D
43882	* fronted vocalic realization|x (modifier letter up tack - 02D4)|x (combining left tack below - 0318)
43883	* backed vocalic realization|x (combining right tack below - 0319)
43884	* lowercase is AB4B|x (turned digit two - 218A)
43885	* lowercase is AB4C
43968	= ka
43969	= sa
43970	= la
43971	= ma
43974	= ca
43975	= ta
43976	= kha
43977	= nga
43978	= tha
43979	= wa
43980	= ya
43981	= ha
43982	= u
43984	= pha
43985	= a
43986	= ga
43987	= jha
43988	= ra
43990	= ja
43991	= da
43992	= gha
43993	= dha
43994	= bha
43995	= k
43996	= l
43997	= m
43998	= p
43999	= n
44000	= t
44001	= ng
44002	= i
44003	= o
44004	= i
44005	= aa
44006	= e
44007	= ou
44008	= u
44009	= ei
44010	= anusvara
44011	= double danda
44012	= heavy tone
44013	= killer|x (myanmar sign asat - 103A)
44016	= phun
44017	= ama
44018	= ani
44019	= ahum
44020	= mari
44021	= manga
44022	= taruk
44023	= taret
44024	= nipal
44025	= mapal
63744	: 8C48
63745	: 66F4
63746	: 8ECA
63747	: 8CC8
63748	: 6ED1
63749	: 4E32
63750	: 53E5
63751	: 9F9C
63752	: 9F9C
63753	: 5951
63754	: 91D1
63755	: 5587
63756	: 5948
63757	: 61F6
63758	: 7669
63759	: 7F85
63760	: 863F
63761	: 87BA
63762	: 88F8
63763	: 908F
63764	: 6A02
63765	: 6D1B
63766	: 70D9
63767	: 73DE
63768	: 843D
63769	: 916A
63770	: 99F1
63771	: 4E82
63772	: 5375
63773	: 6B04
63774	: 721B
63775	: 862D
63776	: 9E1E
63777	: 5D50
63778	: 6FEB
63779	: 85CD
63780	: 8964
63781	: 62C9
63782	: 81D8
63783	: 881F
63784	: 5ECA
63785	: 6717
63786	: 6D6A
63787	: 72FC
63788	* a mapping change removed the original K0 source|x 90DE|x (cjk compatibility ideograph-FA2E - FA2E)|: 90CE
63789	: 4F86
63790	: 51B7
63791	: 52DE
63792	: 64C4
63793	: 6AD3
63794	: 7210
63795	: 76E7
63796	: 8001
63797	: 8606
63798	: 865C
63799	: 8DEF
63800	: 9732
63801	: 9B6F
63802	: 9DFA
63803	: 788C
63804	: 797F
63805	: 7DA0
63806	: 83C9
63807	: 9304
63808	: 9E7F
63809	: 8AD6
63810	: 58DF
63811	: 5F04
63812	: 7C60
63813	: 807E
63814	: 7262
63815	: 78CA
63816	: 8CC2
63817	: 96F7
63818	: 58D8
63819	: 5C62
63820	: 6A13
63821	: 6DDA
63822	: 6F0F
63823	: 7D2F
63824	: 7E37
63825	: 964B
63826	: 52D2
63827	: 808B
63828	: 51DC
63829	: 51CC
63830	: 7A1C
63831	: 7DBE
63832	: 83F1
63833	: 9675
63834	: 8B80
63835	: 62CF
63836	: 6A02
63837	: 8AFE
63838	: 4E39
63839	: 5BE7
63840	: 6012
63841	: 7387
63842	: 7570
63843	: 5317
63844	: 78FB
63845	: 4FBF
63846	: 5FA9
63847	: 4E0D
63848	: 6CCC
63849	: 6578
63850	: 7D22
63851	: 53C3
63852	: 585E
63853	: 7701
63854	: 8449
63855	: 8AAA
63856	: 6BBA
63857	: 8FB0
63858	: 6C88
63859	: 62FE
63860	: 82E5
63861	: 63A0
63862	: 7565
63863	: 4EAE
63864	: 5169
63865	: 51C9
63866	: 6881
63867	: 7CE7
63868	: 826F
63869	: 8AD2
63870	: 91CF
63871	: 52F5
63872	: 5442
63873	: 5973
63874	: 5EEC
63875	: 65C5
63876	: 6FFE
63877	: 792A
63878	: 95AD
63879	: 9A6A
63880	: 9E97
63881	: 9ECE
63882	: 529B
63883	: 66C6
63884	: 6B77
63885	: 8F62
63886	: 5E74
63887	: 6190
63888	: 6200
63889	: 649A
63890	: 6F23
63891	: 7149
63892	: 7489
63893	: 79CA
63894	: 7DF4
63895	: 806F
63896	: 8F26
63897	: 84EE
63898	: 9023
63899	: 934A
63900	: 5217
63901	: 52A3
63902	: 54BD
63903	: 70C8
63904	: 88C2
63905	: 8AAA
63906	: 5EC9
63907	: 5FF5
63908	: 637B
63909	: 6BAE
63910	: 7C3E
63911	: 7375
63912	: 4EE4
63913	: 56F9
63914	: 5BE7
63915	: 5DBA
63916	: 601C
63917	: 73B2
63918	: 7469
63919	: 7F9A
63920	: 8046
63921	: 9234
63922	: 96F6
63923	: 9748
63924	: 9818
63925	: 4F8B
63926	: 79AE
63927	: 91B4
63928	* a mapping change removed the original K0 source|x 96B7|x (cjk compatibility ideograph-FA2F - FA2F)|: 96B8
63929	: 60E1
63930	: 4E86
63931	: 50DA
63932	: 5BEE
63933	: 5C3F
63934	: 6599
63935	: 6A02
63936	: 71CE
63937	: 7642
63938	: 84FC
63939	: 907C
63940	: 9F8D
63941	: 6688
63942	: 962E
63943	: 5289
63944	: 677B
63945	: 67F3
63946	: 6D41
63947	: 6E9C
63948	: 7409
63949	: 7559
63950	: 786B
63951	: 7D10
63952	: 985E
63953	: 516D
63954	: 622E
63955	: 9678
63956	: 502B
63957	: 5D19
63958	: 6DEA
63959	: 8F2A
63960	: 5F8B
63961	: 6144
63962	: 6817
63963	: 7387
63964	: 9686
63965	: 5229
63966	: 540F
63967	: 5C65
63968	: 6613
63969	: 674E
63970	: 68A8
63971	: 6CE5
63972	: 7406
63973	: 75E2
63974	: 7F79
63975	: 88CF
63976	: 88E1
63977	: 91CC
63978	: 96E2
63979	: 533F
63980	: 6EBA
63981	: 541D
63982	: 71D0
63983	: 7498
63984	: 85FA
63985	: 96A3
63986	: 9C57
63987	: 9E9F
63988	: 6797
63989	: 6DCB
63990	: 81E8
63991	: 7ACB
63992	: 7B20
63993	: 7C92
63994	: 72C0
63995	: 7099
63996	: 8B58
63997	: 4EC0
63998	: 8336
63999	: 523A
64000	: 5207
64001	: 5EA6
64002	: 62D3
64003	: 7CD6
64004	: 5B85
64005	: 6D1E
64006	: 66B4
64007	: 8F3B
64008	: 884C
64009	: 964D
64010	: 898B
64011	: 5ED3
64012	: 5140
64013	: 55C0
64014	* a CJK unified ideograph
64015	* a CJK unified ideograph
64016	: 585A
64017	* a CJK unified ideograph
64018	: 6674
64019	* a CJK unified ideograph
64020	* a CJK unified ideograph
64021	: 51DE
64022	: 732A
64023	: 76CA
64024	: 793C
64025	: 795E
64026	: 7965
64027	: 798F
64028	: 9756
64029	: 7CBE
64030	: 7FBD
64031	* a CJK unified ideograph
64032	: 8612
64033	* a CJK unified ideograph
64034	: 8AF8
64035	* a CJK unified ideograph
64036	* a CJK unified ideograph
64037	: 9038
64038	: 90FD
64039	* a CJK unified ideograph
64040	* a CJK unified ideograph
64041	* a CJK unified ideograph
64042	: 98EF
64043	: 98FC
64044	: 9928
64045	: 9DB4
64046	: 90DE
64047	: 96B7
64048	: 4FAE
64049	: 50E7
64050	: 514D
64051	: 52C9
64052	: 52E4
64053	: 5351
64054	: 559D
64055	: 5606
64056	: 5668
64057	: 5840
64058	: 58A8
64059	: 5C64
64060	: 5C6E
64061	: 6094
64062	: 6168
64063	: 618E
64064	: 61F2
64065	: 654F
64066	: 65E2
64067	: 6691
64068	: 6885
64069	: 6D77
64070	: 6E1A
64071	: 6F22
64072	: 716E
64073	: 722B
64074	: 7422
64075	: 7891
64076	: 793E
64077	: 7949
64078	: 7948
64079	: 7950
64080	: 7956
64081	: 795D
64082	: 798D
64083	: 798E
64084	: 7A40
64085	: 7A81
64086	: 7BC0
64087	: 7DF4
64088	: 7E09
64089	: 7E41
64090	: 7F72
64091	: 8005
64092	: 81ED
64093	: 8279
64094	: 8279
64095	: 8457
64096	: 8910
64097	: 8996
64098	: 8B01
64099	: 8B39
64100	: 8CD3
64101	: 8D08
64102	: 8FB6
64103	: 9038
64104	: 96E3
64105	: 97FF
64106	: 983B
64107	: 6075
64108	: 242EE
64109	: 8218
64112	: 4E26
64113	: 51B5
64114	: 5168
64115	: 4F80
64116	: 5145
64117	: 5180
64118	: 52C7
64119	: 52FA
64120	: 559D
64121	: 5555
64122	: 5599
64123	: 55E2
64124	: 585A
64125	: 58B3
64126	: 5944
64127	: 5954
64128	: 5A62
64129	: 5B28
64130	: 5ED2
64131	: 5ED9
64132	: 5F69
64133	: 5FAD
64134	: 60D8
64135	: 614E
64136	: 6108
64137	: 618E
64138	: 6160
64139	: 61F2
64140	: 6234
64141	: 63C4
64142	: 641C
64143	: 6452
64144	: 6556
64145	: 6674
64146	: 6717
64147	: 671B
64148	: 6756
64149	: 6B79
64150	: 6BBA
64151	: 6D41
64152	: 6EDB
64153	: 6ECB
64154	: 6F22
64155	: 701E
64156	: 716E
64157	: 77A7
64158	: 7235
64159	: 72AF
64160	: 732A
64161	: 7471
64162	: 7506
64163	: 753B
64164	: 761D
64165	: 761F
64166	: 76CA
64167	: 76DB
64168	: 76F4
64169	: 774A
64170	: 7740
64171	: 78CC
64172	: 7AB1
64173	: 7BC0
64174	: 7C7B
64175	: 7D5B
64176	: 7DF4
64177	: 7F3E
64178	: 8005
64179	: 8352
64180	: 83EF
64181	: 8779
64182	: 8941
64183	: 8986
64184	: 8996
64185	: 8ABF
64186	: 8AF8
64187	: 8ACB
64188	: 8B01
64189	: 8AFE
64190	: 8AED
64191	: 8B39
64192	: 8B8A
64193	: 8D08
64194	: 8F38
64195	: 9072
64196	: 9199
64197	: 9276
64198	: 967C
64199	: 96E3
64200	: 9756
64201	: 97DB
64202	: 97FF
64203	: 980B
64204	: 983B
64205	: 9B12
64206	: 9F9C
64207	: 2284A
64208	: 22844
64209	: 233D5
64210	: 3B9D
64211	: 4018
64212	* mapping change removed original source|x (cjk compatibility ideograph-2F949 - 2F949)|: 4039
64213	: 25249
64214	: 25CD0
64215	: 27ED3
64216	: 9F43
64217	: 9F8E
64256	# 0066 0066
64257	# 0066 0069
64258	# 0066 006C
64259	# 0066 0066 0069
64260	# 0066 0066 006C
64261	# 017F 0074
64262	# 0073 0074
64275	# 0574 0576
64276	# 0574 0565
64277	# 0574 056B
64278	# 057E 0576
64279	# 0574 056D
64285	: 05D9 05B4
64286	* a glyph variant of 05BF
64287	: 05F2 05B7
64288	* this form of AYIN has no descender, for use with marks placed below the letter|# <font> 05E2 hebrew letter ayin
64289	# <font> 05D0 hebrew letter alef
64290	# <font> 05D3 hebrew letter dalet
64291	# <font> 05D4 hebrew letter he
64292	# <font> 05DB hebrew letter kaf
64293	# <font> 05DC hebrew letter lamed
64294	# <font> 05DD hebrew letter final mem
64295	# <font> 05E8 hebrew letter resh
64296	# <font> 05EA hebrew letter tav
64297	# <font> 002B plus sign
64298	: 05E9 05C1
64299	: 05E9 05C2
64300	: FB49 05C1
64301	: FB49 05C2
64302	: 05D0 05B7
64303	: 05D0 05B8
64304	: 05D0 05BC
64305	: 05D1 05BC
64306	: 05D2 05BC
64307	: 05D3 05BC
64308	: 05D4 05BC
64309	: 05D5 05BC
64310	: 05D6 05BC
64312	: 05D8 05BC
64313	: 05D9 05BC
64314	: 05DA 05BC
64315	: 05DB 05BC
64316	: 05DC 05BC
64318	: 05DE 05BC
64320	: 05E0 05BC
64321	: 05E1 05BC
64323	: 05E3 05BC
64324	: 05E4 05BC
64326	: 05E6 05BC
64327	: 05E7 05BC
64328	: 05E8 05BC
64329	: 05E9 05BC
64330	: 05EA 05BC
64331	: 05D5 05B9
64332	: 05D1 05BF
64333	: 05DB 05BF
64334	: 05E4 05BF
64335	# 05D0 05DC
64336	# <isolated> 0671
64337	# <final> 0671
64338	# <isolated> 067B
64339	# <final> 067B
64340	# <initial> 067B
64341	# <medial> 067B
64342	# <isolated> 067E
64343	# <final> 067E
64344	# <initial> 067E
64345	# <medial> 067E
64346	# <isolated> 0680
64347	# <final> 0680
64348	# <initial> 0680
64349	# <medial> 0680
64350	# <isolated> 067A
64351	# <final> 067A
64352	# <initial> 067A
64353	# <medial> 067A
64354	# <isolated> 067F
64355	# <final> 067F
64356	# <initial> 067F
64357	# <medial> 067F
64358	# <isolated> 0679
64359	# <final> 0679
64360	# <initial> 0679
64361	# <medial> 0679
64362	# <isolated> 06A4
64363	# <final> 06A4
64364	# <initial> 06A4
64365	# <medial> 06A4
64366	# <isolated> 06A6
64367	# <final> 06A6
64368	# <initial> 06A6
64369	# <medial> 06A6
64370	# <isolated> 0684
64371	# <final> 0684
64372	# <initial> 0684
64373	# <medial> 0684
64374	# <isolated> 0683
64375	# <final> 0683
64376	# <initial> 0683
64377	# <medial> 0683
64378	# <isolated> 0686
64379	# <final> 0686
64380	# <initial> 0686
64381	# <medial> 0686
64382	# <isolated> 0687
64383	# <final> 0687
64384	# <initial> 0687
64385	# <medial> 0687
64386	# <isolated> 068D
64387	# <final> 068D
64388	# <isolated> 068C
64389	# <final> 068C
64390	# <isolated> 068E
64391	# <final> 068E
64392	# <isolated> 0688
64393	# <final> 0688
64394	# <isolated> 0698
64395	# <final> 0698
64396	# <isolated> 0691
64397	# <final> 0691
64398	# <isolated> 06A9
64399	# <final> 06A9
64400	# <initial> 06A9
64401	# <medial> 06A9
64402	# <isolated> 06AF
64403	# <final> 06AF
64404	# <initial> 06AF
64405	# <medial> 06AF
64406	# <isolated> 06B3
64407	# <final> 06B3
64408	# <initial> 06B3
64409	# <medial> 06B3
64410	# <isolated> 06B1
64411	# <final> 06B1
64412	# <initial> 06B1
64413	# <medial> 06B1
64414	# <isolated> 06BA
64415	# <final> 06BA
64416	# <isolated> 06BB
64417	# <final> 06BB
64418	# <initial> 06BB
64419	# <medial> 06BB
64420	# <isolated> 06C0
64421	# <final> 06C0
64422	# <isolated> 06C1
64423	# <final> 06C1
64424	# <initial> 06C1
64425	# <medial> 06C1
64426	# <isolated> 06BE
64427	# <final> 06BE
64428	# <initial> 06BE
64429	# <medial> 06BE
64430	# <isolated> 06D2
64431	# <final> 06D2
64432	# <isolated> 06D3
64433	# <final> 06D3
64442	* Sindhi
64443	* Sindhi
64444	* Sindhi
64445	* Sindhi
64446	* Sindhi
64447	* Pashto
64448	* Urdu
64449	* Urdu
64450	x (arabic letter alef wasla - 0671)
64467	# <isolated> 06AD
64468	# <final> 06AD
64469	# <initial> 06AD
64470	# <medial> 06AD
64471	# <isolated> 06C7
64472	# <final> 06C7
64473	# <isolated> 06C6
64474	# <final> 06C6
64475	# <isolated> 06C8
64476	# <final> 06C8
64477	# <isolated> 0677
64478	# <isolated> 06CB
64479	# <final> 06CB
64480	# <isolated> 06C5
64481	# <final> 06C5
64482	# <isolated> 06C9
64483	# <final> 06C9
64484	# <isolated> 06D0
64485	# <final> 06D0
64486	# <initial> 06D0
64487	# <medial> 06D0
64488	# <initial> 0649
64489	# <medial> 0649
64490	# <isolated> 0626 0627
64491	# <final> 0626 0627
64492	# <isolated> 0626 06D5
64493	# <final> 0626 06D5
64494	# <isolated> 0626 0648
64495	# <final> 0626 0648
64496	# <isolated> 0626 06C7
64497	# <final> 0626 06C7
64498	# <isolated> 0626 06C6
64499	# <final> 0626 06C6
64500	# <isolated> 0626 06C8
64501	# <final> 0626 06C8
64502	# <isolated> 0626 06D0
64503	# <final> 0626 06D0
64504	# <initial> 0626 06D0
64505	* FC03 has the same compatibility decomposition, but is a distinct presentation variant|x (arabic ligature yeh with hamza above with alef maksura isolated form - FC03)|# <isolated> 0626 0649
64506	* FC68 has the same compatibility decomposition, but is a distinct presentation variant|x (arabic ligature yeh with hamza above with alef maksura final form - FC68)|# <final> 0626 0649
64507	# <initial> 0626 0649
64508	# <isolated> 06CC
64509	# <final> 06CC
64510	# <initial> 06CC
64511	# <medial> 06CC
64512	# <isolated> 0626 062C
64513	# <isolated> 0626 062D
64514	# <isolated> 0626 0645
64515	* FBF9 has the same compatibility decomposition, but is a distinct presentation variant|x (arabic ligature uighur kirghiz yeh with hamza above with alef maksura isolated form - FBF9)|# <isolated> 0626 0649
64516	# <isolated> 0626 064A
64517	# <isolated> 0628 062C
64518	# <isolated> 0628 062D
64519	# <isolated> 0628 062E
64520	# <isolated> 0628 0645
64521	# <isolated> 0628 0649
64522	# <isolated> 0628 064A
64523	# <isolated> 062A 062C
64524	# <isolated> 062A 062D
64525	# <isolated> 062A 062E
64526	# <isolated> 062A 0645
64527	# <isolated> 062A 0649
64528	# <isolated> 062A 064A
64529	# <isolated> 062B 062C
64530	# <isolated> 062B 0645
64531	# <isolated> 062B 0649
64532	# <isolated> 062B 064A
64533	# <isolated> 062C 062D
64534	# <isolated> 062C 0645
64535	# <isolated> 062D 062C
64536	# <isolated> 062D 0645
64537	# <isolated> 062E 062C
64538	# <isolated> 062E 062D
64539	# <isolated> 062E 0645
64540	# <isolated> 0633 062C
64541	# <isolated> 0633 062D
64542	# <isolated> 0633 062E
64543	# <isolated> 0633 0645
64544	# <isolated> 0635 062D
64545	# <isolated> 0635 0645
64546	# <isolated> 0636 062C
64547	# <isolated> 0636 062D
64548	# <isolated> 0636 062E
64549	# <isolated> 0636 0645
64550	# <isolated> 0637 062D
64551	# <isolated> 0637 0645
64552	# <isolated> 0638 0645
64553	# <isolated> 0639 062C
64554	# <isolated> 0639 0645
64555	# <isolated> 063A 062C
64556	# <isolated> 063A 0645
64557	# <isolated> 0641 062C
64558	# <isolated> 0641 062D
64559	# <isolated> 0641 062E
64560	# <isolated> 0641 0645
64561	# <isolated> 0641 0649
64562	# <isolated> 0641 064A
64563	# <isolated> 0642 062D
64564	# <isolated> 0642 0645
64565	# <isolated> 0642 0649
64566	# <isolated> 0642 064A
64567	# <isolated> 0643 0627
64568	# <isolated> 0643 062C
64569	# <isolated> 0643 062D
64570	# <isolated> 0643 062E
64571	# <isolated> 0643 0644
64572	# <isolated> 0643 0645
64573	# <isolated> 0643 0649
64574	# <isolated> 0643 064A
64575	# <isolated> 0644 062C
64576	# <isolated> 0644 062D
64577	# <isolated> 0644 062E
64578	# <isolated> 0644 0645
64579	# <isolated> 0644 0649
64580	# <isolated> 0644 064A
64581	# <isolated> 0645 062C
64582	# <isolated> 0645 062D
64583	# <isolated> 0645 062E
64584	# <isolated> 0645 0645
64585	# <isolated> 0645 0649
64586	# <isolated> 0645 064A
64587	# <isolated> 0646 062C
64588	# <isolated> 0646 062D
64589	# <isolated> 0646 062E
64590	# <isolated> 0646 0645
64591	# <isolated> 0646 0649
64592	# <isolated> 0646 064A
64593	# <isolated> 0647 062C
64594	# <isolated> 0647 0645
64595	# <isolated> 0647 0649
64596	# <isolated> 0647 064A
64597	# <isolated> 064A 062C
64598	# <isolated> 064A 062D
64599	# <isolated> 064A 062E
64600	# <isolated> 064A 0645
64601	# <isolated> 064A 0649
64602	# <isolated> 064A 064A
64603	# <isolated> 0630 0670
64604	# <isolated> 0631 0670
64605	# <isolated> 0649 0670
64606	# <isolated> 0020 064C 0651
64607	# <isolated> 0020 064D 0651
64608	# <isolated> 0020 064E 0651
64609	# <isolated> 0020 064F 0651
64610	# <isolated> 0020 0650 0651
64611	# <isolated> 0020 0651 0670
64612	# <final> 0626 0631
64613	# <final> 0626 0632
64614	# <final> 0626 0645
64615	# <final> 0626 0646
64616	* FBFA has the same compatibility decomposition, but is a distinct presentation variant|x (arabic ligature uighur kirghiz yeh with hamza above with alef maksura final form - FBFA)|# <final> 0626 0649
64617	# <final> 0626 064A
64618	# <final> 0628 0631
64619	# <final> 0628 0632
64620	# <final> 0628 0645
64621	# <final> 0628 0646
64622	# <final> 0628 0649
64623	# <final> 0628 064A
64624	# <final> 062A 0631
64625	# <final> 062A 0632
64626	# <final> 062A 0645
64627	# <final> 062A 0646
64628	# <final> 062A 0649
64629	# <final> 062A 064A
64630	# <final> 062B 0631
64631	# <final> 062B 0632
64632	# <final> 062B 0645
64633	# <final> 062B 0646
64634	# <final> 062B 0649
64635	# <final> 062B 064A
64636	# <final> 0641 0649
64637	# <final> 0641 064A
64638	# <final> 0642 0649
64639	# <final> 0642 064A
64640	# <final> 0643 0627
64641	# <final> 0643 0644
64642	# <final> 0643 0645
64643	# <final> 0643 0649
64644	# <final> 0643 064A
64645	# <final> 0644 0645
64646	# <final> 0644 0649
64647	# <final> 0644 064A
64648	# <final> 0645 0627
64649	# <final> 0645 0645
64650	# <final> 0646 0631
64651	# <final> 0646 0632
64652	# <final> 0646 0645
64653	# <final> 0646 0646
64654	# <final> 0646 0649
64655	# <final> 0646 064A
64656	# <final> 0649 0670
64657	# <final> 064A 0631
64658	# <final> 064A 0632
64659	# <final> 064A 0645
64660	# <final> 064A 0646
64661	# <final> 064A 0649
64662	# <final> 064A 064A
64663	# <initial> 0626 062C
64664	# <initial> 0626 062D
64665	# <initial> 0626 062E
64666	# <initial> 0626 0645
64667	# <initial> 0626 0647
64668	# <initial> 0628 062C
64669	# <initial> 0628 062D
64670	# <initial> 0628 062E
64671	# <initial> 0628 0645
64672	# <initial> 0628 0647
64673	# <initial> 062A 062C
64674	# <initial> 062A 062D
64675	# <initial> 062A 062E
64676	# <initial> 062A 0645
64677	# <initial> 062A 0647
64678	# <initial> 062B 0645
64679	# <initial> 062C 062D
64680	# <initial> 062C 0645
64681	# <initial> 062D 062C
64682	# <initial> 062D 0645
64683	# <initial> 062E 062C
64684	# <initial> 062E 0645
64685	# <initial> 0633 062C
64686	# <initial> 0633 062D
64687	# <initial> 0633 062E
64688	# <initial> 0633 0645
64689	# <initial> 0635 062D
64690	# <initial> 0635 062E
64691	# <initial> 0635 0645
64692	# <initial> 0636 062C
64693	# <initial> 0636 062D
64694	# <initial> 0636 062E
64695	# <initial> 0636 0645
64696	# <initial> 0637 062D
64697	# <initial> 0638 0645
64698	# <initial> 0639 062C
64699	# <initial> 0639 0645
64700	# <initial> 063A 062C
64701	# <initial> 063A 0645
64702	# <initial> 0641 062C
64703	# <initial> 0641 062D
64704	# <initial> 0641 062E
64705	# <initial> 0641 0645
64706	# <initial> 0642 062D
64707	# <initial> 0642 0645
64708	# <initial> 0643 062C
64709	# <initial> 0643 062D
64710	# <initial> 0643 062E
64711	# <initial> 0643 0644
64712	# <initial> 0643 0645
64713	# <initial> 0644 062C
64714	# <initial> 0644 062D
64715	# <initial> 0644 062E
64716	# <initial> 0644 0645
64717	# <initial> 0644 0647
64718	# <initial> 0645 062C
64719	# <initial> 0645 062D
64720	# <initial> 0645 062E
64721	# <initial> 0645 0645
64722	# <initial> 0646 062C
64723	# <initial> 0646 062D
64724	# <initial> 0646 062E
64725	# <initial> 0646 0645
64726	# <initial> 0646 0647
64727	# <initial> 0647 062C
64728	# <initial> 0647 0645
64729	# <initial> 0647 0670
64730	# <initial> 064A 062C
64731	# <initial> 064A 062D
64732	# <initial> 064A 062E
64733	# <initial> 064A 0645
64734	# <initial> 064A 0647
64735	# <medial> 0626 0645
64736	# <medial> 0626 0647
64737	# <medial> 0628 0645
64738	# <medial> 0628 0647
64739	# <medial> 062A 0645
64740	# <medial> 062A 0647
64741	# <medial> 062B 0645
64742	# <medial> 062B 0647
64743	# <medial> 0633 0645
64744	# <medial> 0633 0647
64745	# <medial> 0634 0645
64746	# <medial> 0634 0647
64747	# <medial> 0643 0644
64748	# <medial> 0643 0645
64749	# <medial> 0644 0645
64750	# <medial> 0646 0645
64751	# <medial> 0646 0647
64752	# <medial> 064A 0645
64753	# <medial> 064A 0647
64754	# <medial> 0640 064E 0651
64755	# <medial> 0640 064F 0651
64756	# <medial> 0640 0650 0651
64757	# <isolated> 0637 0649
64758	# <isolated> 0637 064A
64759	# <isolated> 0639 0649
64760	# <isolated> 0639 064A
64761	# <isolated> 063A 0649
64762	# <isolated> 063A 064A
64763	# <isolated> 0633 0649
64764	# <isolated> 0633 064A
64765	# <isolated> 0634 0649
64766	# <isolated> 0634 064A
64767	# <isolated> 062D 0649
64768	# <isolated> 062D 064A
64769	# <isolated> 062C 0649
64770	# <isolated> 062C 064A
64771	# <isolated> 062E 0649
64772	# <isolated> 062E 064A
64773	# <isolated> 0635 0649
64774	# <isolated> 0635 064A
64775	# <isolated> 0636 0649
64776	# <isolated> 0636 064A
64777	# <isolated> 0634 062C
64778	# <isolated> 0634 062D
64779	# <isolated> 0634 062E
64780	# <isolated> 0634 0645
64781	# <isolated> 0634 0631
64782	# <isolated> 0633 0631
64783	# <isolated> 0635 0631
64784	# <isolated> 0636 0631
64785	# <final> 0637 0649
64786	# <final> 0637 064A
64787	# <final> 0639 0649
64788	# <final> 0639 064A
64789	# <final> 063A 0649
64790	# <final> 063A 064A
64791	# <final> 0633 0649
64792	# <final> 0633 064A
64793	# <final> 0634 0649
64794	# <final> 0634 064A
64795	# <final> 062D 0649
64796	# <final> 062D 064A
64797	# <final> 062C 0649
64798	# <final> 062C 064A
64799	# <final> 062E 0649
64800	# <final> 062E 064A
64801	# <final> 0635 0649
64802	# <final> 0635 064A
64803	# <final> 0636 0649
64804	# <final> 0636 064A
64805	# <final> 0634 062C
64806	# <final> 0634 062D
64807	# <final> 0634 062E
64808	# <final> 0634 0645
64809	# <final> 0634 0631
64810	# <final> 0633 0631
64811	# <final> 0635 0631
64812	# <final> 0636 0631
64813	# <initial> 0634 062C
64814	# <initial> 0634 062D
64815	# <initial> 0634 062E
64816	# <initial> 0634 0645
64817	# <initial> 0633 0647
64818	# <initial> 0634 0647
64819	# <initial> 0637 0645
64820	# <medial> 0633 062C
64821	# <medial> 0633 062D
64822	# <medial> 0633 062E
64823	# <medial> 0634 062C
64824	# <medial> 0634 062D
64825	# <medial> 0634 062E
64826	# <medial> 0637 0645
64827	# <medial> 0638 0645
64828	# <final> 0627 064B
64829	# <isolated> 0627 064B
64832	x (arabic sign rahmatullah alayhe - 0612)
64833	x (arabic sign radi allahou anhu - 0613)
64838	x (arabic ligature sallallahou alayhe wasallam - FDFA)
64839	x (arabic sign alayhe assallam - 0611)
64844	x (arabic ligature sallallahou alayhe wasallam - FDFA)|x (arabic ligature sallallaahu alayhi wa-aalih - FD46)
64848	# <initial> 062A 062C 0645
64849	# <final> 062A 062D 062C
64850	# <initial> 062A 062D 062C
64851	# <initial> 062A 062D 0645
64852	# <initial> 062A 062E 0645
64853	# <initial> 062A 0645 062C
64854	# <initial> 062A 0645 062D
64855	# <initial> 062A 0645 062E
64856	# <final> 062C 0645 062D
64857	# <initial> 062C 0645 062D
64858	# <final> 062D 0645 064A
64859	# <final> 062D 0645 0649
64860	# <initial> 0633 062D 062C
64861	# <initial> 0633 062C 062D
64862	# <final> 0633 062C 0649
64863	# <final> 0633 0645 062D
64864	# <initial> 0633 0645 062D
64865	# <initial> 0633 0645 062C
64866	# <final> 0633 0645 0645
64867	# <initial> 0633 0645 0645
64868	# <final> 0635 062D 062D
64869	# <initial> 0635 062D 062D
64870	# <final> 0635 0645 0645
64871	# <final> 0634 062D 0645
64872	# <initial> 0634 062D 0645
64873	# <final> 0634 062C 064A
64874	# <final> 0634 0645 062E
64875	# <initial> 0634 0645 062E
64876	# <final> 0634 0645 0645
64877	# <initial> 0634 0645 0645
64878	# <final> 0636 062D 0649
64879	# <final> 0636 062E 0645
64880	# <initial> 0636 062E 0645
64881	# <final> 0637 0645 062D
64882	# <initial> 0637 0645 062D
64883	# <initial> 0637 0645 0645
64884	# <final> 0637 0645 064A
64885	# <final> 0639 062C 0645
64886	# <final> 0639 0645 0645
64887	# <initial> 0639 0645 0645
64888	# <final> 0639 0645 0649
64889	# <final> 063A 0645 0645
64890	# <final> 063A 0645 064A
64891	# <final> 063A 0645 0649
64892	# <final> 0641 062E 0645
64893	# <initial> 0641 062E 0645
64894	# <final> 0642 0645 062D
64895	# <final> 0642 0645 0645
64896	# <final> 0644 062D 0645
64897	# <final> 0644 062D 064A
64898	# <final> 0644 062D 0649
64899	# <initial> 0644 062C 062C
64900	# <final> 0644 062C 062C
64901	# <final> 0644 062E 0645
64902	# <initial> 0644 062E 0645
64903	# <final> 0644 0645 062D
64904	# <initial> 0644 0645 062D
64905	# <initial> 0645 062D 062C
64906	# <initial> 0645 062D 0645
64907	# <final> 0645 062D 064A
64908	# <initial> 0645 062C 062D
64909	# <initial> 0645 062C 0645
64910	# <initial> 0645 062E 062C
64911	# <initial> 0645 062E 0645
64914	# <initial> 0645 062C 062E
64915	# <initial> 0647 0645 062C
64916	# <initial> 0647 0645 0645
64917	# <initial> 0646 062D 0645
64918	# <final> 0646 062D 0649
64919	# <final> 0646 062C 0645
64920	# <initial> 0646 062C 0645
64921	# <final> 0646 062C 0649
64922	# <final> 0646 0645 064A
64923	# <final> 0646 0645 0649
64924	# <final> 064A 0645 0645
64925	# <initial> 064A 0645 0645
64926	# <final> 0628 062E 064A
64927	# <final> 062A 062C 064A
64928	# <final> 062A 062C 0649
64929	# <final> 062A 062E 064A
64930	# <final> 062A 062E 0649
64931	# <final> 062A 0645 064A
64932	# <final> 062A 0645 0649
64933	# <final> 062C 0645 064A
64934	# <final> 062C 062D 0649
64935	# <final> 062C 0645 0649
64936	# <final> 0633 062E 0649
64937	# <final> 0635 062D 064A
64938	# <final> 0634 062D 064A
64939	# <final> 0636 062D 064A
64940	# <final> 0644 062C 064A
64941	# <final> 0644 0645 064A
64942	# <final> 064A 062D 064A
64943	# <final> 064A 062C 064A
64944	# <final> 064A 0645 064A
64945	# <final> 0645 0645 064A
64946	# <final> 0642 0645 064A
64947	# <final> 0646 062D 064A
64948	# <initial> 0642 0645 062D
64949	# <initial> 0644 062D 0645
64950	# <final> 0639 0645 064A
64951	# <final> 0643 0645 064A
64952	# <initial> 0646 062C 062D
64953	# <final> 0645 062E 064A
64954	# <initial> 0644 062C 0645
64955	# <final> 0643 0645 0645
64956	# <final> 0644 062C 0645
64957	# <final> 0646 062C 062D
64958	# <final> 062C 062D 064A
64959	# <final> 062D 062C 064A
64960	# <final> 0645 062C 064A
64961	# <final> 0641 0645 064A
64962	# <final> 0628 062D 064A
64963	# <initial> 0643 0645 0645
64964	# <initial> 0639 062C 0645
64965	# <initial> 0635 0645 0645
64966	# <final> 0633 062E 064A
64967	# <final> 0646 062C 064A
64975	* his blessing on us|* used in Christian texts
65008	# <isolated> 0635 0644 06D2
65009	# <isolated> 0642 0644 06D2
65010	# <isolated> 0627 0644 0644 0647
65011	# <isolated> 0627 0643 0628 0631
65012	# <isolated> 0645 062D 0645 062F
65013	* common abbreviation for sallallahou alayhe wasallam|x (arabic ligature sallallahou alayhe wasallam - FDFA)|# <isolated> 0635 0644 0639 0645
65014	# <isolated> 0631 0633 0648 0644
65015	# <isolated> 0639 0644 064A 0647
65016	# <isolated> 0648 0633 0644 0645
65017	# <isolated> 0635 0644 0649
65018	# <isolated> 0635 0644 0649 0020 0627 0644 0644 0647 0020 0639 0644 064A 0647 0020 0648 0633 0644 0645
65019	# <isolated> 062C 0644 0020 062C 0644 0627 0644 0647
65020	# <isolated> 0631 06CC 0627 0644
65024	* these are abbreviated VS1, and so on
65038	= text variation selector
65039	= emoji variation selector
65040	x (small comma - FE50)|# <vertical> 002C
65041	x (sesame dot - FE45)|x (small ideographic comma - FE51)|# <vertical> 3001
65042	# <vertical> 3002
65043	x (small colon - FE55)|# <vertical> 003A
65044	x (small semicolon - FE54)|# <vertical> 003B
65045	x (small exclamation mark - FE57)|# <vertical> 0021
65046	x (small question mark - FE56)|# <vertical> 003F
65047	# <vertical> 3016
65048	% PRESENTATION FORM FOR VERTICAL RIGHT WHITE LENTICULAR BRACKET|* misspelling of "BRACKET" in character name is a known defect|# <vertical> 3017
65049	x (vertical ellipsis - 22EE)|# <vertical> 2026
65057	x (combining double inverted breve - 0361)
65059	x (combining double tilde - 0360)
65062	x (combining macron - 0304)|x (combining double macron - 035E)
65064	x (combining double breve below - 035C)
65069	x (combining macron below - 0331)|x (combining double macron below - 035F)
65071	x (combining cyrillic titlo - 0483)
65072	# <vertical> 2025
65073	# <vertical> 2014
65074	# <vertical> 2013
65075	# <vertical> 005F
65076	# <vertical> 005F
65077	x (top parenthesis - 23DC)|# <vertical> 0028
65078	x (bottom parenthesis - 23DD)|# <vertical> 0029
65079	x (top curly bracket - 23DE)|# <vertical> 007B
65080	x (bottom curly bracket - 23DF)|# <vertical> 007D
65081	x (top tortoise shell bracket - 23E0)|# <vertical> 3014
65082	x (bottom tortoise shell bracket - 23E1)|# <vertical> 3015
65083	# <vertical> 3010
65084	# <vertical> 3011
65085	# <vertical> 300A
65086	# <vertical> 300B
65087	# <vertical> 3008
65088	# <vertical> 3009
65089	# <vertical> 300C
65090	# <vertical> 300D
65091	# <vertical> 300E
65092	# <vertical> 300F
65093	x (small ideographic comma - FE51)
65094	* sesame dots are used beside vertical text for emphasis
65095	x (top square bracket - 23B4)|# <vertical> 005B
65096	x (bottom square bracket - 23B5)|# <vertical> 005D
65097	# 203E overline
65098	# 203E overline
65099	# 203E overline
65100	# 203E overline
65101	# 005F low line
65102	# 005F low line
65103	# 005F low line
65104	x (presentation form for vertical comma - FE10)|# <small> 002C
65105	x (presentation form for vertical ideographic comma - FE11)|x (sesame dot - FE45)|# <small> 3001
65106	# <small> 002E
65108	x (presentation form for vertical semicolon - FE14)|# <small> 003B
65109	x (presentation form for vertical colon - FE13)|# <small> 003A
65110	# <small> 003F
65111	# <small> 0021
65112	# <small> 2014
65113	# <small> 0028
65114	# <small> 0029
65115	# <small> 007B
65116	# <small> 007D
65117	# <small> 3014
65118	# <small> 3015
65119	# <small> 0023
65120	# <small> 0026
65121	# <small> 002A
65122	# <small> 002B
65123	# <small> 002D
65124	# <small> 003C
65125	# <small> 003E
65126	# <small> 003D
65128	# <small> 005C
65129	# <small> 0024
65130	# <small> 0025
65131	# <small> 0040
65136	# <isolated> 0020 064B
65137	# <medial> 0640 064B
65138	# <isolated> 0020 064C
65139	* for compatibility with certain legacy character sets
65140	# <isolated> 0020 064D
65142	# <isolated> 0020 064E
65143	# <medial> 0640 064E
65144	# <isolated> 0020 064F
65145	# <medial> 0640 064F
65146	# <isolated> 0020 0650
65147	# <medial> 0640 0650
65148	# <isolated> 0020 0651
65149	# <medial> 0640 0651
65150	# <isolated> 0020 0652
65151	# <medial> 0640 0652
65152	# <isolated> 0621
65153	# <isolated> 0622
65154	# <final> 0622
65155	# <isolated> 0623
65156	# <final> 0623
65157	# <isolated> 0624
65158	# <final> 0624
65159	# <isolated> 0625
65160	# <final> 0625
65161	# <isolated> 0626
65162	# <final> 0626
65163	# <initial> 0626
65164	# <medial> 0626
65165	# <isolated> 0627
65166	# <final> 0627
65167	# <isolated> 0628
65168	# <final> 0628
65169	# <initial> 0628
65170	# <medial> 0628
65171	# <isolated> 0629
65172	# <final> 0629
65173	# <isolated> 062A
65174	# <final> 062A
65175	# <initial> 062A
65176	# <medial> 062A
65177	# <isolated> 062B
65178	# <final> 062B
65179	# <initial> 062B
65180	# <medial> 062B
65181	# <isolated> 062C
65182	# <final> 062C
65183	# <initial> 062C
65184	# <medial> 062C
65185	# <isolated> 062D
65186	# <final> 062D
65187	# <initial> 062D
65188	# <medial> 062D
65189	# <isolated> 062E
65190	# <final> 062E
65191	# <initial> 062E
65192	# <medial> 062E
65193	# <isolated> 062F
65194	# <final> 062F
65195	# <isolated> 0630
65196	# <final> 0630
65197	# <isolated> 0631
65198	# <final> 0631
65199	# <isolated> 0632
65200	# <final> 0632
65201	# <isolated> 0633
65202	# <final> 0633
65203	# <initial> 0633
65204	# <medial> 0633
65205	# <isolated> 0634
65206	# <final> 0634
65207	# <initial> 0634
65208	# <medial> 0634
65209	# <isolated> 0635
65210	# <final> 0635
65211	# <initial> 0635
65212	# <medial> 0635
65213	# <isolated> 0636
65214	# <final> 0636
65215	# <initial> 0636
65216	# <medial> 0636
65217	# <isolated> 0637
65218	# <final> 0637
65219	# <initial> 0637
65220	# <medial> 0637
65221	# <isolated> 0638
65222	# <final> 0638
65223	# <initial> 0638
65224	# <medial> 0638
65225	# <isolated> 0639
65226	# <final> 0639
65227	# <initial> 0639
65228	# <medial> 0639
65229	# <isolated> 063A
65230	# <final> 063A
65231	# <initial> 063A
65232	# <medial> 063A
65233	# <isolated> 0641
65234	# <final> 0641
65235	# <initial> 0641
65236	# <medial> 0641
65237	# <isolated> 0642
65238	# <final> 0642
65239	# <initial> 0642
65240	# <medial> 0642
65241	# <isolated> 0643
65242	# <final> 0643
65243	# <initial> 0643
65244	# <medial> 0643
65245	# <isolated> 0644
65246	# <final> 0644
65247	# <initial> 0644
65248	# <medial> 0644
65249	# <isolated> 0645
65250	# <final> 0645
65251	# <initial> 0645
65252	# <medial> 0645
65253	# <isolated> 0646
65254	# <final> 0646
65255	# <initial> 0646
65256	# <medial> 0646
65257	# <isolated> 0647
65258	# <final> 0647
65259	# <initial> 0647
65260	# <medial> 0647
65261	# <isolated> 0648
65262	# <final> 0648
65263	# <isolated> 0649
65264	# <final> 0649
65265	# <isolated> 064A
65266	# <final> 064A
65267	# <initial> 064A
65268	# <medial> 064A
65269	# <isolated> 0644 0622
65270	# <final> 0644 0622
65271	# <isolated> 0644 0623
65272	# <final> 0644 0623
65273	# <isolated> 0644 0625
65274	# <final> 0644 0625
65275	# <isolated> 0644 0627
65276	# <final> 0644 0627
65279	% BYTE ORDER MARK|= BOM, ZWNBSP|* may be used to detect byte order by contrast with the noncharacter code point FFFE|* use as an indication of non-breaking is deprecated; see 2060 instead|x (zero width space - 200B)|x (word joiner - 2060)|x (<not a character> - FFFE)
65281	~ FF01 FE00 corner-justified form|~ FF01 FE01 centered form|# <wide> 0021
65282	# <wide> 0022
65283	# <wide> 0023
65284	# <wide> 0024
65285	# <wide> 0025
65286	# <wide> 0026
65287	# <wide> 0027
65288	# <wide> 0028
65289	# <wide> 0029
65290	# <wide> 002A
65291	# <wide> 002B
65292	* in Chinese, indicates a pause|x (ideographic comma - 3001)|~ FF0C FE00 corner-justified form|~ FF0C FE01 centered form|# <wide> 002C
65293	# <wide> 002D
65294	~ FF0E FE00 corner-justified form|~ FF0E FE01 centered form|# <wide> 002E
65295	# <wide> 002F
65296	~ FF10 FE00 short diagonal stroke form|# <wide> 0030
65297	# <wide> 0031
65298	# <wide> 0032
65299	# <wide> 0033
65300	# <wide> 0034
65301	# <wide> 0035
65302	# <wide> 0036
65303	# <wide> 0037
65304	# <wide> 0038
65305	# <wide> 0039
65306	~ FF1A FE00 corner-justified form|~ FF1A FE01 centered form|# <wide> 003A
65307	~ FF1B FE00 corner-justified form|~ FF1B FE01 centered form|# <wide> 003B
65308	# <wide> 003C
65309	# <wide> 003D
65310	# <wide> 003E
65311	~ FF1F FE00 corner-justified form|~ FF1F FE01 centered form|# <wide> 003F
65312	# <wide> 0040
65313	# <wide> 0041
65314	# <wide> 0042
65315	# <wide> 0043
65316	# <wide> 0044
65317	# <wide> 0045
65318	# <wide> 0046
65319	# <wide> 0047
65320	# <wide> 0048
65321	# <wide> 0049
65322	# <wide> 004A
65323	# <wide> 004B
65324	# <wide> 004C
65325	# <wide> 004D
65326	# <wide> 004E
65327	# <wide> 004F
65328	# <wide> 0050
65329	# <wide> 0051
65330	# <wide> 0052
65331	# <wide> 0053
65332	# <wide> 0054
65333	# <wide> 0055
65334	# <wide> 0056
65335	# <wide> 0057
65336	# <wide> 0058
65337	# <wide> 0059
65338	# <wide> 005A
65339	# <wide> 005B
65340	# <wide> 005C
65341	# <wide> 005D
65342	# <wide> 005E
65343	# <wide> 005F
65344	# <wide> 0060
65345	# <wide> 0061
65346	# <wide> 0062
65347	# <wide> 0063
65348	# <wide> 0064
65349	# <wide> 0065
65350	# <wide> 0066
65351	# <wide> 0067
65352	# <wide> 0068
65353	# <wide> 0069
65354	# <wide> 006A
65355	# <wide> 006B
65356	# <wide> 006C
65357	# <wide> 006D
65358	# <wide> 006E
65359	# <wide> 006F
65360	# <wide> 0070
65361	# <wide> 0071
65362	# <wide> 0072
65363	# <wide> 0073
65364	# <wide> 0074
65365	# <wide> 0075
65366	# <wide> 0076
65367	# <wide> 0077
65368	# <wide> 0078
65369	# <wide> 0079
65370	# <wide> 007A
65371	# <wide> 007B
65372	# <wide> 007C
65373	# <wide> 007D
65374	x (wave dash - 301C)|# <wide> 007E
65375	* the most commonly occurring glyph variant looks like doubled parentheses|x (left double parenthesis - 2E28)|# <wide> 2985
65376	# <wide> 2986
65377	# <narrow> 3002
65378	# <narrow> 300C
65379	# <narrow> 300D
65380	# <narrow> 3001
65381	# <narrow> 30FB
65382	# <narrow> 30F2
65383	# <narrow> 30A1
65384	# <narrow> 30A3
65385	# <narrow> 30A5
65386	# <narrow> 30A7
65387	# <narrow> 30A9
65388	# <narrow> 30E3
65389	# <narrow> 30E5
65390	# <narrow> 30E7
65391	# <narrow> 30C3
65392	# <narrow> 30FC
65393	# <narrow> 30A2
65394	# <narrow> 30A4
65395	# <narrow> 30A6
65396	# <narrow> 30A8
65397	# <narrow> 30AA
65398	# <narrow> 30AB
65399	# <narrow> 30AD
65400	# <narrow> 30AF
65401	# <narrow> 30B1
65402	# <narrow> 30B3
65403	# <narrow> 30B5
65404	# <narrow> 30B7
65405	# <narrow> 30B9
65406	# <narrow> 30BB
65407	# <narrow> 30BD
65408	# <narrow> 30BF
65409	# <narrow> 30C1
65410	# <narrow> 30C4
65411	# <narrow> 30C6
65412	# <narrow> 30C8
65413	# <narrow> 30CA
65414	# <narrow> 30CB
65415	# <narrow> 30CC
65416	# <narrow> 30CD
65417	# <narrow> 30CE
65418	# <narrow> 30CF
65419	# <narrow> 30D2
65420	# <narrow> 30D5
65421	# <narrow> 30D8
65422	# <narrow> 30DB
65423	# <narrow> 30DE
65424	# <narrow> 30DF
65425	# <narrow> 30E0
65426	# <narrow> 30E1
65427	# <narrow> 30E2
65428	# <narrow> 30E4
65429	# <narrow> 30E6
65430	# <narrow> 30E8
65431	# <narrow> 30E9
65432	# <narrow> 30EA
65433	# <narrow> 30EB
65434	# <narrow> 30EC
65435	# <narrow> 30ED
65436	# <narrow> 30EF
65437	# <narrow> 30F3
65438	# <narrow> 3099
65439	# <narrow> 309A
65440	# <narrow> 3164
65441	# <narrow> 3131
65442	# <narrow> 3132
65443	# <narrow> 3133
65444	# <narrow> 3134
65445	# <narrow> 3135
65446	# <narrow> 3136
65447	# <narrow> 3137
65448	# <narrow> 3138
65449	# <narrow> 3139
65450	# <narrow> 313A
65451	# <narrow> 313B
65452	# <narrow> 313C
65453	# <narrow> 313D
65454	# <narrow> 313E
65455	# <narrow> 313F
65456	# <narrow> 3140
65457	# <narrow> 3141
65458	# <narrow> 3142
65459	# <narrow> 3143
65460	# <narrow> 3144
65461	# <narrow> 3145
65462	# <narrow> 3146
65463	# <narrow> 3147
65464	# <narrow> 3148
65465	# <narrow> 3149
65466	# <narrow> 314A
65467	# <narrow> 314B
65468	# <narrow> 314C
65469	# <narrow> 314D
65470	# <narrow> 314E
65474	# <narrow> 314F
65475	# <narrow> 3150
65476	# <narrow> 3151
65477	# <narrow> 3152
65478	# <narrow> 3153
65479	# <narrow> 3154
65482	# <narrow> 3155
65483	# <narrow> 3156
65484	# <narrow> 3157
65485	# <narrow> 3158
65486	# <narrow> 3159
65487	# <narrow> 315A
65490	# <narrow> 315B
65491	# <narrow> 315C
65492	# <narrow> 315D
65493	# <narrow> 315E
65494	# <narrow> 315F
65495	# <narrow> 3160
65498	# <narrow> 3161
65499	# <narrow> 3162
65500	# <narrow> 3163
65504	# <wide> 00A2
65505	# <wide> 00A3
65506	# <wide> 00AC
65507	* sometimes treated as fullwidth overline|x (overline - 203E)|# <wide> 00AF
65508	# <wide> 00A6
65509	# <wide> 00A5
65510	# <wide> 20A9
65512	# <narrow> 2502
65513	# <narrow> 2190
65514	# <narrow> 2191
65515	# <narrow> 2192
65516	# <narrow> 2193
65517	# <narrow> 25A0
65518	# <narrow> 25CB
65529	* marks start of annotated text
65530	* marks start of annotating character(s)
65531	* marks end of annotation block
65532	* used as placeholder in text for an otherwise unspecified object
65533	* used to replace an incoming character whose value is unknown or unrepresentable in Unicode|* compare the use of 001A as a control character to indicate the substitute function|x (uncertainty sign - 2BD1)|x (negative squared question mark - 1FBC4)
65534	* may be used to detect byte order by contrast with FEFF|x (zero width no-break space - FEFF)
65550	= ideogram B129 flour
65560	= ideogram B109 ox
65563	= ideogram B030 figs
65573	= ideogram B106 sheep
65581	= ideogram B031 flax
65602	= ideogram B108 pig
65609	= ideogram B144 saffron
65618	= ideogram B107 goat
65629	x (linear b syllable b021 qi - 10025)|x (linear b symbol b022 - 10052)|x (linear b syllable b023 mu - 10018)|x (linear b syllable b030 ni - 1001B)|x (linear b syllable b031 sa - 1002D)|x (linear b syllable b033 ra3 - 10049)|x (linear b syllable b065 ju - 1000E)|x (linear b syllable b085 au - 10042)
65683	= fruit
65684	= saffron
65688	= ointment
65689	= honey
65700	= cheese
65727	* the shape of this ideogram is only partially known
65737	= pugio
65739	= "gupio", inverted sword
65749	* the shape of this ideogram is only partially known
65750	* the shape of this ideogram is only partially known
65768	x (amphora - 1F3FA)
65786	* the shape of this ideogram is only partially known
65883	x (two dot punctuation - 205A)
65886	* top line is at cap height, unlike 10111|x (aegean number twenty - 10111)
65932	* designates year
65933	* timekeeping
65934	* currency sign and marker of weight
65936	x (equals sign - 003D)
65937	x (hyphen-minus - 002D)
65938	x (pound sign - 00A3)
65939	x (cyrillic capital letter reversed dze - A644)
65946	x (apl functional symbol slash bar - 233F)
65952	= rho-cross, staurogram|x (chi rho - 2627)|x (coptic symbol tau ro - 2CE8)
66319	* Faliscan
66327	* Faliscan
66648	* voiced palatal approximant
66649	* voiced velar nasal
66658	* voiced labiovelar approximant
66659	* voiceless glottal fricative
66941	* used in 19th-century orthography
66943	* used in 19th-century orthography
66980	* used in 19th-century orthography
66982	* used in 19th-century orthography
67017	: 105D2 0307
67044	: 105DA 0307
67087	* sheep|x (linear b syllable b021 qi - 10025)
67088	* ewe|x (linear b ideogram b106f ewe - 10086)
67089	* ram|x (linear b ideogram b106m ram - 10087)
67090	* goat|x (linear b symbol b022 - 10052)
67091	* she-goat|x (linear b ideogram b107f she-goat - 10088)
67092	* he-goat|x (linear b ideogram b107m he-goat - 10089)
67093	* bovine|x (linear b syllable b023 mu - 10018)
67094	* bull|x (linear b ideogram b109m bull - 1008D)
67101	* figs|x (linear b syllable b030 ni - 1001B)
67113	x (linear b syllable b048 nwa - 10045)
67118	* cloth|x (linear b ideogram b159 cloth - 100A7)
67140	* pig|x (linear b syllable b085 au - 10042)
67143	* man or woman|x (linear b ideogram b100 man - 10080)|x (linear b ideogram b102 woman - 10081)
67145	* grain|x (linear b ideogram b120 wheat - 1008E)
67146	* grain
67147	* olives|x (linear b ideogram b122 olive - 10090)
67149	* wine|x (linear b ideogram b131 wine - 10096)
67150	* wine
67151	* wine
67158	* olive oil|x (linear b ideogram b130 oil - 10095)
67159	* cyperus|x (linear b ideogram b125 cyperus - 10092)
67169	* used with 10655 linear a sign a301
67171	* used with 10647 linear a sign a100-102
67172	* used with 10647 linear a sign a100-102
67173	* used with 10647 linear a sign a100-102
67190	* used with 10600 linear a sign ab001 and 1061E linear a sign ab031
67197	* used with 10653 linear a sign ab188
67201	* used with 10622 linear a sign ab039
67208	* used with 10657 linear a sign a303
67211	* used with 10655 linear a sign a301
67251	* 10600 ab001, 10601 ab002
67252	* 10600 ab001, 10619 ab027, 10608 ab009
67253	* 10600 ab001, 10655 a301
67254	* 10601 ab002, 10601 ab002
67255	* 10603 ab004, 10601 ab002
67256	* 10606 ab007, 1063F ab078
67257	* 1060C ab016, 10619 ab027
67258	* 1060C ab016, 10619 ab027, 1062B ab050
67259	* 1060C ab016, 1062B ab050
67260	* 1060C ab016, 1062B ab050, 10619 ab027
67261	* 1060F ab021, 10624 ab041
67262	* 10614 ab022m, 10642 ab081
67263	* 10619 ab027, 10608 ab009
67264	x (linear a sign ab028 - 1061A)
67265	* 1061A ab028, 10655 a301
67266	* 1061E ab031, 10615 ab023, 10642 ab081
67267	* 10620 ab037, 10607 ab008
67268	* 10620 ab037, 106AC a412-vas
67269	x (linear a sign ab038 - 10621)
67270	* 10621 ab038, 1063E ab077
67271	* 10623 ab040, 1063C ab074
67272	* 10624 ab041, 10606 ab007
67273	* 10624 ab041, 10608 ab009
67274	* 10624 ab041, 1060B ab013
67275	* 10624 ab041, 1060B ab013, 10638 ab067
67276	* 10624 ab041, 10637 ab066
67277	x (linear a sign ab051 - 1062C)
67278	* 1062E ab054, 10642 ab081
67279	* 1062E ab054, 10662 a312
67280	* 10630 ab056, 1063F ab078
67281	* 10631 ab057, 10618 ab026
67282	* 10631 ab057, 1063E ab077
67283	* 10632 ab058, 1063B ab073
67284	* 10634 ab060, 1063E ab077
67285	* 10636 ab065, 10669 a317, 1063F ab078
67286	* 10638 ab067, 10615 ab023
67287	* 10639 ab069, 10601 ab002
67288	* 1063B ab073, 10631 ab057
67289	x (linear a sign a548 - 106D8)
67290	* 1063B ab073, 10631 ab057, 10618 ab026
67291	* 1063B ab073, 10631 ab057, 1061A ab028
67292	* 1063B ab073, 10631 ab057, 1063E ab077
67293	* 1063B ab073, 10655 a301
67294	* 1063E ab077, 10607 ab008
67295	* 1063F ab078, 10649 ab120, 10602 ab003
67296	x (linear a sign ab080 - 10641)
67297	* 10641 ab080, 10607 ab008
67298	* 10641 ab080, 10618 ab026
67299	* 10641 ab080, 10641 ab080
67300	x (linear a sign ab081 - 10642)
67301	* 10645 ab086, 10653 ab188
67302	* 10645 ab086, 10653 ab188
67303	* 10647 a100-102, 1063E ab077
67304	* 10647 a100-102, 1065B a307
67305	* 10647 a100-102, 10663 a313a
67306	* 10647 a100-102, 10664 a313b
67307	* 10647 a100-102, 10665 a313c
67308	* 10649 ab120, 10600 ab001
67309	* 10649 ab120, 10602 ab003
67310	* 10649 ab120, 10610 ab021f
67311	* 10649 ab120, 10614 ab022m
67312	* 10649 ab120, 1062F ab056
67313	* 10649 ab120, 1063F ab078
67314	* 10649 ab120, 10642 ab081
67315	* 10649 ab120, 10741 a702 b
67316	* 10649 ab120, 10743 a704 e
67317	* 10649 ab120, 10744 a705 f
67318	* 10649 ab120, 10745 a706 h
67319	* 10649 ab120, 10747 a708 k, 10749 a709-2 l2
67320	* 10649 ab120, 10749 a709-2 l2
67321	* 10649 ab120, 1074A a709-3 l3, 1074A a709-3 l3
67322	* 1064B ab122, 10639 ab069
67323	* 1064D ab131a, 10603 ab004
67324	* 1064D ab131a, 1061E ab031
67325	* 1064D ab131a, 1062E ab054
67326	* 1064D ab131a, 1062E ab054
67327	* 1064D ab131a, 10634 ab060
67328	* 1064D ab131a, 10634 ab060
67329	* 1064D ab131a, 1063E ab077
67330	* 1064D ab131b, 10623 ab040
67331	* 10764 a804, 10741 a702 b
67332	* 10764 a804, 10748 a709 l
67333	* 10652 ab180, 10741 a702 b
67334	* 10652 ab180, 10748 a709 l
67335	* 10653 ab188, 10642 ab081
67336	* 10655 a301, 10661 a311
67337	* 10656 a302, 10606 ab007
67338	* 10656 a302, 10607 ab008
67339	* 10656 a302, 10609 ab010
67340	* 10656 a302, 10610 ab021f
67341	* 10656 a302, 10617 ab024
67342	* 10656 a302, 10621 ab038
67343	* 10656 a302, 1062D ab053
67344	* 10656 a302, 10633 ab059
67345	* 10656 a302, 10634 ab060
67346	* 10656 a302, 10638 ab067
67347	* 10656 a302, 10638 ab067
67348	* 10656 a302, 10638 ab067, 10609 ab010
67349	* 10656 a302, 10638 ab067, 1060B ab013
67350	* 10656 a302, 10639 ab069
67351	* 10656 a302, 1063B ab073
67352	* 10656 a302, 1063F ab078, 10606 ab007
67353	* 10657 a303, 10742 a703 d
67354	* 10657 a303, 10743 a704 e
67355	* 10657 a303, 10747 a708 k
67356	x (linear a sign a304 - 10658)
67357	* 10658 a304, 10602 ab003
67358	* 1065A a306, 1063B ab073
67359	* 1065B a307, 10655 a301
67360	* 1065B a307, 1065B a307
67361	* 10668 a316, 10638 ab067
67362	x (linear a sign a318 - 1066A)
67363	* 10676 a330, 10600 ab001
67364	* 10676 a330, 1061E ab031
67365	* 1067D a337, 10653 ab188
67366	* 10681 a341, 10622 ab039
67367	* 106A0 a400-vas, 1062D ab053
67368	x (linear a sign a401-vas - 106A1)
67369	* 106A1 a401-vas, 10618 ab026
67370	* 106A1 a401-vas, 10634 ab060
67371	* 106A1 a401-vas, 10658 a304
67372	* 106A4 a404-vas, 10607 ab008
67373	* 106A5 a405-vas, 10750 a713 omega
67374	* 106A6 a406-vas, 10625 ab044
67375	* 106A7 a407-vas, 10607 ab008
67376	* 106AC a412-vas, 10743 a704 e
67377	* 106AC a412-vas, 10744 a705 f
67378	* 106AD a413-vas, 10632 ab058
67379	x (linear a sign a414-vas - 106AE)
67380	* 106AE a414-vas, 10744 a705 f
67381	* 106B1 a417-vas, 10749 a709-2 l2
67382	* 106B2 a418-vas, 10749 a709-2 l2
67392	* possibly one sixth (value uncertain)|x (thermodynamic - 29E7)
67393	* one third
67394	* one fifth
67395	* one quarter
67396	* one eighth
67397	* possibly one sixth (value uncertain)
67398	* one half
67399	* one sixteenth|x (aegean dry measure first subunit - 1013C)
67404	* used with 10655 linear a sign a301
67406	x (aegean weight second subunit - 10139)
67407	x (runic letter wunjo wynn w - 16B9)
67408	* used with 106A5 linear a sign a405-vas
67413	* three quarters
67424	* 10603 ab004, 10607 ab008
67425	* 1062E ab054, 10608 ab009
67426	x (linear a sign ab060 - 10634)
67427	* 1064D ab131a, 10762 a802
67428	* 10652 ab180, 1061E ab031
67429	x (linear a sign a301 - 10655)
67430	* 10668 a316, 10601 ab002
67431	* 10668 a316, 10742 a703 d
67456	* actually a small capital in VoQS (voice quality symbol) usage, with no semantic distinction from a full capital|x (latin capital letter aa - A732)
67457	# <super> 02D0
67458	# <super> 02D1
67459	# <super> 00E6
67460	# <super> 0299
67461	# <super> 0253
67463	# <super> 02A3
67464	# <super> AB66
67465	# <super> 02A5
67466	# <super> 02A4
67467	# <super> 0256
67468	# <super> 0257
67469	# <super> 1D91
67470	# <super> 0258
67471	# <super> 025E
67472	# <super> 02A9
67473	# <super> 0264
67474	# <super> 0262
67475	# <super> 0260
67476	# <super> 029B
67477	# <super> 0127
67478	# <super> 029C
67479	# <super> 0267
67480	# <super> 0284
67481	# <super> 02AA
67482	# <super> 02AB
67483	# <super> 026C
67484	# <super> 1DF04
67485	# <super> A78E
67486	# <super> 026E
67487	# <super> 1DF05
67488	# <super> 028E
67489	# <super> 1DF06
67490	# <super> 00F8
67491	# <super> 0276
67492	# <super> 0277
67493	# <super> 0071
67494	# <super> 027A
67495	# <super> 1DF08
67496	# <super> 027D
67497	# <super> 027E
67498	# <super> 0280
67499	# <super> 02A8
67500	# <super> 02A6
67501	# <super> AB67
67502	# <super> 02A7
67503	# <super> 0288
67504	# <super> 2C71
67506	# <super> 028F
67507	# <super> 02A1
67508	# <super> 02A2
67509	# <super> 0298
67510	# <super> 01C0
67511	# <super> 01C1
67512	# <super> 01C2
67513	x (modifier letter raised exclamation mark - A71D)|# <super> 1DF0A
67514	# <super> 1DF1E
67515	* historic form of 107B6|# <super> 0287
67516	* historic form of 107B7|# <super> 0296
67517	* historic form of A71D|x (modifier letter raised exclamation mark - A71D)|# <super> 0297
67518	# <super> 029E
67519	* historic form of 107B8|# <super> 1DF0B
67710	* also used for hundreds
67840	x (hebrew letter alef - 05D0)
67841	x (hebrew letter bet - 05D1)
67842	x (hebrew letter gimel - 05D2)
67843	x (hebrew letter dalet - 05D3)
67844	x (hebrew letter he - 05D4)
67845	x (hebrew letter vav - 05D5)
67846	x (hebrew letter zayin - 05D6)
67847	x (hebrew letter het - 05D7)
67848	x (hebrew letter tet - 05D8)
67849	x (hebrew letter yod - 05D9)
67850	x (hebrew letter kaf - 05DB)
67851	x (hebrew letter lamed - 05DC)
67852	x (hebrew letter mem - 05DE)
67853	x (hebrew letter nun - 05E0)
67854	x (hebrew letter samekh - 05E1)
67855	x (hebrew letter ayin - 05E2)
67856	x (hebrew letter pe - 05E4)
67857	x (hebrew letter tsadi - 05E6)
67858	x (hebrew letter qof - 05E7)
67859	x (hebrew letter resh - 05E8)
67860	x (hebrew letter shin - 05E9)
67861	x (hebrew letter tav - 05EA)
67871	* sometimes shown with a glyph for a short vertical bar|x (full stop - 002E)|x (middle dot - 00B7)|x (word separator middle dot - 2E31)
67904	* vowel a
67905	* vowel e
67906	* vowel i
67907	* vowel o
67908	* vowel u
67909	* semivowel w
67910	* semivowel y
67911	* consonant p
67912	* consonant d2
67913	* consonant m
67914	* consonant t
67915	* consonant d
67916	* consonant θ
67917	* fricative consonant s
67918	* fricative consonant s2
67919	* consonant n
67920	* consonant l
67921	* consonant
67922	* consonant g
67923	* Greek chi
67924	* consonant r
67925	* vowel
67926	* consonant k
67927	* consonant b
67928	* consonant n2
67929	* consonant z
67968	x (egyptian hieroglyph a001 - 13000)
67969	x (egyptian hieroglyph h006 - 13184)
67970	x (egyptian hieroglyph a026 - 1301E)
67971	x (egyptian hieroglyph f001 - 130FE)
67972	x (egyptian hieroglyph m017a - 131CC)
67973	x (egyptian hieroglyph v004 - 1336F)
67974	x (egyptian hieroglyph e011 - 130DE)
67975	x (egyptian hieroglyph d058 - 130C0)
67976	x (egyptian hieroglyph q003 - 132AA)
67977	x (egyptian hieroglyph g017 - 13153)
67978	x (egyptian hieroglyph n035 - 13216)
67980	x (egyptian hieroglyph m022a - 131D2)
67982	x (egyptian hieroglyph d021 - 1308B)
67984	x (egyptian hieroglyph e023 - 130ED)
67985	x (egyptian hieroglyph aa001 - 1340D)
67986	x (egyptian hieroglyph w011 - 133BC)
67987	x (egyptian hieroglyph m008 - 131B7)
67988	x (egyptian hieroglyph o034 - 13283)
67989	x (egyptian hieroglyph o034 - 13283)
67990	x (egyptian hieroglyph g038 - 1316C)
67991	x (egyptian hieroglyph n029 - 1320E)
67992	x (egyptian hieroglyph v013 - 1337F)
67993	x (egyptian hieroglyph n016 - 131FE)
67994	x (egyptian hieroglyph n016 - 131FE)|x (egyptian hieroglyph o004 - 13254)
67995	x (egyptian hieroglyph o004 - 13254)
67996	x (egyptian hieroglyph n021 - 13205)
67997	x (egyptian hieroglyph d006 - 1307B)
67998	x (ankh - 2625)|x (egyptian hieroglyph s034 - 132F9)
68159	= halant|* suppresses inherent vowel|* shape shown is arbitrary and is not visibly rendered
68192	= heh|* transliterated as h|x (ethiopic syllable ha - 1200)
68193	= lam|* transliterated as l|x (ethiopic syllable la - 1208)
68194	= hah|* transliterated as 1E25|x (ethiopic syllable hha - 1210)
68195	= meem|* transliterated as m|x (ethiopic syllable ma - 1218)
68196	= qaf|* transliterated as q|x (ethiopic syllable qa - 1240)
68197	= waw|* transliterated as w|x (ethiopic syllable wa - 12C8)
68198	= sheen|* transliterated as 0161 or s2|x (ethiopic syllable sza - 1220)
68199	= reh|* transliterated as r|x (ethiopic syllable ra - 1228)
68200	= beh|* transliterated as b|x (ethiopic syllable ba - 1260)
68201	= teh|* transliterated as t|x (ethiopic syllable ta - 1270)
68202	* transliterated as s or s1|x (ethiopic syllable sa - 1230)
68203	= kaf|* transliterated as k|x (ethiopic syllable ka - 12A8)
68204	= noon|* transliterated as n|x (ethiopic syllable na - 1290)
68205	= khah|* transliterated as 1E2B|x (ethiopic syllable xa - 1280)
68206	= sad|* transliterated as 1E63|x (ethiopic syllable tsa - 1338)
68207	* transliterated as 015B or s3
68208	= feh|* transliterated as f|x (ethiopic syllable fa - 1348)
68209	= alef|* transliterated as 02BC|x (ethiopic syllable glottal a - 12A0)
68210	= ain|* transliterated as 02BD|x (ethiopic syllable pharyngeal a - 12D0)
68211	= dad|* transliterated as 1E0D|x (ethiopic syllable tza - 1340)
68212	= jeem|* transliterated as g|x (ethiopic syllable ga - 1308)
68213	= dal|* transliterated as d|x (ethiopic syllable da - 12F0)
68214	= ghain|* transliterated as 0121
68215	= tah|* transliterated as 1E6D|x (ethiopic syllable tha - 1320)
68216	= zain|* transliterated as z|x (ethiopic syllable za - 12D8)
68217	= thal|* transliterated as 1E0F
68218	= yeh|* transliterated as y|x (ethiopic syllable ya - 12E8)
68219	= theh|* transliterated as 1E6F
68220	= zah|* transliterated as 1E93
68224	* transliterated as h|x (ethiopic syllable ha - 1200)|x (old south arabian letter he - 10A60)
68225	* transliterated as l|x (ethiopic syllable la - 1208)|x (old south arabian letter lamedh - 10A61)
68226	* transliterated as 1E25|x (ethiopic syllable hha - 1210)|x (old south arabian letter heth - 10A62)
68227	* transliterated as m|x (ethiopic syllable ma - 1218)|x (old south arabian letter mem - 10A63)
68228	* transliterated as q|x (ethiopic syllable qa - 1240)|x (old south arabian letter qoph - 10A64)
68229	* transliterated as w|x (ethiopic syllable wa - 12C8)|x (old south arabian letter waw - 10A65)
68230	* transliterated as s2|x (ethiopic syllable sza - 1220)|x (old south arabian letter shin - 10A66)
68231	* transliterated as r|x (ethiopic syllable ra - 1228)|x (old south arabian letter resh - 10A67)
68232	* transliterated as b|x (ethiopic syllable ba - 1260)|x (old south arabian letter beth - 10A68)
68233	* transliterated as t|x (ethiopic syllable ta - 1270)|x (old south arabian letter taw - 10A69)
68234	* transliterated as s1|x (ethiopic syllable sa - 1230)|x (old south arabian letter sat - 10A6A)
68235	* transliterated as k|x (ethiopic syllable ka - 12A8)|x (old south arabian letter kaph - 10A6B)
68236	* transliterated as n|x (ethiopic syllable na - 1290)|x (old south arabian letter nun - 10A6C)
68237	* transliterated as 1E2B|x (ethiopic syllable xa - 1280)|x (old south arabian letter kheth - 10A6D)
68238	* transliterated as 1E63|x (ethiopic syllable tsa - 1338)|x (old south arabian letter sadhe - 10A6E)
68239	* transliterated as s3|x (old south arabian letter samekh - 10A6F)
68240	* transliterated as f|x (ethiopic syllable fa - 1348)|x (old south arabian letter fe - 10A70)
68241	* transliterated as 02BC|x (ethiopic syllable glottal a - 12A0)|x (old south arabian letter alef - 10A71)
68242	* transliterated as 02BD|x (ethiopic syllable pharyngeal a - 12D0)|x (old south arabian letter ayn - 10A72)
68243	* transliterated as 1E0D|x (ethiopic syllable tza - 1340)|x (old south arabian letter dhadhe - 10A73)
68244	* transliterated as g|x (ethiopic syllable ga - 1308)|x (old south arabian letter gimel - 10A74)
68245	* transliterated as d|x (ethiopic syllable da - 12F0)|x (old south arabian letter daleth - 10A75)
68246	* transliterated as 0121|x (old south arabian letter ghayn - 10A76)
68247	* transliterated as 1E6D|x (ethiopic syllable tha - 1320)|x (old south arabian letter teth - 10A77)
68248	* transliterated as z|x (ethiopic syllable za - 12D8)|x (old south arabian letter zayn - 10A78)
68249	* transliterated as 1E0F|x (old south arabian letter dhaleth - 10A79)
68250	* transliterated as y|x (ethiopic syllable ya - 12E8)|x (old south arabian letter yodh - 10A7A)
68251	* transliterated as 1E6F|x (old south arabian letter thaw - 10A7B)
68252	* transliterated as 1E93|x (old south arabian letter theth - 10A7C)
68293	~ 10AC5 FE00 alternate form (isolate)
68294	~ 10AC6 FE00 alternate form (isolate)
68296	* represents the conjunction "and"
68310	~ 10AD6 FE00 alternate form (isolate)|~ 10AD6 FE00 alternate form (final)
68311	~ 10AD7 FE00 alternate form (isolate)
68321	~ 10AE1 FE00 alternate form (isolate)
68409	x (ring operator - 2218)|x (ring point - 2E30)|x (word separator middle dot - 2E31)
68737	= Á
68738	= B
68740	= C
68742	= Cs
68743	= D
68746	= Ë
68747	= É
68748	= F
68749	= G
68750	= Gy
68751	= H
68753	= Í
68754	= J
68755	= K
68758	= L
68759	= Ly
68760	= M
68761	= N
68762	= Ny
68763	= O
68764	= Ó
68765	= Ö
68766	= Ö
68767	= Ő
68768	= P
68770	= R
68772	= S
68773	= Sz
68774	= T
68775	* also used for Ant and Int
68776	= Ty
68779	= Ú
68780	= Ü|* also used for Ö|* used for Ű in Sándor Forrai's orthography
68781	= Ü, Ű|* used for Ü in Sándor Forrai's orthography
68782	= V
68783	= Z
68784	= Zs
68801	= á
68802	= b
68804	= c
68806	= cs
68807	= d
68810	= ë
68811	= é
68812	= f
68813	= g
68814	= gy
68815	= h
68817	= í
68818	= j
68819	= k
68822	= l
68823	= ly
68824	= m
68825	= n
68826	= ny
68828	= ó
68829	= ö|* also used for ü
68830	= ö
68831	= ő
68832	= p
68834	= r
68836	= s
68837	= sz
68838	= t
68839	* also used for ant and int
68840	= ty
68843	= ú
68844	= ü|* also used for ö|* used for ű in Sándor Forrai's orthography
68845	= ü, ű|* used for ü in Sándor Forrai's orthography
68846	= v
68847	= z
68848	= zs
68849	* in earlier literature called "tprus" (later recognized as an abbreviation for "temperius")
68890	= gan
68891	= nayya
68892	* was not used widely and its usage has been discontinued
68893	= aa-for
68894	= i-for
68895	= u-for
68896	= e-for
68897	= o-for
68900	* short high tone
68901	* long falling tone
68902	* long rising tone
69291	* denotes a glottal stop
69292	* denotes long /a/ at the beginning of some words
69317	* used to mark unwritten yeh in Uthmanic rasm|x (arabic small yeh - 06E6)|x (arabic small high yeh barree with two dots below - 08CB)
69318	* only medial form is attested
69321	* used to mark fatha when continuing recitation from the opening letters to the next verse
69322	* used to mark sukun when continuing recitation from the opening letters to the next verse
69323	* used to mark changing of vowel to fatha or damma when starting recitation from the word
69324	* used to mark changing of vowel to kasra when starting recitation from the word
69325	* used to mark changing of vowel to kasra when pausing recitation from the word
69326	* used to mark imalah sughra when pausing recitation from the word
69327	* used to mark deletion of the letter below it when pausing recitation|x (arabic large circle below - 08D1)
69328	* used as end of verse marker in Urdu
69360	x (arabic small high upright rectangular zero - 06E0)|* used to mark long /iː/ vowel when pausing recitation
69361	* placed below the letter reh to indicate that the letter should be pronounced lightly without pharyngealization
69362	* placed below the letter lam to indicate that the letter should be pronounced with pharyngealization
69367	* used to indicate the end of the word should be pronounced with /h/ sound when pausing recitation
69368	* used to mark place of takbeer at the end of the chapter
69370	x (arabic kasratan - 064D)
69371	x (arabic small low noon with kasra - 08D9)
69373	x (arabic small high word sakta - 08DD)
69394	* used only in the Aramaic heterogram ʿD|* resh-ayin-daleth is used in other heterograms
69395	* used only in the Aramaic heterogram ʿD|* resh-ayin-daleth is used in other heterograms
69415	* represents the Aramaic heterogram ʿD
69437	* used only in Aramaic heterograms
69444	= hooked resh
69445	x 6240
69505	= hooked resh
69622	* used for the Aramaic heterogram zy
69759	* a virama used to form ligatures between Brahmi numbers signifying multiplication
69786	: 11099 110BA
69788	: 1109B 110BA
69800	* glyph may be rendered with or without the visible dot
69803	: 110A5 110BA
69821	* used to indicate a numerical reference
69822	* marks end of sentence|x (khojki section mark - 1123B)
69823	* delimits larger chunks of text, such as paragraphs|x (khojki double section mark - 1123C)
69837	* used to indicate a number in an itemized list
69934	: 11131 11127
69935	: 11132 11127
69939	* used to form conjuncts|x (myanmar sign virama - 1039)
69940	* killer|* also used distinctly as a gemination mark which can occur with vowels|x (myanmar sign asat - 103A)
69959	* used in Pali text
70084	* use of this character is discouraged|* recommended sequence is 1118F 11180
70089	* indicates external sandhi in Sanskrit documents|x (bengali sandhi mark - 09FE)
70090	* for extending the alphabet to new letters
70091	* represents regressive metaphony
70092	* used for writing "matra-vowels"
70093	* used for indicating the end of a sutra in the Bakhshali manuscript
70094	x (devanagari vowel sign prishthamatra e - 094E)
70106	* invocation symbol used at the beginning or end of texts
70107	= siddhirastu|* used at the beginning of texts as an invocation|x (kannada sign siddham - 0C84)|x (devanagari sign siddham - A8FC)
70108	* used for joining words across imperfections|x (devanagari headstroke - A8FB)
70109	* indicates a breaking opportunity within a word
70203	* marks end of sentence|x (kaithi section mark - 110BE)
70204	* delimits larger chunks of text, such as paragraphs|x (kaithi double section mark - 110BF)
70206	* used for Arabic transliteration
70291	= tra
70400	* used in Prakrit language Jain texts for the linguistic anusvara
70402	* used in Prakrit language Jain texts to indicate gemination of the following consonant
70459	= vindu|* used as nukta for Betta Kurumba and other languages
70475	: 11347 1133E
70476	: 11347 11357
70493	* vowel-lengthening mark
70531	: 11382 113C9
70533	: 11384 113BB
70542	: 1138B 113C2
70545	: 11390 113C9
70597	: 113C2 113C2
70599	: 113C2 113B8
70600	: 113C2 113C9
70611	x (grantha sign pluta - 1135D)
70675	* murmured nasal for Nepal Bhasa language
70681	* murmured nasal for Nepal Bhasa language
70692	* murmured nasal for Nepal Bhasa language
70698	* murmured nasal for Nepal Bhasa language
70701	* murmured tap for Nepal Bhasa language
70703	* murmured lateral for Nepal Bhasa language
70722	= tutisaalaa
70723	= milaaphuti
70724	= sinhaphuti
70725	= liphuti
70727	= sulaa
70728	= baadipu
70731	= dipu
70733	= jhaasu
70734	= thaayjaayekaa
70736	= guli
70737	= chi
70738	= nasi
70739	= swa
70740	= pi
70741	= njaa
70742	= khu
70743	= nhasa
70744	= cyaa
70745	= gu
70747	= jaayekaa
70749	= tansaa
70750	* indicates external sandhi in Sanskrit documents|x (bengali sandhi mark - 09FE)
70752	x (vedic sign jihvamuliya - 1CF5)
70753	x (vedic sign upadhmaniya - 1CF6)
70843	: 114B9 114BA
70844	: 114B9 114B0
70846	: 114B9 114BD
70850	= halant
70853	= vedic anusvara
71098	: 115B8 115AF
71099	: 115B9 115AF
71104	* used for writing foreign sounds
71105	= siddhirastu|* used at the beginning of texts
71108	* used for separating syllables and words
71109	* used for separating syllables and words
71113	* indicates the completion of a text
71128	x (siddham letter i - 11582)
71130	x (siddham letter ii - 11583)
71131	x (siddham letter u - 11584)
71231	= halant
71232	* used for transcribing English
71236	* used as an invocation
71264	x (mongolian birga - 1800)
71307	* also used to denote ssa
71352	* used in earlier writings to denote kha
71353	x (gurmukhi abbreviation sign - 0A76)|x (sharada abbreviation sign - 111C7)
71840	* functions as an anusvara
71973	* also used as a vowel carrier
71992	: 11935 11930
71997	= sukun|* a killer, silences the inherent vowel
71998	* used for conjunct production|* also used for producing a ligature of devowelized consonant and independent vowel letter
71999	* used for cluster-initial homorganic nasal
72000	* used for non-initial ya in conjuncts
72001	= repha|* used for initial ra in conjuncts
72002	* used for non-initial ra in conjuncts
72003	* modern diacritic used for extending the alphabet
72163	* used as a spacing or filler mark
72192	* used for representing independent vowels in combination with vowel signs
72199	* also represents secondary vowel i
72200	* also represents secondary vowel u
72201	* used for Sanskrit vocalic sounds
72224	* also used instead of non-initial 11A2D in conjuncts
72233	* Mongolian aang|* Tibetan a-chung|x (tibetan letter -a - 0F60)
72243	* used for marking a syllable-final consonant in Mongolian|* indicates a syllabic boundary in Mongolian
72244	* indicates a bare consonant in Sanskrit and Tibetan|* not used for conjunct formation|x (tibetan mark halanta - 0F84)
72245	* indicates nasalization|x (tibetan sign sna ldan - 0F83)|x (mongolian letter ali gali anusvara one - 1880)
72246	* used primarily with 11A3F
72247	* used primarily with 11A3F|x (tibetan sign nyi zla naa da - 0F82)
72248	* indicates nasalization|x (tibetan sign rjes su nga ro - 0F7E)
72249	* indicates post-vocalic aspiration|x (tibetan sign rnam bcad - 0F7F)
72250	* initial form of 11A2B in Tibetan conjuncts
72251	* final form of 11A2A in Tibetan conjuncts
72252	* final form of 11A2B in Tibetan conjuncts
72253	* final form of 11A2C in Tibetan conjuncts
72254	* final form of 11A2D in Tibetan conjuncts
72255	x (tibetan mark initial brda rnying yig mgo mdun ma - 0FD3)|x (mongolian birga - 1800)
72256	x (tibetan mark closing brda rnying yig mgo sgab ma - 0FD4)
72257	x (tibetan mark intersyllabic tsheg - 0F0B)
72258	x (tibetan mark shad - 0F0D)
72259	x (tibetan mark nyis shad - 0F0E)
72260	x (tibetan mark gter tsheg - 0F14)
72261	x (tibetan mark initial yig mgo mdun ma - 0F04)
72262	x (tibetan mark closing yig mgo sgab ma - 0F05)
72263	* used for producing consonant conjuncts
72272	* used for representing independent vowels in combination with vowel signs
72324	x (vedic sign jihvamuliya - 1CF5)
72325	x (vedic sign upadhmaniya - 1CF6)
72341	* Mongolian aang|* Tibetan a-chung|x (tibetan letter -a - 0F60)
72345	* used for producing consonant conjuncts
72349	* indicates vowel elongation
72350	* national symbol of Mongolia
72354	= cintamani, candamani
72370	* Nattilik (HU)
72371	* Nattilik (HUU)
72376	* Nattilik (SHRU)
72377	* Nattilik (SHRUU)
72448	x (devanagari double danda - 0965)
72457	x (devanagari digit zero - 0966)
72458	x (devanagari letter da - 0926)
72544	x (devanagari vowel sign oe - 093A)
72545	x (devanagari vowel sign ooe - 093B)
72546	x (devanagari vowel sign ue - 0956)
72547	x (devanagari vowel sign uue - 0957)
72548	x (devanagari vowel sign short e - 0946)
72549	x (devanagari vowel sign short o - 094A)
72550	x (devanagari vowel sign candra e - 0945)
72551	x (devanagari vowel sign candra o - 0949)
72816	x (left-facing svasti sign - 0FD6)
73027	* used for transcribing foreign vowels
73028	* used for silencing the inherent vowel
73029	* used to form conjuncts
73030	* cluster-initial form of 11D26
73031	* cluster-final form of 11D26
73111	* used to form conjuncts
73177	= vowel length mark
73178	= tala|* represents a glottal stop
73474	* cluster-initial form of 11F2C|* also used as final r
73536	* represents schwa [ə]
73537	* vowel killer, always rendered visibly
73538	* used for producing below-base and post-base conjunct forms
73554	* also used as letter ro
73648	* used for the Naxi language|x (turned sans-serif capital y - 2144)|x (lisu letter ya - A4EC)
73664	= munthiri
73665	= araikkaani
73666	= kaani
73667	= kaal viisam
73668	= arai maa
73669	= arai viisam
73670	= mukkaani
73671	= mukkaal viisam
73672	= maa|x (tamil letter pa - 0BAA)
73673	= viisam/maakaani
73674	= viisam/maakaani|* alternate representation
73675	= irumaa
73676	= araikkaal
73677	= mummaa
73678	= muuviisam/mummaamukkaani
73679	= naangu maa
73680	= kaal|x (tamil letter va - 0BB5)
73681	= arai
73682	= arai|* alternate representation
73683	= mukkaal
73684	* when prefixed to a fraction, reduces its value by a factor of 1/320
73685	* one grain of paddy
73686	* equals 360 nel
73687	* equals 5 cevitu
73688	* equals 2 aazhaakku|* for the measure uri which equals 2 uzhakku, use the sequence 0B89 0BB0 0BBF
73689	* equals 3 uzhakku|* for the measure naazhi/padi which equals 2 uri, use 0BF3|x (tamil day sign - 0BF3)
73690	= marakkaal|* equals 8 naazhi/padi|x (tamil letter nga - 0B99)
73691	* equals 2 kuruni/marakkaal
73692	* equals 3 kuruni/marakkaal|* for the measure thuuni which equals 2 pathakku, use 0BA4|x (tamil letter ta - 0BA4)|* for the measure kalam which equals 3 thuuni, use 0BB3|x (tamil letter lla - 0BB3)
73693	* small currency unit
73695	* gold coin
73696	* gold coin bearing boar insignia
73697	* approximately equals 500 pounds (227 kg)
73698	* equals 1 square kol, where 1 kol is approximately 11 feet (3.35 m)
73699	= veeli
73700	= nansey
73701	= punsey
73702	= nilam|* distinct from the rupee sign|x (tamil rupee sign - 0BF9)
73703	= uppalam
73704	= varavu|x (tamil credit sign - 0BF7)
73705	= enn|x (tamil number sign - 0BFA)
73706	= naalathu
73707	= silvaanam/sillarai
73708	= poga
73709	= aaga
73710	= vasam
73711	= muthal
73712	= et cetera|* indicates items in a series
73713	= et cetera|* indicates items of a family or kind
73727	x (sinhala punctuation kunddaliya - 0DF4)
73784	= 1 aš|x (cuneiform numeric sign two ash - 12400)|x (cuneiform numeric sign one n01 - 12550)|x (cuneiform numeric sign one n01 flat - 1264C)
73785	= 1 aš tenû|= 1 diš tenû|= 1/2 iku|x (cuneiform numeric sign two ash tenu - 1244A)|x (cuneiform numeric sign one n08 - 12559)|x (cuneiform numeric sign one half iku curved variant form - 1258B)
73790	x (cuneiform numeric sign four ban2 variant form - 12453)
73849	= 1 diš|= 1 bariga|x (cuneiform numeric sign three dish - 12408)|x (cuneiform numeric sign nigidamin - 12456)|x (cuneiform numeric sign nigidaesh - 12457)|x (cuneiform numeric sign one n01 - 12550)|x (cuneiform numeric sign one n08 - 12559)
74278	= 1/2 diš|* 12593 should be used for 1/2 aš curved|x (cuneiform numeric sign one ban2 - 1244F)|x (cuneiform numeric sign one ban2 curved - 12593)
74283	= 2 diš|x (cuneiform numeric sign three dish - 12408)|x (cuneiform numeric sign two n08 - 1255A)
74362	x (cuneiform numeric sign two ban2 - 12450)
74425	= 1 šar₂|* same glyph as 1212D HI in all but the most archaizing texts|* the archaic reference glyph is formed by making a circular indentation with the end of the stylus|* used for logographic šar₂ and cuneiform 1 šar₂|* 12579 should be used for numeric 1 šar₂ curved|x (cuneiform numeric sign two shar2 - 12423)|x (cuneiform numeric sign one n45 - 12579)
74452	% CUNEIFORM SIGN NU11 TENU
74453	% CUNEIFORM SIGN NU11 OVER NU11 BUR OVER BUR
74507	= 1 u|= 1 bur₃|x (cuneiform numeric sign four u - 1240F)|x (cuneiform numeric sign one n14 - 12562)|x (cuneiform numeric sign one n14 flat - 12656)
74509	= 3 u|= 3 bur₃|x (cuneiform numeric sign four u - 1240F)|x (cuneiform numeric sign three n14 - 12564)|x (cuneiform numeric sign three n14 flat - 12658)
74534	= kalam gunû|* the names of this and the following sign incorrectly reflect the gunû relationship between them
74535	% CUNEIFORM SIGN KALAM
74589	x (cuneiform numeric sign four dish - 12409)
74590	x (cuneiform numeric sign four ash tenu - 1244C)
74649	= 2 u|= 2 bur₃|x (cuneiform numeric sign four u - 1240F)|x (cuneiform numeric sign two n14 - 12563)|x (cuneiform numeric sign two n14 flat - 12657)
74752	= 2 iku|x (cuneiform sign ash - 12038)|x (cuneiform numeric sign two n01 - 12551)|x (cuneiform numeric sign two n01 flat - 1264D)
74760	x (cuneiform sign dish - 12079)|x (cuneiform sign min - 1222B)|x (cuneiform numeric sign three n08 - 1255B)
74761	= 4 bariga
74767	= 4 bur₃|x (cuneiform sign u - 1230B)|x (cuneiform sign u u - 12399)|x (cuneiform sign u u u - 1230D)|x (cuneiform numeric sign four n14 - 12565)|x (cuneiform numeric sign four n14 flat - 12659)
74773	x (cuneiform numeric sign one n34 - 1256B)
74782	x (cuneiform numeric sign one n48 - 12574)
74787	x (cuneiform sign shar2 - 122B9)|x (cuneiform numeric sign two n45 - 1257A)
74796	x (cuneiform numeric sign one n50 - 12582)
74804	x (cuneiform numeric sign one buru curved - 1258E)|x (cuneiform numeric sign one n50 - 12582)
74826	= 2 diš tenû|x (cuneiform sign ash zida tenu - 12039)
74831	* 12226 should be used for 1/2 diš|x (cuneiform sign mash - 12226)|x (cuneiform numeric sign one ban2 curved - 12593)
74838	= 2 bariga|x (cuneiform sign dish - 12079)|x (cuneiform numeric sign two n08 - 1255A)
74839	= 3 bariga
74840	x (cuneiform numeric sign one n22 - 1258C)
74845	= 1/3 aš curved|= 1/3 diš curved|x (cuneiform numeric sign ninda2 times she plus one ash curved - 12598)
74846	= 2/3 aš curved|= 2/3 diš curved|x (cuneiform numeric sign ninda2 times she plus two ash curved - 12599)
74847	= 1/8 iku|x (cuneiform numeric sign one eighth iku curved - 12587)|x (cuneiform numeric sign one eighth iku curved variant form - 12588)
74848	= 1/4 iku|x (cuneiform numeric sign one n01 reversed - 12589)|x (cuneiform numeric sign one quarter iku curved variant form - 1258A)
74851	= 1 bariga variant form
74852	= 2 bariga variant form|* the sequence 12464 12463 is used for 3/4 gur
74864	x (ugaritic word divider - 1039F)|x (old persian word divider - 103D0)
75073	x (cuneiform numeric sign two n08 - 1255A)
75088	= 1 aš curved|* often used instead of diš in Early Dynastic counterparts of cuneiform metrological systems|x (cuneiform sign ash - 12038)|x (cuneiform sign dish - 12079)
75089	x (cuneiform numeric sign two ash - 12400)
75097	= 1 diš curved|= 1/2 iku curved|= 1 bariga curved|* used for one half in multiple metrological systems|* used in Early Dynastic capacity systems|x (cuneiform sign ash zida tenu - 12039)|x (cuneiform sign dish - 12079)|x (cuneiform sign mash - 12226)
75098	= 2 bariga curved|x (cuneiform sign min - 1222B)|x (cuneiform numeric sign nigidamin - 12456)
75099	= 3 bariga curved|* used in Early Dynastic capacity systems|x (cuneiform numeric sign three dish - 12408)|x (cuneiform numeric sign nigidaesh - 12457)
75106	= 1 u curved|= 1 bur₃ curved|x (cuneiform sign u - 1230B)
75107	x (cuneiform sign u u - 12399)
75108	x (cuneiform sign u u u - 1230D)
75109	x (cuneiform numeric sign four u - 1240F)
75115	= 1 ŋeš₂ curved|x (cuneiform numeric sign one gesh2 - 12415)
75124	= 1 ŋešʾu curved|x (cuneiform numeric sign one geshu - 1241E)
75129	= 1 šar₂ curved|* 122B9 should be used for cuneiform 1 šar₂|* 122B9 should be used for logographic šar₂, even when curved|x (cuneiform sign shar2 - 122B9)
75138	= 1 šarʾu curved|* used instead of 1258E in fourth millennium land area systems|x (cuneiform numeric sign one sharu - 1242C)|x (cuneiform numeric sign one buru - 12434)
75143	x (cuneiform numeric sign one eighth ash - 1245F)
75145	= 1/4 iku curved|x (cuneiform numeric sign one quarter ash - 12460)
75147	x (cuneiform sign ash zida tenu - 12039)
75148	= 1 eše₃ curved|x (cuneiform numeric sign one eshe3 - 12458)
75150	x (cuneiform numeric sign one buru - 12434)
75155	= 1/2 aš curved|* used for one half in multiple metrological systems|x (cuneiform sign mash - 12226)|x (cuneiform numeric sign one ban2 - 1244F)
75160	= 1/3 aš curved variant form|x (cuneiform numeric sign one third dish - 1245A)|x (cuneiform numeric sign one third variant form a - 1245D)
75161	= 2/3 aš curved variant form|x (cuneiform numeric sign two thirds dish - 1245B)|x (cuneiform numeric sign two thirds variant form a - 1245E)
75162	= 1 ŋeš₂ curved doubled, 1 ŋešmin curved
75171	= 1 ŋešʾu curved doubled, 1 ŋešminʾu curved
75340	= 1 aš flat|x (cuneiform sign ash - 12038)
75350	= 1 u flat|x (cuneiform sign u - 1230B)
75381	= 1 n39a flat
77824	* classifier human being
77825	* classifier eating/drinking/speech/ silence/thoughts/feelings
77826	* classifier sitting : ḥmsꞽ
77827	* classifier supplication/hiding/rejection
77829	* logogram (to hide) : ꞽmn
77830	* logogram (pure, clean) : wꜥb
77831	* classifier to libate : sṯ
77833	* classifier sitting/weak/faint
77834	* classifier joy/veneration
77835	* classifier to lift, to carry : fꜣꞽ
77836	* classifier sailing/rowing : sḳdꞽ
77837	* phonemogram : ḫnms
77838	* logogram (army) : mšꜥ
77839	* classifier rebel/enemy
77840	* classifier rebel, opponent : rḳ
77841	* classifier death : mt
77842	* logogram (to fall) : ḫr|~ 13012 FE03 rotated approximately 30 degrees
77843	* classifier bowing
77844	* classifier youth/child
77845	* classifier youth/child
77846	* classifier child (royal)
77847	* logogram (old, old age) : ꞽꜣw
77848	* logogram (elder) : smsw
77850	* classifier statue
77851	* classifier sovereign : ꞽt.y
77852	* classifier force/effort
77853	* classifier force/effort
77854	* logogram (vocative interjection) : ꞽ
77855	* phonemogram/classifier messenger : ꞽn
77856	* logogram (to be high) : ḳꜣꞽ
77857	* classifier upside-down : sḫd
77858	* classifier adoration
77859	* classifier turning away
77860	* classifier dancing : ḫbꞽ
77862	* classifier wandering/displaced : rw
77863	* logogram (to pound, to build) : ḫwsꞽ
77864	* logogram (to build) : ḳd
77865	* logogram (brewer) : ꜥf.ty
77866	* logogram (brewer) : ꜥf.ty
77867	* logogram (Cusae) : ḳꞽs
77868	* logogram (Cusae) : ḳꞽs
77869	* classifier divinity
77870	* classifier divinity
77871	* logogram (first person singular) : ꞽ
77872	* classifier king : n(y)-sw.t
77873	* logogram (first person singular) : ꞽ
77874	* classifier king
77875	* logogram (king of Upper Egypt) : n.y-sw.t
77876	* classifier king : n.y-sw.t
77877	* classifier king : bꞽ.ty
77878	* classifier king : n.y-sw.t
77879	* classifier king : bꞽ.tyw
77880	* logogram (to guard) : sꜣw
77881	* logogram (relating to, belonging to) : ꞽr.y
77882	* classifier foreigner
77883	* logogram (to be noble) : špsꞽ
77884	* logogram (to be noble) : šps
77885	* classifier name (deceased person)
77886	* classifier image/statue/likeness
77887	* classifier body/corpse/death
77888	* logogram (to sleep/to spend the night) : sḏr
77889	* classifier enemy : ḫft.y
77890	* logogram (an offering that the king gives) : ḥtp-dꞽ-n.y-sw.t
77891	* classifier hacking : ḫbs
77892	* classifier driving away : sḥrꞽ
77893	* logogram (to sprinkle, to scatter) : stꞽ
77894	* logogram (to turn back) : ꜥnn
77895	* logogram (great one, chief) : wr
77897	* classifier to lift, to carry : fꜣꞽ
77898	* logogram (the one who belongs to the god) : ꞽr.y-nṯr
77899	* logogram (the musician/Ihy) : ꞽḥy
77900	* classifier personal name
77901	* logogram (messenger) : wpw.ty
77902	* classifier occupation/relationship
77903	* logogram (million, many) : ḥḥ
77904	* classifier female
77905	* classifier pregnant : ꞽwr
77906	* classifier birth : msꞽ
77907	* classifier birth : msꞽ
77908	* classifier nursing, rearing : rnn
77909	* logogram weaver or nurse : ? | mnḫ.t
77910	* classifier nursing, rearing : rnn
77911	* classifier female royalty
77912	* classifier human being (together with A1) : ḥr.w-nb
77913	* logogram (the musician) : ꞽḥ.yt
77914	* logogram (Re) : rꜥ
77915	* logogram (Re) : rꜥ
77916	* logogram (Re) : rꜥ
77917	* mirrored version of 1305C
77918	* mirrored version of 1305B
77919	* logogram (Thoth) : ḏhwty
77920	* classifier Khnum : ẖnm.w
77921	* logogram/phonemogram (who joins with life) : ẖnm.t-ꜥnḫ
77922	* classifier Anubis/Wepwawet (divinity)
77923	* logogram (Seth) : stš/stẖ
77924	* classifier Min : gb.tyw
77925	* logogram (Hathor) : ḥw.t-ḥr
77926	* logogram (Maat) : mꜣꜥ.t
77927	* logogram (Maat) : mꜣꜥ.t
77928	* logogram (million, many) : ḥḥ
77929	* logogram (Amon) : ꞽmn
77930	* mirrored version of 13069
77931	* logogram (Amon is his strength (sꜣ-rꜥ name Ramses VI)) : ꞽmn-ḥr-ḫpš=f
77932	* mirrored version of 1306B
77933	* logogram (Atum) : ꞽtmw
77934	* classifier Montu (divinity)
77935	* classifier Tatenen : tꜣ-ṯnn
77936	* classifier Ptah : ptḥ
77937	* logogram (Ptah) : ptḥ
77938	* phonemogram : bs
77939	* classifier moon : ꞽꜥḥ
77940	* logogram (Sekhmet) : sḫm.t
77941	* logogram (Neith) : n.t
77942	* logogram (head) : tp
77943	* phonemogram : ḥr
77944	* classifier hair
77945	* phonemogram : ꞽr
77946	* classifier eye related actions : dgꞽ
77947	* classifier eye related actions : dgꞽ
77948	* phonemogram : ꜥntyw
77949	* phonemogram : ꜥn
77950	* phonemogram : ꜥn
77951	* logogram (to weep) : rmꞽ
77952	* logogram (udjat eye) : wḏꜣ.t
77953	* logogram 1/2
77954	* not to be confused with 131F3 or 133F8|* 1/4|* classifier pupil : ḏfḏ
77955	* 1/8|* classifier eyebrow : ꞽnḥ
77956	* logogram 1/16
77957	* logogram 1/32
77958	* logogram 1/64
77959	* logogram (figure, image) : tꞽ.t
77960	* logogram (ear) : msḏr
77961	* classifier nose : šr.t
77962	* classifier nose : fnḏ
77963	* mouth|* not to be confused with 133AB|* phonemogram : r
77964	* logogram (2/3) : r.wy
77965	* logogram (3/4) : ḫmt-r.w
77966	* classifier lip, border, edge : sp.t
77967	* logogram (lips) : sp.ty
77968	* classifier blood : snf
77969	* classifier breast : mnḏ|~ 13091 FE00 rotated 90 degrees
77970	* variant of 13091
77971	* logogram (spirit, essence) : kꜣ|~ 13093 FE01 rotated 180 degrees
77972	* logogram (spirit, essence) : kꜣ
77973	* classifier Nehebkau : nḥb-kꜣ.w
77974	* logogram (mortuary priest) : ḥm-kꜣ
77975	* logogram (mortuary priest) : ḥm-kꜣ
77976	* classifier enveloping, embracing, uniting
77977	* phonemogram : ẖn
77978	* logogram (to fight) : ꜥḥꜣ
77979	* logogram (to fight) : ꜥḥꜣ
77980	* logogram (negative particle) : n
77981	* transliterated as A725|x (hebrew letter ayin - 05E2)|x (arabic letter ain - 0639)|* phonemogram : ꜥ
77982	* phonemogram : ḏꞽ > dꞽ
77983	* phonemogram : m
77984	* logogram (to offer, to present) : ḥnk
77985	* classifier force, effort
77986	* classifier arm related movements or actions
77987	* logogram (cubit) : mḥ
77988	* logogram (to protect) : ḫwꞽ
77989	* classifier governing/controlling : ḫrp
77990	* logogram (to make holy) : ḏsr
77991	* phonemogram : d
77992	* logogram (scent, perfume, dew) : ꞽd.t
77993	* classifier hand : ḏr.t
77994	* logogram (palm) : šsp
77995	* phono-repeater : ḥnt
77996	* classifier grasping/holding : ꜣmm
77997	* not to be confused with 130B7|* 10000|* logogram (finger) : ḏbꜥ
77998	* \20000
77999	* \30000
78000	* \40000
78001	* \50000
78002	* \60000
78003	* \70000
78004	* \80000
78005	* \90000
78006	* \50000
78007	* not to be confused with 130AD|* classifier taking : ṯꜣꞽ
78008	* phonemogram : bꜣḥ|~ 130B8 FE03 rotated approximately 25 degrees
78009	* phonemogram : sšm
78010	* phonemogram : bꜣḥ|~ 130BA FE03 rotated approximately 25 degrees
78011	* classifier movement
78012	* logogram (to come) : ꞽwꞽ
78013	* classifier reverse movement
78014	* classifier leg/foot : rd
78015	* classifier damage, injury : nkn
78016	* phonemogram : b
78017	* phonemogram : ꜥb
78018	* logogram (to be pure, to be clean) : wꜥb
78019	* phono-repeater : sꜣḥ
78020	* phonemogram : sꜣḥ
78021	* phonemogram : sꜣḥ
78022	* logogram (hand) : ḏr.t
78023	* logogram (child, son, lad) : šrꞽ
78024	* classifier to engrave : wdꞽ
78025	* 1 heqat measure|* not to be confused with 13212
78026	* 2 heqat measures
78027	* 3 heqat measures
78028	* 4 heqat measures
78029	* 5 heqat measures
78030	* 6 heqat measures
78031	* 7 heqat measures
78032	* 8 heqat measures
78033	* 9 heqat measures
78034	* not to be confused with 130FD|* logogram (bull) : kꜣ
78035	* classifier rage/aggression : smꜣ
78036	* classifier calf : bḥs
78037	* classifier cow divinity : mḥ.yt
78038	* classifier concern : ꜣms
78039	* logogram (span (of horses)/horse) : ḥtr
78040	* classifier donkey/ass : ꜥꜣ
78041	* logogram (kid) : ꞽb
78042	* phono-repeater : ꞽb
78043	* phonemogram : ꞽw
78044	* classifier cow (cow of the sky) : ꞽh.t
78045	* classifier ram : bꜣ
78046	* phonemogram : bꜣ
78047	* classifier pig : ꞽpḥ
78048	* phonemogram : mꞽ
78049	* classifier dog/hound : ṯsm
78050	* logogram (Anubis) : ꞽnp.w
78051	* logogram (privy to the secrets) : ḥr.y-sštꜣ
78052	* classifier Anubis : ꞽnp.w
78053	* phonemogram : sꜣb
78054	* phonemogram : sṯꜣ
78055	* logogram (Wepwawet) : wp-wꜣ.wt
78056	* classifier Wepwawet : wp-wꜣ.wt
78057	* logogram (Seth) : stš/stẖ
78059	* logogram (Seth) : stš/stẖ
78060	* classifier (lion) : mꜣꞽ
78061	* phonemogram : rw
78062	* classifier leopard : ꜣby
78063	* classifier hippopotamus : ḫꜣb
78064	* classifier elephant : ꜣbw
78065	* classifier to fortell : sr
78066	* classifier oryx : mꜣ-ḥḏ
78067	* logogram (Oryx nome, 16th nome of Upper Egypt) : mꜣ-ḥḏ
78068	* classifier gazelle : gḥs
78069	* classifier ibex : n(ꞽ)ꜣw
78070	* logogram (rank, diginity) : sꜥḥ
78071	* classifier rage, fury : ḳnd
78072	* classifier monkey : gf
78073	* phonemogram : wn
78074	* variant of 130F9
78075	* logogram (Thoth) : ḏḥwty
78076	* logogram (symbol of the cycle of time) : wnšb
78077	* cow|* not to be confused with 130D2
78078	* classifier bull, ox, cattle : kꜣ
78079	* phonemogram : ḫnt
78080	* classifier rage/aggression : ḏnd
78081	* phonemogram : ꜣt
78082	* logogram (beginning, front) : ḥꜣ.t
78083	* phonemogram : šsꜣ
78084	* phonemogram : šsꜣ
78085	* classifier worth, dignity, renown : šfšf.yt
78086	* logogram (worth, dignity, renown) : šf.yt
78087	* logogram (strength) : pḥ.ty
78088	* logogram (throat) : ḥt.yt
78089	* classifier throat associated action : ꜥm
78090	* phonemogram : wsr
78091	* phonemogram : wp
78092	* variant of 1310B
78093	* logogram (New Year's Day) : wp-rnp.t
78094	* logogram (New Year's Day) : wp-rnp.t
78095	* logogram (horn) : ꜥb|~ 1310F FE00 rotated 90 degrees|~ 1310F FE03 rotated approximately 30 degrees
78096	* logogram purification : ꜥb.w
78097	* phonemogram : ḥ
78098	* classifier jaw : ꜥr
78099	* logogram (tongue) : ns
78100	* logogram (ear) : msḏr
78101	* from hieratic|* logogram to hear, to listen
78102	* phonemogram : pḥ
78103	* classifier foreleg/arm : ḫpš|~ 13117 FE02 rotated 270 degrees
78104	* mirrored version of 13117|* classifier foreleg/arm : ḫpš
78105	* phonemogram : wḥm
78106	* phonemogram : ẖn
78107	* classifier animal : ṯsm
78108	* logogram (dappled, many-coloured) : sꜣb|~ 1311C FE00 rotated 90 degrees
78109	* phonemogram : st
78110	* phonemogram : šd
78111	* phonemogram : ms
78112	* cursive variant of 1311F|* phonemogram : ms
78113	* transliterated as 1E96|* logogram (belly, body) : ẖ.t|~ 13121 FE00 rotated 90 degrees
78114	* phonemogram : sd
78115	* logogram (heart, mind, wish) : ꞽb
78116	* phonemogram : nfr
78117	* phonemogram : smꜣ
78118	* classifier spine, vertebrae : ꞽꜣ.t
78119	* logogram (to cut) : šꜥd|~ 13127 FE00 rotated 90 degrees
78120	* classifier back, backbone : psḏ
78122	* phonemogram : ꞽmꜣḫ
78123	* logogram (to be long, to stretch out) : ꜣwꞽ
78124	* classifier slaughter/evil : šꜥ.t
78125	* classifier rib : spr
78126	* classifier ribs (meat of ribs) : spḥ.t
78127	* phono-repeater : ꞽwꜥ|~ 1312F FE03 rotated approximately 40 degrees [but not yet vertical]|~ 1312F FE06 rotated approximately 325 degrees [horizontal]
78128	* logogram (uterus, womb) : ꞽd.t
78129	* phonemogram : m
78130	* logogram (to go round, to turn round) : pẖr|~ 13132 FE01 rotated 180 degrees
78131	* rotated version of 13132|* logogram (to go round, to turn round) : pẖr
78132	* mirrored version of 13132|* classifier winding, intestine : ḳ(ꜣ)b
78133	* mirrored version of 13133|* logogram (to go round, to turn round) : pẖr
78134	* logogram (to go round, to turn round) : pẖr
78135	* mirrored version of 13136|* phono-repeater : wḏb
78136	* phonemogram : spẖr
78137	* phonemogram : f|~ 13139 FE00 rotated 90 degrees|~ 13139 FE01 rotated 180 degrees|~ 13139 FE02 rotated 270 degrees|~ 13139 FE03 rotated approximately 45 degrees [vertical]|~ 13139 FE04 rotated approximately 135 degrees [horizontal]|~ 13139 FE05 rotated approximately 225 degrees [vertical]|~ 13139 FE06 rotated approximately 315 degrees [horizontal]
78138	* classifier part of a body : ḥꜥ.w
78139	* variant of 1313A|* logogram (limbs, body) : ḥꜥ.w
78140	* rotated version of 13139
78141	* classifier excrement : ḥs
78142	* phonemogram : mdw
78143	* Egyptian vulture, Egyptological alef|* not to be confused with 13142|* transliterated as A723|x (hebrew letter alef - 05D0)|x (arabic letter alef with hamza above - 0623)|* phonemogram : ꜣ
78144	* phonemogram : ꜣꜣ
78145	* phonemogram : mꜣ
78146	* not to be confused with 1313F|* phonemogram : tyw
78147	* logogram (Horus) : ḥr
78148	* classifier falcon : bꞽk
78149	* logogram (lord) : nb
78150	* classifier divine beings/divine things
78151	* logogram (Nemty (divinity)) : nmty
78152	* logogram nmty (Nemty (divinity))
78153	* logogram (golden Horus) : ḥr-nbw
78154	* logogram (Re-Hor (usually in rꜥ-ḥr-ꜣḫ.ty) : rꜥ-ḥr
78155	* classifier bark of Sokar : ḥnw
78156	* classifier cult image : ꜥẖm
78158	* classifier cult image : ꜥẖm
78159	* classifier falcon divinity : spd(.w)
78160	* logogram (mother) : mw.t
78161	* logogram (mother) : mw.t
78162	* logogram (the two ladies (i.e. Nekhbet and Wadjet) : nb.ty
78163	* phonemogram : m
78164	* phonemogram : mm
78166	* phonemogram : m-ꜥ
78167	* phonemogram : mr (ꞽm.y-r)
78168	* phonemogram : nḥ
78169	* phonemogram : ḏb
78170	* logogram (common folk, subjects, people) : rḫ.yt
78171	* logogram (common folk, subjects, people) : rḫ.yt
78172	* phonemogram : ꜣḫ
78173	* logogram (Thoth) : ḏḥwty
78174	* classifier ibis : hb
78175	* logogram (to be red) : dšr
78176	* phonemogram : gm
78177	* phonemogram : bꜣ
78178	* logogram (souls) : bꜣ.w
78179	* classifier heron : bnw
78180	* logogram (to inundate) : bꜥḥ
78181	* phonemogram : sdꜣ
78182	* classifier ostrich : nꞽw
78183	* phonemogram : ꜥḳ
78184	* phonemogram : wr
78185	* variant of 13168
78186	* classifier negative, bad : ꞽsf.t
78187	* variant of 1316A
78188	* goose|* phonemogram : gb
78189	* duck|* logogram (son) : sꜣ
78190	* phonemogram : pꜣ
78191	* phonemogram : ḫn
78192	* phonemogram : ḏfꜣ
78193	* phonemogram : w
78194	* phonemogram : tw
78195	* phonemogram : ww
78196	* phonemogram : wꜥ
78197	* phonemogram : dꞽw
78198	* phonemogram : mꜣw
78199	* phonemogram : ṯꜣ
78200	* classifier nest : šš
78202	* phonemogram : rḫ.ty
78203	* classifier catching fish : ḥꜣm
78204	* classifier feeding, eating : snm
78205	* logogram (soul) : bꜣ
78206	* phonemogram : snḏ
78207	* logogram (bird, fowl) : ꜣpd
78208	* phono-repeater : wšm
78209	* phonemogram : pꜣḳ
78210	* classifier people : rmṯ
78211	* classifier wing : ḏnḥ|~ 13183 FE02 rotated 270 degrees
78212	* phonemogram : šw|~ 13184 FE03 rotated approximately 25 degrees|~ 13184 FE06 rotated approximately 335 degrees
78213	* from hieratic|* phonemogram : šw
78214	* classifier claw : ꞽꜣf.t
78215	* logogram (son) : sꜣ|~ 13187 FE01 rotated 180 degrees
78216	* phonemogram : ꜥšꜣ
78217	* classifier turtle : štw
78218	* classifier aggression : ꜣd
78219	* classifier Sobek : sbk
78220	* logogram (to gather) : sꜣḳ
78221	* classifier Sobek : sbk
78222	* phonemogram : km
78223	* classifier divinity : ḥḳ.t
78224	* logogram (one hundred thousand) : ḥfn
78225	* phonemogram : f
78226	* logogram (to go forth) : prꞽ
78227	* transliterated as 1E0F|* phonemogram : ḏ
78228	* phonemogram : ḏfꜣ
78229	* phonemogram : ḏḏ
78230	* logogram (eternity) : ḏ.t
78231	* classifier female divinity : nbw.t
78232	* classifier female divinity (Wadjet) : wꜣḏ.t
78233	* classifier coiling, winding : ḳꜣb
78234	* classifier snake/uraeus : ꞽꜥr.t
78235	* phonemogram : ꞽn
78236	* phono-repeater : bw|~ 1319C FE03 rotated approximately 45 degrees
78237	* logogram (fish) : rm|~ 1319D FE03 rotated approximately 30 degrees
78238	* phonemogram : ẖꜣ
78239	* phono-repeater : bs|~ 1319F FE03 rotated approximately 30 degrees
78240	* logogram (scale) : nšm.t|~ 131A0 FE00 rotated 90 degrees|~ 131A0 FE02 rotated 270 degrees
78241	* classifier rage, anger : špt
78242	* classifier catfish : nꜥr
78243	* logogram (to become) : ḫpr
78244	* logogram (king of Lower Egypt) : bꞽ.ty
78245	* logogram (king of Upper Egypt and Lower Egypt) : n(.y)-sw.t-bꞽ.ty
78246	x (egyptian hieroglyph-13DEE - 13DEE)
78247	* classifier locust : snḥm
78248	* classifier centipede : spꜣ
78249	* phonemogram : ḫꜣ
78250	* mirrored version of 131A9
78251	* classifier scorpion : srḳ.t
78252	* logogram/phonemogram (type of beetle) : ꜥnḫ
78253	* classifier tree, product of a tree : ꜥš
78254	* classifier product of a tree : hbny
78255	* phonemogram : ꞽm=f
78256	* phonemogram : ḥn
78257	* phonemogram : ḫt|~ 131B1 FE00 rotated 90 degrees|~ 131B1 FE01 rotated 180 degrees|~ 131B1 FE03 rotated approximately 45 degrees
78258	* phonemogram : m-ḫt
78259	* logogram (year) : rnp.t
78260	* logogram (time/season) : tr
78261	* logogram (time/season) : tr
78262	* classifier youth, vigour, fresh : rnp
78263	* phonemogram : šꜣ
78264	* classifier lotus flower : sšn|~ 131B8 FE00 rotated 90 degrees
78265	* classifier lotus bud : nḥb.t|~ 131B9 FE00 rotated 90 degrees
78266	* classifier offering : wdn|~ 131BA FE02 rotated 270 degrees
78267	* logogram (to offer) : wdn
78268	* 1000|* phonemogram : ḫꜣ
78269	* \2000
78270	* \3000
78271	* \4000
78272	* \5000
78273	* \6000
78274	* \7000
78275	* \8000
78276	* \9000
78277	* phonemogram : wꜣḏ
78278	* phonemogram : wꜣḏ
78279	* logogram (Lower Egypt) : mḥ.w
78280	* logogram (Lower Egypt) : mḥ.w
78281	* phonemogram : ḥꜣ
78282	* logogram (Lower Egypt) : mḥ.w
78283	* egyptological yod|* transliterated as A7BD|x (hebrew letter yod - 05D9)|x (arabic letter yeh - 064A)|* phonemogram : ꞽ|~ 131CB FE00 rotated 90 degrees
78284	x (egyptian hieroglyph z004 - 133ED)|* phonemogram : y
78285	* phonemogram/logogram (to come) : ꞽy(ꞽ)
78286	* phonemogram : ꜥꜣb
78287	* logogram (marshland, country) : sḫ.t
78288	* logogram (herb, plant) : sm
78289	* classifier "bud, lotus bud"|* phonemogram : nḫb
78290	* phonemogram : nn
78291	* logogram (king of Upper Egypt) : n(.y)-sw.t
78292	* phonemogram : rsw/rsy
78293	* logogram (land) : tꜣ
78294	* logogram (Upper Egypt) : šmꜥ.w
78295	* logogram (Upper Egypt) : šmꜥ.w
78296	* logogram (Upper Egypt) : šmꜥ.w
78297	* logogram (the 10 of Upper Egypt) : mḏ-šmꜥ.w
78298	* logogram (Upper Egypt) : šmꜥ.w
78299	* logogram (to be sweet) : nḏm|~ 131DB FE03 rotated approximately 20 degrees|~ 131DB FE06 rotated approximately 340 degrees
78300	* logogram (to be sweet) : bnr/bnꞽ
78301	* classifier growing : srd
78302	* classifier growing : srd
78303	* classifier growing : rd
78304	* logogram (grain, barley, corn) : ꞽt|~ 131E0 FE00 rotated 90 degrees [= 270 degrees]
78305	* variant of 131E0|* classifier grain, barley, corn : ꞽt
78306	* variant of 131E0|* classifier grain, barley, corn : tbtb
78307	* logogram (emmer) : bd.t
78308	* classifier heap, quantity : ꜥḥꜥ
78309	* phonemogram : ḏr
78310	* older variant of 131E5|* phonemogram : ḏr
78311	* classifier flax : ḥmꜥ
78312	* classifier granular product : snṯr
78313	* not to be confused with 132A7 or 1342A|* phonemogram : ꞽs
78314	* phonemogram : ꞽs
78315	* classifier wood/timber : ꜥš
78316	* phonemogram : wn
78317	* logogram (wine) : ꞽrp
78318	* thorn|* not to be confused with 133DA|* phonemogram : spd|~ 131EE FE01 rotated 180 degrees|~ 131EE FE02 rotated 270 degrees|~ 131EE FE06 rotated approximately 330 degrees
78319	* logogram (sky) : p.t
78320	* classifier night : grḥ
78321	* older variant of 131F0|* classifier night : grḥ
78322	* classifier storm : sšn
78323	* not to be confused with 13082 or 133F8|* logogram (the sun, Re) : rꜥ
78324	* logogram (the sun, Re) : rꜥ
78325	* logogram (course (of the day), daily requirements) : ẖr.t-hrw
78326	* classifier light, shining, rising : psḏ
78327	* variant of 131F8|* phonemogram : psḏ
78328	* variant of 131F7|* phonemogram : psḏ|~ 131F8 FE01 rotated 180 degrees
78329	* logogram (month) : ꜣbd|~ 131F9 FE00 rotated 90 degrees|~ 131F9 FE01 rotated 180 degrees
78330	* classifier moon : ꞽꜥḥ|~ 131FA FE00 rotated 90 degrees|~ 131FA FE01 rotated 180 degrees
78331	* logogram (half-month (festival)) : smd.t
78332	* logogram (star) : sbꜣ
78333	* classifier (netherworld) : dwꜣ.t
78334	* logogram (land) : tꜣ
78335	* variant of 131FE|* logogram (land) : tꜣ
78336	* not to be confused with 132F0, 133D4, or 133F3|* logogram (island) : ꞽw
78337	* phonemogram : ꞽmn
78339	* logogram (horizon-dweller) : ꜣḫ.ty
78340	* classifier riverbank : wḏb
78341	* logogram (riverbank) : ꞽdb|~ 13205 FE03 rotated approximately 30 degrees [but not yet vertical]|~ 13205 FE06 rotated approximately 330 degrees [horizontal]
78342	* logogram (riverbank) : ꞽdb
78343	* classifier geographical location : dmꞽ
78344	* logogram (nome, district) : spꜣ.t
78345	* classifier foreign land, desert : ḫꜣs.t
78346	* variant of 13209
78347	* phonemogram : ḏw
78348	* logogram (horizon) : ꜣḫ.t
78349	* phonemogram : ḫꜥ
78350	* hill|* not to be confused with 133D8|* transliterated as q or as 1E33|x (hebrew letter qof - 05E7)|x (arabic letter qaf - 0642)|* phonemogram : ḳ
78351	* logogram hill, mound : ꞽꜣ.t
78352	* logogram (road) : wꜣ.t
78353	* classifier clay : sꞽn
78354	* not to be confused with 130C9|* classifier medicaments, incense, oil : snṯr
78355	* not to be confused with 133E7|* classifier medicaments, incense, oil : ꜥn.tyw
78356	* classifier metal objects : ꞽḳḥ.w
78357	* variant of 13214|* logogram (metal) : bꞽꜣ
78358	* phonemogram : n|~ 13216 FE02 rotated 270 degrees
78359	* logogram (water) : mw
78360	* phonemogram : mr
78361	* lake|* transliterated as 0161|* not to be confused with 1328C|* phonemogram : š
78362	* variant of 13219|* phonemogram : š
78363	* variant of 13219|* phonemogram : š
78364	* variant of 13219|* phonemogram : š
78365	* logogram (to go) : šm
78366	* phonemogram : ḥm
78367	* variant of 1321E|* phonemogram : ḥm
78368	* logogram (Memphis (the white wall; first nome of Lower Egypt)) : ꞽnb-ḥḏ
78369	* logogram (2nd nome of Lower Egypt) : ḫm/ḫpš/ꞽwꜥ
78370	* logogram (West, 3rd nome of Lower Egypt) : ꞽmn.tt
78371	* logogram (Neith-South, 4th nome of Lower Egypt) : n.t-rs.yt
78372	* logogram (Neith-North, 5th nome of Lower Egypt) : n.t-mḥ.yt
78373	* logogram (Neith-North, 5th nome of Lower Egypt) : n.t-mḥ.yt
78374	* logogram (6th nome of Lower Egypt) : ḫꜣsw.w
78375	* logogram (7th nome of Lower Egypt) : wꜥ-m-ḥww-ꞽmn.ty
78376	* logogram (8th nome of Lower Egypt) : wꜥ-m-ḥww-ꞽꜣb.ty
78377	* logogram (9th nome of Lower Egypt) : ꜥnḏ.ty
78378	* logogram (10th nome of Lower Egypt) : km-wr
78379	* logogram (11th nome of Lower Egypt) : ḥsbw
78380	* logogram (12th nome of Lower Egypt) : ṯb-nṯr
78381	* logogram (13th nome of Lower Egypt) : ḥḳꜣ-ꜥnḏ.w
78382	* logogram (14th nome of Lower Egypt) : ḫnt.y-ꞽꜣb.ty
78383	* logogram (Thoth nome, 15th nome of Lower Egypt) : ḏhwty
78384	* logogram (First-of-fishes nome (16th nome of Lower Egypt)) : ḥꜣ.t-mḥ.yt
78385	* logogram (Behdet, 17th nome of Lower Egypt) : bḥd.t
78386	* logogram (17th nome of Lower Egypt (Diospolis)) : smꜣ-bḥd.t
78387	* logogram (18th nome of Lower Egypt) : ꞽm.ty-ḫnt.y
78388	* logogram (19th nome of Lower Egypt) : ꞽmty-pḥw
78389	* logogram (Sopdu, 20th nome of Lower Egypt) : spdw
78390	* logogram (Nubia, 1st nome of Upper Egypt) : tꜣ-sty
78391	* logogram (Throne of Horus (Edfu, 2nd nome of Upper Egypt)) : wṯs-ḥr
78392	* logogram (3rd nome of Upper Egypt) : nḫn
78393	* logogram (Thebes) : wꜣs.t
78394	* logogram (The two gods, 5th nome of Upper Egypt) : nṯr.wy
78395	* logogram (Iqer, 6th nome of Upper Egypt) : ꞽḳr
78396	* logogram (Bat (7th nome of Upper Egypt)) : bꜣ.t
78397	* logogram (8th nome of Upper Egypt) : tꜣ-wr
78398	* logogram (9th nome of Upper Egypt) : mnw
78399	* logogram (Wadjet, 10th nome of Upper Egypt) : wꜣḏ.t
78400	* logogram (Wadjet, 10th nome of Upper Egypt) : wꜣḏ.t
78401	* logogram (11th nome of Upper Egypt) : šꜣ/stẖ/stš
78402	* logogram (11th nome of Upper Egypt (commonly under stẖ/stš/šꜣ) : ḥw-n.t
78403	* logogram (12th nome of Upper Egypt) : ꜣtf.t
78404	* logogram (13th nome of Upper Egypt) : nḏf.t-ḫnt.t
78405	* logogram (14th nome of Upper Egypt) : nḏf.t-pḥ.t
78406	* logogram (Hermopolis magna, 15th nome of Upper Egypt) : wnw.t
78407	* logogram (Oryx nome, 16th nome of Upper Egypt) : mꜣ-ḥḏ
78408	* logogram (Anubis nome (17th nome of Upper Egypt)) : ꞽnpw.t
78409	* logogram (18th nome of Upper Egypt (known as nmty as well)) : dwn-ꜥn.wy
78410	* logogram (Nemty, 18th nome of Upper Egypt) : nmty
78411	* logogram (place of Igai, 19th nome of Upper Egypt) : bw-ꞽgꜣꞽ
78412	* logogram (20th nome of Upper Egypt) : nꜥr.t-ḫnt.t
78413	* logogram (21st nome of Upper Egypt) : nꜥr.t-ph.t
78414	* logogram (22nd nome of Upper Egypt) : mdnꞽ.t
78415	* logogram (22nd nome of Upper Egypt) : mdnꞽ.t
78416	* logogram (house, domain) : pr
78417	* logogram (scriptorum, school (house of life)) : pr-ꜥnḫ
78418	* logogram (treasury) : pr-ḥḏ
78419	* logogram (invocation offering) : pr.t-ḫrw
78420	x (hebrew letter he - 05D4)|x (arabic letter heh - 0647)|* phonemogram : h
78421	* phonemogram : nm
78422	* mirrored version of 13255
78423	* logogram (temple, mansion, estate) : ḥw.t|~ 13257 FE01 rotated 180 degrees
78424	* beginning of hwt or serekh enclosure|x (egyptian hieroglyph o033a - 13282)
78425	* beginning of low hwt enclosure
78426	* beginning of high hwt enclosure
78427	* end of high hwt enclosure
78428	* end of low hwt enclosure
78429	* end of hwt enclosure
78430	* logogram (temple, mansion, estate) : ḥw.t
78431	* logogram (the great domain, temple) : ḥw.t-ꜥꜣ.t
78432	* logogram (Nephthys (divinity)) : nb.t-ḥw.t
78433	* logogram (Hathor (divinity)) : ḥw.t-ḥr
78434	* logogram (mansion of life) : ḥw.t-ꜥnḫ
78437	* logogram (palace) : ꜥḥ
78438	* logogram (palace) : ꜥḥ
78439	* classifier enfolding, enclosing, walling in : sbḫ
78440	* classifier gateway : sbḫ.t
78441	* logogram (court) : wsḫ.t
78442	* logogram (portal, portico) : sbḫ.t
78443	* phonemogram : tꜣ
78444	* classifier shrine, chapel : kꜣr
78445	* classifier shrine : pr-wr
78446	* logogram (shrine, row of shrines) : ꞽtr.t
78447	* classifier sanctuary, shrine : ꞽtr.ty
78448	* variant of 1326F
78449	* logogram (pavilion, hall, booth) : sḥ
78450	* classifier booth : sḥ
78451	* logogram (jubilee, sed-festival) : ḥb-sd
78452	* classifier pyramid, tomb : mr
78453	* classifier solar temple : sḫ.t-rꜥ
78454	* classifier obelisk : tḫn
78455	* classifier solar temple : s.t-ꞽb-rꜥ
78456	* classifier stela : wḏ
78457	* classifier hall, office : ḫꜣ
78458	* phonemogram : ꞽwn
78459	* phonemogram : ꜥꜣ|~ 1327B FE00 rotated 90 degrees|~ 1327B FE02 rotated 270 degrees
78460	* rotated version of 1327B|* phonemogram : ꜥꜣ
78461	* not to be confused with 13361|* logogram (pole, support) : sḫn.t
78463	* logogram (gate) : ꜥꜣ|~ 1327F FE00 rotated 90 degrees|~ 1327F FE01 rotated 180 degrees
78464	* classifier doorway : sbꜣ
78465	* classifier palace façade : srḫ
78466	* end of serekh enclosure|x (egyptian hieroglyph o006a - 13258)
78467	x (egyptian hieroglyph s029 - 132F4)|* phonemogram : s
78468	* phonemogram : ꞽs
78469	* logogram (wall) : ꞽnb|~ 13285 FE00 rotated 90 degrees
78470	* beginning of fortified wall cartouche
78471	* end of fortified wall cartouche
78472	* beginning of fortified wall enclosure
78473	* end of fortified wall enclosure
78474	* classifier overthrow, demolish : whn
78475	* classifier passage : ꜥrr.yt|~ 1328B FE01 rotated 180 degrees
78476	* not to be confused with 13219|* classifier stone, brick, pebble : mꜣṯ|~ 1328C FE00 rotated 90 degrees
78477	* logogram stairway : rwd
78478	* classifier ascending, being high : ḳꜣ.y
78479	* phonemogram : šsp
78480	* older variant of 1328F|* phonemogram : šsp
78481	* logogram (office, rank, function) : ꞽꜣw.t
78482	* logogram (harim, inner chamber) : ꞽp.t
78483	* logogram (harim, inner chamber) : ꞽp.t
78484	* logogram (Hierakonpolis) : nḫn
78485	* logogram (time, occasion) : sp
78486	* logogram (city, village) : nꞽw.t|~ 13296 FE03 rotated 45 degrees [= 135, 225, 315 degrees]
78487	* classifier treshing floor : sp.t
78488	* mirrored version of 13299
78489	* phono-repeater/classifier (time, occasion) : sp
78490	* logogram (granary) : šnw.t
78491	* classifier movement : ḫnt
78492	* classifier to upset, to overturn : pnꜥ
78494	* classifier bark/boat : (m)skt.t
78495	* mirrored variant of 1329E
78496	* logogram (to loosen, to explain) : wḥꜥ
78497	* logogram (wind, breath, air) : ṯꜣw
78498	* phonemogram : ꜥḥꜥ
78499	* phonemogram : ꜥḥꜥ
78500	* phonemogram : ḫrw|~ 132A4 FE01 rotated 180 degrees|~ 132A4 FE02 rotated 270 degrees|~ 132A4 FE06 rotated approximately 315 degrees
78501	* phonemogram : ḫrw=f(y)
78502	* logogram (steering oar) : ḥmw
78503	* not to be confused with 131E9 or 1342A|* classifier mooring post : mnꞽ.t
78504	* logogram (seat, throne, place) : s.t
78505	* phonemogram : ws
78506	* phonemogram : p|~ 132AA FE00 rotated 90 degrees
78507	* classifier headrest : wrs
78508	* classifier box : hn(w)
78509	* classifier coffin : ḳrs.w
78510	* classifier fire, flame, heat : sḏ.t
78511	* classifier altar : ḫꜣ(w).t
78512	* logogram (altar) : ḫꜣw.t
78513	* logogram (altar) : ḫꜣw.t
78514	* classifier festival : ḥ(ꜣ)b
78515	* classifier offering table/jar-stand : ḫnt
78517	* logogram (offering) : ḥtp
78518	* classifier fumigation/censing : kꜣp
78519	* logogram (to fumigate, to cense) : kꜣp
78520	* logogram (incense) : snṯr
78521	* logogram (god) : nṯr
78522	* classifier natron : ḥsmn
78523	* logogram (necropolis) : ẖr.t-nṯr
78524	* logogram (necropolis) : ẖr.t-nṯr
78525	* phonemogram : ḏd
78526	* classifier standard : ꞽꜣ.t
78527	* logogram (west, right side) : ꞽmn.t
78528	* logogram (west) : ꞽmn.t
78529	* phonemogram : ꜣb
78530	* classifier fray, battle : sk.w
78531	* logogram (Nefertem) : nfr-tm
78532	* logogram (8th nome of Upper Egypt) : tꜣ-wr
78533	* logogram (8th nome of Upper Egypt) : tꜣ-wr
78534	* logogram (Thebes) : wꜣs.t
78535	* logogram (Seshat (divinity)) : sšꜣ.t
78536	* logogram (Seshat (divinity)) : sšꜣ.t
78537	* logogram (Letopolis) : ḫm
78538	* logogram (Min (divinity)) : mnw
78539	* logogram (Neith (divinity)) : n.t|~ 132CB FE00 rotated 90 degrees
78540	* logogram (Neith (divinity)) : n.t
78541	* phonemogram : smꜣ
78542	* logogram (Neith (divinity)) : n.t
78543	* logogram (Bat (7th nome of Upper Egypt)) : bꜣ.t
78544	* logogram (shrine, row of shrines) : ꞽtr.t
78545	* phonemogram : ḥḏ
78546	* classifier crown : wrr.t
78547	* logogram (Upper Egypt) : šmꜥ.w
78548	* phonemogram : n
78549	* classifier crown : n.t
78550	* classifier double crown : sḫm.ty
78551	* classifier double crown : sḫm.ty
78552	* logogram (Lower Egypt) : mḥ.w
78553	* classifier crown : ḫprš
78554	* logogram (Atef crown) : ꜣtf
78555	* logogram (double plumes/two feather crown) : šw.ty
78556	* logogram (strip of cloth, fillet) : mḏḥ|~ 132DC FE00 rotated 90 degrees
78557	* logogram (necklace, collar) : wsḫ
78558	* logogram (gold) : nbw
78559	* phonemogram : nb
78560	* logogram (silver) : ḥḏ
78561	* logogram (white gold, fine gold, electrum) : ḏꜥm
78563	* logogram (faience, glass) : ṯḥn.t
78564	* logogram (faience, glass) : ṯḥn.t
78565	* logogram (faience, glass) : ṯḥn.t
78566	* phonemogram : šsm
78567	* classifier necklace : mnꞽ.t|~ 132E7 FE00 rotated 90 degrees|~ 132E7 FE02 rotated 270 degrees
78568	* logogram (sealbearer) : ḫtm.w/y
78569	* logogram (seal, lock, sealing) : ḫtm|~ 132E9 FE02 rotated 270 degrees|~ 132E9 FE06 rotated approximately 300 degrees
78570	* logogram (necklace, collar) : wsḫ
78571	* phonemogram : sṯ
78572	* logogram (to unite, to assemble) : dmḏ
78573	* classifier to tie, to bind : ṯs
78574	* classifier garment, mantle, kilt : mꜣs.t
78575	* classifier kilt, royal apron : šnḏ.wt
78576	* not to be confused with 13200, 133D4, or 133F3|* logogram (loincloth, garment) : dꜣꞽ.w
78577	* variant of 132F0
78578	* logogram (clothing) : mnḫ.t
78579	* classifier clothing : ḥbs
78580	x (egyptian hieroglyph o034 - 13283)|* phonemogram : s
78581	* phonemogram : sf
78582	* phonemogram : smꜣ
78583	* phonemogram : sꞽꜣ
78584	* classifier sandal : ṯbw.t|~ 132F8 FE02 rotated 270 degrees
78585	* logogram (life) : ꜥnḫ
78586	* classifier shadow, shade : mnḳb
78587	* variant of 132FA
78588	* older variant of 132FA|* logogram (shadow, shade) : šw.t
78589	* logogram (fan) : ḫw|~ 132FD FE02 rotated 270 degrees
78590	* phonemogram : ḥḳꜣ
78591	* logogram (shepherd's crook) : ꜥw.t
78592	* phonemogram : wꜣs
78593	* classifier sceptre : ḏꜥm
78594	* phonemogram : sḫm|~ 13302 FE02 rotated 270 degrees
78595	* phonemogram : md(w)|~ 13303 FE02 rotated 270 degrees
78596	* classifier staff, sceptre : ꜣsm
78597	* logogram (flagellum) : nḫꜣḫꜣ
78598	* phonemogram : k
78599	* phonemogram : mn|~ 13307 FE00 rotated 90 degrees
78600	* classifier striking, hitting : sḳr|~ 13308 FE01 rotated 180 degrees
78601	* phonemogram : ḥḏ
78602	* phonemogram : ḥḏw
78603	* phonemogram : ḥḏ
78604	* phonemogram : ḥḏ
78605	* phonemogram : ḥḏḏ
78606	* logogram (carpenter, shipwright) : mḏḥ.w
78607	* classifier axe, battle-axe : ꞽḳḥ.w
78608	* older variant of 13311|* phonemogram : tp|~ 13310 FE02 rotated 270 degrees
78609	* phonemogram : tp|~ 13311 FE02 rotated 270 degrees
78610	* classifier bow, weapon : pḏ.t|~ 13312 FE01 rotated 180 degrees|~ 13312 FE02 rotated 270 degrees
78611	* older variant of 13312|* phonemogram : pḏ|~ 13313 FE01 rotated 180 degrees|~ 13313 FE02 rotated 270 degrees
78612	* logogram (bow) : pḏ.t|~ 13314 FE01 rotated 180 degrees|~ 13314 FE02 rotated 270 degrees
78613	* phonemogram : swn
78615	* phonemogram : rwḏ
78616	* phono-repeater : rs
78617	* phono-repeater : ḳmꜣ
78618	* older variant of 13319|* phonemogram : ṯḥn
78619	* classifier curved blade, scimitar : ḫpš|~ 1331B FE00 rotated 90 degrees|~ 1331B FE01 rotated 180 degrees
78620	* classifier strong arm, power, strength : ḫpš|~ 1331C FE02 rotated 270 degrees
78621	* logogram (chariot) : wrr.t
78622	* logogram (follower, retainer) : šms.w
78623	* classifier bone : ꜣbw
78624	* older variant of 1331F|* classifier harpoon : ḳs
78625	* logogram (one, sole) : wꜥ|~ 13321 FE01 rotated 180 degrees|~ 13321 FE02 rotated 270 degrees
78626	* phonemogram : sn|~ 13322 FE00 rotated 90 degrees|~ 13322 FE01 rotated 180 degrees
78627	* more recent variant of 13322|* phonemogram : sn
78628	* classifier catching, netting : ꞽ.ꜥḥ
78629	* phonemogram : ḏbꜣ
78630	* classifier catching, netting : ꞽbṯ
78631	* older variant of 13326|* classifier weaving, woven material : sḫt
78632	* phonemogram : ẖr
78633	* logogram (place of slaughter)
78634	* classifier cutting, slaughter : ds
78635	* phonemogram : sšm|~ 1332B FE06 rotated approximately 340 degrees [horizontal]
78636	* phonemogram : sšm
78637	* phonemogram : sšm
78638	* older variant of 13326|* logogram (butcher) : sšm
78640	* classifier knife : nm
78641	* variant of 13330|* logogram (knife) : nm|~ 13331 FE01 rotated 180 degrees|~ 13331 FE02 rotated 270 degrees
78642	* classifier shield : ꞽkm
78643	* phonemogram : mꜣ
78644	* stylistic variant of 13333|* phonemogram : mꜣ
78645	* phonemogram (in mꜣꜣ, to see) : mꜣ
78646	* phonemogram : mꜣꜥ
78647	* stylistic variant of 13336|* phonemogram : mꜣꜥ
78648	* phonemogram : mr|~ 13338 FE03 rotated approximately 30 degrees|~ 13338 FE06 rotated approximately 320 degrees [horizontal]
78649	* rotated version of 13338
78650	* mirrored version of 13339
78651	* rotated version of 13338|* phonemogram : mr
78652	* phonemogram : ḥn|~ 1333C FE00 rotated 90 degrees
78653	* classifier grain/barley : sšr
78654	* logogram (harvest, crop) : šm.w
78655	* logogram (bushel (a corn measure, 10 hin)) : ḥḳꜣ.t
78656	* logogram (bushel (a corn measure, 10 hin)) : ḥḳꜣ.t
78657	* classifier plough/plowed material : skꜣ
78658	* phono-repeater : šnꜥ
78659	* phonemogram : tm
78660	* phonemogram : bꞽꜣ
78661	* phonemogram : grg
78662	* variant of 13345|* logogram (to found, to establish, to hunt, to lay (a trap)) : grg
78663	* phonemogram : nw
78664	* older variant of 13347|* phonemogram : nw
78665	* phonemogram : stp
78666	* phono-repeater : mnḫ|~ 1334A FE02 rotated 270 degrees
78667	* phonemogram : ꜣb/mr
78668	* stylistic variant of 1334B|* phonemogram : ꜣb/mr
78669	* logogram (craftsman) : ḥmw.w
78670	* older variant of 1334D|* logogram (craft) : ḥmw.t
78671	* logogram (to open) : wbꜣ
78672	* older variant of 1334F|* classifier to open : wbꜣ
78673	* phonemogram : ḏꜣ
78674	* older variant of 13351|* phonemogram : ḏꜣ
78675	* phonemogram : wḏꜣ
78676	* phonemogram : tꜣ
78677	* classifier to restrain : rtḥ
78678	* logogram (to pound, to crush) : sḥm
78679	* phono-repeater : smn
78680	* phonemogram : tꞽ
78681	* phonemogram : ḫsf
78682	* phonemogram : ḫsf
78683	* phonemogram : ḥm
78684	* logogram (razor) : mẖꜥḳ.t
78685	* logogram (balance) : mḫꜣ.t
78686	* classifier balance, scale : mḫꜣ.t
78687	* cursive variant of 1335E|* phonemogram : rs
78688	* classifier plummet : tḫ
78689	* not to be confused with 1327D|* logogram (staff) : ms.t|~ 13361 FE02 rotated 270 degrees
78690	* classifier "cord, rope"|* not to be confused with 133F2|* logogram (100) : šn.t
78691	* 200
78692	* 300
78693	* 400
78694	* 500
78695	* 600
78696	* 700
78697	* 800
78698	* 900
78699	* 500
78700	* logogram (to drag, to pull, to draw) : sṯꜣ
78701	* phonemogram : stꜣ/sṯꜣ
78702	* phonemogram : sṯꜣ.w
78703	* phonemogram : wꜣ
78704	* logogram (foundation) : snṯ|~ 13370 FE06 rotated approximately 320 degrees
78705	* phonemogram : šs|~ 13371 FE06 rotated approximately 315 degrees
78706	* phonemogram : šn
78707	* classifier cloth : ꞽꜣḳs|~ 13373 FE02 rotated 270 degrees
78708	* phonemogram : šn
78709	* phonemogram : šn
78710	* logogram (to surround, to encircle) : šnꞽ
78711	* logogram (name) : rn|~ 13377 FE00 rotated 90 degrees
78712	x (egyptian hieroglyph v011d - 1342F)|* classifier half, part, portion : psš|~ 13378 FE00 rotated 90 degrees
78713	* beginning of cartouche
78714	* end of cartouche
78715	* end of knotless cartouche
78716	* classifier papyrus/book/document : šꜥ.t
78717	* phonemogram : dḳr|~ 1337D FE02 rotated 270 degrees
78718	* classifier papyrus/book/document : wḏ.w-nṯr.w
78719	* transliterated as 1E6F|* phonemogram : ṯ
78720	* variant of 1337F|* phonemogram : ṯ
78721	* phonemogram : ꞽṯ(ꞽ)
78722	* phonemogram : sꜣ
78723	* logogram (protection) : sꜣ
78724	* older variant of 13383|* logogram (protection) : sꜣ
78725	* logogram (stable) : mḏ.t|~ 13385 FE02 rotated 270 degrees
78726	* not to be confused with 133AD|* logogram (10) : mḏ
78727	* not to be confused with 133AE|* 20
78728	* 30
78729	* 40
78730	* 50
78731	* 60
78732	* 70
78733	* 80
78734	* 90
78735	* variant of 13387|* 20
78736	* variant of 13388|* 30
78737	* variant of 13389|* 40
78738	* variant of 1338A|* 50
78739	* logogram (stable) : mḏ.t
78740	* phonemogram : mḥ
78741	* older variant of 13394|* phonemogram : mḥ
78742	* phonemogram : mḥ
78743	* phonemogram : wḏ > wd
78744	* more recent variant of 13397|* phonemogram : wḏ > wd
78745	* phonemogram : ꜥnḏ|~ 13399 FE00 rotated 90 degrees
78746	* older variant of 13399|* phonemogram : ꜥnḏ|~ 1339A FE00 rotated 90 degrees
78747	* transliterated as 1E25|x (arabic letter hah - 062D)|* phonemogram : ḥ
78748	* phonemogram : ḥꜥ
78749	* phonemogram : wꜣḥ
78750	* phonemogram : sk
78751	* phonemogram : nb
78752	* variant of 1339F
78753	x (hebrew letter kaf - 05DB)|x (arabic letter kaf - 0643)|* phonemogram : k
78754	* mirrored version of 133A1|* phonemogram : k
78755	* phonemogram : msn
78756	* classifier linen : sšr
78757	* classifier sack, bundle : ḳꜣr
78758	* more recent variant of 133A4|* classifier (perfume) : st
78759	* logogram (linen) : sšr
78760	* phonemogram : ḥn
78761	* phono-repeater : ꞽdr
78762	* phonemogram : ꞽd
78763	* not to be confused with 1308B|* classifier to bandage, to wrap : wt
78764	* logogram (Tit-amulet) : tꞽ.t
78765	* not to be confused with 13386|* 10
78766	* not to be confused with 13387|* 20
78767	* classifier oil, unguent : mrḥ.t|~ 133AF FE02 rotated 270 degrees
78768	* phonemogram : bꜣs|~ 133B0 FE02 rotated 270 degrees
78769	* logogram (festival) : ḥ(ꜣ)b
78770	* variant of 133B1
78771	* logogram (festival) : h(ꜣ)b
78772	* logogram (lector priest) : ẖr.y-ḥ(ꜣ)b.t
78773	* classifier cauldron : ḥw.t
78774	* classifier granite : mꜣṯ
78775	* phono-repeater : ꜣb
78776	* phonemogram : ẖnm
78777	* mirrored version of 133B8
78778	* phonemogram : ꜥ
78779	* phonemogram : bꜣ
78780	* phonemogram : g
78781	* older variant of 133BC|* phonemogram : g
78782	* classifier red (earthenware) vessel : dšr.t
78783	* phonemogram : ḥs|~ 133BF FE02 rotated 270 degrees
78785	* logogram (to be cool, to cool) : ḳbḥ
78786	* classifier libation water : ḳbḥ
78787	* phonemogram : ḫnt
78788	* cursive variant of 133C3|* phonemogram : ḫnt
78789	* older variant of 133C3|* phonemogram : ḫnt
78790	* cursive variant of 133C5
78791	* phonemogram : mꞽ
78792	* classifier milk : ꞽrṯ.t
78793	* classifier wine : ꞽrp
78794	* logogram (beer) : ḥnḳ.t
78795	* logogram (beer) : ḥnḳ.t
78796	* phonemogram : nw
78797	* monogram 'nw(n)' or 'nww'
78798	* phonemogram : ꞽn(ꞽ)
78799	* phonemogram : t
78800	* logogram (bread) : t
78801	* variant of 133D0|* classifier bread/food
78802	* classifier festival
78803	* variant of 133D2|* phonemogram : t|~ 133D3 FE00 rotated 90 degrees
78804	* variant of 133D2|* not to be confused with 13200, 132F0, or 133F3|* classifier bread, festival; Phonemogram t; Logogram t (bread); Phono-repeater: sn, fḳꜣ : t | sn, fḳꜣ
78805	* hieratic|* variant of 133D4|* phono-repeater : sn
78806	* classifier offering, cake, loaf : t-ꜣsr
78807	* variant of 133D6
78808	* not to be confused with 1320E|* classifier food : gs
78809	* phonemogram : ḏꞽ > dꞽ
78810	* variant of 133D9|* not to be confused with 131EE|* classifier bread : t-ḥḏ
78811	* classifier abstract words : sspd.w|~ 133DB FE02 rotated 270 degrees
78812	* rotated version of 133DB|* logogram (papyrus scroll, book) : mḏꜣ.t
78813	* older variant of 133DB|* classifier writing, things written : mdw|~ 133DD FE02 rotated 270 degrees
78814	* logogram (scribe) : sš
78815	* mirrored version of 133DE|* logogram (scribe) : sš
78816	* phonemogram : mn
78817	* classifier game, gamepiece : sn.t
78818	* classifier harp : bn.t
78819	* classifier sistrum : sḫm
78820	* not to be confused with 133FA|* classifier semogram|~ 133E4 FE00 rotated 90 degrees [= 270 degrees]
78821	* not to be confused with 133FC|* classifier plural|~ 133E5 FE00 rotated 90 degrees [= 270 degrees]
78822	* stylistic variant of 133E5
78823	* not to be confused with 13213|~ 133E7 FE00 rotated 90 degrees [= 270 degrees]
78824	* variant of 133E6|* classifier plural|~ 133E8 FE01 rotated 180 degrees
78825	* rotated version of 133E8|* classifier plural
78826	* variant of 133E5|* classifier plural
78827	* rotated version of 133E5|* classifier plural
78828	* rotated version of 133E7
78829	* classifier 'dual'|x (egyptian hieroglyph m017a - 131CC)|* phonemogram : y
78830	* not to be confused with 133FB|* logogram (two) : sn.w|~ 133EE FE00 rotated 90 degrees [= 270 degrees]
78831	* substitute for dangerous signs
78832	* variant of 133EF|* classifier divinity (replacing G7)
78833	* classifier death : ḫp.t
78834	* not to be confused with 13362|* phonemogram : w|~ 133F2 FE00 rotated 90 degrees
78835	* not to be confused with 13200, 132F0, or 133D4|* classifier round, oval : šn(.w)
78836	* classifier divide : psš
78837	* older variant of 133F4|* classifier break : ḥbs|~ 133F5 FE00 rotated 90 degrees
78838	* phonemogram : ꞽm|~ 133F6 FE00 rotated 90 degrees
78839	* hieratic|* phonemogram : ḥw
78840	* circle, unmarked round sign|* not to be confused with 13082 or 131F3
78841	* hieratic|* classifier semogram
78842	* not to be confused with 133E4|* logogram (one, sole) : wꜥ
78843	* not to be confused with 133EE|* logogram (two) : sn.w
78844	* not to be confused with 133E5|x (egyptian hieroglyph z003 - 133EA)|* logogram (three) : ḫmt
78845	* logogram (four) : fd(.w)
78846	* logogram (five) : dꞽw
78847	* logogram (six) : sꞽs
78848	* logogram (seven) : sfḫ
78849	* logogram (eight) : ḫmn
78850	* logogram (nine) : psḏ
78851	* variant of 133FE|* logogram (five) : dꞽw
78852	* logogram (one, sole) : wꜥ
78853	* logogram (two) : sn.w
78854	* logogram (three) : ḫmt
78855	* logogram (four) : fd(.w)
78856	* logogram (five) : dꞽw
78857	* logogram (six) : sꞽs
78858	* logogram (seven) : sfḫ
78859	* logogram ḫmn (eight)/Logogram ḫmnw (Hermopolis) : ḫmn & ḫmnw
78860	* logogram (nine) : psḏ
78861	* transliterated as 1E2B|x (arabic letter khah - 062E)|* phonemogram : ḫ|~ 1340D FE04 rotated approximately 135 degrees [= 315 degrees]
78862	* classifier bad/evil : nḥꜣ
78863	* classifier efflux, smell (i.e., excrement) : ḥs
78864	* phonemogram : bꜣ
78865	* classifier oar : ḥpt
78866	* phono-repeater : ṯmꜣ
78867	* classifier to present : sḳ(r)
78868	* mirrored version of 13413|* classifier to present : sḳ(r)
78870	* logogram (nome, district) : spꜣ.t|~ 13416 FE00 rotated 90 degrees
78871	* classifier suffering : wḫd
78872	* classifier writing : drf
78873	* phonemogram : mꜣꜥ|~ 13419 FE00 rotated 90 degrees|~ 13419 FE01 rotated 180 degrees|~ 13419 FE02 rotated 270 degrees|~ 13419 FE03 rotated approximately 15 degrees|~ 13419 FE06 rotated approximately 345 degrees
78874	* older variant of 13419|* phonemogram : mꜣꜥ|~ 1341A FE00 rotated 90 degrees
78875	* phonemogram : gs
78876	* older variant of 1341B|* logogram (side, half) : gs
78877	* phonemogram : m
78878	* variant of 1341D|* logogram (side, half) : gs
78879	* phonemogram : sꜣ
78880	* more recent variant of 1341F|* phonemogram : s
78881	* classifier shrine, chapel
78882	* phonemogram : ꜥpr
78883	* logogram (to judge, to separate) : wḏꜥ|~ 13423 FE00 rotated 90 degrees
78884	* logogram (to judge, to separate) : wḏꜥ
78885	* logogram (to press, to cling (to)) : mḏd
78886	* older variant of 13425|* logogram (to press, to cling (to)) : mḏd
78887	* phonemogram : smꜣ
78888	* phonemogram : sbꞽ
78889	* phonemogram : nḏ
78890	* not to be confused with 131E9 and 132A7|* phonemogram : ḳd
78891	* older variant of 1342A|* phonemogram : ḳd
78892	* logogram (ornament) : ẖkr|~ 1342C FE02 rotated 270 degrees
78893	* older variant of 1342C|* logogram (ornament) : ẖkr
78894	* logogram (Nubia) : sty|~ 1342E FE02 rotated 270 degrees
78895	* knotted beginning of cartouche|* not to be confused with 13378
78896	= sign separator: subordination (Manuel de Codage)
78897	= sign separator: juxtaposition (Manuel de Codage)
78915	~ 13443 FE00 expanded
78916	~ 13444 FE00 expanded
78917	~ 13445 FE00 expanded
78918	~ 13446 FE00 expanded
78944	* classifier human being
78945	* classifier human being : rmn.w
78946	* logogram (first person singular) : ꞽ
78947	* classifier human being : wnn.yw
78948	* classifier court, entourage : šny.t
78949	* classifier occupation/relationship (fisherman or brewer) : ḏbḥ(.w) | dbḥ
78950	* classifier to conspire, to brood : wꜣ
78951	* classifier personal name
78952	* logogram (enemies) : ḫft.yw
78953	* classifier human being (poor man) : šwꜣ.w
78954	* classifier human being : ḥnmm.t?
78955	* logogram (vocative interjection) : ꞽ
78956	* logogram (first person singular) : ꞽ
78957	* classifier sitting : ḥ(m)sꞽ
78959	* classifier eating/drinking/speech/ silence/thoughts feelings
78960	* classifier speech/sound : ṯḥḥ.wt
78961	* classifier speech/silence : dbḥ
78962	* classifier acclaim, speaking : nhm
78963	* classifier speech/silence : ḏd
78964	* classifier sitting/weak/faint
78966	* logogram (praise, worship) : dwꜣ
78967	* classifier adoration : ꞽꜣw.t
78968	* classifier supplication/hiding/rejection
78969	* classifier harpooner/priest : msn.ty
78970	* classifier reverence : ḥfꜣ
78971	* classifier enemies : twꜣ.w
78972	* classifier prisoner : sḳr-ꜥnḫ
78973	* classifier human being/personal name
78974	* classifier joy : hnw
78975	* logogram (joy) : hnw
78976	* classifier making music : ḫnw
78977	* classifier joy : hnw
78978	* classifier joy : hnw
78979	* classifier human being
78980	* classifier human being : ꞽt
78981	* logogram (musician) : ḥs.w
78982	* classifier bald : ꞽꜣs
78983	* classifier music : ꞽḥy
78985	* classifier to totter : mss
78986	* classifier foreigner (Nubian) : nḥs.y
78987	* logogram (to fraternize) : snsn
78988	* logogram (to fraternize) : snsn
78989	* classifier deserter/wanderer : tš
78990	* classifier to wrestle : ḳmꜣ
78991	* classifier to defecate : fgn
78992	* classifier to be short : ḥwꜥ
78993	* logogram (to pour, to drain) : stꞽ
78994	* classifier (the cold one) : ḥs.w
78995	* phonemogram : ꞽn
78996	* classifier old man : kḥkḥ
78998	* classifier hair related : ꞽꜣs
79000	* phonemogram : ꜥnt
79001	* logogram (myrrh) : ꜥnt.yw
79002	* classifier official, noble : sr
79003	* classifier vocative interjection : ꞽ
79004	* logogram (to bend) : ḳꜥḥ
79005	* classifier attacker : tkk
79006	* classifier lifting/carrying : ṯsꞽ
79009	* classifier bowing : ksw
79010	* logogram (sem-priest)? : sm
79011	* classifier bald : ꞽꜣs
79012	* classifier bald : ꞽꜣs
79013	* classifier adoration : ꞽꜣw
79015	* classifier leaping, bounding : špw
79016	* classifier bowing : ksw
79018	* classifier bowing : ḫꜣb
79019	* logogram (kissing the land) : sn-tꜣ
79020	* classifier to twist : sps
79021	* phonemogram : ḳꞽs
79023	* logogram (bowing down) : ḫꜣb/ksw
79024	* classifier falling : sḫr
79025	* logogram (to overthrow, to cast down) : sḫr
79026	* classifier enemy : mmty
79027	* classifier bowing/lowering to the ground
79029	* logogram (kissing the land) : sn-tꜣ
79030	* logogram (kissing the land) : sn-tꜣ
79032	* classifier bowing, lowering to the ground : ksꞽ
79033	* classifier corpse : ẖꜣ.t
79034	* classifier to overthrow : hdb
79035	* classifier corpse
79036	* classifier to sleep/to awaken : sḏr, sṯs
79037	* classifier lying on one side : sḏr
79039	* classifier swimming : mḥꞽ
79040	* phonemogram : nb
79041	* classifier swimming : nbꞽ
79043	* phonemogram : nb
79044	* phonemogram : nb
79045	* classifier swimming : nbꞽ
79046	* logogram (official, noble) : sr
79047	* logogram (9th nome of Lower Egypt) : ꜥnḏ.ty
79048	* classifier statue : twt
79049	* logogram (elder) : wr
79050	* logogram (elder (in ḥr-wr, Haroeris)) : wr
79051	* classifier sovereign : ꞽt.y
79053	* classifier wisdom : sbḳ
79054	* logogram (elder of the court) : sms.w-hꜣy.t
79055	* classifier statue : twt
79056	* classifier to cut down
79057	* logogram (great) : wr
79058	* logogram (great one, chief) : wr
79059	* logogram (great one, chief) : wr
79060	* logogram (great) : wr
79062	* logogram (great one, chief) : wr
79063	* classifier noble : sr
79064	* classifier Orion : sꜣḥ
79065	* logogram (son/child of) : sꜣ
79066	* classifier lector priest : ẖr.y-ḥb.t ḥr.y-tp
79067	* logogram (humankind, patricians) : pꜥ.t
79068	* logogram (humankind, patricians) : pꜥ.t
79069	* logogram (to drink) : swr
79070	* classifier swallowing : sꜥm
79071	* logogram (to drink) : swr
79072	* classifier drinking : swr
79073	* classifier lifting/carrying : fꜣꞽ
79074	* classifier lifting/carrying : fꜣꞽ
79075	* classifier lifting/carrying : fꜣꞽ
79076	* pictogram kneeling making offering
79077	* classifier work : kꜣ.t
79078	* classifier work : kꜣ.t
79079	* phonemogram : f
79080	* classifier work : kꜣ.t
79081	* classifier work : kꜣ.t
79082	* logogram (to lift, to carry) : fꜣꞽ
79083	* logogram (to lift, to carry) : fꜣꞽ
79084	* logogram (to lift the arm) : fꜣꞽ-ꜥ
79085	* logogram (Heh (divinity)) : ḥḥ
79086	* logogram (to suppport, to raise) : twꜣ
79087	* classifier to hold up, to support (in the title ꜥḫ-p.t) : ꜥḫ
79088	* classifier vocative interjection
79089	* phonemogram (in snm.t, the island Biga) : snm
79090	* phonemogram : ꞽwn
79091	* phonemogram/logogram (his heart) : ꞽb=f
79092	* classifier people : rḫ.yt
79094	* logogram (farmer/gardener) : ꞽb(w)
79095	* phonemogram (from fꜣꞽ ḥr) : ḥr=f
79096	* classifier reaping : šꜥ
79097	* classifier lector priest : ẖr.y-ḥb.t
79098	* phonemogram : nn
79099	* logogram (his name) : rn=f
79100	* phonemogram : f
79101	* logogram (to lift, to carry) : fꜣꞽ
79102	* classifier to lift, to carry : fꜣꞽ
79103	* logogram (work) : kꜣ.t
79104	* phonemogram : f
79105	* logogram (to raise up offerings) : fꜣꞽ-(ꞽ)ḫ.t
79106	* logogram (to raise up offerings) : fꜣꞽ-(ꞽ)ḫ.t
79108	* logogram (to suppport/to raise the sky) : twꜣ-p.t
79109	* phonemogram : f
79111	* phonemogram : f
79112	* phonemogram : f
79114	* classifier offering : ḫnp
79115	* logogram (to bring) : ꞽnꞽ
79116	* logogram (to bring) : ꞽnꞽ
79117	* classifier force/effort : nḏr/smꜣ
79118	* classifier force/effort : nḫt
79119	* classifier death : mt
79120	* logogram (pure, clean) : wꜥb
79121	* logogram (pure, clean) : wꜥb
79122	* logogram (pure, clean) : wꜥb
79123	* logogram (wab-priest) : wꜥb
79124	* logogram (wab-priest) : wꜥb
79126	* classifier to libate : sṯ
79127	* logogram (pure, clean) : wꜥb
79128	* logogram (pure, clean) : wꜥb
79129	* logogram (to be pure, to be clean) : wꜥb
79130	* logogram (pure, clean) : wꜥb
79132	* logogram (wab-priest) : wꜥb
79133	* logogram (pure, clean) : wꜥb
79134	* logogram (pure, clean) : wꜥb
79135	* classifier pouring : stꞽ
79136	* classifier pouring : stꞽ
79138	* logogram (to pour) : stꞽ
79139	* logogram (to libate)? : ḳbḥ
79140	* classifier greeting : nꞽnꞽ
79141	* classifier to sprinkle, to scatter : ntš
79142	* logogram (to sprinkle, to scatter) : stꞽ
79143	* logogram (to hide) : ꞽmn
79144	* classifier hiding/hidden : ꞽmn
79145	* classifier hiding/hidden : ꞽmn
79146	* logogram (to hide) : ꞽmn
79147	* classifier melting/casting : nb
79148	* logogram (overseer of the deserts) : ꞽm.y-r-s.t
79149	* classifier grinding : nḏ
79150	* classifier grinding : nḏ
79151	* classifier (to measure) : ḫꜣꞽ
79152	* classifier reaping/harvesting : ꜣsḫ
79153	* logogram (to drive in the mooring post) : ḥwꞽ-mnꞽ.t
79155	* logogram (to pound, to build) : ḫwsꞽ
79156	* logogram (to pound, to build) : ḫwsꞽ
79157	* logogram (to build) : ḳd
79158	* logogram (to build) : ḳd
79159	* classifier building/constructing : sꞽp
79160	* classifier building/constructing : ẖnm
79161	* classifier building/constructing : sps
79162	* logogram (to create, to shape) : nḥp
79163	* classifier to create, to shape : nḥp
79164	* classifier to create : ḳd
79165	* classifier to create : ḳd
79166	* logogram (to sieve, to press) : ꜥtḫ
79167	* logogram (brewer) : ꜥf.ty
79168	* classifier pot-stand/sideboard : ḫnt
79169	* classifier to punt/pole (a boat) : wdꞽ
79170	* uncertain, classifier?
79171	* logogram (builders) : ḳd.w
79174	* uncertain (in sꜣ.w (domain), and in an offering list after ḥnḳ.t)
79175	* classifier to open (a scroll) : pg(ꜣ)
79176	* logogram (scribe) : sš
79177	* classifier occupation : bꜣk
79179	* logogram (to strike) : ḥwꞽ
79180	* logogram (to bend down) : wꜥf
79181	* logogram (slaughtered oryx) : mꜣ-ḥḏ sfṯ
79182	* logogram (to guard) : sꜣw
79183	* logogram (herdsman) : mnꞽ.w
79184	* classifier herdsman : nr
79185	* classifier foreigner (Asiatic) : ꜥꜣm
79186	* logogram (relating to, belonging to) : ꞽr.y
79187	* logogram (to guard) : sꜣw
79188	* logogram (foreigner) : rwty
79189	* logogram (to guard) : sꜣw
79190	* logogram (to guard) : sꜣw
79191	* logogram (to guard) : sꜣw
79192	* logogram (to guard) : sꜣw
79193	* logogram (to guard) : sꜣw
79194	* logogram (to guard) : sꜣw
79195	* logogram (to guard) : sꜣw
79196	* logogram (relating to, belonging to) : ꞽr.y
79197	* classifier foreigner
79198	* classifier enslave : bꜣk
79199	* uncertain
79200	* classifier bow-people, nomads : ꞽwn.tyw
79201	* classifier bow-people, nomads : ꞽwn.tyw
79202	* classifier foreigner : fnḫ.w
79203	* classifier wandering/displaced : šmꜣ.y
79204	* logogram (herdsman) : mnꞽ.w
79205	* logogram (herdsman) : mnꞽ.w
79206	* logogram (wanderer, displaced) : šmꜣ.y
79207	* logogram (prospector) : smn.ty
79208	* logogram (herdsman) : mnꞽ.w
79209	* logogram (herdsman) : mnꞽ.w
79211	* logogram (elder) : smsw
79212	* classifier elder : smsw
79214	* logogram (to protect) : ḥmꜣg
79215	* logogram (to erect) : sꜥḥꜥ
79216	* logogram (to erect the djed pillar) : sꜥḥꜥ-ḏd
79217	* classifier erecting the djed pillar (group classifier for sꜥḥꜥ-ḏd-ꞽn-ꞽr.yw-ḫt-n(y)-sw.t) : sꜥḥꜥ-ḏd-ꞽn-ꞽr.yw-ḫt-n(y)-sw.t
79218	* classifier erecting : sꜥḥꜥ
79219	* logogram (elder) : smsw
79220	* logogram (to be old) : sms
79221	* logogram (myrrh) : ꜥnt.yw
79222	* classifier divinity : ꞽwn-mw.t=f
79223	* logogram (sem-priest) : sm
79224	* logogram (to be strong) : nḫt
79225	* logogram (Onuris) : ꞽn-ḥr.t
79226	* logogram (Onuris) : ꞽn-ḥr.t
79228	* logogram (prospector) : smn.ty
79230	* logogram (the one who opens the two doors of the sky) : wn-ꜥꜣ.wy-(n.w)-p.t
79231	* logogram (gatekeeper) : ꞽr.y-ꜥꜣ
79232	* phonemogram : m kꜣ
79234	* logogram (to protect) : mkꞽ
79235	* logogram (to raise the sail) : fꜣꞽ-ṯꜣw
79236	* classifier presenting : sfsf
79237	* logogram (to bring) : ꞽnꞽ
79238	* logogram (lord of the two lands) : nb-tꜣ.wy
79239	* classifier to spread : p(s)š
79240	* phono-repeater : fd
79241	* classifier to uproot : fdꞽ
79242	* phonemogram : ḫꜣ
79243	* phonemogram : ḫꜣ-dꞽ.t
79244	* phonemogram : ḫꜣ-dꞽ.t
79245	* logogram (to illuminate) : nms
79246	* logogram (army) : mšꜥ
79247	* classifier angry one : dndn.ty
79248	* logogram (messenger/killer) : hb.y
79249	* classifier driving away : sḥrꞽ
79250	* classifier slayer : ḫꜣbb
79251	* classifier (harpooner) : ꞽꜣwty
79252	* classifier driving away : sḥrꞽ
79253	* classifier dancing : ꞽbꜣ
79254	* logogram (to be strong) : nḫt
79255	* classifier battle : mnꜥ
79256	* classifier ?
79257	* logogram (to be strong) : nḫt
79260	* classifier army : mšꜥ
79261	* classifier foreigner : šrdn
79262	* classifier hiding/hidden : ꞽmn
79263	* classifier hiding/hidden : ꞽmn
79265	* classifier runner (foreign) : pḥrr
79266	* classifier army (semitic loanword) : ḏbꞽ
79268	* classifier to trample : tꞽtꞽ
79269	* logogram (army) : mšꜥ
79270	* classifier soldiery : mnf.yt
79271	* logogram (army) : mšꜥ
79272	* logogram (army)? : mšꜥ
79273	* logogram (army)? : mšꜥ
79274	* logogram (army) : mšꜥ
79275	* logogram (1st nome of Upper Egypt) : tꜣ-sṯy
79276	* logogram (army) : mšꜥ
79277	* logogram (army)? : mšꜥ
79279	* classifier rebel/enemy
79280	* classifier rebel : ẖꜥk-ꞽb
79281	* classifier enemy?
79282	* classifier enemy : snn.t
79283	* classifier enemy : twꜣ.t
79284	* classifier rebel : sbꞽ
79285	* logogram (chiefs) : wr
79286	* classifier Syrian : ḫr.y
79287	* classifier enemy/rebel (Xerxes) : ḫšryš
79288	* classifier evil one : nbḏ
79289	* classifier enemy/rebel (Xerxes) : ḫšryš
79290	* classifier rebel : sbꞽ
79291	* classifier enemy : ṯs.tyw
79292	* logogram (rebel) : sbꞽ
79294	* logogram (rebel) : sbꞽ
79295	* logogram (rebel) : sbꞽ
79297	* classifier rebel : sbꞽ
79298	* classifier enemy : bdš
79299	* classifier rebel, enemy : ẖꜣk-ꞽb
79300	* classifier enemy : bdš
79301	* classifier rebel : bṯn
79302	* classifier rebel : sbꞽ
79303	* classifier rebel, enemy : ẖꜣk-ꞽb
79304	* classifier foes, hostile forces : kꞽ.wy
79305	* classifier enemy : šnṯ
79306	* classifier foreigners (as enemies) : ḫꜣs.t
79307	* classifier rebel : sbꞽ
79308	* classifier rebel : sbꞽ
79309	* logogram enemy : ḫft.y
79311	* logogram (rebel) : sbꞽ
79312	* logogram enemy/rebel : ḫft.y/sbꞽ
79315	* classifier enemy : ḫr.y
79316	* classifier bow-people, nomads : ꞽwn.tyw
79317	* logogram (prisoner) : sḳr-ꜥnḫ
79319	* logogram (foreigner) : ḫꜣs.ty
79320	* classifier to drive away : msn(ḥ)
79321	* logogram (to bend down, to subdue) : wꜥf
79322	* classifier foreigner : mry
79324	* classifier foreign people : ḫꜣs.wt nb.wt
79325	* classifier weak, downcast : bdš.w
79326	* classifier dancing : ḥpg
79327	* classifier joy, jubilation : hnw
79328	* classifier dancing : ꞽbꜣ
79329	* classifier dance : ꞽbꜣ
79330	* classifier dance : ꞽbꜣ
79331	* classifier youthful soldier : mgꜣ
79332	* classifier fear/veneration : hꜣ-snḏ
79333	* classifier dancing : ḫbꞽ
79334	* classifier dancing : ḫbꞽ
79335	* classifier dancing : ḫbꞽ
79336	* classifier dancing : ḫbꞽ
79337	* classifier fear/veneration : hꜣ-snḏ
79339	* logogram (the great god) : nṯr-ꜥꜣ
79341	* logogram (to make music) : ꞽḥy
79342	* logogram (the great god) : nṯr-ꜥꜣ
79343	* logogram (the king of Lower Egypt) : bꞽ.ty
79344	* classifier divinity : ꞽḥy
79345	* logogram (Ihy (divinity)) : ꞽḥy
79346	* logogram (the musician) : ꞽḥy
79347	* logogram (the great god) : nṯr-ꜥꜣ
79348	* logogram (king of Upper Egypt) : n(y)-sw.t
79349	* logogram (the great god) : nṯr-ꜥꜣ
79350	* logogram (the great god) : nṯr-ꜥꜣ
79351	* logogram (Ihy (divinity)) : ꞽḥy
79352	* logogram (Harsomtus) : ḥr-smꜣ-tꜣ.wy
79353	* logogram (Harsomtus) : ḥr-smꜣ-tꜣ.wy
79354	* logogram (Harsomtus) : ḥr-smꜣ-tꜣ.wy
79355	* logogram (to sing) : ḥsꞽ
79356	* phonemogram : ḥsꞽ
79357	* classifier musician : ḫnw
79358	* classifier playing music : sbꜣ
79359	* classifier drum : mḳmḳ
79360	* classifier striking a drum : sr
79361	* logogram (musician/percussionist) : ḫn.w
79362	* classifier beating, striking : dbdb
79363	* classifier lute player : ṯnf
79364	* logogram (Cusae) : ḳꞽs
79365	* classifier hunter, scout : nw
79366	* classifier hunter, scout : nw
79367	* logogram (to be strong, valiant) : ḳnꞽ
79368	* logogram (the good beginning) : tp-nfr
79369	* logogram (Cusae) : ḳꞽs
79370	* logogram (to be strong, valiant) : ḳnꞽ
79371	* logogram (to be strong, valiant) : ḳnꞽ
79372	* classifier chariot : wrr.yt
79373	* logogram (triomphator) : dwn.ty
79375	* logogram (butchery, animals for sacrifice) : ḫr.yt
79376	* pictogram ((with) a plough, (with) a yoke of oxen, (as) the first of men) : (m) ḥb (m) ḥtr (m) tp n rmṯ
79377	* logogram (part of the sꜣ-rꜥ nb ḫꜥ.w construction) : sꜣ-rꜥ-nb
79378	* phonemogram/logogram (part of the sꜣ-rꜥ nb ḫꜥ.w construction) : sꜣ nb
79379	* classifier? : wnty
79380	* phonemogram aromatic resin (styrax?) : nnyb
79381	* phonemogram (lapis-lazuli) : ḫsbḏ
79382	* logogram (triomphator) : dwn.ty
79383	* phonemogram (lapis-lazuli) : ḫsbḏ
79384	* logogram (to go around) : pẖr
79385	* classifier hunter, scout : nw
79386	* classifier priest : ꞽwn-mw.t=f
79387	* phonemogram : wḥꜥ
79389	* classifier youth/child : ḫy
79390	* classifier to sit, to be comfortable : snḏm
79391	* phonemogram : msdm
79392	* classifier musician : ḫnw
79393	* classifier child, youth, young man : ḥwn.w
79394	* logogram (weaned child) : wḏḥ
79395	* phonemogram : ꜥb
79397	* logogram (son of Re) : sꜣ-rꜥ
79398	* logogram (son of Re) : sꜣ-rꜥ
79399	* phonemogram : r + ḫ
79400	* classifier child : nḫn.w
79401	* classifier child : wḏḥ
79402	* phonemogram : m
79404	* phonemogram : ḫft-ḥr
79405	* phonemogram : ḫft-ḥr
79406	* classifier protector : ḫw.y
79407	* phonemogram : ꜥš
79408	* phonemogram : ḫꜥ
79410	* classifier Orion : sꜣḥ
79411	* classifier child divinity : ḥkꜣ
79412	* classifier child : sfy
79414	* logogram (son/child of) : sꜣ
79415	* logogram (crowns, appearances) : ḫꜥ.w
79416	* logogram (son/child of) : sꜣ
79417	* classifier child : sf(y)
79419	* phonemogram : ḫn
79420	* classifier expelling, spitting : nš
79421	* logogram (dwarf, pigmy) : dng
79422	* classifier revered person
79423	* classifier revered person
79424	* classifier revered person : ꞽt
79425	* logogram (to be noble) : šps
79426	* logogram (the noble speech) : mdw-šps
79427	* classifier revered person
79428	* logogram/phonemogram (costly offerings) : šps.w
79429	* logogram (noble, splendid) : šps
79430	* logogram (to be noble) : špsꞽ
79431	* classifier divinity : ꞽtmw
79432	* classifier to abide, to occupy : ḥmsꞽ
79434	* logogram (to be noble) : špsꞽ
79436	* classifier noble : sꜥḥ
79437	* logogram/phonemogram (costly offerings) : šps.w
79438	* logogram (to be noble) : špsꞽ
79440	* classifier revered person
79441	* logogram (Harsomtus) : ḥr-smꜣ-tꜣ.wy
79442	* classifier divinity
79444	* classifier divinity : mr.ty
79445	* classifier divinity
79446	* classifier king : n(y)-sw.t
79447	* classifier king : n(y)-sw.t
79449	* logogram (first person singular) : ꞽ
79451	* classifier divinity : ꞽtmw
79452	* logogram (first person singular) : ꞽ
79453	* logogram (first person singular) : ꞽ
79454	* logogram (powerful one) : sḫm
79455	* logogram (majesty) : ḥm
79456	* logogram (king) : n.y-sw.t
79457	* logogram (Khepri) : ḫprꞽ
79458	* logogram (to rule) : ḥḳꜣ
79459	* logogram (ruler of the 9th nome of Lower Egypt) : ḥḳꜣ-ꜥnḏ.ty
79460	* logogram (ruler) : ḥḳꜣ
79461	* classifier statue : ẖn.ty
79462	* logogram (sovereign) : ꞽt.y
79463	* logogram (noble, splendid) : šps
79464	* classifier sovereign : ꞽt.y
79465	* logogram (sovereign) : ꞽt.y
79468	* classifier personal name
79469	* classifier statue : ꞽrw
79470	* classifier praying, worshipping : smnḥ
79471	* classifier king : n.y-sw.t
79472	* classifier divinity : kꜣ-ḥtp
79473	* classifier king : n.y-sw.t
79474	* classifier divinity : ḫnt.y-ꞽmn.tyw
79475	* classifier king : n.y-sw.t
79476	* classifier king : n.y-sw.t
79477	* classifier divinity : nṯr
79478	* logogram (king of Upper Egypt) : n.y-sw.t
79479	* classifier king : n.y-sw.t
79480	* classifier king : n.y-sw.t
79481	* classifier divinity : ḫnt.y-ꞽmn.tyw
79482	* logogram (king of Upper Egypt) : n.y-sw.t
79483	* logogram (king of Upper Egypt) : n.y-sw.t
79484	* logogram (king of Upper Egypt) : n.y-sw.t
79485	* logogram (majesty) : ḥm
79486	* logogram (he of Heliopolis) : ꞽwn.y
79487	* logogram (the white crown) : ḥḏ.t
79488	* classifier divinity : wsꞽr
79489	* classifier Osiris : wsꞽr
79490	* classifier king : n.y-sw.t
79492	* logogram (king of Upper Egypt) : n.y-sw.t
79493	* logogram (king of Upper Egypt) : n.y-sw.t
79494	* logogram (king of Upper Egypt and land, when occurring together with king of Lower Egypt forms n(.y)-sw.t-bꞽ.ty nb tꜣ.wy) : n(.y)-sw.t & tꜣ
79495	* logogram (king of Upper Egypt and land when occurring together with red crown wearing variant forms n(.y)-sw.t-bꞽ.ty nb tꜣ.wy) : n(.y)-sw.t & tꜣ
79496	* logogram (king of Upper Egypt) : n(.y)-sw.t
79497	* logogram (Osiris) : wsꞽr
79498	* logogram (king of Lower Egypt) : bꞽ.ty
79499	* logogram (king of Lower Egypt) : bꞽ.ty
79500	* logogram (king of Lower Egypt) : bꞽ.ty
79501	* logogram (king of Lower Egypt) : bꞽ.ty
79502	* logogram (king of Lower Egypt) : bꞽ.ty
79503	* classifier king : n(y)-sw.t
79504	* logogram (king of Lower Egypt) : bꞽ.ty
79505	* classifier sovereign : ꞽt.y
79506	* classifier king : n.y-sw.t
79507	* logogram (king of Lower Egypt and land, when occurring together with king of Upper Egypt forms n(.y)-sw.t-bꞽ.ty nb tꜣ.wy) : bꞽ.ty tꜣ
79508	* logogram (king of Lower Egypt and land, when occurring together with a white crown variant forms n(.y)-sw.t-bꞽ.ty nb tꜣ.wy) : bꞽ.ty tꜣ
79509	* logogram (king of Upper Egypt) : n(.y)-sw.t
79510	* logogram (to run) : pḥrr
79511	* logogram (an offering that the king gives) : ḥtp-dꞽ-n.y-sw.t
79512	* phonemogram : ṯ
79513	* logogram (Atum) : ꞽtmw
79514	* logogram (first person singular) : ꞽ
79515	* logogram (king of Upper and Lower Egypt) : n(y)-sw.t-bꞽ.ty
79516	* classifier king/divinity : pꜣ-nṯr-mnḫ
79517	* classifier king/divinity : pꜣ-nṯr-mnḫ
79518	* logogram (Atum) : ꞽtmw
79519	* classifier divinity : ꞽtmw
79520	* logogram (Atum) : ꞽtmw
79521	* classifier sovereign : ꞽt.y
79522	* logogram (king of Upper and Lower Egypt) : n(y)-sw.t-bꞽ.ty
79524	* pictogram prostrate offering a vase of myrrh
79525	* logogram (sovereign) : ꞽt.y
79526	* classifier sovereign : ꞽt.y
79527	* classifier sovereign : ꞽt.y
79529	* logogram (sovereign) : ꞽt.y
79530	* logogram (sovereign) : ꞽt.y
79532	* logogram/phonemogram (in ꜥnḏ.ty (Busiris)) : ꜥnḏ
79533	* logogram (9th nome of Lower Egypt) : ꜥnḏ.ty
79534	* classifier majesty (specifically referring to Shu) : ḥm
79535	* classifier divinity (Geb) : gbb
79537	* classifier name (deceased person)
79538	* classifier name (deceased person)
79540	* classifier name (deceased person)
79541	* classifier divinity : wsꞽr
79542	* classifier divinity : ḫnt.y-ꞽmn.tyw
79543	* classifier creation/form : ꞽr.w
79544	* classifier to sleep/to spend the night : sḏr
79545	* classifier statue : ẖn.ty
79547	* classifier statue : twt
79549	* logogram (statue) : mnw
79550	* classifier statue : mnw
79551	* classifier carrying chair : wr-ꜥ
79552	* classifier divinity : ꜥḳ.t-m-rw.ty
79553	* classifier statue : smn
79554	* logogram (monument)? : mn.w
79556	* classifier to awake : nhsꞽ
79557	* classifier to sleep : sḏr
79558	* classifier : ẖꜣ.t
79559	* classifier corpse : ẖꜣ.t
79560	* classifier to sleep : sḏr
79561	* classifier (ointment vessel in the shape of the king) : snn
79562	* classifier wine : ꞽrp
79563	* logogram (to venerate) : dwꜣ
79564	* phonemogram/logogram (million/many) : ḥḥ
79565	* phonemogram : š
79567	* logogram (to love) : mrꞽ
79568	* logogram (his townsman) : nꞽw.ty=f
79569	* classifier playing : ḥꜥb
79570	* classifier playing : ḥꜥb
79571	* logogram (gods) : nṯr.w
79572	* phonemogram : ṯ
79573	* logogram (majesty) : ḥm.t
79574	* logogram (feminine first person singular) : ꞽ
79575	* classifier divinity : n.t
79577	* classifier divinity : tfn.t
79578	* phonemogram : ṯ
79579	* classifier divinity : ẖrsk.t
79580	* classifier ruler : ḥḳꜣ.t
79582	* logogram (mistress) : ḥnw.t
79583	* classifier personal name : ꜥnḫ=s-n-ꜣs.t
79584	* classifier personal name : ḥr-ꜥnḫ
79585	* phonemogram : n(w)ꞽ
79586	* logogram (Maat) : mꜣꜥ.t
79587	* phonemogram (in ḥw.t-ꞽr.yw (hall of records/scriptorium)) : ꞽr.y
79588	* classifier enemy : ḫft.ywt
79589	* logogram (first person singular) : ꞽ
79590	* classifier youth : nḫḫ
79591	* phonemogram : ṯ
79592	* classifier divinity : ꞽmn.t
79593	* classifier ruler : ḥḳꜣ.t
79594	* logogram (mistress) : ḥnw.t
79595	* classifier divinity : srḳ.t
79597	* phonemogram : f
79598	* classifier woman : ḥm.t
79599	* classifier divinity (title of šntꜣyt) : ḳꜣ.t-bꜣ.w
79600	* classifier relationship : ꜣb.wt
79602	* phonemogram : ṯ
79603	* classifier name (deceased person)
79604	* spindle/spinning tool
79606	* classifier barren woman : snb.t
79607	* classifier to mourn : ḥꜣꞽ
79608	* phonemogram (to form mr.ty (the two eyes)) : mrt
79609	* classifier to welcome : nyny
79610	* classifier to praise : dwꜣ
79611	* classifier (mourner) : ḥꜣ.t
79612	* classifier divinity : wrr.t
79614	* classifier fortune : rnn.t
79615	* classifier to clap & phonemogram : dḫn & s
79616	* logogram (to be noble) : šps
79617	* logogram (to be noble) : šps
79618	* logogram (to be noble) : šps
79619	* logogram (noblewoman) : šps.t
79620	* logogram (noblewoman) : šps.t
79621	* logogram (noblewoman) : šps.t
79622	* classifier name female royalty : ḫnt-kꜣ.w=s
79624	* classifier personal name : ḥtp-ḥr=s
79625	* classifier personal name
79626	* logogram (to be noble) : šps
79628	* logogram (to be noble) : šps
79629	* classifier resting : snḏm
79630	* classifier youth : rnpꞽ
79631	* classifier name
79632	* classifier to welcome : nyny
79633	* classifier to welcome : nyny
79634	* classifier mourners : ḥ(ꜣ)y.t
79635	* classifier mourners : ḥ(ꜣ)y.t
79636	* classifier (screamers, mourners) : sgb.wt
79637	* classifier divinity : ꜣs.t
79638	* classifier relationship : ḫnms.t
79639	* classifier to raise/to support : ḫy
79640	* classifier singing : šmꜥ
79641	* phonemogram : sw
79642	* logogram (to rule) : ḥḳꜣ
79643	* phonemogram : nḏ
79644	* classifier mourner : ḥꜣy.t
79646	* logogram (noblewoman) : sr.t
79647	* logogram (sovereign) : ꞽt.yt
79648	* phonemogram : w
79649	* logogram (to be old, old age) : ꞽꜣwꞽ
79650	* logogram (noble lady) : rpy.t
79651	* logogram (sovereign) : ꞽt.yt
79652	* phonemogram (cryptography) : t/r
79653	* classifier mourner : ḥꜣy.t
79654	* classifier? : šꜣ.tw
79655	* classifier danceress : ꞽhb.t
79656	* classifier nursing, rearing : ꜣṯ
79657	* classifier : ꜥtꜣ
79659	* classifier royal sister : sn.t
79660	* classifier royal personal name : nfr-nfr.w-ꞽtn-nfr.ty-ꞽyꞽ.tꞽ
79663	* logogram (king of Upper Egypt) : n.y-sw.t
79664	* phonemogram : b
79666	* logogram (rejoicing) : nhm
79667	* classifier (to rejoice) : nhm
79668	* classifier jubilation : sꜣ-tꜣ
79669	* classifier sistrum player : sḫm.y(t)
79670	* classifier female rhythm maker : dḫn.t
79671	* classifier birth : msꞽ
79672	* classifier nurse : ꜣṯ.(y)t
79673	* logogram (to birth, to bring forth) : msꞽ
79674	* classifier birth : msꞽ
79675	* classifier birth : msꞽ
79676	* classifier birth : msꞽ
79677	* classifier nurse : ḫnm.t
79679	* logogram (nurse) : ḫnm.t
79680	* logogram (nurse) : ḫnm.t
79682	* classifier nursing, rearing : rnn
79683	* classifier nursing, rearing : rnn
79684	* classifier (dancer/acrobat) : ḫb.t
79685	* phonemogram : nḏ
79687	* classifier moving back and forth : wnwn
79688	* phonemogram (cryptography) : st.y-m
79689	* logogram (in combination with \C268B) : rꜥ-nb
79690	* classifier moon : ꞽꜥḥ
79691	* classifier moon/light (together with Re, representing the sun and the moon as the two lights) : ḥꜣy.ty
79693	* logogram (Geb) : gbb
79694	* logogram (Geb) : gbb
79695	* logogram (the earthmaker (divinity)) : ꞽr-tꜣ
79697	* logogram (the utterance, divinity) : ḥw
79698	* logogram (the utterance, divinity) : ḥw
79699	* logogram (perception/knowledge (divinity)) : sꞽꜣ
79700	* logogram (perception/knowledge (divinity)) : sꞽꜣ
79704	* logogram (first person singular, for Harsomtus) : ꞽ
79705	* classifier Khepri (divinity)
79706	* logogram (spirit) : kꜣ
79707	* logogram (god) : nṯr
79708	* classifier divinity (Chay) : šꜣy
79709	* classifier divinity : tꜣ-ṯnn
79711	* classifier divinity : pḏ.ty
79712	* classifier divinity (Nekhbet)
79713	* logogram (Khepri) : ḫprꞽ
79714	* classifier Khepri (divinity)
79715	* logogram (Amon) : ꞽmn
79716	* classifier divinity : ꞽn-ḥr-šw
79717	* logogram (Maat and Amon) : mꜣꜥ.t & ꞽmn
79718	* logogram (Amon) : ꞽmn
79719	* logogram (Amon) : ꞽmn
79720	* logogram (living image of Amon) : sḫm-ꜥnḫ-n-ꞽmn
79721	* logogram divinity : ꞽr-ṯꜥw
79724	* classifier nursing, rearing : rnn
79725	* logogram (Amon) : ꞽmn
79726	* classifier Wepwawet (divinity)
79728	* classifier divinity : ḏsr-m-pr=f-m-sbḫ.t-ꜣḫ.t
79729	* phonemogram : n
79730	* classifier jubilation : hnw
79731	* logogram (to drive away) : sḥrꞽ
79732	* logogram (to drive away) : sḥrꞽ
79734	* logogram (to drive away) : sḥrꞽ
79735	* logogram (to drive away) : sḥrꞽ
79736	* classifier driving away : sḥrꞽ
79737	* logogram (Duamutef) : dwꜣ-mw.t=f
79738	* logogram (to be strong) : wsr
79739	* logogram (sovereign) : ꞽt.yt
79740	* logogram (Anubis) : ꞽnpw
79741	* classifier messenger : wpw.ty
79742	* logogram (messenger) : wpw.ty
79743	* logogram (to drive away) : sḥrꞽ
79744	* logogram (to drive away) : sḥrꞽ
79748	* logogram (to drive away) : sḥrꞽ
79749	* logogram : šmꜣ.y
79750	* classifier : nb.w-nr.w
79752	* logogram (decease deamon) : šmꜣ.y
79753	* logogram (decease deamon) : šmꜣ.y
79754	* logogram (decease deamon) : šmꜣ.yt
79755	* logogram (to drive away) : sḥrꞽ
79756	* logogram (burial) : ḳrs.t
79757	* classifier protector : (nḏ.t(y)t)
79759	* classifier divinity (Apis) : ḥp
79760	* classifier protector : mnw-n(y)-sw.t-m-nḫ.t=f
79761	* phonemogram : wp
79763	* phonemogram : w
79764	* logogram (Shu) : šw
79765	* logogram (son/child of) : sꜣ
79766	* logogram (Horus) : ḥr
79767	* classifier joy : hnw
79768	* classifier falcon divinity : bḥd.ty
79769	* classifier divinity : snw
79770	* logogram (majesty) : ḥm
79771	* phonemogram/logogram : sḫm
79772	* classifier divinity : sꜣḳ-ḥꜥ.w
79773	* logogram (Re) : rꜥ
79774	* logogram (Re) : rꜥ
79775	* logogram (Re) : rꜥ
79776	* logogram (day) : hrw
79777	* logogram (Re) : rꜥ
79778	* logogram (Re) : rꜥ
79780	* logogram (Re) : rꜥ
79781	* logogram (Re and image) : rꜥ & sḫm
79782	* logogram (Re and image) : rꜥ & sḫm
79783	* logogram (the eye of Re) : ꞽr.t-rꜥ
79784	* logogram (of Re) : n rꜥ
79785	* logogram (son of Re) : sꜣ-rꜥ
79786	* classifier statue/likeness : sšm(.w)
79787	* classifier divinity : ꜥꜣ-mꜣꜥ-ḫrw
79788	* logogram (to live) : ꜥnḫ
79789	* logogram (eye of Horus) : ꞽr.t-ḥr
79790	* phonemogram/logogram (lord) : nb
79791	* logogram (majesty) : ḥm
79792	* logogram (spirit) : kꜣ
79793	* logogram (power, strength) : ḫpš
79794	* phonemogram/logogram : sḫm
79795	* logogram (god) : nṯr
79796	* logogram (beloved of Horus) : mr.y-ḥr
79797	* classifier Sokar (divinity)
79798	* classifier Sokar (divinity)
79800	* classifier Montu (divinity)
79801	* classifier divinity : mr.ty
79802	* logogram (first person singular) : ꞽ
79804	* logogram (Khonsu) : ḫnsw
79805	* classifier Khonsu (divinity)
79807	* logogram (the one of the horizon) : ꜣḫ.ty
79809	* logogram (god) : nṯr
79810	* logogram (in the ꜥnḫ-nṯr-nfr construction) : ꜥnḫ-nṯr
79811	* logogram (god and goddess) : nṯr nṯr.t
79812	* logogram (god) : nṯr
79813	* logogram (Re) : rꜥ
79814	* logogram (the one of the horizon) : ꜣḫ.ty
79815	* logogram (Horus, Behedety) : ḥr-bḥd.ty
79816	* logogram (Horus) : ḥr
79817	* logogram (Horus, protector of his father, Behedety, the many-coloured of plumage, giving life) : ḥr-nḏ-ꞽt=f-bḥd.ty-sꜣb-šw.t-dꞽ-ꜥnḫ
79819	* logogram (god) : nṯr
79820	* logogram (the one of the horizon) : ꜣḫ.ty
79821	* logogram (Re) : rꜥ
79822	* logogram (Horus of the east) : ḥr-ꞽꜣb.ty
79824	* logogram (strength, power) : pḥ.ty
79825	* logogram (eternity) : nḥḥ
79826	* logogram nHH (eternity)
79827	* logogram (eternity) : nḥḥ
79828	* logogram (eternity) : nḥḥ
79829	* logogram (the sole one, unique) : wꜥ.ty
79830	* classifier divinity : ꞽn-ḥr.t
79831	* logogram (lord of the two lands, when used in connection with a Seth-headed figure) : nb-tꜣ.wy
79832	* classifier harpooner : ꞽ(ꜣ)w.ty
79834	* logogram (valour, strength) : ḳn.t
79835	* logogram (valour, strength) : ḳn.t
79836	* logogram (Qebehsenuef) : ḳbḥ-sn.w=f
79838	* phonemogram : ḥr
79839	* logogram (Wenty) : wnty
79840	* logogram (Wenty) : wnty
79842	* logogram (Wenty) : wnty
79843	* classifier divinity : wnty
79844	* classifier harpooner : (ꞽ)ꜣ(w).ty
79845	* logogram (harpooner) or Logogram (Wenty) : ꞽꜣw.ty | wnty
79846	* logogram (Wenty) : wnty
79847	* classifier divinity (Geb) : gbb
79848	* logogram (million, many) : ḥḥ
79849	* logogram (million, many) : ḥḥ
79850	* logogram (million, many) : ḥḥ
79851	* logogram (million, many) : ḥḥ
79852	* logogram (million, many) : ḥḥ
79853	* logogram (millions of years) : ḥḥ (n) ꜥnḫ
79854	* logogram (million, many) : ḥḥ
79855	* logogram (million, many) : ḥḥ
79856	* logogram (eternity) : ḥḥ
79858	* logogram (million, many) : ḥḥ
79859	* logogram (all eternity) : ḥḥ nb
79861	* logogram (million, many) : ḥḥ
79862	* logogram (million, many) : ḥḥ
79863	* logogram Heh (million, many) : ḥḥ
79864	* logogram (million, many) : ḥḥ
79865	* phonemogram : ḥ
79866	* logogram (million, many) : ḥḥ
79868	* logogram (million, many) : ḥḥ
79869	* logogram (million, many) : ḥḥ
79870	* logogram (million, many) : ḥḥ
79871	* logogram (million, many) : ḥḥ
79872	* logogram (million, many) : ḥḥ
79873	* logogram (million, many) : ḥḥ
79874	* logogram (million, many) : ḥḥ
79875	* logogram (million, many) : ḥḥ
79876	* classifier to wean : wḏḥ
79877	* classifier to wean : wḏḥ
79878	* logogram (Atum) : ꞽtmw
79880	* classifier child : sḏ.ty
79881	* logogram (first person singular) : ꞽ
79882	* logogram (Horus the child) : ḥr-pꜣ-ẖrd
79883	* classifier creator : ḫnm.w
79884	* logogram (Khnum) : ẖnm.w
79885	* logogram (Khnum) : ẖnm.w
79886	* phonemogram : ẖnm
79887	* logogram (Khnum) : ẖnm.w
79888	* logogram (Khnum) : ẖnm.w
79889	* logogram (Khnum) : ẖnm.w
79890	* classifier Khnum : ẖnm.w
79891	* classifier Khnum : ẖnm.w
79893	* logogram (Khnum) : ẖnm.w
79894	* logogram (creator) : nḥp
79895	* logogram (creator) : nḥp
79896	* logogram (to build, to create) : ḳd
79897	* logogram (to create, to form) : nḥp
79898	* logogram (to build) : ẖnm
79899	* phonemogram : r
79901	* logogram (messenger) : wpw.ty
79902	* logogram (Min) : mnw
79904	* classifier divinity : kꜣ-mw.t=f
79908	* logogram (the flood) : hꜥpy
79909	* logogram (the flood) : hꜥpy
79910	* logogram (the Nile/the flood) : hꜥpy
79911	* logogram (the Nile/the flood) : hꜥpy
79913	* logogram (the Nile/the flood) : hꜥpy
79915	* logogram (Onuris) : ꞽn-ḥr.t
79917	* logogram (Onuris) : ꞽn-ḥr.t
79918	* logogram (Orion) : sꜣḥ
79919	* logogram (Orion) : sꜣḥ
79920	* classifier Osiris : wsꞽr
79921	* logogram (Osiris) : wsꞽr
79923	* logogram (one who belongs to Seth) : stẖ.y
79925	* classifier Osiris
79926	* classifier Osiris : wsꞽr
79927	* classifier Osiris : ḫnt.y-ꞽmn.tyw
79928	* logogram (Osiris) : wsꞽr
79929	* logogram (Ptah) : ptḥ
79930	* classifier Ptah : ptḥ
79931	* logogram (Ptah) : ptḥ
79932	* classifier divinity (Imhotep)
79933	* logogram (Ptah) : ptḥ
79934	* logogram (divine, godly) : nṯr.y
79935	* logogram (Ptah) : ptḥ
79936	* logogram (divine, godly) : nṯr.y
79937	* logogram (Ptah) : ptḥ
79938	* classifier divinity : nfr-ḥr
79939	* logogram (Re) : rꜥ
79940	* classifier king of Upper Egypt : n(.y)-sw.t
79941	* logogram (Re) : rꜥ
79942	* logogram (Khepri) : ḫprꞽ
79943	* logogram (powerful one) : sḫm
79945	* logogram (one who belongs to Seth) : stẖ.y
79946	* logogram (one who belongs to Seth) : stẖ.y
79947	* classifier misery, pain : ꜣh/ꞽh
79950	* classifier vile one : ẖs-ḳd
79951	* classifier evil one : nbḏ
79952	* classifier creation, form : ꞽr.w
79953	* logogram (Sobek) : sbk
79954	* classifier crocodile divinity : sbk-šmꜥ-nfr
79955	* phonemogram (first person for sbk-šmꜥ-nfr) : ꞽ
79957	* logogram (the one who watches her mansions) : rs.t-ḥw.wt=s
79958	* logogram (Sopdu) : spd.w
79959	* classifier guardian : ḥry-sḫ.t
79960	* classifier guardian : ḫsf-sby.w
79961	* classifier baboon divinity (i.e. Thoth) : n.y-mꜣꜥ.t
79962	* logogram (Hapy) : ḥp.y
79963	* logogram (Tatenen) : tꜣ-ṯnn
79964	* logogram (Tatenen) : tꜣ-ṯnn
79965	* phonemogram : ṯn.tꞽ
79966	* classifier Tatenen : tꜣ-ṯnn
79967	* logogram (Tatenen) : tꜣ-ṯnn
79968	* logogram (Tatenen) : tꜣ-ṯnn
79969	* phonemogram : ṯn(w)
79970	* phonemogram : sw
79971	* logogram (Tatenen) : tꜣ-ṯnn
79972	* logogram (Thoth) : ḏhwty
79973	* phonemogram : ḥr.y-ꞽb
79974	* classifier Thoth : ꞽpy
79976	* classifier moon : ꞽꜥḥ
79978	* classifier divinity : ḥkꜣ.w
79979	* phonemogram : ḥr.y-ꞽb
79980	* phonemogram : ḥr.y-ꞽb
79981	* logogram/phonemogram (to be great) : wr
79983	* logogram (Thoth) : ḏhwty
79985	* logogram (son of Re) : sꜣ-rꜥ
79986	* classifier earth-god : ꜣkr
79987	* logogram (eternity) : nḥḥ
79988	* phonemogram : dwꜣ.t
79989	* phonemogram : ḥnꜥ
79990	* classifier Anubis : ꜥnḳ.t
79991	* classifier Anubis : ꜥnḳ.t
79992	* classifier Renenutet : rnn.(w)ṯ(t)
79994	* classifier (in ḥs-nb=s) : ḥs
79995	* logogram (Keket) : kk.t
79996	* classifier divinity?
79997	* classifier Hathor : ḥw.t-ḥr
79998	* logogram (Isis) : ꜣs.t
79999	* classifier female divinity (usually associated with Hathor)
80000	* logogram : nb
80001	* logogram (powerful one) : sḫm.t
80002	* logogram (majesty) : ḥm.t
80003	* logogram/phonemogram (lord/lady) : nb
80004	* logogram/phonemogram (lady) : nb.t
80005	* logogram (life) : ꜥnḫ
80006	* logogram/phonemogram (effective/splendid) : mnḫ
80008	* logogram (mistress of the sistrum) : nb.t-sšš.t
80009	* logogram (mistress of the sistrum) : nb.t-sšš.t
80010	* logogram (majesty) : ḥm.t
80011	* classifier divinity : ḥwt-ḥr
80012	* logogram (rejoicing) : nhm
80013	* logogram (rejoicing) : nhm
80014	* classifier to nurse : ꜣṯꞽ
80015	* logogram (to nurse, to rear (from rnn)) : rr
80016	* logogram (Hathor) : ḥw.t-ḥr
80017	* logogram (gold) : nbw
80018	* logogram (ruler) : ḥḳꜣ.t
80019	* logogram (the heavens/sky) : p.t
80020	* classifier Hathor : ḥw.t-ḥr
80021	* logogram (Hathor) : ḥw.t-ḥr
80022	* logogram (Isis) : ꜣs.t
80023	* logogram (Isis) : ꜣs.t
80025	* logogram (Isis) : ꜣs.t
80027	* classifier divinity : ꞽp.t-wr.t
80028	* logogram (Hathor) : ḥw.t-ḥr
80029	* logogram (Isis) : ꜣs.t
80030	* classifier Isis : ꜣs.t
80031	* logogram (Isis) : ꜣs.t
80032	* classifier divinity : ḥḳꜣ.t
80033	* classifier mourner : ḥꜣy.t
80037	* logogram (Isis) : ꜣs.t
80038	* logogram (Isis) : ꜣs.t
80039	* logogram (the widow) : šntꜣy.t
80040	* logogram (Isis) : ꜣs.t
80041	* logogram (lord) : nb
80042	* logogram (to protect) : ḫwꞽ
80043	* logogram (to protect) : ḫwꞽ
80044	* phonemogram : snṯ-ꞽnbw
80045	* logogram/phonemogram (lady) : nb.t
80046	* classifier leonid divinity (female) : sḫm.t/bꜣs.tt
80047	* logogram (Sekhmet) : sḫm.t
80048	* classifier leonid divinity (female) : sḫm.t
80050	* classifier leonid divinity (male) : ḥḏ-ḥtp
80052	* classifier leonid divinity (male) : ḫns-mꜣꜥ.t; bꜥḥ-ꞽb
80054	* classifier leonid divinity (female) : bꜣs.tt
80055	* classifier leonid divinity (female) : sḫm.t
80056	* logogram (city, village) : nꞽw.t
80057	* logogram (Sekhmet) : sḫm.t
80058	* classifier leonid divinity (female) : sḫm.t
80059	* classifier leonid divinity (female) : mnḥy.t
80062	* logogram (she who is on the throne/stairs (Bastet)) : ḥr.yt-ḫnd.w
80063	* logogram (to be hidden) : štꜣ
80064	* classifier hidden : štꜣ
80065	* logogram (to be hidden) : štꜣ
80066	* classifier divinity? : mꜣ-ꜥnḫ
80067	* classifier leonid divinity (female) : sḫm.t
80068	* classifier leonid divinity (female) : bꜣs.tt
80069	* logogram (vocative interjection) : ꞽ
80070	* logogram (daughter of Re) : sꜣ.t-rꜥ
80071	* phonemogram : šms
80072	* logogram (Maat) : mꜣꜥ.t
80073	* logogram (ruler of truth/Maat) : ḥḳꜣ-mꜣꜥ.t
80074	* logogram (truth) : mꜣꜥ
80075	* logogram (in name Ramses IV) : wsr-mꜣꜥ.t
80076	* classifier woman : rw.t-
80077	* logogram (Maat) : mꜣꜥ.t
80078	* classifier divinity : mꜣꜥ.t
80079	* classifier truth : mꜥꜣ.t
80080	* logogram/phonemogram (whom truth/Maat loves) : mr(.y)-mꜣꜥ.t
80081	* logogram (Maat) : mꜣꜥ.t
80082	* logogram (in name Ramses II) : wsr-mꜣꜥ.t
80083	* logogram (in name Ramses II) : wsr-mꜣꜥ.t
80084	* logogram (in name Ramses II) : wsr-mꜣꜥ.t
80085	* logogram (gate which gives truth) : rw.t-dꞽ(.t)-mꜣꜥ.t
80086	* logogram (to be hidden) : štꜣ
80087	* logogram (Meret) : mr.t
80088	* classifier divinity : mr.t
80089	* classifier divinity : mr.t
80090	* classifier divinity/musician : nb.tyw
80092	* logogram (Meret) : mr.t
80093	* classifier divinity : mr.ty
80094	* logogram (Mut) : mw.t
80095	* logogram (together with \C98 and \C43A, representing the triad of Dendera) : ꞽwn.t
80096	* classifier majesty : ḥm
80097	* logogram (Mut) : mw.t
80098	* logogram (Hathor) : ḥw.t-ḥr
80099	* logogram (Hathor, giving life) : ḥw.t-ḥr-dꞽ-ꜥnḫ
80100	* logogram (Hathor) : ḥw.t-ḥr
80101	* phonemogram : n
80102	* classifier divinity : dp.(y)t
80103	* phonemogram : n
80104	* logogram (Neith) : n.t
80105	* logogram (Neith) : n.t
80106	* (cryptography) Phonemogram : wn
80107	* phonemogram : n(.t)
80108	* logogram (king of Lower Egypt) : bꞽ.ty
80109	* phonemogram : nt
80110	* classifier divinity (Neith) : n.t
80111	* phonemogram : wnn
80112	* logogram (Dendera) : ꞽꜣ.t-dꞽ
80113	* logogram (Nephthys) : nb.t-ḥw.t
80114	* classifier sister (together with Isis) : sn.ty
80115	* classifier mourner : ḥꜣy.t
80116	* logogram (Nephthys) : nb.t-ḥw.t
80117	* logogram (the heavens/sky) : p.t
80118	* logogram (the heavens/sky) : p.t
80119	* phonemogram : n
80120	* logogram (the heavens/sky) : p.t
80121	* logogram (hour) : wnw.t
80122	* logogram (city, village) : nꞽw.t
80123	* logogram (city, village) : nꞽw.t
80124	* logogram (the sky) : gb.t
80125	* logogram (the heavens/sky) : p.t
80126	* logogram/phonemogram (to shine) : psḏ
80127	* classifier divinity (Sothis) : spd.t
80128	* logogram (Seshat) : sšꜣ.t
80130	* logogram (Seshat) : sšꜣ.t
80131	* logogram (Seshat) : sšꜣ.t
80132	* logogram (stretching the rope) : pḏ-šsr
80133	* phonemogram : sbꜣ
80135	* classifier bovid divinity : ḥsꜣ.t
80136	* logogram/phonemogram (lord) : nb
80137	* logogram (the throne (Edfu)) : wṯs.t
80138	* logogram (sovereign) : ꞽt.yt
80139	* logogram (sovereign) : ꞽt.yt
80140	* logogram (sovereign) : ꞽt.yt
80141	* logogram (ruler) : ḥḳꜣ.t
80142	* logogram (sovereign) : ꞽt.yt
80143	* logogram (ruler) : ḥḳꜣ.t
80144	* phonemogram : wn
80145	* phonemogram : wn
80146	* phonemogram : wn
80147	* phonemogram : wn
80148	* phonemogram : wn
80149	* classifier divinity : ꜥnṯ
80150	* logogram : ḥꜣ.t-mḥ.yt
80151	* classifier divinity : ḥꜣ.t-mḥ.yt
80152	* classifier Hekat : ḥḳ.t
80153	* logogram (Keku) : kk.w
80154	* logogram (the west) : ꞽmn.t
80155	* logogram (Serqet) : srḳ.t
80156	* logogram (Thebes) : wꜣs.t
80157	* phonemogram : r
80158	* logogram (moon)? : ꞽꜥḥ
80159	* classifier (Sekhet, goddess of the marshlands) : sḫ.t
80160	* classifier divinity : ḏd.t
80161	* classifier divinity : wr.t-šꜥ.t
80162	* logogram (perception/knowledge) : sꞽꜣ.t
80163	* logogram (morning) : dwꜣ.w
80165	* logogram (morning) : dwꜣ.w
80166	* logogram (morning) : dwꜣ.w
80167	* logogram (morning) : dwꜣ.w
80168	* logogram (morning) : dwꜣ.w
80169	* logogram (the two of the horizon) : ꜣḫty.ty
80170	* logogram (the (four) supports) : sḫn.wt
80171	* logogram (Hathor) : ḥw.t-ḥr
80172	* logogram (Hathor) : ḥw.t-ḥr
80173	* classifier female : mnꞽ.t
80174	* logogram (head) : tp
80175	* classifier to laugh : nṯḥṯḥ
80176	* classifier spit : ꞽsd
80177	* classifier birthplace : msḫn.t
80178	* logogram (Hathor) : ḥw.t-ḥr
80179	* classifier staff
80180	* phonemogram : ḥr.y-tp
80181	* logogram (face) : ḥr
80182	* logogram (face) : ḥr
80183	* classifier human being : tm.yw
80184	* classifier occupation : sr
80185	* classifier calling : nꞽs
80186	* classifier calling : ḏsw
80189	* classifier eating : wnm
80190	* classifier child : ḫrd/nḫn
80191	* classifier child/small one : ḥwn
80192	* classifier nursing : mnꜥ
80193	* classifier dwarf/pigmy : dng
80194	* classifier (to bow, to attack) : ꞽkꞽ
80195	* classifier to fall : sḫr
80196	* classifier to call : nꞽs
80197	* classifier to rejoice : hnꞽ
80198	* classifier turning around : nꜥw
80200	* classifier to rejoice : ḥꜥꞽ
80201	* logogram (Heh, divinity) : ḥḥ
80202	* classifier upside-down : sḫdḫd
80203	* classifier to swim : mḥꞽ
80205	* classifier swimming : nbꞽ
80207	* logogram (to be great) : wr
80208	* classifier herald : ḥww.ty
80209	* classifier to carry away, to take : ḫn(f)
80210	* classifier herald : ḥww.ty
80212	* classifier elder/official : sr
80213	* classifier Orion : sꜣḥ
80214	* classifier to spit, to spew : bšꞽ
80215	* classifier to lift, to carry : fꜣꞽ
80216	* classifier to drive away : ḫsr
80217	* classifier to oppose, to rebel : ḫsbꞽ
80218	* classifier to extend : sꜣwꞽ
80219	* classifier to scatter : sṯꞽ
80221	* classifier dancing : rw.t
80222	* classifier guarding, protecting : sꜣw
80223	* classifier drinking : swr
80224	* classifier to uproot : fdꞽ
80226	* classifier to churn up : ꜥḏ
80227	* classifier breaking/destroying : sḏ dšr.t
80228	* classifier to expel, to drive of : rwꞽ
80229	* classifier potter : ḳd.w
80230	* classifier to climb, to fly : ḥfdꞽ
80231	* classifier (to melt, to cast) : nbꞽ
80233	* classifier to drive away : ḫs(r)
80234	* logogram (lifetime) : ꜥḥꜥ.w
80235	* logogram (evil one) : nbḏ
80237	* logogram (evil one) : nbḏ
80238	* classifier tresses : nꜣb.t
80239	* classifier tresses : nꜣb.t
80240	* logogram (head covering (braid of hair?)) : (ꞽ)ꜣr.t
80241	* classifier scalp, temple : smꜣ
80242	* classifier hairlock : ḥnsk.t
80243	* logogram (to see) : mꜥꜥ
80244	* classifier eye-paint : smd.t
80245	* phonemogram : ꞽrꞽ-ẖr
80246	* classifier eye related actions : dgꞽ
80247	* classifier eye related actions : dgꞽ
80248	* classifier eye related actions : ḫf
80249	* classifier eye related actions : ptr
80250	* logogram (to see, to behold) : ptr
80251	* phonemogram : mꜣ
80252	* classifier sleep : ḳd
80253	* phonemogram : ꜥntyw
80254	* classifier adornment/beauty
80255	* classifier (to sleep) : ḳdd
80256	* classifier eye related actions : ptr
80258	* phonemogram : ꜥn
80260	* phonemogram : ꜥn
80261	* logogram (to wake) : rs
80262	* logogram (to weep) : rmꞽ
80263	* classifier weeping/crying : rmꞽ
80264	* phonemogram : rm
80265	* logogram (to weep) : rmꞽ
80266	* classifier weeping/crying : rmꞽ
80267	* classifier eye related actions : dgꞽ
80268	* logogram (the dazzling-eye (Egypt)) : bꜣḳ.t
80269	* logogram (eye) : ꞽr.t
80270	* logogram (the eye of Re) : ꞽr.t-rꜥ
80271	* logogram (to see) : mꜣꜣ
80272	* classifier backside : mḥꜣ
80273	* classifier nose : šr.t
80274	* classifier to suckle : snḳ
80276	* logogram 1/3
80277	* logogram (2/3) : r.wy
80278	* interpretant : r
80279	* logogram (lip, border, edge) : sp.t
80280	* logogram (lips) : sp.ty
80281	* classifier spit : ꞽšš
80282	* logogram (breakfast (washing the mouth)) : ꞽꜥ.w-r
80283	* classifier spit : nš/nẖ
80284	* phonemogram : p
80285	* phonemogram : p
80286	* classifier beard or Classifier hair : ḫꜣbs | ḥnsk.t
80287	* logogram (to sit) : ḥmsꞽ
80288	* logogram (spirit, essence) : kꜣ
80290	* logogram (spirit, essence) : kꜣ
80291	* logogram (royal spirit/essence) : kꜣ-n(.y)-sw.t
80292	* logogram (food, provisions) : kꜣ
80293	* logogram (food, provisions) : kꜣ
80294	* logogram (negative relative adjective) : ꞽw.ty
80295	* phonemogram : ḫm
80297	* phono-repeater : ḫm
80298	* phono-repeater (kidney) : sḫn
80299	* classifier to embrace : ḥpt
80300	* logogram (to embrace) : ḥpt
80301	* classifier (in ẖꜣm-(ꞽ)ḫ.t) : ẖꜥm
80302	* logogram (mortuary priest) : ḥm-kꜣ
80304	* logogram (to row, to convey by water) : ẖnꞽ
80305	* classifier movement by boat : sḳdꞽ
80306	* logogram (to row, to convey by water) : ẖnꞽ
80307	* phonemogram : ẖn
80308	* classifier grasping the oar : ḫmꜥ.w-ḥmw
80309	* phonemogram : ẖn
80310	* phonemogram : ẖn
80311	* logogram (to fight) : ꜥḥꜣ
80312	* logogram (to fight) : ꜥḥꜣ
80313	* logogram (to fight) : ꜥḥꜣ
80314	* logogram (to fight) : ꜥḥꜣ
80316	* logogram (to fight) (in ꜥḥꜣ.t (fighter (female)) : ꜥḥꜣ
80318	* logogram (to fight) (in ꜥḥꜣ.t (fighter (female)) : ꜥḥꜣ
80319	* logogram (to fight) : ꜥḥꜣ
80320	* logogram (to fight) : ꜥḥꜣ
80321	* logogram (to fight) : ꜥḥꜣ
80322	* logogram (negative particle) : n
80323	* classifier arm related movements or actions : rmn
80324	* logogram (arm, hand) : ꜥ
80325	* phonemogram : dd
80326	* phonemogram : m
80327	* classifier supporting/carrying : rmn
80328	* classifier enveloping : ꜥtḫ
80329	* logogram (arm, shoulder) : rmn
80330	* classifier shoulder/arm : rmn
80331	* logogram (to offer, to present) or Phonemogram : ḥnk | (r)dꞽ
80332	* phonemogram : mk
80333	* logogram (to receive) : šsp
80334	* logogram (course (of the day); daily requirements) : ẖr.t-hrw
80335	* logogram (course (of the day); daily requirements) : ẖr.t-hrw
80336	* classifier strength, power : wsr
80337	* logogram (offering Maat) : ḥnk-mꜣꜥ.t
80339	* classifier force, effort : dndn, ḏsr
80341	* logogram (to wash) : ꞽꜥꞽ
80342	* logogram (to wash) : ꞽꜥꞽ
80343	* logogram (to wash) : ꞽꜥꞽ
80346	* phonemogram : ḫꜣ
80347	* classifier washing : ꞽꜥꞽ
80348	* logogram (to wash) : ꞽꜥꞽ
80349	* classifier stretching out : hn
80350	* classifier negative action : ḫb
80351	* classifier to rejoice : nḥrḥr
80352	* classifier to call : nꞽs
80353	* logogram (to protect) : ḫwꞽ
80354	* logogram (to make holy) : ḏsr
80358	* classifier to govern/to control : ḫrp
80359	* classifier messenger : ḥw(w).t(y)
80360	* logogram (to make holy, to be holy, to be splendid) : ḏsr
80361	* phonemogram : dꞽ
80362	* classifier netherworld : dwꜣ.t
80363	* phonemogram : ḏsr
80364	* classifier to write, to inscribe : spẖr
80365	* logogram (to write, to inscribe) : spẖr
80366	* classifier to destroy, to overthrow : ḫmꞽ
80367	* classifier elder/official : sr
80368	* classifier adoration : dwꜣ
80369	* logogram (to make holy) : ḏsr
80370	* logogram (to make holy/to be sacred) : ḏsr
80371	* phonemogram : ḏsr
80372	* logogram (to repel) : ḫsr
80373	* logogram (to make holy/to be sacred) : ḏsr
80374	* classifier fighting : ẖnn.w
80375	* phonemogram : d
80376	* logogram (scent, perfume, dew) : ꞽd.t
80377	* phonemogram : wd
80378	* phonemogram : šp
80379	* logogram (scent, perfume, dew) : ꞽd.t
80380	* classifier cut of hand : kp
80381	* ?
80382	* phonemogram : ḥnt
80383	* phono-repeater : ḥnt
80384	* classifier : ḥmꜣg
80385	* classifier to hold fast/to seize : nḏrꞽ
80386	* logogram (to seize, to grasp) : ḫfꜥ
80387	* classifier to squeeze, to enclose, to tie up : ꜥrf
80388	* classifier : ḥmꜣg
80389	* phono-repeater : fꜥg
80390	* logogram (Prosopopite nome) : mtr
80391	* classifier copulating : nk
80392	* phonemogram : bꜣḥ
80393	* classifier copulation : nk
80394	* logogram (the two testicles) : ꞽs.wy
80395	* classifier testicles : ẖr.wy
80396	* classifier testicles : ẖr.wy
80397	* logogram/Phonemogram (cow) : ꞽd.t
80399	* phonemogram : ḥm
80400	* phonemogram : wr
80401	* phonemogram : wr(.t)
80402	* classifier to run : bṯ
80403	* classifier to fall : ḫr
80404	* classifier turning back : šnꜥ
80405	* classifier to spread : pšš
80406	* classifier to be upside-down : sḫd
80407	* interpretant r and classifier movement : prꞽ
80408	* phonemogram (dental) and classifier movement : t & sḳdꞽ
80409	* phonemogram : wꜥr
80410	* logogram (to transgress) : thꞽ
80411	* classifier to disappear : snk
80412	* logogram (transgression) : th
80413	* logogram (to be pure, to be clean) : wꜥb
80414	* logogram (to be pure, to be clean) : wꜥb
80415	* logogram (to be pure, to be clean) : wꜥb
80416	* phonemogram : ꜣb
80417	* phonemogram : sꜣḥ
80418	* phonemogram (Orion) : sꜣḥ
80419	* phonemogram : sꜣḥ
80420	* phonemogram : sꜣḥ
80422	* phonemogram : sꜣḥ
80423	* phonemogram : gn
80424	* phonemogram : gn
80425	* logogram (Orion) : sꜣḥ
80426	* phonemogram : sꜣḥ
80427	* phonemogram/logogram (annals) : gn.wt
80429	* phonemogram : sꜣḥ
80431	* phonemogram : sꜣḥ
80434	* classifier throat : nḥb.t
80435	* classifier cheeks/eyebrows : mnḏ.ty
80436	* classifier throat : nḥb.t
80437	* classifier pupil : ꞽm
80438	* classifier taking/carrying : šdꞽ
80439	* classifier violent one : mds
80440	* classifier enemy : ẖꜣ.tyw
80441	* classifier rage, anger : nšn
80443	* logogram (Seth) : stš/stẖ
80444	* classifier Seth : nhs
80445	* classifier fighting : bꜥr
80446	* logogram (Seth) : stš/stẖ
80447	* classifier Seth : stš
80448	* classifier Seth : nhs
80449	* logogram (Seth) : stš/stẖ
80450	* classifier Seth : nhs
80451	* classifier Seth : stš
80452	* logogram (11th nome of Upper Egypt) : šꜣ/stẖ/stš
80453	* classifier Seth : nhs
80455	* logogram (Seth) : stš/stẖ
80457	* logogram (Seth) : stš/stẖ
80460	* logogram (Seth) : stš/stẖ
80462	* logogram/Phonemogram (lord, in nb.ty, the two lords Horus and Seth) : nb
80463	* logogram/Phonemogram (lord, in nb.wy, the two lords Horus and Seth) : nb
80464	* logogram (Seth) : stš/stẖ
80468	* logogram (Seth) : stš/stẖ
80469	* classifier storm : ḳr.y
80470	* classifier storm : sšn
80471	* logogram/Phonemogram (lord, in nb.wy, the two lords Horus and Seth) : nb
80472	* classifier storm, storm cloud : ḳrr
80473	* classifier storm, storm cloud : ḳrr
80474	* logogram/Phonemogram (Hebenu, capital of the 16th nome of Upper Egypt) : ḥbn.w
80475	* logogram (Oryx nome, 16th nome of Upper Egypt) : mꜣ-ḥḏ
80476	* logogram (Oryx nome, 16th nome of Upper Egypt) : mꜣ-ḥḏ
80477	* logogram (Oryx nome, 16th nome of Upper Egypt) : mꜣ-ḥḏ
80478	* classifier oryx : mꜣ-ḥḏ
80479	* phonemogram : ꞽw
80480	* phonemogram : ꞽw
80482	* classifier (oryx) : mꜣ-ḥḏ
80483	* classifier roarer : hmhm.t(y)
80484	* logogram (herd, flock) : ꜥw.t
80485	* classifier noble/dignity/rank : sꜥḥ
80486	* logogram (gazelle) : gḥs
80487	* phonemogram : s
80488	* logogram (rams) : bꜣ.w
80489	* logogram (son of Re) : sꜣ-rꜥ
80490	* logogram (he of Edfu) : bḥd.ty
80491	* phonemogram (in bꜣ-n-rꜥ-mr.y-ꞽmn) : bꜣ
80492	* phonemogram : sḥḏ
80493	* phonemogram : nb
80494	* logogram (to the north of) : mḥ
80496	* classifier ram divinity : bt
80497	* phonemogram : bꜣ
80498	* phonemogram : nb
80500	* ?
80501	* phonemogram : ꜣms
80502	* phonemogram : š
80503	* phonemogram : šsr
80504	* logogram/Phonemogram (to make glad, to be glad) : ꜣms-ꞽb
80506	* phonemogram : ꞽw
80507	* phonemogram : ꞽw
80508	* classifier jackal : wnš.w
80509	* phonemogram/logogram (those that conduct) : sb.yw
80510	* phonemogram : ꞽmn.t
80511	* phonemogram/logogram (many-coloured of plumage) : sꜣb-šw.t
80512	* logogram (jackal of Upper Egypt) : sꜣb šmꜥ.w
80513	* logogram (Wepwawet of Upper Egypt) : wp-wꜣ.wt-šmꜥ.w
80515	* phonemogram : sṯꜣ
80516	* logogram (Wepwawet)? : wp-wꜣ.wt
80517	* logogram (those who conduct the bark of Re) : sb.yw-wꞽꜣ-n-rꜥ
80518	* phonemogram : ṯsm
80519	* logogram ((secret) image (of a god)) : sštꜣ
80520	* logogram (to make secret) : sštꜣ
80521	* logogram (the primary (secret) image (of a god)) : sštꜣ-tp(.y)
80522	* logogram ((secret) image (of a god)) : sštꜣ
80523	* classifier divinity : ꞽnp.w
80524	* logogram (Anubis) : ꞽnp.w
80525	* logogram (Anubis) : ꞽnp.w
80526	* logogram (Anubis) : ꞽnp.w
80527	* classifier canine divinity : wp-wꜣ.wt
80529	* classifier canine divinity : wp-wꜣ.wt
80530	* classifier canine divinity : wp-wꜣ.wt
80531	* classifier canine divinity : wp-wꜣ.wt
80532	* logogram (Anubis nome (17th nome of Upper Egypt)) : ꞽnpw.t
80533	* logogram (Anubis nome (17th nome of Upper Egypt)) : ꞽnpw.t
80535	* logogram (privy to the secrets) : ḥr.y-sštꜣ
80536	* logogram (Anubis) : ꞽnp.w
80537	* logogram (cat) : mꞽw.t
80538	* logogram (like Re) : mꞽ-rꜥ
80539	* phonemogram : ḫft-ḥr
80540	* logogram (given life like Re) : dꞽ-ꜥnḫ-mꞽ-rꜥ
80542	* logogram (young lioness) : ḥwn.t
80543	* phonemogram : ḫft-ḥr
80544	* phonemogram : ḫft-ḥr
80545	* phonemogram : ḫft-ḥr
80546	* phonemogram : m
80548	* phonemogram : m rw.t(y)
80549	* classifier horse : smsm (=ssm.t)
80550	* classifier horse : ssm.t
80551	* logogram (span (of horses)/horse) : ḥtr
80552	* logogram (span (of horses)/horse) : ḥtr
80554	* classifier cattle : ꜥw.t
80555	* logogram (rank, diginity) : sꜥḥ
80558	* classifier griffin : ꜥḫḫ
80559	* logogram (griffin) : ꜥḫḫ
80560	* logogram (triomphator) : dwn.ty
80561	* classifier hippopotamus goddess : ḥḏ.t
80563	* classifier hippopotamus : ḫꜣb
80564	* classifier animal in water : ꞽm.yw-mw
80565	* logogram/phonemogram (Ipet) : ꞽp.t
80566	* phonemogram/logogram (in ꞽp.t-sw.t) : ꞽp.t
80567	* logogram/Phonemogram (great one (female)) : wr.t
80568	* logogram/Phonemogram (great one (female)) : wr.t
80569	* logogram (to rejoice) : bnhm
80570	* logogram (first person singular, referring to Nut) : ꞽ
80571	* classifier jackal : wnš.w
80573	* phonemogram : wn
80574	* phonemogram : wn
80575	* logogram (Hermopolis magna, 15th nome of Upper Egypt) : wnw.t
80577	* logogram (lord of the two lands) : nb tꜣ.wy
80578	* classifier (lion) : mꜣꞽ
80579	* logogram (lion) : mꜣꞽ/rw/pḥ.tꞽ
80580	* phonemogram : rw
80581	* classifier divinity (lioness) : mḥ(.y)t
80583	* logogram (throne dais) : ṯnṯꜣ.t
80584	* logogram (lion) : mꜣꞽ
80586	* logogram (living lion) : mꜣꞽ-ꜥnḫ
80587	* logogram (living lion) : mꜣꞽ-ꜥnḫ
80588	* phonemogram : mds
80589	* phonemogram : ḥsꜣ-šnꜥ
80590	* phonemogram : pẖr
80591	* logogram (to present) : šms
80592	* logogram/phonemogram (king of Upper Egypt and Lower Egypt, lord) : n(.y)-sw.t-bꞽ.ty nb
80593	* logogram (in the construction sꜣ-rꜥ nb ḫꜥ.w) : rꜥ + nb
80594	* logogram (Mehyt, divinity) : mḥ.yt
80595	* logogram (Pachet) : pꜣḫ.t
80596	* phonemogram tf and phonemogram r : tf & r
80597	* phonemogram : n
80598	* classifier divinity : twtw
80599	* logogram (to give, to place) : rdꞽ
80600	* phonemogram : ḏsr
80601	* phonemogram : ršw
80602	* phonemogram (in ꜣwtwkrtr) : kr
80603	* logogram (Re) : rꜥ
80605	* logogram (Matit, goddess of 12th nome of Upper Egypt) : mꜣt.yt
80606	* logogram (door bolt) : ḥkn
80607	* logogram (every day) : rꜥ-nb
80608	* logogram (Pachet) : pꜣḫ.t
80609	* phonemogram : nb-ḫpš
80610	* phonemogram : rdꞽ
80611	* logogram (to make holy) : ḏsr
80612	* classifier aggressive like a lion : tkn
80613	* classifier leopard : ꜣby
80614	* phonemogram/logogram (rage, anger) : ḳnd
80615	* logogram (Tefrer, geographical location) : tfrr
80616	* classifier monkey (divinity) : wpt
80617	* logogram (Thoth) : ḏḥwty
80618	* logogram (king (of Upper Egypt)) : n(.y)-sw.t
80619	* phonemogram : bsꜣ
80620	* phonemogram : bsꜣ
80621	* logogram (scribe) : sš
80622	* logogram (to write, to inscribe) : spẖr
80623	* logogram (New Year's Day) : wp-rnp.t
80624	* logogram (to speak words, to recite) : ḏd-mdw
80625	* logogram (recitation by) : ḏd-mdw-ꞽn
80628	* phonemogram : sꜣ=f
80629	* phonemogram : n-sꜣ
80631	* classifier ritual object : šb.t
80632	* logogram (symbol of the cycle of time) : wnšb
80633	* logogram (symbol of the cycle of time) : wnšb
80634	* phonemogram : ꞽn
80635	* phonemogram : ꞽn
80638	* logogram (lady of writing) : nb.t-sš
80639	* phonemogram : t
80640	* logogram (to be good) : nfr
80641	* logogram (to be good) : nfr
80642	* classifier baboon : bꜣ.w-ꞽꜣb.tyw
80643	* phonemogram : nfr
80645	* classifier monkey : ꞽwf
80647	* logogram/phonemogram (beautiful of face) : nfr(.t)-ḥr
80648	* logogram (good year) : rnp.t-nfr.t
80650	* logogram (New Year's Day) : wp-rnp.t
80651	* phonemogram : nfr
80652	* phonemogram : nfr.w
80653	* phonemogram : nfr.w
80654	* phonemogram : nfr
80655	* logogram/phonemogram (the beautiful lotus flower) : nḫb nfr
80657	* phonemogram : ḏd + s + r
80658	* logogram (to adorn) or Logogram (to be friendly) : sẖkr | ꞽmꜣ
80659	* ?
80660	* classifier mouse : pnw
80661	* logogram (lord) : nb
80662	* logogram (lord) : nb
80663	* logogram rꜥ and nb (in sꜣ-rꜥ nb ḫꜥ.w) : rꜥ nb
80664	* logogram (king of Upper Egypt and Lower Egypt, lord) : n(.y)-sw.t-bꞽ.ty-nb
80665	* logogram (lord of the two lands) : nb-tꜣ.wy
80666	* logogram (living image) : šsp-ꜥnḫ
80667	* logogram (living image) : šsp-ꜥnḫ
80668	* logogram (the sole/unique lord) : nb-wꜥ
80669	* logogram (the sole/unique lord) : nb-wꜥ
80670	* logogram (lord) : nb
80672	* phonemogram : m
80673	* logogram (lord) : nb
80674	* logogram (presenting myrrh) : šms ꜥntyw
80675	* logogram (image, referring to the king) : šsp
80677	* logogram (image) : šsp
80678	* logogram (lord) : nb
80679	* classifier divinity Aker : ꜣkr
80680	* classifier divinity Aker : ꜣkr
80683	* classifier Hapy : ḥp
80684	* phonemogram : nfr
80685	* logogram (yoke of oxen) : ḥtr
80686	* phonemogram : n-nb
80687	* classifier bull (specifically in kꜣ-ḥḏ (the (sacred) white bull) : kꜣ
80688	* classifier bovid (steer, ox, cattle, male animal) : ꞽwꜣ
80689	* classifier glad, pleased : ꜣms
80690	* classifier bovid (steer, ox, cattle, male animal) : ꞽwꜣ
80691	* logogram (cow) : ꞽḥ.t
80692	* logogram (bull) : kꜣ
80693	* logogram (sacrificial steer) : smꜣ
80694	* logogram (sacrificial steer) : smꜣ
80695	* classifier (Seth) : tbh
80696	* logogram (sacrificial steer) : smꜣ
80697	* classifier (to fall) : ḫr
80699	* classifier slaughter? : sꞽd-tꜣ
80700	* classifier prepare to attack : ṯwn
80702	* logogram (11th nome of Lower Egypt) : ḥsbw
80703	* logogram (6th nome of Lower Egypt) : ḫꜣsw.w
80704	* logogram (6th nome of Lower Egypt) : ḫꜣsw.w
80705	* logogram (Cynopolis nome) : sꜣkꜣ
80706	* logogram (12th nome of Lower Egypt) : ṯb-nṯr
80707	* classifier divinity : nsr-msr
80708	* phonemogram (in ꜣms-ꞽb (to rejoice)) : ꜣms
80709	* phonemogram : bꜣẖ
80710	* classifier cow divinity : ḥs(ꜣ).t
80711	* phonemogram (in ꜣms-ꞽb) : ꜣms
80712	* phonemogram : wbn
80713	* logogram (lady) : nb.t
80714	* logogram (Re and lord (in sꜣ-rꜥ nb ḫꜥ.w)) : rꜥ nb
80716	* logogram (cattle) : wnḏw
80717	* logogram (king of Upper Egypt and Lower Egypt, lord) : n(.y)-sw.t bꞽ.ty nb
80718	* classifier cow divinity : ḥs(ꜣ).t
80719	* logogram (Re and lord (in sꜣ-rꜥ nb ḫꜥ.w)) : rꜥ nb
80720	* classifier cow divinity : ꞽh.t
80721	* classifier cow divinity : ḥs(ꜣ).t
80723	* phonemogram (in km-wr) : wr
80724	* logogram (10th nome of Lower Egypt) : km-wr
80726	* logogram (12th nome of Lower Egypt) : ṯb-nṯr
80727	* classifier (bull) : kꜣ
80728	* logogram (bull, beef) : kꜥ/ꞽḥ
80729	* classifier divinity (Ash-spitter) : ꜣš-ssf
80730	* classifier Ammet : ꜥmm.t
80731	* classifier rhinoceros : šḳb
80732	* phonemogram : hrw
80733	* phonemogram : sš
80735	* phonemogram : hrw
80736	* logogram (worth, dignity, renown) : šf.yt
80737	* classifier ram : rhny
80738	* classifier worth, dignity, renown : šf.yt
80739	* classifier worth, dignity, renown : šf.y
80740	* logogram (worth, dignity, renown) : šf.yt
80741	* classifier (Atef crown) : ꜣtf
80742	* logogram (worth, dignity, renown) : šf.yt
80743	* logogram (worth, dignity, renown) : šf.yt
80744	* classifier worth, dignity, renown : šf.yt
80745	* logogram (the eight primordial gods) : ẖnmwy
80746	* logogram (bull) : kꜣ
80747	* phonemogram : smꜣ
80748	* classifier rage/aggression : ḏnd
80749	* phonemogram : šsmw
80750	* logogram (bull) : kꜣ
80751	* classifier : ḫtn
80752	* classifier Ursa Major constellation : msḫt.yw
80753	* logogram (bull) : kꜣ
80754	* classifier nose : fnḏ
80755	* classifier kissing : sn
80756	* classifier double doors : ḫns
80757	* logogram (double doors) : ḫns
80758	* phonemogram : stꜣ
80759	* phonemogram : stꜣ
80760	* phonemogram : stꜣ
80761	* phonemogram : stꜣ
80763	* phonemogram : stꜣ
80764	* phonemogram : stꜣ
80765	* logogram (jackal) : sꜣb
80767	* logogram (Ennead) : psḏ.t
80769	* phonemogram : wsr
80770	* logogram (throat) : ḥt.yt
80771	* classifier throat associated action : sꜥm
80773	* phonemogram : wsr
80774	* phonemogram : wsr
80775	* logogram (gazelle) : gḥs
80776	* phonemogram : šsr
80777	* phonemogram : šsm
80778	* logogram (antilope) : mꜣ
80779	* phonemogram : šsr
80780	* logogram (ibex) : n(ꞽ)ꜣw
80782	* phonemogram : dn
80783	* phonemogram : ꜣt
80784	* phonemogram : pꜣḫt
80785	* logogram (to distinguish) and (beginning, front) : ṯnꞽ ḥꜣ.t
80786	* logogram (beginning, front) : ḥꜣ.t
80787	* classifier Haker festival : hꜣkr
80788	* logogram (Khonsu) : ḫnsw
80789	* classifier strength : ꜣ.t
80791	* phonemogram : ḫntš
80792	* phonemogram : ḫntš
80794	* phonemogram : ḫntš
80795	* phonemogram : ḫntš
80796	* phonemogram : ḫntš
80797	* phonemogram : ḫntš
80799	* phonemogram : ḫntš
80800	* phono-repeater : ḫntš
80801	* phonemogram : ꜣbw
80802	* classifier hyena : ḥṯ.t
80803	* logogram (rage) : nšn
80804	* logogram (New Year's Day) : wp-rnp.t
80805	* logogram (New Year's Day) : wp-rnp.t
80806	* phonemogram (commonly in wp-rnp.t) : wp
80809	* logogram (the one who awakes whole) : rs-wḏꜣ
80810	* phonemogram : dmḏ
80811	* phonemogram : dmḏ
80814	* logogram (to be true) : mꜣꜥ
80818	* classifier jaw : ꜥr
80819	* phonemogram : ns
80820	* phonemogram : ns
80821	* phonemogram : ns
80822	* logogram to hear, to listen
80823	* logogram (magic) : ḥkꜣ.w
80824	* phonemogram : sḳr
80825	* classifier thigh : mn.t
80828	* phonemogram : sḳr
80829	* logogram (to repeat) : wḥm
80830	* phonemogram : nm
80831	* phonemogram : nm
80832	* phonemogram : kꜣp (gb)
80834	* phonemogram : kꜣp
80835	* phonemogram : kꜣp
80836	* logogram (Letopolis) : ḫm
80837	* phonemogram : bḫ
80838	* phonemogram : bḫn
80839	* classifier animal : pꜣ-mꞽw
80840	* phonemogram : m
80841	* classifier animal : ꜥw.t
80842	* classifier leopard skin : bꜣ
80843	* classifier hoof : ꜥꜣg.t
80844	* phonemogram : st
80845	* phonemogram : st
80846	* phonemogram : wt
80847	* phonemogram : ḫnt
80848	* phonemogram : šd
80849	* phonemogram : šd
80850	* logogram (skin, water skin) : šd.w
80851	* phonemogram : ms
80852	* classifier back/end : pḥ.wy
80853	* phonemogram : ẖr
80854	* phono-repeater : sd
80855	* phonemogram : ꜣbw
80856	* phonemogram : mꜣ
80858	* phonemogram : mꜣṯ
80859	* phonemogram : ꜣbw
80860	* phonemogram : mꜣṯ
80861	* phonemogram : nfr
80862	* phonemogram : nfr
80863	* phonemogram : smꜣ
80864	* phonemogram : smꜣ
80865	* phonemogram : smꜣ
80866	* logogram (who unites the two lands) : smꜣ-tꜣ.wy
80867	* classifier (backbone) : psḏ
80868	* classifier back, backbone : psḏ
80869	* classifier back, backbone : psḏ
80870	* classifier cutting/slaughter : ꜥḏy.t
80871	* phono-repeater : mḥ
80872	* classifier cutting : šꜥd|~ 13BE8 FE00 rotated 90 degrees [= 270 degrees]
80873	* classifier shreds, pieces : spꞽ|~ 13BE9 FE00 rotated 90 degrees [= 270 degrees]
80874	* phono-repeater : mḥ|~ 13BEA FE00 rotated 90 degrees [= 270 degrees]
80875	* phonemogram : tꜣy
80876	* phonemogram : ꞽmꜣḫ
80878	* logogram (to be long, to stretch out) : ꜣwꞽ
80879	* logogram (to be long, to stretch out) : ꜣwꞽ
80880	* classifier rib (offering) : spr
80881	* logogram (slaughter, evil) : šꜥ.t
80882	* logogram (slaughter, evil) : šꜥ.t
80883	* classifier rib (offering) : spr
80885	* logogram (to bring, present, offer, go) : ms
80886	* phonemogram and classifier movement (in thm (to tread, to penetrate)) : m
80887	* phono-repeater : ꞽwꜥ
80888	* classifier meat : mḏ-nfr
80890	* classifier offering meat : sḫn
80891	* phonemogram : ꞽ(w)n
80892	* logogram (limb) : ꜥ.t
80893	* phonemogram : dbn
80894	* phonemogram (in m-pẖr) : pẖr
80895	* logogram (to go round, to turn round) : pẖr
80896	* logogram (to go round, to turn round) : pẖr
80897	* classifier scent : stꞽ
80898	* classifier scent : stꞽ
80899	* phonemogram : ḫ
80900	* phonemogram or Classifier enemy : ḫ | ḫfty
80901	* classifier liver : mꞽs.t
80903	* classifier (talons or fangs) : wḫꜣ.w
80904	* classifier spine : bḳs.w
80905	* phonemogram : tmꜣ
80906	* phonemogram : tm
80907	* logogram (ostrich) : nꞽw
80910	* logogram (to tremble) : sdꜣ
80911	* classifier to tremble : sd(ꜣ)d(ꜣ)
80912	* phonemogram (like in ḫsbd lapis-lazuli) : b
80913	* logogram (soul) : bꜣ
80915	* phono-repeater : ḥtm
80916	* phonemogram : ḫntš
80917	* logogram (Sepa) : spꜣ
80918	* phonemogram : pꜣ(.yw)
80919	* logogram (to tremble) : sdꜣ(dꜣ)
80920	* phonemogram : pꜣ
80921	* logogram (to destroy) : ḥtm
80922	* classifier : ḥtm
80923	* phonemogram : ḫn
80924	* phonemogram : ḫntš
80925	* phonemogram : ḫntš
80927	* phonemogram : ḥtr
80928	* phonemogram : ḥtr
80929	* phonemogram : ḳmꜣ
80930	* phonemogram : ḳmꜣ
80931	* phonemogram : ḳmꜣ
80933	* phonemogram : ḏfꜣ
80935	* phonemogram : smn
80936	* phono-repeater : ḥtm
80937	* phonemogram : ḏb
80938	* classifier lying, sleeping, spending the night : sḏr
80939	* phonemogram : gm
80941	* phonemogram : m
80942	* phonemogram : mr (ꞽm.y-r)
80943	* phonemogram : mr (ꞽm.y-r)
80944	* phonemogram/phono-repeater : ꞽb
80945	* phonemogram : ꜥḳ
80947	* phonemogram : gm
80948	* phonemogram : bꜣ
80950	* phonemogram : b
80951	* logogram (soul) : bꜣ
80952	* logogram (soul) : bꜣ
80954	* logogram (might, power) : bꜣ.w
80956	* logogram (to hack up, to open up (the earth)) : bꜣ
80960	* phonemogram : ty
80963	* phonemogram : yt
80965	* phonemogram : ḥꜣm
80966	* phonemogram : gm
80967	* classifier bird offering : nšn
80968	* classifier destroy, to destroy (in this case specifically in ḥtm.yt, place of execution) : ḥtm
80969	* logogram (bird, fowl) : ꜣpd
80970	* phonemogram : b
80971	* logogram (might, power) : bꜣ.w
80972	* logogram/phonemogram (in ḥw.t-bꜣ.w (room in the Esna temple)) : bꜣ.w
80973	* phonemogram : ꜣḫ
80974	* logogram (god) : nṯr
80975	* logogram (god) : nṯr
80976	* logogram (god) : nṯr
80977	* logogram (to inundate) : bꜥḥ
80978	* logogram (soul) : bꜣ
80980	* logogram (to inundate) : bꜥḥ
80981	* logogram (to inundate) : bꜥḥ
80982	* logogram (inundation) : bꜥḥ
80983	* logogram (god) : nṯr
80984	* phonemogram : b
80985	* classifier heron : bnw
80986	* phonemogram : tꜣ
80987	* phonemogram : ꜣḫw
80988	* logogram (god) : nṯr
80989	* logogram (Thoth) : ḏḥwty
80990	* logogram (to be excellent) : ꞽḳr
80991	* logogram (Thoth) : ḏḥwty
80992	* logogram (god) : nṯr
80994	* logogram (Thoth) : ḏḥwty
80995	* logogram (Thoth) : ḏḥwty
80996	* logogram (god) : nṯr
80997	* logogram (Thoth) : ḏḥwty
80998	* phonemogram : ṯꜣ
80999	* logogram (god) : nṯr
81000	* logogram (god) : nṯr
81001	* classifier Thoth : nb ḫmnw
81002	* logogram (god) : nṯr
81004	* logogram (Horus) : ḥr
81005	* logogram (Re-Hor (usually in rꜥ-ḥr-ꜣḫ.ty) : rꜥ-ḥr
81006	* logogram (Re-Hor (usually in rꜥ-ḥr-ꜣḫ.ty) : rꜥ-ḥr
81007	* logogram (Re-Hor (usually in rꜥ-ḥr-ꜣḫ.ty) : rꜥ-ḥr
81008	* logogram (Horus) : ḥr
81009	* logogram (Horus) : ḥr
81010	* logogram (Horus) : ḥr
81011	* classifier king : n(.y)-sw.t
81012	* phonemogram : pn
81013	* phonemogram : pn
81014	* classifier divinity : ꞽmt.t
81015	* logogram (Sopdu (divinity)) : spd.w
81016	* logogram (the female Horus) : ḥr.t
81017	* logogram (Horus) : ḥr
81018	* logogram (the female falcon) : bꞽk.t
81019	* logogram (goddess) : nṯr.t
81020	* logogram (god) : nṯr
81021	* logogram (high quality (red) linen) : ꞽdmꞽ
81023	* logogram (west) : ꞽmn.t
81024	* logogram (West, 3rd nome of Lower Egypt) : ꞽmn.tt
81025	* logogram (high quality (red) linen) : ꞽdmꞽ
81026	* classifier divine beings/divine things
81027	* logogram (goddess) : nṯr.t
81028	* logogram (goddess) : nṯr.t
81029	* classifier divinity (Min) : mnw
81030	* logogram (may he live, the god) : ꜥnḫ-nṯr
81031	* logogram (majesty) : ḥm
81032	* logogram (majesty) : ḥm
81034	* logogram (Harsomtus) : ḥr-smꜣ-tꜣ.wy
81035	* logogram (Harsomtus) : ḥr-smꜣ-tꜣ.wy
81036	* logogram (The two gods, 5th nome of Upper Egypt) : nṯr.wy
81037	* logogram (Throne of Horus (Edfu)) : wṯs-ḥr
81038	* logogram (Throne of Horus (Edfu)) : wṯs-ḥr
81039	* logogram (Throne of Horus (Edfu)) : wṯs-ḥr
81040	* logogram (Throne of Horus (Edfu, 2nd nome of Upper Egypt)) : wṯs-ḥr
81041	* logogram (Horus who is on the palace façade) : ḥr-ḥr.y-srḫ
81042	* logogram/phonemogram (Horus, who endures on the palace façade) : ḥr mn (ḥr) srḫ
81043	* classifier the one who is on the palace façade : ḥr.y-srḫ
81044	* logogram (the living falcon who is on the palace façade) : bꞽk ꜥnḫ ḥr.y srḫ
81045	* logogram (throne, palace façade) : srḫ
81046	* logogram (west, right side) : ꞽmn.t
81047	* logogram (west, right side) : ꞽmn.t
81048	* logogram (necropolis) : ẖr.t-nṯr
81049	* logogram (necropolis) : ẖr.t-nṯr
81051	* logogram (Nemty (divinity)) : nmty
81052	* logogram (Nemty (divinity)) : nmty
81053	* logogram (lord) : nb
81054	* logogram (lord) : nb
81055	* logogram (lord) : nb
81056	* classifier (Sokar) : skr
81057	* phonemogram : p & nst
81058	* logogram : ẖr.t-nṯr
81059	* logogram (sanctuary of Sokar) : šṯy.t
81060	* logogram (lord) : nb
81061	* logogram (in bꞽk-n-nbw.t, falcon of the golden ones) : bꞽk & nbw
81062	* logogram (golden Horus) : ḥr-nbw
81063	* logogram (Nemty (divinity)) : nmty
81066	* classifier high quality (red) linen : (ꞽ)dmꞽ
81067	* logogram (high quality (red) linen) : ꞽdmꞽ
81068	* logogram (high quality (red) linen) : ꞽdmꞽ
81069	* logogram (the one who spreads out his wings ((Dewen-anwy) divinity)) : dwn-ꜥn.wy
81071	* phonemogram : ṯꜣ
81072	* phonemogram and classifier throne (in ṯnṯꜣ.t) : ṯꜣ
81074	* logogram (many-coloured of plumage) : sꜣb-šw.t
81075	* logogram (many-coloured of plumage) : sꜣb-šw.t
81076	* logogram (many-coloured of plumage) : sꜣb-šw.t
81077	* logogram (many-coloured of plumage) : sꜣb-šw.t
81078	* logogram (many-coloured of plumage, who goes forth in/from the horizon) : sꜣb-šw.t-pr-m-ꜣḫ.t
81079	* logogram (many-coloured of plumage, who goes forth in/from the horizon) : sꜣb-šw.t-pr-m-ꜣḫ.t
81080	* logogram (many-coloured of plumage, who goes forth in/from the horizon) : sꜣb-šw.t-pr-m-ꜣḫ.t
81082	* logogram (to protect) : ḫwꞽ
81084	* logogram (the one who spreads out his wings ((Dewen-anwy) divinity)) : dwn-ꜥn.wy
81086	* logogram (to protect) : mkꞽ/ḫwꞽ
81087	* classifier falcon : b(ꞽ)k.t
81088	* classifier falcon/bird of prey : gmḥs
81089	* logogram (god) : nṯr
81090	* logogram (god) : nṯr
81091	* logogram (Horus) : ḥr
81092	* classifier cult image : ꜥẖm
81093	* logogram (Horus) : ḥr
81094	* logogram (Haroeris) : ḥr-wr
81095	* logogram (Haroeris) : ḥr-wr
81096	* logogram (Haroeris) : ḥr-wr
81097	* logogram (Sopdu (divinity)) : spd.w
81098	* classifier cult image : ꜥẖm
81100	* logogram : sḏr
81103	* classifier (some type of bird) or (Dedwen, divinity) : bn | ddwn
81104	* phonemogram : wr
81105	* classifier negative, bad : ꞽw.ty
81107	* phonemogram : ḏb
81108	* logogram (brick, sheet, ingot) : ḏb.t
81109	* logogram (soul) : bꜣ
81110	* logogram (soul) : bꜣ
81113	* phonemogram : b
81114	* logogram (He of Edfu) : bḥd.ty
81116	* logogram (the female falcon) : bꞽk.t
81117	* logogram (goddess) : nṯr.t
81118	* logogram (soul) : bꜣ
81120	* classifier descendant : ḫr(.y)
81121	* phonemogram : ṯꜣ
81122	* logogram (water fowl) : rꜣ
81123	* classifier nest : sš
81125	* classifier nest : sš
81126	* phonemogram : rḫt
81127	* phonemogram : rḫt
81129	* phonemogram : mḥ
81130	* phonemogram : mḥ
81131	* logogram (nest) : sš
81132	* phonemogram : mḥ
81133	* logogram (bird-pool, nest) : sš
81134	* logogram (nest) : sš
81135	* logogram (bird-pool, nest, marshland) : sš
81136	* classifier pelican : ḥn.t
81137	* phonemogram : nḥ
81138	* phonemogram : nḥ
81139	* phonemogram : nḥ
81140	* phonemogram : nḥ
81141	* phonemogram : ty
81142	* phonemogram : ty
81143	* logogram (common folk, subjects, people) : rḫ.yt
81144	* logogram (common folk, subjects, people) : rḫ.yt
81145	* phonemogram/Logogram (who everyone knows) : rḫ.t-ḥr-nb
81146	* logogram (common folk, subjects, people) : rḫ.yt
81147	* logogram (common folk, subjects, people) : rḫ.yt
81148	* phonemogram : tyw
81150	* phonemogram : ty
81152	* phonemogram : nt
81154	* logogram (goddess) : nṯr.t
81155	* logogram (Nekhbet (divinity)) : nḫb.t
81156	* classifier divinity (Nekhbet) : nḫb.t
81157	* logogram (Mut (divinity)) : mw.t
81158	* classifier uraeus : wr.t
81159	* logogram (lady (in nb.ty)) : nb.t
81160	* logogram (new year festival) : wp-rnp.t
81161	* logogram/phonemogram (to protect) : mkꞽ
81162	* logogram/phonemogram (to protect) : mkꞽ
81163	* logogram/phonemogram (to protect) : mkꞽ
81166	* phonemogram : ꜣ
81167	* logogram (mother of the god, lady of) : mw.t-nṯr-nb
81168	* logogram (staff) : mdw
81169	* classifier staff : mdw
81170	* classifier staff
81171	* classifier staff : mdw
81172	* phonemogram : mdw
81173	* logogram (staff) : mdw
81174	* phonemogram/logogram (end) : nfr.(y)t
81175	* logogram (to see) : mꜣꜣ
81176	* phono-repeater : ꞽmꜣḫ
81177	* logogram (to speak, to say) : ḏd
81178	* classifier common crane : ḏꜣ(.t)
81179	* logogram (to speak, to say) : ḏd
81180	* phonemogram : pg
81181	* phonemogram : ꜣḫ
81182	* phonemogram/logogram (spirits) : ꜣḫ
81183	* phono-repeater : nr
81187	* phonemogram : šps
81188	* phonemogram : tꜣš
81189	* classifier double feather : šw.ty
81190	* phonemogram : r
81192	* logogram (claw, talon) : ꜥn.t
81193	* logogram (one who is within an egg) : ꞽm.yw-swḥ.t
81194	* logogram (Duau (divinity)) : dwꜣw
81195	* phonemogram : m
81196	* phonemogram : w
81197	* phonemogram : ꜣ
81198	* phonemogram : gb
81199	* logogram (Nehebkau (divinity)) : nḥb-kꜣ.w
81200	* classifier hardun lizard : ḏnf
81201	* classifier evil : ḏwḏw
81202	* classifier Nun : nꞽw
81203	* logogram (Sobek (divinity)) : sbk
81204	* logogram (Iqer, 6th nome of Upper Egypt) : ꞽḳr
81205	* classifier divinity (Sobek) : sbk
81206	* logogram (Iqer, 6th nome of Upper Egypt) : ꞽḳr
81207	* logogram (Medinet Habu) : ṯꜣm.t
81208	* logogram (Iqer, 6th nome of Upper Egypt) : ꞽḳr
81209	* classifier water animal : ꞽm.yw-mw
81210	* classifier enemy in crocodile form : ḫꜥw
81211	* logogram (crocodile) : ꜥfꜥ
81212	* classifier enemy in crocodile form : ḥnt.y
81213	* classifier enemy in crocodile form : mg(ꜣ)
81214	* classifier crocodile : ḥnt.y
81215	* logogram (crocodile) : mg(ꜣ)
81216	* logogram (Sobek (divinity)) : sbk
81217	* logogram (to gather) : sꜣḳ
81218	* logogram (Sobek (divinity)) : sbk
81219	* logogram (Sobek-Re (divinity)) : sbk-rꜥ
81220	* logogram (sovereign) : ꞽty
81221	* logogram (Sobek (divinity)) : sbk
81222	* phonemogram : f
81223	* ?
81224	* logogram (Sobek-Re (divinity)) : sbk-rꜥ
81225	* classifier the two crocodiles : sbk.wy
81226	* logogram (moment of attack) : ꜣ.t
81227	* logogram (Egypt) : km.t
81228	* phonemogram : km
81229	* phonemogram : km
81230	* phonemogram : km
81233	* logogram Hfn (one hundred thousand)
81234	* logogram (Heqet (divinity)) : ḥḳ.t
81235	* logogram (one hundred thousand) : ḥfn
81236	* classifier snake : ꜥḥꜥ
81237	* logogram (to enter) : ꜥḳ
81238	* logogram (to enter) : ꜥḳ
81239	* logogram (to go forth) : prꞽ
81240	* logogram (to go forth) : prꞽ
81241	* classifier snake : ꜥḥꜥ
81242	* logogram (lifetime) : ꜥḥꜥ.w
81243	* phonemogram : ꞽnḏ
81244	* phonemogram : nf
81245	* phonemogram : f
81246	* logogram (father) : ꞽt
81247	* phonemogram : py
81249	* phonemogram/logogram (his name) : rn=f
81250	* logogram (to go forth) : prꞽ
81251	* phonemogram : ꞽnḏ
81252	* logogram (to go forth) : prꞽ
81253	* logogram (divinity) : wr-ḥkꜣ.w
81255	* phonemogram/logogram (eternity) : ḏ.t
81256	* logogram (eternity) : ḏ.t
81257	* classifier divinity : ḳbḥ.wt
81258	* logogram/phonemogram (boundry, cliff) : ṯn.w
81259	* logogram (boundry, cliff) : ṯn.w
81260	* classifier divinity : ḳbḥ.wt
81261	* logogram (the two mountain ranges of the Nile valley) : ṯn.wy
81262	* logogram (the two mountain ranges of the Nile valley) : ṯn.wy
81263	* logogram (eternity) : ḏ.t
81264	* phonemogram : nt
81265	* phonemogram : mḏ
81266	* phonemogram (in ḥḏ-tꜣ, dawn, daybreak) : ḥḏ
81267	* logogram (cavern) : ḳr.t
81268	* logogram (cavern) : ḳr.t
81269	* logogram (cavern) : ḳr.t
81270	* logogram (cavern) : ḳr.t
81271	* logogram (cavern) : ḳr.t
81272	* logogram (the two holes, the two caverns) : ḳr.ty
81273	* classifier female divinity
81274	* logogram (lady (in nb.ty)) : nb.t
81275	* logogram (fire, flame) : nsr.t
81276	* logogram (fire, flame) : nsr.t
81277	* classifier the two udjat eyes : wḏꜣ.ty
81278	* logogram (goddesses) : nṯr.wt
81279	* classifier Ennead : psḏ.t
81282	* logogram (goddess) : nṯr.t
81283	* logogram (goddess) : nṯr.t
81284	* logogram (goddess) : nṯr.t
81287	* logogram (goddesses) : nṯr.wt
81288	* classifier uraeus snake : wꜣḏ.t
81289	* logogram (lady (in nb.ty)) : nb.t
81290	* phonemogram : n
81291	* logogram (lady (in nb.ty)) : nb.t
81292	* classifier the two uraeus snakes : wꜣḏ.ty
81293	* logogram (Hathor) : ḥw.t-ḥr
81294	* logogram (goddess) : nṯr.t
81295	* logogram (Renenutet) : rnn.wtt
81296	* phonemogram/logogram (to encircle with) : mḥn
81297	* classifier snake, uraeus : ꞽꜥr.ty
81298	* logogram (Wadjet (divinity) : wꜣḏ.t
81299	* logogram (lady (in nb.ty)) : nb.t
81300	* classifier uraeus : wr.t
81301	* logogram (lady (in nb.ty)) : nb.t
81302	* logogram (Renenutet) : rnn.wtt
81303	* logogram (uraeus) : mḥn.t
81304	* classifier coil (of a snake) : mḥn
81305	* logogram (uraeus) : mḥn.t
81306	* logogram (uraeus) : mḥn.t
81307	* logogram (uraeus) : mḥn.t
81309	* logogram (uraeus) : mḥn.t
81312	* logogram (lady of Dendera) : nb.t ꞽwn.t
81313	* logogram (lady of Dendera) : nb.t ꞽwn.t
81314	* phonemogram/logogram (to not know) : n rḫ
81315	* phonemogram/logogram (to not know) : n rḫ
81316	* phono-repeater : n rḫ
81317	* phonemogram/logogram (to not know) : n rḫ
81319	* logogram (Renenutet) : rnn.wtt
81320	* phonemogram : (ꞽ)ḫr
81321	* phonemogram : n
81322	* logogram (the two caverns) : ḳr.ty
81323	* classifier snake
81325	* classifier snake
81326	* phonemogram : f
81327	* classifier snake, serpent : nḥꜣ-ḥr
81329	* phonemogram : f
81330	* phonemogram : f
81331	* phonemogram n and logogram bꜣ (soul) : n & bꜣ
81332	* classifier snake : ꜥꜣpp
81334	* phonemogram : ꜥ
81335	* logogram (Shai (divinity)) : šꜣw
81336	* classifier snake, serpent : ḥfꜣw
81337	* classifier snake, serpent : pẖr-ḥr
81339	* classifier snake : ꜥꜣpp
81340	* classifier snake : ḥf(ꜣ).t
81341	* classifier snake/enemy : bṯw
81342	* classifier snake/enemy (Apophis) : ꜥꜣpp
81343	* classifier snake/enemy (Apophis) : ꜥꜣpp
81344	* classifier snake : ḏw-ḳd
81345	* classifier snake/enemy (Apophis) : ꜥꜣpp
81347	* classifier snake/enemy (Apophis) : ꜥ(ꜣ)pp
81348	* classifier snake/divinity : km-ꜣ.t=f
81354	* logogram (the north wind) : mḥy.t
81355	* phonemogram rr and classifier geographical location : rr
81356	* logogram (fish) : rm
81357	* phonemogram : ẖꜣ
81358	* logogram (canal of the Two Fishes (in the second nome of Upper Egypt)) : ꜥꜣḏ.wy
81359	* phonemogram : ꞽn
81360	* phonemogram/logogram (Shenes (geographical location)) : Šns
81361	* logogram (Re) : rꜥ
81362	* phonemogram : rꜥ
81363	* phonemogram : ẖꜣ
81364	* logogram (First-of-fishes nome (16th nome of Lower Egypt)) : ḥꜣ.t-mḥ.yt
81365	* phonemogram : ẖꜣ
81366	* logogram/phonemogram (to flood out, to emerge) : bsꞽ
81367	* logogram/phonemogram (to flood out, to emerge) : bsꞽ
81368	* logogram/phonemogram (to flood out, to emerge) : bsꞽ
81369	* logogram/phonemogram (to flood out, to emerge) : bsꞽ
81370	* phonemogram : s
81372	* logogram (anger, discontent) : špt
81373	* logogram (to be angry) : špt
81375	* logogram (to be angry) : špt
81377	* logogram (to become) : ḫpr
81378	* logogram/Phonemogram (life to) : ꜥnḫ-n
81379	* logogram (to illuminate) : sḥḏ
81380	* classifier winged scarab : ꜥpy
81381	* logogram (to go forth) : prꞽ
81382	* logogram (to go forth) : prꞽ
81383	* logogram (to go forth) : prꞽ
81385	* logogram (who goes forth from the horizon) : pr-m-ꜣḫ.t
81386	* logogram (the winged scarab) : ꜥpy
81387	* logogram (scarab (amulet)) : ḫprr
81388	* phonemogram : nt
81389	* logogram (beginning) : ḥꜣ.t
81390	x (egyptian hieroglyph l003 - 131A6)|* classifier fly/insect : ꜥff
81391	* classifier wasp : tkk.t
81392	* phonemogram : r
81393	* logogram (mantis) : ḳd.t
81394	* classifier scorpion : srḳ.t
81396	* classifier Serket/Selkis : srḳ.t
81397	* logogram (Serket/Selkis (divinity)) : srḳ.t
81398	* logogram (Serket/Selkis (divinity)) : srḳ.t
81399	* classifier tiny insect : ꜥpšꜣy.t
81400	* classifier to open : sꜣš
81401	* classifier beetle : ꜥnḫ
81402	* phonemogram : ꞽmꜣ
81403	* logogram (sycamore) : nh.t
81405	* logogram (rain (divinity)) : ḥw.t
81406	* logogram (Neith, 4th and 5th nomes of Lower Egypt) : n.t
81407	* logogram (14th nome of Upper Egypt) : nḏf.t-pḥ.t
81408	* logogram (20th and 21st nomes of Upper Egypt) : nꜥr.t
81409	* logogram (20th and 21st nomes of Upper Egypt) : nꜥr.t
81410	* logogram (13th nome of Upper Egypt) : nḏf.t-ḫnt.t
81411	* classifier tamarisk wood : ꞽsr.t
81413	* phono-repeater : bꜣḳ
81414	* classifier wood : mr.t
81415	* classifier wood : ꜥš
81416	* classifier costly wood : s(s)ḏ(m)
81417	* classifier doum palm : mꜣmꜣ
81418	* classifier doum palm : mꜣmꜣ
81419	* logogram (true of voice) : mꜣꜥ-ḫrw
81421	* logogram (to be justified) : mꜣꜥ-ḫrw
81423	* phono-repeater : ḏꜥ
81424	* phonemogram : ḫr
81425	* phonemogram : ḫt
81427	* phonemogram : ḫt
81428	* classifier plant : twr
81429	* classifier oil : sfṯ/ḥꜣ.tt-ꜥš
81430	* classifier plant? : ꞽw.t
81431	* classifier plant : twn
81433	* logogram (year) : rnp.t
81434	* logogram (year) : rnp.t
81435	* logogram (year) : rnp.t
81436	* phono-repeater : tr
81437	* logogram (year) : rnp.t
81438	* logogram (year) : rnp.t
81439	* logogram (time/season) : tr
81440	* logogram (to be young, to rejuvenate) : rnpꞽ
81441	* logogram (to be young, to rejuvenate) : rnpꞽ
81442	* classifier/phono-repeater : tr
81443	* logogram (time/season) : tr
81446	* logogram (year) : rnp.t
81447	* logogram (to be young, to rejuvenate) : rnpꞽ
81450	* ?
81453	* phonemogram : šꜣ
81454	* phonemogram : šꜣ
81455	* logogram (marsh, meadow) : šꜣ
81456	* classifier flower : ms
81457	* phonemogram : šꜣ
81458	* phonemogram : šꜣ
81459	* phonemogram : ḫ
81460	* phonemogram : šꜣ
81461	* phonemogram : šꜣ
81462	* phonemogram : š
81464	* ?
81465	* classifier offering : wdn
81466	* classifier lettuce : ꜥb(w)
81468	* classifier growing : srd
81471	* logogram (to be good) : nfr
81472	* classifier flower : nḥb.t
81473	* classifier plants/flowers : ḫꜣ.w
81474	* classifier joy : ꜣw-ꞽb
81475	* classifier plant/phono-repeater : hdn
81476	* classifier joy : rš(.w)
81477	* classifier joy : ꜣw-ꞽb
81479	* classifier joy : rš(.w)
81480	* classifier flower : ḥrr(.t)
81482	* classifier flower : ḥrr(.t)
81483	* logogram (flower) : sbtt
81484	* classifier flower : ḥrr(.t)
81485	* logogram (Wennefer, title of Osiris) : wnn-nfr
81486	* classifier plants, vegetables : sm.w
81487	* logogram (lotus) : nḫb
81489	* logogram (lotus) : nḫb
81490	* classifier reed/rush : ꞽꜣr
81491	* classifier reed/rush : ꞽꜣr
81492	* classifier floral offering : ms(w)
81493	* classifier floral offering : ms(w)
81496	* phonemogram : ḥn
81497	* logogram (to offer) : wdn
81498	* logogram (to offer) : wdn
81499	* phonemogram : nfr
81500	* phonemogram : ḫꜣ
81501	* phonemogram ḫꜣ? (in the verb ḫꜣḫꜣ, to winnow, to scatter) : ḫꜣ
81502	* phonemogram : ḫ
81503	* phonemogram : ḫꜣ
81504	* logogram (\1000) : ḫꜣ
81505	* phonemogram : šn
81506	* logogram (\1000) : ḫꜣ
81507	* classifier lotus leaf : sp(ꜣ).t
81508	* phonemogram : ḫꜣ
81509	* \4000
81510	* phonemogram : wꜣḏ
81511	* phonemogram : wꜣḏ
81514	* logogram (Lower Egypt) : mḥ.w
81515	* phonemogram : ḥs
81516	* logogram (uraeus) : wꜣḏ.t
81517	* logogram (uraeus) : wꜣḏ.t
81518	* logogram (uraeus) : wꜣḏ.t
81519	* logogram (to gleam, to be bright, to dazzle) : ṯḥn
81520	* logogram (Upper Egypt) : šmꜥ.w
81523	* phonemogram : ḥꜣ
81524	* classifier marsh/swamp : mḥ.t
81525	* logogram (Lower Egypt) : mḥ.w
81526	* phonemogram : ꜣḫ
81527	* logogram (Lower Egypt) : tꜣ-mḥ.w
81528	* logogram (Upper Egypt) : šmꜥ.w
81529	* phonemogram : ḥꜣ
81530	* radicogram (grain of Lower Egypt) : mḥ.w
81531	* logogram (Upper Egypt) : šmꜥ.w
81532	* logogram (Upper Egypt) : šmꜥ.w
81533	* logogram (Upper Egypt) : šmꜥ.w
81534	* logogram (Upper Egypt) : šmꜥ.w
81536	* phonemogram : ḥꜣ
81537	* classifier plants : rnp.wt
81538	* logogram (Lower Egypt) : mḥ.w
81539	* classifier floral offering : ms(w)
81540	* phonemogram : ꞽ
81541	* phonemogram : ꞽ
81542	* phonemogram : ꜥꜣb
81543	* logogram offering : ꜥꜣb.t
81544	* logogram offering : ꜥꜣb.t
81545	* logogram offering : ꜥꜣb.t
81546	* logogram (marshland, country) : sḫ.t
81547	* classifier reeds/rushes : ꞽꜣr.w
81548	* phonemogram : n/rs.y
81550	* phonemogram : nḫb
81551	* phonemogram : rsw/rsy
81552	* logogram (Upper Egypt) : šmꜥ.w
81553	* phonemogram : šmꜥ
81554	* logogram (Upper Egypt) : šmꜥ.w
81555	* phonemogram : rsw/rsy
81557	* logogram (Upper Egypt) : šmꜥ.w
81558	* logogram (custodian of the property of the king) : ꞽr.y-(ꞽ)ḫ.t-n(.y)-sw.t
81559	* classifier plants : sr{r}.wy
81560	* logogram (Upper Egypt) : šmꜥ.w
81561	* phonemogram : nḫb
81562	* logogram (king of Upper Egypt) : n(.y)-sw.t
81563	* phonemogram : šmꜥ
81565	* logogram (to follow, to accompany) : šms
81566	* classifier braided lock of hair : ḥnsk.t
81567	* classifier succesful, fortunate : mꜥr
81568	* logogram (succesful, fortunate) : mꜥr
81569	* logogram (to be sweet) : bnr/bnꞽ
81570	* logogram (to be sweet) : bnr/bnꞽ
81571	* classifier plants : rd
81573	* classifier grain, barley, corn : sw.t
81574	* logogram (emmer) : bd.t
81576	* phonemogram : ḏr
81577	* phonemogram : ḏr
81578	* classifier tying, binding : dmꜣ
81579	* phonemogram : ḏr
81580	* phonemogram : ḏr
81583	* phonemogram : ḏr
81584	* classifier tying, binding : dmꜣ
81585	* classifier vegetable, fruit, plant : rnp.wt
81586	* logogram ((a vessel) with faience) : ṯḥn.t
81587	* phonemogram : ꞽs
81588	* phonemogram : ꞽs
81589	* phonemogram : ꞽs
81591	* logogram (gardiner, vinter) : kꜣn.y
81592	* classifier wine : ꞽrp
81593	* classifier fig : dꜣb
81594	* classifier Min (mnw) or logogram ꜥbw (lettuce) : mnw | ꜥbw
81595	* classifier unions : ḥḏ(.w)
81596	* classifier plants : sm
81598	* classifier lettuce : ꜥb.w
81600	* logogram (fig) : dꜣb
81602	* classifier lower sky : nn.t
81603	* logogram (granary) : šnw.t
81604	* classifier affliction : nḳm.t
81605	* classifier cavern : tpḥ.t
81606	* logogram (primeval waters) : nw.w
81607	* classifier dark/darkness : snk
81608	* classifier darkness (in divinity Keket (kk.t)) : kk.t
81609	* classifier darkness : wḫ
81610	* classifier darkness : wḫꜣ
81611	* logogram (night) : grḥ
81612	* classifier night : grḥ
81613	* phonemogram : ḥr.y
81614	* classifier dawn : ꜥnḏ
81615	* logogram (dew, scent, rain) : ꞽꜣd.t
81616	* classifier cloud/storm/moisture/rain : ꞽgp
81617	* classifier cloudiness : ḥꜣty
81618	* classifier time : nḥḥ
81619	* classifier divinity : ḥr
81620	* logogram (king of Upper Egypt and Lower Egypt) : n(.y)-sw.t-bꞽ.ty
81621	* logogram (king of Upper Egypt and Lower Egypt) : n(.y)-sw.t-bꞽ.ty
81622	* logogram (king of Upper Egypt and Lower Egypt) : n(.y)-sw.t-bꞽ.ty
81623	* logogram (king of Upper Egypt and Lower Egypt) : n(.y)-sw.t-bꞽ.ty
81624	* logogram (king of Upper Egypt and Lower Egypt) : n(.y)-sw.t-bꞽ.ty
81625	* logogram (king of Upper Egypt and Lower Egypt) : n(.y)-sw.t-bꞽ.ty
81626	* logogram (king of Upper Egypt and Lower Egypt) : n(.y)-sw.t-bꞽ.ty
81627	* classifier to scatter light, to illuminate : wpš
81629	* classifier to scatter light, to illuminate : wpš
81630	* classifier light, shining, rising : ꞽꜣḫ.w
81631	* classifier light, shining, rising : ḥḏḏ.wt
81632	* classifier sunfolk : ḥnmm.t
81633	* classifier to shine : wbn
81634	* classifier light, shining, rising : sḥḏ
81635	* classifier to scatter light, to illuminate : wpš
81636	* classifier solar period : rnp.t
81638	* classifier solar period : dwꜣw
81639	* classifier to spread out : ḥdy
81640	* logogram (the winged scarab or sun disk) : ꜥpy
81641	* classifier Horus of Edfu : bḥd.ty
81642	* logogram (to go forth) : prꞽ
81643	* classifier divinity : ḏḥwty
81644	* classifier divinity : ḏḥwty
81645	* logogram (king of Upper Egypt and Lower Egypt) : n(.y)-sw.t-bꞽ.ty
81646	* logogram (king of Upper Egypt and Lower Egypt) : n(.y)-sw.t-bꞽ.ty
81647	* logogram (to rise, to shine) : wbn
81648	* classifier winged sun disk : ꜥpy
81649	* logogram (to rise, to shine) : wbn
81650	* logogram (to rise, to shine) : wbn
81651	* logogram (in rꜥ-nb) : ꞽꜥḥ
81653	* logogram (half-month (festival)) : smd.t
81654	* logogram (month) : ꜣbd
81656	* logogram (to gleam, to be bright, to dazzle) : ṯḥn
81657	* logogram (Upper Egypt) : tꜣ-šmꜥ.w
81658	* logogram (Lower Egypt) : tꜣ-mḥ.w
81659	* logogram (land) : tꜣ
81660	* logogram (land) : tꜣ
81661	* logogram (land) : tꜣ
81662	* logogram (land) : tꜣ
81663	* logogram (land) : tꜣ
81664	* logogram (Dendera) : ꞽꜣ.t-dꞽ
81665	* classifier great water/basin : wrr
81666	* classifier geographical location : tꜣ
81667	* classifier garden : ḥsp
81668	* logogram (nome, district) : spꜣ.t
81669	* logogram (nome, district) : spꜣ.t
81670	* logogram (nome, district) : spꜣ.t
81672	* logogram (9th nome of Lower Egypt) : ꜥnḏ.ty
81674	* classifier garden : ḥsp
81676	* logogram (Prosopite Nome) : mtr
81677	* logogram (9th nome of Lower Egypt) : ꜥnḏ.ty
81678	* logogram (20th and 21st nomes of Upper Egypt) : nꜥr.t
81679	* logogram (14th nome of Upper Egypt) : nḏf.t-pḥ.t
81680	* logogram (21st nome of Upper Egypt) : nꜥr.t-pḥ.t
81681	* logogram (14th nome of Upper Egypt) : nḏf.t-pḥ.t
81682	* logogram (14th nome of Lower Egypt) : ḫnt.y-ꞽꜣb.ty
81683	* logogram (18th nome of Lower Egypt) : ꞽm.ty-ḫnt.y
81684	* logogram (12th nome of Upper Egypt) : ꜣtf.t
81685	* logogram (Ha (divinity)) : ḥꜣ
81686	* logogram (foreign land/desert) : ḫꜣs.t
81687	* classifier location : ty
81688	* logogram (place of life (i.e., the west)) : ꜥnḫ.t
81689	* logogram (place of life (i.e., the west)) : ꜥnḫ.t
81690	* classifier foreign land : sṯ.t
81691	* logogram (the evil one) : ḏw-ḳd
81692	* logogram (12th nome of Upper Egypt) : ꜣtf.t
81693	* logogram (12th nome of Upper Egypt) : ꜣtf.t
81694	* logogram (Ha (divinity)) : ḥꜣ
81695	* classifier medicaments, incense, oil : snṯr|~ 13F1F FE01 rotated 180 degrees
81696	* logogram (eternity) : nḥḥ
81697	* logogram (place of execution/slaughter) : ḫb.t/nm.t
81699	* logogram (eternity) : nḥḥ
81700	* logogram (to appear, to be shining) : ḫꜥꞽ
81701	* logogram hill, mound : ꞽꜣ.t
81702	* logogram hill, mound : ꞽꜣ.t
81704	* logogram (Dendera) : ꞽꜣ.t-dꞽ
81705	* phonemogram : ḥr
81706	* classifier entirely, quite, at all : rsꞽ
81708	* classifier window : wsy
81709	* logogram (road) : wꜣ.t
81710	* classifier road, path : wꜣ.t
81711	* logogram (time) : hꜣw
81712	* classifier decay, rot : ꜥwꜣ
81713	* phonemogram : n
81714	* logogram (island (in ꞽw-ḏsḏs (El-Bahriya oasis))) : ꞽw
81715	* logogram (Dendera) : ꞽꜣ.t-dꞽ
81716	* phonemogram : m
81718	* classifier time : ꜥḥꜥ.w
81719	* classifier bank (river, fortress) : ꞽḫm.t
81720	* classifier waters, rivers, lakes : mr-n-ḫꜣ
81721	* classifier to dam, to revet : ḏnꞽ
81722	* logogram (to wade) : rhnꞽ
81723	* phonemogram : s-m
81724	* phonemogram : š
81726	* phonemogram : š
81727	* logogram (Hierakonpolis) : nḫn
81728	* logogram (island) : ꞽw
81729	* logogram (to go) : šm
81731	* logogram (Dendera) : ꞽꜣ.t-dꞽ
81732	* phonemogram : ḥm
81733	* phonemogram : ḥm
81734	* logogram (copper) : ḥmt
81735	* classifier metal : bꞽꜣ
81736	* phonemogram : mry
81738	* classifier (lightning bolt) : ḥnb.w
81740	* classifier two tombs : ꞽs.wy
81741	* logogram (invocation offering) : pr.t-ḫrw
81743	* logogram (temple) : gs-pr
81744	* logogram (temple) : gs.w-pr.w
81745	* logogram (temple) : gs.w-pr.w
81746	* logogram (houses, domains) : pr.w
81747	* logogram (court) : wsḫ.t
81748	* classifier place, building : s.t
81750	* logogram (temple, mansion, estate) : ḥw.t
81751	* logogram (temples, mansions, estates) : ḥw.wt
81753	* logogram (temple, mansion, estate) : ḥw.t
81755	* logogram (temples, mansions, estates) : ḥw.wt
81756	* logogram (temples, mansions, estates) : ḥw.wt
81757	* logogram (Hathor, lady (of)) : ḥw.t-ḥr-nb.t
81760	* logogram (Nephthys (divinity)) : nb.t-ḥw.t
81761	* logogram (Nephthys (divinity)) : nb.t-ḥw.t
81762	* logogram (palace) : ꜥḥ
81763	* logogram (palace) : ꜥḥ
81765	* classifier palace : ꜥḥ
81767	* logogram (palace) : ꜥḥ
81769	* classifier divine : nṯrꞽ
81770	* phonemogram : wsḫ
81771	* phonemogram : wsḫ
81772	* phonemogram : wsḫ
81773	* phonemogram : wsḫ
81774	* logogram (court of offerings) : wsḫ.t-ḥtp
81778	* logogram (wall) : ꞽnb|~ 13F72 FE00 rotated 90 degrees [= 270 degrees]
81779	* classifier overthrow, demolish : snb
81780	* classifier overthrow, demolish : sšn
81781	* classifier geographical location : km-wr
81782	* classifier geographical location (Elephantine) : ꜣbw
81784	* classifier wall : sbty
81785	* logogram i(Memphis (the white wall)) : nb-ḥḏ
81787	* logogram (serekh (palace) façade) : srḫ
81788	* classifier palace façade : srḫ
81791	* classifier palace façade : srḫ
81792	* logogram (serekh (palace) façade) : srḫ
81793	* logogram (serekh (palace) façade) : srḫ
81794	* logogram (chapel) : ḥḏ
81795	* logogram (chapel) : ḥḏ
81796	* logogram (serekh (palace) façade) : srḫ
81797	* logogram (serekh (palace) façade) : srḫ
81798	* logogram (serekh (palace) façade) : srḫ
81799	* logogram (serekh (palace) façade) : srḫ
81800	* classifier pylon/gateway : bḫny
81802	* logogram (sanctuary of Upper Egypt) : pr-wr
81803	* classifier doorway/gateway : mꜣh.t
81804	* logogram : ḥw.t
81805	* logogram (chapel) : kꜣr
81806	* logogram (chapel)
81807	* phonemogram (in r-rw.t (outside)) : rw.t
81808	* logogram (palace) : ꜥḥ
81809	* logogram (portal, portico) : sbḫ.t
81810	* classifier doorway : sbꜣ
81811	* phonemogram (in r-rw.t (outside)) : rw.t
81812	* logogram (doorway) : sbꜣ
81813	* classifier portal, portico : sbḫ.t
81814	* classifier tomb : ꞽs
81816	* classifier portal, portico : sbḫ.t
81817	* logogram (main gate of a temple) : tꜣy.t
81818	* classifier curtain : tꜣy.ty
81820	* classifier funerary chapel, cenotaph : mꜥḥꜥ.t
81821	* classifier chapel : ḥḏ
81822	* logogram (sanctuary of Upper Egypt) : pr-wr
81823	* logogram (to be divine) : nṯrꞽ
81825	* classifier shrine : pr-wr
81826	* logogram (sanctuary of Upper Egypt) : pr-wr
81827	* logogram (sanctuary of Upper Egypt) : pr-wr
81829	* classifier shrine : ḥḏ-šps
81830	* classifier shrine : pr-wr
81831	* classifier chapel (associated with Min) : sḥn
81832	* logogram (Ennead) : psḏ.t
81833	* classifier shrine : s.t=f-wr.t
81835	* logogram (sanctuary of Sokar) : šṯy.t
81836	* classifier sanctuary, shrine : pr-nsr
81837	* logogram (shrine, row of shrines) : ꞽtr.t
81838	* logogram (Dendera) : ꞽwn.t
81841	* logogram (sanctuary of Upper Egypt) : pr-wr
81843	* logogram (portal, portico) : hꜣy,t
81844	* logogram (ceiling, heaven) : hꜣy.t
81845	* logogram (portal, portico) : hꜣy,t
81846	* ?Logogram (shrine?) : sḥ
81847	* logogram (pavilion, hall, booth) : sḥ
81848	* logogram (to tie on, to don) : ꜥrḳ
81850	* classifier (vault) : wrm.t
81851	* logogram (divine booth) : sḥ-nṯr
81852	* logogram (booth) : sḥ
81853	* phonemogram : ꜥrḳ
81854	* phonemogram (in ꜥrḳ-wr) : ꜥrḳ
81855	* phonemogram : ꜥrḳ
81856	* logogram (jubilee, sed-festival) : ḥb-sd
81857	* classifier throne dais : ṯnṯꜣ.t
81859	* logogram (jubilee, sed-festival) : ḥb-sd
81860	* logogram (four) : (ꞽ)fd.w
81861	* logogram (jubilee, sed-festival) : ḥb-sd
81862	* logogram (jubilee, sed-festival) : ḥb-sd
81865	* logogram (jubilee, sed-festival) : ḥb-sd
81866	* classifier jubilee, sed-festival : ḥb-sd
81867	* classifier jubilee, sed-festival : ḥb-sd
81868	* logogram (jubilee, sed-festival) : ḥb-sd
81869	* logogram (festival) : ḥb
81870	* logogram (jubilee, sed-festival) : ḥb-sd
81871	* logogram (jubilee, sed-festival) : ḥb-sd
81872	* logogram (jubilee, sed-festival) : ḥb-sd
81874	* logogram (jubilee, sed-festival) : ḥb-sd
81875	* logogram (jubilee, sed-festival) : ḥb-sd
81876	* logogram (jubilee, sed-festival) : ḥb-sd
81877	* logogram (festival) : h(ꜣ)b
81878	* logogram (ceiling, heaven) : hꜣy.t
81879	* phonemogram/Logogram : ḥꜣy.t n bꜣ
81880	* classifier to ascend, to mount up : sꞽꜥ
81881	* ?
81882	* classifier obelisk : tḫn
81883	* phonemogram/logogram (to beget, to ejaculate, to create) : bnbn
81884	* classifier solar temple : nḫn-rꜥ
81885	* classifier shrine/chapel : ꞽtr.t
81886	* logogram (shrine, row of shrines) : ꞽtr.t
81887	* phonemogram : ꞽwn
81888	* phonemogram : wṯs
81889	* phonemogram : ꞽwn
81890	* phonemogram : ꞽwn
81892	* logogram (papyriform column) : wꜣḏ
81893	* classifier column (columned hall) : wḫꜣ
81895	* classifier column (columned hall) : wḫꜣ
81898	* phonemogram : šnꜥ
81899	* classifier pillar : ꞽwn
81900	* logogram (face, sight) : ḥr
81902	* classifier door bolt : ḥkn
81903	* classifier door bolt : kfꜣ/pḥ-ꜥḥꜥ
81904	* classifier door bolt : ḳꜣn
81905	* phonemogram : sn
81906	* phonemogram : sbb
81907	* classifier gateway : sbḫ.t
81908	* classifier dais, terrace, platform : ḫt(.w)
81909	* phonemogram : sšp
81910	* phonemogram : šsp
81911	* phonemogram : šsp
81914	* phonemogram : šsp
81915	* phonemogram : šsp
81917	* logogram (field, arable land) : ꜣḥ.t
81918	* phonemogram : šsp
81920	* classifier granary : šnw.wt
81922	* logogram (granary) : šnw.t
81923	* logogram (granary) : šnw.t
81925	* logogram (granary) : šnw.t
81926	* logogram (ornament) : ẖkr
81927	* logogram (ornament) : ẖkr
81928	* classifier tower : swn.w
81929	* classifier to ascend, to mount up : sꞽꜥ
81930	* logogram (the emblem of the cult of Min) : ꞽꜣw.t
81931	* logogram (office, rank, function) : ꞽꜣw.t
81932	* logogram (office, rank, function) : ꞽꜣw.t
81933	* classifier harim, inner chamber : ꞽp.t
81934	* phonemogram : ꞽp.t
81935	* phonemogram : ꞽp.t
81936	* phonemogram : nḫn
81937	* logogram (Hierakonpolis) : nḫn
81938	* logogram (Hierakonpolis) : nḫn
81940	* classifier part of a building : sꜣw
81943	* classifier conflagration : snsn.t
81944	* logogram (fortress) : mn(n).w
81945	* classifier stair
81946	* classifier movement : nmꞽ
81947	* classifier boat/ship/bark : ḥnw
81948	* logogram (ship, boat, bark) : wꞽꜣ
81949	* classifier movement : ḫns
81950	* classifier movement : ḫns
81951	* classifier movement : ḏꜣ
81952	* classifier to upset, to overturn : pnꜥ
81953	* classifier movement : ḫd
81954	* classifier boat/ship : mẖn.t
81955	* classifier movement : ẖn
81956	* phonemogram : ꞽm
81957	* classifier (to capsize) : ꜥḳw
81958	* phonemogram : ꞽm
81959	* classifier mooring : mnꞽ
81960	* classifier boat/ship : ꞽm(w)
81961	* classifier death : smꜣ(-tꜣ)
81963	* logogram (ship, boat, bark) : wꞽꜣ
81967	* classifier bark/boat : (m)skt.t
81968	* classifier bark/boat : ꜥnḏ(.t)
81969	* logogram (ship, boat, bark) : wꞽꜣ
81970	* classifier bark/boat : nšm.t
81971	* classifier bark/boat : (m)skt.t
81972	* classifier bark/boat : (m)sk.t
81973	* classifier bark/boat : mskt.t
81974	* classifier bark/boat : ḥbꜣ
81975	* classifier papyrus float : ḥnk
81976	* classifier movement : ḫnt.yt
81977	* logogram (ship, boat, bark) : wꞽꜣ
81978	* logogram (bark of the king/royal bark) : wꞽꜣ-n(.y)-sw.t
81980	* logogram (ship, boat, bark) : wꞽꜣ
81983	* logogram (to go south (sailing upstream)) : ḫntꞽ
81984	* classifier sailing upstream/going south : ḫnt(ꞽ)
81985	* logogram (to go south (sailing upstream)) : ḫntꞽ
81986	* classifier sailing upstream/going south : ḫnt(ꞽ)
81987	* classifier boat/ship : sꜣṯ
81988	* logogram (ship, boat, bark) : wꞽꜣ
81989	* classifier bark/boat : nšm.t
81990	* logogram/classifier (bark/boat) : wꞽꜣ
81992	* classifier boat/ship : wṯs-nfr.w
81993	* classifier boat/ship : wṯs-nfr(.w)
81995	* classifier boat/ship : wṯs-nfr.w
81996	* classifier boat/ship : wṯs-nfr.w
81997	* logogram wiA(ship, boat, bark) : wṯs-nfr.w
81998	* logogram (ship, boat, bark) : wꞽꜣ
81999	* logogram (Amon-Re) : ꞽmn-rꜥ
82000	* phonemogram : wḥꜥ
82001	* logogram : wꞽꜣ
82002	* classifier boat/ship : (m)ꜥnḏ.t
82004	* classifier bark/boat : (m)skt.t
82006	* logogram (bark of the two divine falcons) : nṯr.wy
82007	* classifier bark : skt.t
82008	* classifier bark : mskt.t
82009	* logogram (Sothis) : spd.t
82010	* logogram (Orion (constellation)) : sꜣḥ
82012	* classifier bark : wꞽꜣ
82014	* logogram (protection) : gs-dp.t
82015	* logogram (protection) : gs-dp.t
82017	* phonemogram : mnḫ.t
82018	* logogram (cloth, clothing) : mnḫ.t
82019	* logogram (cloth, clothing) : mnḫ.t
82021	* logogram ḥnw (Henu-bark of Sokar) or phonemogram skr : ḥnw | skr
82022	* logogram (Henu-bark of Sokar) : ḥnw
82023	* logogram (Henu-bark of Sokar) : ḥnw
82024	* classifier bark of Sokar : ḥny
82025	* classifier bark of Sokar : ḥnw
82026	* classifier bark of Sokar : ḥnw
82027	* logogram (Henu-bark of Sokar) : ḥnw
82028	* classifier bark of Sokar : ḥnw
82029	* logogram (Henu-bark of Sokar) : ḥnw
82030	* logogram (Henu-bark of Sokar) : ḥnw
82031	* logogram (Henu-bark of Sokar) : ḥnw
82032	* logogram (Sokar) : skr
82033	* logogram (Sokar) : skr
82035	* logogram (Henu-bark of Sokar) : ḥnw
82036	* logogram (Henu-bark of Sokar) : ḥnw
82037	* logogram (Sokar) : skr
82038	* phonemogram : wꜣḥ
82039	* phonemogram : wḥꜥ
82040	* logogram (to loosen, to explain) : wḥꜥ
82041	* classifier boat/ship : mnš
82042	* classifier boat/ship : mnš
82044	* logogram (wind, breath, air) : ṯꜣw
82045	* classifier wind, breath, air : mḥy.t
82046	* logogram (wind, breath, air) : ṯꜣw
82048	* classifier wind, breath, air : mꜣꜥ
82049	* logogram (wind, breath, air) : ṯꜣw
82050	* classifier wind, breath, air : nfw/y
82052	* classifier wind, breath, air : ꞽwn
82053	* classifier wind, breath, air : nfw/y
82054	* logogram (wind, breath, air) : ṯꜣw
82056	* logogram (wind, breath, air) : ṯꜣw
82057	* classifier wind, breath, air : mḥy.t
82058	* logogram (wind, breath, air) : ṯꜣw
82059	* phonemogram : ꜥḥꜥ
82060	* phonemogram : ꜥḥꜥ
82061	* phonemogram : ꜥḥꜥ
82064	* logogram (snake divinity) : ꜥḥꜥ.w
82067	* phonemogram : ẖn
82068	* classifier (ferries/bridges) : mꜣḏw
82069	* phonemogram : ḥp
82071	* phonemogram : ḥp
82073	* phonemogram : ꜣs.t
82074	* phonemogram : ws
82075	* phonemogram : ḥtm
82076	* classifier throne : ns.t
82078	* classifier seat, chair, throne : ꞽsb.t
82079	* classifier seat/chair : ḫndw
82080	* classifier carrying chair : spꜣ
82081	* logogram (seat, throne, place) : s.t
82083	* phonemogram : p
82084	* classifier (sedan chair) : wr-ꜥ
82085	* classifier (seat with backrest?) : pḥḏ.w
82086	* classifier headrest : wrs
82088	* classifier to rest : sḏr
82089	* classifier inclined bed : gsꜣ.t
82090	* classifier seat/chair : ḫnd
82091	* classifier bed : ꜣṯ.t
82092	* classifier to sleep/to spend the night : sḏr
82093	* classifier bed : ḥnk(.yt)
82095	* logogram (throne dais) : ṯnṯꜣ.t
82096	* logogram (mirror) : wn-ḥr
82097	* classifier mirror : mꜣw-ḥr
82098	* classifier box : hn(w)
82099	* logogram (requirements, needs) : dbḥ.w
82100	* logogram (requirements, needs) : dbḥ.w
82101	* logogram (requirements, needs) : dbḥ.w
82102	* classifier box/chest : mr.t
82103	* logogram (box/chest) : mr.t
82104	* classifier offering table : ꜥbꜣ
82105	* classifier shrine/chapel : kꜣr
82106	* classifier to raise : ṯs
82107	* classifier to bury : ḳrs
82108	* classifier burial : ḳrs.t
82109	* classifier box : hn(w)
82111	* logogram (Crocodilopolis) : Šd.t
82113	* classifier burial : ḳrs
82114	* classifier coffin : ḳrs.w
82115	* classifier burial : ḳrs
82116	* logogram (to bind) : mḏḥ
82117	* classifier burial : ḳrs
82118	* logogram (temperature, temperament) : srf
82119	* logogram (fire) : nsrsr
82120	* classifier fire associated action : nbꞽ
82122	* classifier brazier : ꜥḫ
82123	* classifier (burning festival) : rkḥ
82124	* classifier hearthstones : kt.ꞽt
82125	* classifier hearthstones : kt.ꞽt
82126	* classifier ladder : mꜣḳ.t
82127	* classifier altar : ḫꜣ(w).t
82128	* logogram (altar) : ḫꜣw.t
82134	* classifier supplies, provisions : wꜣg
82136	* classifier table : ṯ.t
82138	* classifier table : ṯ.t
82139	* classifier table : ṯ.t
82140	* classifier table : ṯ.t
82141	* classifier table : ṯ.t
82142	* classifier table : ṯ.t
82145	* classifier altar : wḏḥ.w
82146	* classifier offering table : ḥtp
82147	* classifier altar, offering table : wdḥ.w
82148	* logogram (altar of offerings) : wdḥ.w
82149	* logogram (jar-stand, sideboard) : ḫnt
82150	* logogram (offerings) : ḥtp(.w)
82151	* classifier altar : ḫꜣw(.t)
82154	* classifier altar : ḫꜣw.t
82156	* logogram (altar) : ḫꜣw.t
82157	* logogram (altar) : ḫꜣw.t
82158	* classifier altar : ḳdf
82159	* logogram (altar) : ḫꜣw.t
82160	* classifier altar : ḳdf
82161	* logogram (altar) : ḫꜣw.t
82163	* classifier fumigation/censing : kꜣp
82164	* classifier incense fire : snṯr-sḏ.t
82166	* phonemogram/logogram (to satisfy) : (s)ḥtp
82169	* logogram (incense) : snṯr
82172	* logogram (gods) : nṯr.w
82173	* logogram (all the gods) : nṯr.w-nb.w
82174	* logogram (Ennead) : psḏ.t
82175	* logogram (god and goddess) : nṯr-nṯr.t
82176	* logogram (gods and goddesses) : nṯr.w-nṯr.wt
82177	* logogram (gods and goddesses) : nṯr.w-nṯr.wt
82178	* logogram (god and goddess) : nṯr-nṯr.t
82180	* logogram (natron) : ḥsmn
82181	* logogram (necropolis) : ẖr.t-nṯr
82182	* logogram (necropolis) : ẖr.t-nṯr
82183	* logogram (necropolis) : ẖr.t-nṯr
82185	* logogram (necropolis) : ẖr.t-nṯr
82186	* logogram (necropolis) : ẖr.t-nṯr
82187	* logogram (necropolis) : ẖr.t-nṯr
82188	* logogram (necropolis) : ẖr.t-nṯr
82189	* logogram (necropolis) : ẖr.t-nṯr
82190	* logogram (necropolis) : ẖr.t-nṯr
82192	* logogram (necropolis) : ẖr.t-nṯr
82193	* logogram (18th nome of Upper Egypt) : nmt.y
82194	* phonemogram : ḏd-kꜣ-ꞽmn
82195	* phonemogram : psḏ
82196	* phonemogram : ḏd
82197	* classifier standard : ꞽꜣ.t
82198	* classifier pole : snw.t
82199	* logogram (standard) : ꞽꜣ.t
82200	* classifier standard : ꞽꜣ.t
82201	* classifier mirror : ꜥnḫ
82203	* logogram (Duau (divinity)) : dwꜣ.w
82204	* logogram spd.t (Sothis) or ẖn.ty ꞽꜣb.t (foremost of the east) : spd.t | ẖn.ty ꞽꜣb.t
82205	* logogram (Duau (divinity)) : dwꜣ.w
82206	* logogram (border, boundry) : ṯnw
82207	* logogram (west) : ꞽmn.t
82208	* logogram (west) : ꞽmn.t
82209	* logogram (right, right side) : wnm.y
82210	* logogram (west) : ꞽmn.t
82212	* logogram (west) : ꞽmn.t
82214	* logogram (west) : ꞽmn.t
82216	* phonemogram : ꜣb
82217	* logogram (east) : ꞽꜣb.t
82218	* radicogram (left eye) : ꞽꜣb.t
82219	* logogram (east) : ꞽꜣb.t
82220	* logogram (east) : ꞽꜣb.t
82221	* logogram (east) : ꞽꜣb.t
82223	* logogram (east) : ꞽꜣb.t
82225	* phonemogram : ꞽꜣb
82226	* radicogram (left eye) : ꞽꜣb.t
82230	* logogram (8th nome of Upper Egypt) : tꜣ-wr
82231	* logogram (8th nome of Upper Egypt) : tꜣ-wr
82232	* logogram (Abydos) : ꜣbḏw
82234	* logogram (Abydos) : ꜣbḏw
82235	* logogram (Abydos) : ꜣbḏw
82236	* logogram (Abydos) : ꜣbḏw
82238	* phonemogram : nfr
82239	* logogram (Nefertem) : nfr-tm
82240	* logogram (Nefertem) : nfr-tm
82241	* logogram (Thebes) : wꜣs.t
82242	* logogram (Thebes) : wꜣs.t
82244	* logogram (Seshat (divinity)) : sšꜣ.t
82245	* logogram (Letopolis) : ḫm
82247	* logogram (Min (divinity)) : mnw
82248	* classifier document holder : mks
82249	* logogram/Classifier (the one of Shedet (i.e., Sobek)) : šd.ty
82252	* classifier (base, pedestal, plinth (of a shrine)) : ḏbꜣ.t
82253	* classifier crown : ḥḏ.t
82254	* logogram (the white crown) : ḥḏ.t
82255	* logogram (wearer of the sash (priest)) : ꜥrḳ-ꞽns
82256	* logogram (the white crown) : wrr.t
82257	* logogram (Tatenen (divinity)) : tꜣ-ṯnn
82258	* logogram (Baby (divinity)) : bꜣby
82259	* logogram (Upper Egypt) : šmꜥ.w
82260	* classifier crown : wrr.t
82261	* classifier crown : wrr.t
82262	* logogram (to be divine) : nṯrꞽ
82263	* logogram (Lower Egypt) : mḥ.w
82264	* classifier crown : dšr.t/n.t
82265	* phonemogram : wnn
82266	* classifier the red crown : dšr.t
82267	* classifier double crown : sḫm.ty
82268	* logogram (cap, crown) : mḏꜣ.t
82269	* logogram/phonemogram (carpenter) : mḏḥw
82270	* phonemogram : k
82271	* phonemogram : k
82272	* classifier headcloth : ꜥfn(.t)
82273	* classifier headcloth : ꞽbs
82274	* classifier headcloth : ꜥfn.t
82276	* logogram (to bind, to wind around) : mḏḥ
82277	* logogram (to bind, to wind around) : mḏḥ
82278	* classifier crown : ḫꜥ.w
82280	* logogram (Atef crown) : ꜣtf
82281	* logogram (Atef crown) : ꜣtf
82283	* logogram (Hemhem crown) : hmhm
82284	* logogram (Hemhem crown) : hmhm
82285	* logogram (Hemhem crown) : hmhm
82286	* logogram (double plumes/two feather crown) : šw.ty
82287	* logogram (double plumes/two feather crown) : šw.ty
82288	* logogram (double plumes/two feather crown) : šw.ty
82291	* logogram (the four feather crown) : ?
82292	* logogram (double plumes/two feather crown) : šw.ty
82293	* logogram (double plumes/two feather crown) : šw.ty
82294	* logogram (double plumes/two feather crown) : šw.ty
82295	* logogram (double plumes/two feather crown) : šw.ty
82296	* phonemogram : ṯn
82297	* logogram (Elkab) : Nḫb
82298	* phonemogram : ṯn
82299	* classifier crown : ḥp.t
82300	* phonemogram : ṯn
82301	* logogram (3rd nome of Upper Egypt) : nḫn
82302	* classifier two halves : p(s)š.ty
82303	* phonemogram : ṯn
82304	* logogram (the horizon) : ꜣḫ.t
82305	* logogram (who goes forth from the horizon) : pr-m-ꜣḫ.t
82306	* logogram (wreath, garland) : mꜣḥ
82307	* logogram (wreath, garland) : mꜣḥ
82308	* logogram (wreath, garland) : mꜣḥ
82309	* logogram (wreath, garland) : mꜣḥ
82310	* logogram (wreath, garland) : mꜣḥ
82311	* classifier collar : wsḫ
82313	* classifier collar : bb
82314	* classifier collar : bb.t
82315	* classifier collar : bb
82316	* logogram collar : bb
82317	* classifier collar : bb
82318	* classifier collar : bb
82320	* logogram (necklace, collar) : wsḫ
82321	* logogram (necklace, collar) : wsḫ
82322	* classifier vessel (twin vases for myrrh) : rrm
82324	* classifier wreath, garland : m(ꜣ)ḥ
82325	* logogram (necklace) : nb
82326	* logogram (to be bright) : ṯḥn
82327	* logogram (to be bright) or Classifier dew/scent/rain : ṯḥn | ꞽꜣd.t
82329	* logogram (brightness) : ṯḥn
82330	* logogram (to be bright) : ṯḥn
82332	* logogram (to be bright) : ṯḥn
82333	* logogram (faience) : ṯḥn.t
82334	* classifier place/divinity : šsm.t
82335	* logogram (menit necklace) : mnꞽ.t
82337	* logogram (menit necklace) : mnꞽ.t
82338	* classifier necklace : mnꞽ.t
82340	* classifier pectoral : ꜣw(.t)-ꞽb
82341	* classifier amulet : wḏꜣ(.w)
82342	* classifier amulet : wḏꜣ.(w)
82343	* classifier amulet (Logogram in line 3)? : wḏꜣ.w
82344	* phonemogram : ḫtm
82345	* phonemogram : sꜥḥ
82346	* phonemogram : st
82347	* phonemogram : st
82348	* classifier cloth/garment : nfr.t
82349	* classifier bracelet, anklet : mnf(r).ty
82351	* logogram (kilt, royal apron) : šnḏ.wt
82352	* classifier garment : nṯstn
82353	* logogram (clothing) : mnḫ.t
82354	* classifier cloth : šsr.w
82355	* logogram (clothing) : mnḫ.t
82356	* logogram (clothing) : mnḫ.t
82357	* classifier cloth : šsr.w
82358	* logogram (six-weave linen) : sꞽs
82359	* logogram (linen) : sšr
82360	* phonemogram : dr
82361	* classifier clothing : ḥbs
82362	* phonemogram : sšm
82365	* phonemogram : sšm
82366	* phonemogram : sšm
82367	* phonemogram : s
82368	* phonemogram : s
82369	* phonemogram : sꞽꜣ
82370	* classifier cloth : sšr
82371	* classifier cloth : npnp.t
82373	* classifier time : nḥḥ
82374	* classifier ankh vessel : ꜥnḫ
82375	* logogram (stability and life) : ḏd-ꜥnḫ
82376	* logogram (all life, stability and dominion) : ꜥnḫ-ḏd-wꜣs-nb
82377	* logogram (all life and dominion) : ꜥnḫ-wꜣs-nb
82379	* phonemogram : ḥb
82380	* logogram (shadow, shade) : šw.t
82381	* phono-repeater/classifier (in ḥp.ty (extreme limits)) : ḥp
82382	* phonemogram : ḥb
82383	* phonemogram : ḫw
82384	* phonemogram : ḫw
82386	* logogram (fan) : ḫw
82388	* logogram (Igai (divinity)) : ꞽgꜣꞽ
82389	* phonemogram/Logogram (iatet drink) : ꞽꜣ.t(yt)
82390	* phonemogram/Logogram (iatet drink) : ꞽꜣ.t(yt)
82391	* logogram (Iat (divinity) : ꞽꜣ.t
82392	* logogram (district, region) : w
82394	* phonemogram : ꜣms
82395	* phonemogram : md(w)
82396	* phonemogram : md(w)
82397	* classifier sceptre : nḥb.t
82398	* logogram (Hetes-staff, baton) : ḥts
82399	* logogram (ames-sceptre) : ꜣms
82400	* classifier staff, sceptre : ꜣms
82401	* classifier clothing : nṯstn
82402	* phonemogram : smꜣ
82403	* phonemogram : ḫb
82404	* phonemogram : ḫb
82405	* logogram (to judge, to separate) : wḏꜥ
82406	* logogram (to judge, to separate) : wḏꜥ
82407	* logogram (to judge, to separate) : wḏꜥ
82408	* logogram (to judge, to separate) : wḏꜥ
82409	* phonemogram : ꜥpr
82410	* phonemogram : ꜥpr
82411	* logogram (counterweight) : mꜥnḫ.t
82412	* phonemogram : ꜥpr
82413	* classifier to spit, to expel : nšꞽ/nẖꞽ
82414	* phonemogram : ꜥpr
82416	* phonemogram : ꜥpr
82417	* classifier (curl) : ḥmꜣṯṯ
82418	* classifier (bracelet) : msktw
82419	* classifier cloth/garment : mḥ
82420	* classifier cloth : wnḫ.wy
82421	* classifier dignity, rank : sꜥḥ
82422	* logogram (abode, birth place, birthing brick) : msḫn.t
82423	* logogram (mace) : ḥḏ
82427	* phonemogram : wḏ
82428	* phonemogram : wḏ
82429	* phonemogram : wḏ
82430	* phonemogram/logogram (white crown) : ḥḏ.t
82431	* logogram (silver) : ḥḏ
82432	* phonemogram (in (tꜣ)-ṯnn (divinity)) : ṯnn
82433	* classifier shield : ꞽkm
82434	* classifier shield : ꞽkm
82435	* logogram (shield) : ꞽkm
82436	* logogram (carpenter, shipwright) : mḏḥ.w
82437	* classifier (strainer, colander) : ẖnm.t-wr.t
82438	* logogram (metal) : bꞽꜣ
82439	* phonemogram : mn
82440	* phonemogram : pḏ
82441	* logogram/phonemogram (to stretch out) : pḏ
82442	* classifier beyond, outside : m-rwt
82443	* phonemogram/logogram : wpš
82444	* classifier (arrow) : šsr
82445	* phonemogram : swn
82446	* logogram (Syene (Aswan)) : Swn.w
82447	* phono-repeater : swn
82448	* phonemogram : sṯ/st
82449	* phonemogram : sṯ/st
82451	* logogram (Neith) : n.t
82452	* logogram (Neith, 4th and 5th nomes of Lower Egypt) : n.t
82453	* logogram (Neith, 4th and 5th nomes of Lower Egypt) : n.t
82454	* logogram (Neith, 4th and 5th nomes of Lower Egypt) : n.t
82455	* logogram (Neith, 4th and 5th nomes of Lower Egypt) : n.t
82456	* logogram (Neith-North, 5th nome of Lower Egypt) : n.t-mḥ.yt
82457	* logogram (Neith-South, 4th nome of Lower Egypt) : n.t-rs.yt
82459	* logogram (Neith-South, 4th nome of Lower Egypt) : n.t-rs.yt
82460	* logogram (Neith-South, 4th nome of Lower Egypt) : n.t-rs.yt
82461	* phonemogram : ḥms.t
82463	* classifier feminine life force : ḥms.t
82464	* phonemogram : sꜣ
82465	* logogram (back) : sꜣ
82466	* phonemogram : sꜣ
82467	* phonemogram : s
82468	* phonemogram : dmꜣ
82469	* phonemogram/logogram (mother) : tmꜣ(.t)
82470	* phonemogram : rwḏ
82471	* phonemogram : rwḏ
82472	* phono-repeater : rd
82473	* phonemogram : rs
82474	* phono-repeater : rs
82475	* phonemogram/logogram (strife) : šnt.t
82477	* logogram/phonemogram (Meter canal) : Mtr
82478	* phonemogram : rs-wḏꜣ
82479	* logogram (to be strong, brave, capable) : ḳnꞽ
82480	* logogram (valour, strength) : ḳn.t
82481	* logogram (khopesh sword/scimitar) : ḫpš
82482	* classifier to be strong, brave, capable : ḳn
82483	* logogram (khopesh sword/scimitar) : ḫpš
82484	* logogram (to be strong, brave, capable) : ḳnꞽ
82485	* logogram (to follow) : šms
82486	* logogram (follower, retainer) : šms.w
82487	* logogram (to follow) : šms
82488	* classifier stalk, reed
82490	* phono-repeater : twr
82491	* phonemogram : tr
82492	* phono-repeater : twr
82493	* phonemogram : msn
82494	* phonemogram : tr
82495	* phonemogram : ḳs
82496	* phonemogram : tr
82497	* logogram (one, sole) : wꜥ
82498	* logogram (one, sole) : wꜥ.t
82499	* logogram (one, sole) : wꜥ
82501	* logogram (one, sole) : wꜥ
82502	* logogram (one, sole) : wꜥ
82503	* logogram (one, sole) : wꜥ
82504	* logogram (one, sole) : wꜥ
82505	* classifier lance, spear : nꞽw.y
82506	* phonemogram : sn
82507	* phonemogram : sn
82508	* phonemogram : sn
82509	* phonemogram : šn
82512	* logogram (7th and 8th nomes of Lower Egypt) : wꜥ-m-ḥww
82513	* logogram (7th and 8th nomes of Lower Egypt) : wꜥ-m-ḥww
82515	* logogram (7th nome of Lower Egypt) : wꜥ-m-ḥww-ꞽmn.ty
82518	* logogram (7th nome of Lower Egypt) : wꜥ-m-ḥww-ꞽmn.ty
82521	* phonemogram : ꞽh
82522	* logogram (net) : ꜥḥ
82523	* classifier catching, netting : ꞽḥ
82524	* classifier catching, netting : ꞽḥ
82525	* logogram (net) : ꜥḥ/ꞽḥ
82526	* classifier net : ꞽḥ.y
82527	* classifier catching, netting : ꞽḥ.t
82528	* classifier fish-trap : ḥꜥd
82529	* phonemogram : ḏbꜣ
82530	* phonemogram : ḏbꜣ
82531	* phonemogram : ḏbꜣ
82533	* phonemogram : ḏbꜣ
82536	* phonemogram : sḫt
82537	* phonemogram : sḫt
82538	* phonemogram : sḫt
82539	* logogram (to weave, to trap) : sḫt
82540	* phono-repeater : sḫt
82541	* phonemogram : sḫt
82542	* classifier catching, netting : sḫt
82543	* classifier shelter : kꜣp
82544	* classifier net : ꞽꜣd.t
82545	* classifier net : (ꞽ)ꜣd(.t)
82546	* logogram (net) : ꞽꜣd.t
82547	* classifier fish-trap : sḳ.t
82548	* classifier cutting, slaughter : mds|~ 14274 FE01 rotated 180 degrees|~ 14274 FE02 rotated 270 degrees|~ 14274 FE05 rotated approximately 250 degrees [vertical]|~ 14274 FE06 rotated approximately 340 degrees [horizontal]
82549	* logogram (flint, in ds-km, obsidian) : ds
82550	* logogram (to carve, to enscribe, to engrave) : ḫtꞽ
82551	* logogram (to carve, to enscribe, to engrave) : ḫtꞽ
82552	* logogram (to carve, to enscribe, to engrave) : ḫtꞽ
82554	* classifier place of execution : ḫb.t
82555	* logogram (place of execution) : ḫb.t
82556	* logogram (place of slaughter) : nm.t
82557	* logogram (butchery, slaughter) : šꜥt
82558	* logogram (butchery, slaughter) : šꜥt
82559	* logogram (place of execution) : nm.t/ḫb.t
82560	* logogram (to carve, to enscribe, to engrave) : ḫtꞽ
82562	* classifier stench : sṯ
82563	* logogram (place of slaughter) : nm.t
82565	* phonemogram : ds
82567	* phonemogram : sšm
82569	* classifier to spread (in psš-kf (a type of flint knife)) : psš
82570	* classifier to cause to breathe : srḳ.t
82571	* classifier points (of a harpoon) : bwn
82572	* classifier hooks : snꜥḥ.t
82573	* classifier circumcision : sb
82575	* phonemogram : mꜣ
82576	* classifier hacking : ḫbss
82577	* classifier hacking : ḫbss
82578	* logogram (to hack the land) : ḫbs-tꜣ
82579	* classifier hacking : ḫbss
82580	* phonemogram : mr
82582	* classifier harvest, crop : šm(.w)
82583	* classifier grain/barley : npt
82584	* classifier grain : mh.w
82585	* classifier grain : mh.w | šmꜥ.w | wꜣḥ.yt
82586	* classifier grain : np(r)
82588	* phonemogram : hb
82589	* phono-repeater : hb
82591	* phono-repeater : hb
82593	* logogram (fruit) : pr.t
82594	* logogram (fruit) : pr.t
82595	* phonemogram : tm
82596	* phonemogram : tm
82598	* phonemogram : bꞽꜣ
82599	* classifier burial : ḳrs.t
82600	* logogram (Re-Atoum) : rꜥ-ꞽtm.w
82601	* logogram (to found, to establish, to hunt, to lay (a trap)) : grg
82602	* logogram (to found, to establish, to hunt, to lay (a trap)) : grg
82603	* classifier claw, nail : ꜥn.t
82604	* phonemogram : nw
82605	* logogram (nail) : ꜥn.t
82606	* phonemogram : stp
82607	* classifier claw, nail : ꜥn.t
82608	* phonemogram : stp
82609	* phonemogram : mnḫ
82610	* phonemogram : mnḫ
82611	* phonemogram : wbꜣ
82612	* classifier chisel : ḥr.y-ṯꜣ.y-mḏꜣ.t
82613	* phonemogram : w
82615	* phonemogram : ꜣb
82616	* phonemogram : ꜣb
82617	* phonemogram : ꜣb
82618	* phonemogram : mr
82619	* classifier drilling : htꞽ
82620	* phonemogram : wb
82621	* phonemogram : wb
82622	* logogram (to open) : wbꜣ
82623	* phonemogram : wb(n)
82625	* logogram (to open) : wbꜣ
82626	* phonemogram : wḏ
82628	* phonemogram : wbꜣ
82629	* logogram (craftsman) : ḥmw.w
82630	* phonemogram : wb
82631	* logogram (to open) : wbꜣ
82632	* phonemogram : wb
82633	* logogram (craftsman) : ḥmw.w
82634	* logogram (to open) : wbꜣ
82635	* logogram (craftsman) : ḥmw.w
82637	* logogram (skilled) : ḥmw.w
82638	* logogram (craft) : ḥmw.t
82640	* logogram (craftsman) : ḥmw.w
82641	* logogram (to open) : wbꜣ
82643	* logogram (craftsman) : ḥmw.w
82644	* logogram (to open) : wbꜣ
82645	* logogram (to open) : wbꜣ
82646	* logogram (to open) : wbꜣ
82647	* phonemogram : wb
82648	* phonemogram : tꜣ
82649	* phonemogram : tꜣ
82650	* phonemogram : mn
82651	* phono-repeater : smn
82652	* phonemogram : smn
82653	* phonemogram : t(ꞽ)
82654	* phonemogram : ḫsf
82655	* classifier shaving : ẖꜥḳ
82656	* logogram (to shave) : ẖꜥḳ
82658	* classifier balance, scale : mḫꜣ.t
82659	* logogram (balance (in mḫꜣ.t-tꜣ.wy)) : mḫꜣ.t
82660	* classifier balance, scale : mḫꜣ.t
82661	* logogram (to lift, to raise) : ṯsꞽ
82664	* classifier lifting, carrying : wṯs
82665	* logogram (to lift, to carry) : wṯs
82666	* logogram (to lift, to carry) : wṯs
82667	* logogram (to lift, to carry) : wṯs
82668	* classifier lifting, carrying : ṯs
82670	* classifier to raise, to lift up : sṯsꞽ
82671	* classifier measuring tool? : ḫꜥ.y
82672	* classifier lifting, carrying : wṯs
82673	* classifier lifting, carrying : ṯs
82674	* phonemogram (ꞽn wṯs-ḥr) : wṯs
82675	* classifier service, task : wnw.t
82676	* logogram (service, task) : wnw.t
82678	* logogram (service, task) : wnw.t
82679	* classifier astronomical instrument : mrḫ.t
82680	* logogram (service, task) : wnw.t
82681	* classifier length, width : sḫḫ
82682	* phonemogram : sḫḫ
82683	* classifier to shape, to create : nḥp
82684	* logogram (life) : ꜥnḫ
82685	* classifier potter's wheel : nḥp
82686	* classifier potter : ḳd.w
82687	* logogram (potter's wheel) : nḥp
82688	* classifier potter's wheel : nḥb
82691	* logogram (Chesemu (divinity)) : šsmw
82692	* logogram (Chesemu (divinity)) : šsmw
82694	* logogram (Chesemu (divinity)) : šsmw
82695	* logogram (Chesemu (divinity)) : šsmw
82696	* logogram (Chesemu (divinity)) : šsmw
82699	* logogram (Chesemu (divinity)) : šsmw
82703	* logogram (to press, to cling (to)) : mḏd
82704	* classifier pressing, hitting : mḏd
82706	* phonemogram : sš
82707	* classifier gold dust : nḳr
82708	* classifier cage : štb
82709	* classifier cauldron : ḏsf.w
82711	* phonemogram : nd
82712	* phonemogram : nḏ
82713	* classifier flame
82714	* classifier sweeping, wiping : sk
82715	* classifier saw : tfꜣ
82716	* classifier (upright of a ladder) : mꜥꜣꜥ
82717	* phonemogram : ḳd
82719	* logogram (field, arable land) : ꜣḥ.t
82720	* phono-repeater sṯꜣ and classifier movement sṯꜣ& : sṯꜣ & sṯꜣ
82721	* phono-repeater : šn
82722	* classifier clothing : ḥbs
82723	* phonemogram : šn
82724	* logogram (cult image?) : dmꞽ/ḫꜣdb
82725	* logogram (name) : rn
82727	* logogram (float? (part of the hunting equipment for hunting hippos)) : bb
82729	* phonemogram : dn
82730	* phonemogram : sꜣ
82731	* phonemogram : sꜣ
82732	* phonemogram : sꜣ
82733	* logogram (protection) : sꜣ
82734	* logogram (protection) : sꜣ
82735	* phonemogram : mḏ
82737	* logogram (19th nome of Upper Egypt) : brbr
82738	* logogram (19th nome of Upper Egypt) : brbr
82739	* phonemogram : mḥ
82740	* phonemogram : mḥ
82742	* phonemogram : ꜥḏ
82743	* interpretant : ḥ
82744	* interpretant : ḥ
82745	* interpretant : ḥ
82747	* phonemogram : sk
82748	* classifier to dispel, to drive away : ḫsr
82749	* logogram (to strike, to drive) : ḥwꞽ
82750	* phonemogram : wꜣḥ
82751	* phonemogram : wꜣḥ
82752	* phonemogram : wꜣḥ
82753	* phonemogram : wꜣḥ
82754	* classifier (wick) : ḥꜥ.t
82755	* phonemogram : k
82756	* phonemogram : gꜣ
82757	* phonemogram : sḫr(.w)
82758	* classifier (offering) : dbḥ.t-ḥtp
82760	* phonemogram : msn
82761	* phonemogram : gꜣw
82762	* phonemogram : ḥn
82763	* phono-repeater : ḥn
82764	* phonemogram : ḥn
82765	* phonemogram : ḥn
82766	* phonemogram : ḥn
82767	* phonemogram : ḥn
82768	* phono-repeater : ḥn
82770	* phonemogram : sṯꞽ
82771	* phonemogram : ḫnm
82772	* phonemogram : ḥm
82773	* logogram/phonemogram (womb) : kꜣ.t
82774	* phonemogram : šd
82775	* logogram (net) : ꞽḥ/ꜥḥ
82776	* logogram (net) : ꞽꜣd.t
82777	* classifier oil, unguent : ḥkn(w)
82778	* phonemogram : bꜣs
82779	* phonemogram : bꜣs
82780	* classifier oil, unguent : ꞽbr
82781	* classifier oil, unguent : mḏ.t
82782	* classifier liquid, fluid : (ꞽ)ḫ.t bnꞽ(.t)
82783	* classifier oil, unguent : sgn
82784	* classifier oil, unguent : ḥꜣ.t(y)t
82785	* classifier/logogram oil, unguent : mr(ḥ.t)
82786	* logogram/Phonemogram (oil, unguent) : mḏ.t(y)
82787	* logogram (lord) : nb
82788	* logogram (lector priest) : ẖr.y-ḥ(ꜣ)b.t
82790	* phonemogram : kꜣw
82791	* phonemogram : ẖnm
82793	* phonemogram : ẖnm
82794	* phonemogram : ẖnm
82795	* phonemogram : ẖnm
82796	* logogram (cup) : ꜥ
82797	* phonemogram : g
82798	* classifier jar, vessel : snb.t
82799	* classifier cool : ḳb
82800	* classifier to be cool, to cool : ḳbḥ
82801	* logogram (cool water/libation water) : ḳbḥ.w
82802	* classifier to pour, to sprinkle : sṯ(ꞽ)
82803	* logogram (to be cool, to cool) : ḳbḥ
82804	* logogram (cool water/libation water) : ḳbḥ.w
82805	* logogram (the (first) cataract) : ḳbḥ.w
82806	* phonemogram/logogram (in ḳbḥ.wy (the two sources, i.e., Egypt)) : ḳbḥ
82807	* logogram (the two sources, i.e. Egypt) : ḳbḥ.wy
82808	* logogram (cool water/libation water) : ḳbḥ.w
82809	* phonemogram : ḫnt
82810	* phonemogram : ḫnt
82811	* phonemogram : ḫnt
82812	* phonemogram : ḫnt
82813	* phonemogram : ḫnt
82815	* phonemogram : mꞽ
82816	* classifier milk : ꞽrṯ(.t)
82817	* classifier milk : ꞽrṯ.t
82820	* phonemogram : mꞽ
82821	* classifier vessel (situla?) : wšb
82822	* logogram (to be pure, to be clean) : wꜥb
82823	* classifier to pour out, to empty : pnḳ
82824	* phonemogram : rd
82825	* classifier beer-jug : nb.ty
82827	* classifier drunkenness : tḫ.t
82828	* classifier wine : ꞽrp
82831	* classifier liquid, fluid : ꞽrp
82832	* classifier jar : ḥn(.w)
82833	* classifier oil, unguent : mrḥ(.t)
82834	* logogram diw-(the five pellets) : ṯꜣ.w
82835	* classifier jug : nms.t
82837	* phonemogram : ꞽn-ḥr
82838	* phonemogram : r
82839	* logogram (Elephantine) : ꜣbw
82841	* classifier liquid, fluid : ḥḏ.t
82842	* classifier jar, vessel : dšr.yt
82843	* classifier breaking, destroying : sḏ
82844	* classifier alcoholic beverage : tḫ
82845	* logogram (libation vase) : šps.y
82846	* classifier to fill : ꜥḥb.t
82847	* classifier vessel : dšr.t
82848	* classifier jar, vessel : nms.t
82849	* classifier jar, vessel : nms.t
82850	* classifier (to wash) : ꞽꜥꞽ
82851	* logogram (nemset vase) : nms.t
82852	* classifier vessel : ḏwj.w
82853	* classifier vessel, jar : ṯꜣb
82855	* classifier jar, vessel : nms.t
82856	* classifier drinking vessel : swr
82857	* classifier drinking vessel : ḫꜣw & (ṯ)nꞽw
82859	* classifier dish : dd.t
82862	* logogram (some type of vessel) : ḏwꞽ.w
82863	* classifier milk : ꞽrṯ.t
82864	* classifier vessel (possibly for oil) : bꜥ/bꜥꜥ
82867	* logogram (beer) : ḥnḳ.t
82868	* logogram (gold vase for myrrh) : rrm
82869	* classifier oven : kꜣp.t
82871	* ?
82872	* classifier granite : mꜣṯ
82873	* phonemogram : ꜣw
82874	* logogram (a nw-vase, representing an amulet of lapis-lazuli) : nw
82875	* classifier basin for washing feet : mꜥ
82876	* logogram (father) : ꞽt
82877	* logogram (father) : ꞽt
82878	* logogram (father) : ꞽt
82880	* classifier bread : t
82881	* classifier bread : t-ḥḏ
82882	* classifier bread/food : t
82884	* classifier food : t ḥnḳ.t kꜣ ꜣpd
82885	* classifier festival : ꜣbd
82886	* classifier food : kꜣ.w
82887	* classifier offering : drp
82888	* logogram (type of bread) : šns
82889	* logogram (to pass by) : sn
82891	* phonemogram : pꜣ.t
82892	* classifier offering, cake, loaf : ḥn.w(t)
82894	* classifier bread : t-ꞽm.y-tꜣ
82895	* classifier abstract words : gr
82896	* classifier double flute : mꜣ.t
82897	* logogram (to write, to draw) : sš
82898	* logogram (scribe) : sš
82899	* classifier red : ṯ(m)s
82900	* classifier scribal pallet : gsty
82901	* classifier (scribal water pot)
82903	* classifier writing tablet : ꜥn
82904	* classifier snake-game : mḥn
82905	* phonemogram : ḏꜣ
82906	* phonemogram : ṯt
82907	* logogram (to say, to speak) : ḏd
82908	* logogram (to say, to speak) : ḏd
82909	* logogram (to say, to speak) : ḏd
82910	* classifier tambourine : sr
82911	* classifier tambourine : sr
82912	* logogram (ball) : ḥmꜣ
82913	* classifier sistrum : sšš(.t)
82914	* logogram (sistrum) : sḫm
82915	* classifier sistrum : sḫm
82916	* logogram (sistrum) : sšš.t
82917	* logogram (sistrum) : sšš.t
82918	* classifier head-piece of a sistrum : bḫn
82919	* classifier plural
82921	* phonemogram : ꞽm.y
82922	* phonemogram : ꞽm.y
82926	* logogram (1/2 aroura) : rmn
82927	* classifier writing tablet : ꜥn
82928	* classifier enemy, opponent : pꜣ tꜣ-r
82935	* logogram : ḏd-mdw
82936	* phonemogram : smꜣ
82938	* phonemogram : ꜣb
82944	= ego
82945	= ego2
82947	= mons2
82949	= adorare
82950	= edere
82951	= bibere
82952	= amplecti
82953	= caput
82954	= caput+scalprum
82956	= statua
82958	= prae|= logosyllabic pari
82959	= domina
82960	= magnus.domina
82961	= rex
82962	= magnus.rex
82963	= syllabic á
82965	= heros
82966	= loqui
82968	= lis
82969	= oculus
82970	= frons
82971	= versus
82972	= libare
82973	= fortis
82974	= syllabic tá
82976	= ligare, pugnus+pugnus
82977	= bracchium
82979	= post
82980	= syllabic na
82981	= lituus+na
82984	= pugnus
82985	= pugnus+x
82987	= capere|= syllabic tà
82988	= syllabic tà
82989	= capere2.capere2|= syllabic ta-x?
82990	= capere2
82992	= infans, filius, frater
82993	= filia
82994	= rex.infans, rex.filius
82995	= rex.filia
82996	= magnus.filia
82999	= syllabic a+tá
83002	= manus.culter
83003	= manus+culter, ensis
83005	= syllabic nì
83006	= syllabic ká
83007	= infra, sub|= syllabic ká
83008	= cum
83009	= manus
83012	= longus, manus+minus?
83015	= ponere
83016	= dare|= syllabic pi
83017	= syllabic pi
83018	= mandare, dare.dare
83019	= mandare2
83023	= super|= logosyllabic sara/i
83026	= audire, auris+tu+mi
83031	= ala
83032	= femina, mater
83033	= Sarma
83034	= Sarma2
83035	= crus|= syllabic ta6
83036	= crus+flumen
83037	= crus2|= syllabic nà
83038	= genuflectere
83039	= crus.crus
83042	= syllabic tu
83043	= pes|= syllabic ti
83044	= pes.scala.rotae
83046	= pes2
83048	= pes2.pes2
83049	= pes2.pes
83050	= leo, bestia
83051	= leo2
83052	= canis
83053	= canis2
83054	= equus
83055	= asinus|= syllabic ta
83056	= syllabic ta
83057	= asinus2
83058	= asinus2a
83059	= cervus|= syllabic rú
83060	= cervus2|= syllabic rú
83061	= cervus3|= syllabic rú
83062	= capra|= syllabic sà
83063	= syllabic sà
83064	= capra2|= syllabic sà
83065	= capra2a|= syllabic sà
83066	= bos|= syllabic u
83067	= bos|= syllabic u
83068	= bos2|= syllabic u
83070	= bos+mi|= syllabic mu|= logosyllabic muwa
83071	= syllabic mu|= logosyllabic muwa
83072	= bos.mi|= syllabic mu|= logosyllabic muwa
83073	= bos2.mi|= syllabic mu|= logosyllabic muwa
83074	= cornu|= sú
83075	= vitellus|= syllabic ma-x
83076	= ovis|= syllabic ma
83077	= syllabic ma
83078	= ovis2|= syllabic ma
83079	= ovis3
83080	= lingere|= syllabic za4
83082	= lituus+u
83083	= lepus|= logosyllabic tapa
83084	= lepus2|= logosyllabic tapa
83089	= gryllus
83090	= sphinx
83094	= syllabic lí
83095	= ungula|= syllabic li-x
83098	= avis|= zi4
83100	= avis3
83101	= avis5
83102	= avis2
83103	= aquila, avis4|= syllabic ara/i
83104	= syllabic ara/i|* 1449F anatolian hieroglyph a133 + 145B1 anatolian hieroglyph a383 ra or ri
83105	= avis-x
83108	= libatio
83109	= piscis
83119	= Janus
83122	= Telipinu
83124	= syllabic nu
83131	= vitis|= syllabic wi(ya)
83136	= bonus|= syllabic wà/ì
83137	= syllabic wá/í
83143	= syllabic ta/i5, lá/í
83144	= hastarius
83145	= syllabic si
83146	= lingua|= syllabic la
83147	= syllabic la+la
83148	= lingua+clavus
83149	= syllabic la+ra+a
83150	= hordeum|= syllabic hwi-x
83152	= panis|= syllabic pa-x
83153	= caelum
83161	= sol2
83162	= sol
83163	= oriens
83164	= luna
83167	= Hatti|= syllabic há
83168	= Hatti+li, Hattusili|= logosyllabic há-li
83170	= tonitrus
83171	= fulgur
83172	= terra, locus|= syllabic wa/i6
83173	= via+terra.scalprum
83174	= via+terra+scalprum
83175	= (deus)via+terra
83177	= syllabic wa/i5
83180	= mons|= syllabic wa/i5
83181	= leo+mons.tu+leo
83183	= syllabic i, i(a)
83184	= syllabic i+ra/i, ri+i|* 144EF anatolian hieroglyph a209 + 145B1 anatolian hieroglyph a383 ra or ri
83185	= syllabic ia
83187	= flumen
83189	= syllabic ní
83190	= fons
83191	= syllabic ha
83192	= fines|= syllabic arha
83193	= fines+ha, arha
83198	= via
83200	= syllabic sa6
83201	= syllabic ha? pa?
83202	= urbs
83203	= Ishuwa
83204	= urbs+ra/i?+li, urbs+ra/i?-li
83205	= urbs+li, urbs-li, Mursili
83206	= regio|= syllabic tu4
83207	= syllabic mí.regio
83209	= castrum
83213	= turris?
83214	= murus?
83215	= porta
83217	= porta2
83219	= syllabic ki-x
83221	= cubitum
83222	= aedificium
83223	= vacuus, aedificium+minus
83224	= aedificare, aedificium.ponere
83225	= domus
83226	= delere, domus+minus
83227	= deus.domus
83228	= magnus.domus
83229	= domus+x
83230	= domus+scala
83232	= eunuchus2
83233	= horreum
83235	= argentum
83242	= podium
83244	= pes.regio
83245	= stele, lapis+scalprum
83246	= lapis
83247	= scalprum
83248	= exercitus
83251	= scutum
83255	= frater2
83256	= iudex.la, iudex+la
83257	= syllabic li
83259	= malleus|= syllabic wa/i9
83260	= ascia
83262	= logosyllabic tuzzi
83264	= iaculum|= syllabic zu?|= logosyllabic zuwa
83265	= syllabic wa/i7
83267	= currus
83268	= auriga
83269	= auriga2
83270	= syllabic hara/i|* 14548 anatolian hieroglyph a292 + 145B1 anatolian hieroglyph a383 ra or ri
83271	= syllabic lì
83272	= rota|= logosyllabic hala/i
83274	= thronus, mensa
83275	= thronus, mensa2|= Sarpa
83276	= sol2.thronus/mensa
83277	= (deus)mons.Sarpa, (deus)mons.mensa|= thronus
83279	= thronus2
83280	= solium|= syllabic í
83281	= syllabic iá
83282	= nepos
83283	= lectus
83285	= syllabic sara/i|* 1456E anatolian hieroglyph a327 + 145B1 anatolian hieroglyph a383 ra or ri
83286	= syllabic mà
83287	= fusus
83288	= syllabic hí
83289	= syllabic hu
83291	= crux
83292	= crux2
83296	= vir|= syllabic zí
83297	= syllabic ha-x
83298	= syllabic kar|* 14561 anatolian hieroglyph a314 + 145B1 anatolian hieroglyph a383 ra or ri
83299	= syllabic sa7
83301	= Teshub
83302	= syllabic ta/i4, la/i
83305	= purus
83308	= syllabic tú
83309	= scriba|= syllabic tù
83310	= sigillum|= syllabic sa5
83311	= syllabic pu
83312	= relative|= syllabic kwi/a
83314	= capere+scalprum
83315	= avus
83316	= negative
83317	= negative2|= syllabic ná
83318	= negative3
83320	= syllabic pa
83321	= syllabic zá
83322	= annus, pithos.scutella, pithos|= syllabic zì
83323	= syllabic zì
83324	= syllabic zà
83325	= syllabic za-x
83326	= pithos
83327	= culter
83329	= annus+annus
83330	= vas
83332	= pithos
83333	= contractus
83334	= urceus
83335	= poculum
83336	= syllabic hú
83344	= sacerdos
83347	= dies
83350	= deus
83352	= syllabic má
83353	= magnus|= syllabic ur
83354	= syllabic u
83355	= syllabic mu
83357	= omnis(+mi)
83358	= logosyllabic tala
83359	= malus
83360	= malus2
83361	= vita
83362	= bonus2|= syllabic su
83363	= iustitia, iudex
83364	= iudex+ra/i, tara/i-x|* 145A3 anatolian hieroglyph a371 + 145B1 anatolian hieroglyph a383 ra or ri
83365	= sacerdos2
83369	= syllabic zi, zi/a
83370	= syllabic za
83371	= lituus
83372	= occidens|= syllabic ià
83373	= one|= unus|= syllabic sa8
83374	= minus
83375	= mori, vir2.minus
83376	= lignum
83377	x (anatolian hieroglyph a134 - 144A0)|x (anatolian hieroglyph a209a - 144F0)|x (anatolian hieroglyph a290 - 14546)|x (anatolian hieroglyph a303 - 14555)|x (anatolian hieroglyph a315 - 14562)|x (anatolian hieroglyph a371a - 145A4)|x (anatolian hieroglyph a389 - 145B9)|x (anatolian hieroglyph a450a - 145F8)
83378	= personal determinative
83379	= two
83380	= two
83381	= vir2|= word divider
83382	= vir2a
83383	= servus|= syllabic mì
83384	= three|= tara/i
83385	= tara/i|* 145B8 anatolian hieroglyph a388 + 145B1 anatolian hieroglyph a383 ra or ri
83386	= dominus
83387	= four|= syllabic mi
83388	= five
83389	= eight|* the occurrence of "EIGHT" in the name of this character is a known anomaly
83391	= nine|= syllabic nú
83393	= ten|= decem
83395	= hundred|= centum
83396	= thousand|= mille
83398	= scutella|= syllabic sa4
83400	= animal
83408	= syllabic ni
83409	= syllabic ru
83410	= syllabic hi
83412	= syllabic sa
83414	= syllabic sa-x
83416	= syllabic mí|= logosyllabic urhi
83418	= syllabic us
83419	= panis.scutella
83420	= syllabic ku
83426	= syllabic tana
83427	= omnis2|= syllabic pú
83429	= syllabic zu?
83430	= syllabic sá
83431	= syllabic ka
83432	= syllabic a-x?
83435	= pastor
83436	= syllabic wa/i
83442	= syllabic la, li, lu
83443	= syllabic ki
83444	= syllabic ni-x
83445	= syllabic sù?, zú?
83447	= syllabic a|= end of a word
83448	= a+ra/i, ra+a|* 145F7 anatolian hieroglyph a450 + 145B1 anatolian hieroglyph a383 ra or ri
83449	= logosyllabic huru
83453	= syllabic la-x
83454	= syllabic sí?
83461	= syllabic ma-x?
83469	= twelve
83473	= eunuchus
83476	= flammae?
83485	= falx?
83487	= syllabic tí
83502	= syllabic hana
83504	= currere|= syllabic hwi/a
83520	= propheta?, cornu+caput
83521	= princeps
83522	= Güterbock G195
83523	= aper
83524	= tì
83525	= lingua+x
90401	: 1611E 1611E
90402	: 1611E 16129
90403	: 1611E 1611F
90404	: 16129 1611F
90405	: 1611E 16120
90406	: 16121 1611F
90407	: 16122 1611F
90408	: 16121 16120
92171	% BAMUM LETTER PHASE-A MAEMGBIEE
92274	* nsen in Phases C-E
92289	% BAMUM LETTER PHASE-B PUNGGAAM
92302	% BAMUM LETTER PHASE-B NGGOM
92375	* pen in Phase D
92380	% BAMUM LETTER PHASE-C SHETFON
92411	* ti in Phases E-F
92457	* faamae '8' in Phase F
92464	* lee in Phases E-F
92465	* mu in Phases E-F
92496	* meq in Phase E
92515	* used after 16985 for samba '7' in Phases A-D
92517	* used before 169B8 for faamae '8' in Phases A-D
92518	* i in Phase F
92521	* men in Phase F
92526	* nga in Phase F
92527	* pa in Phase F
92528	* pue in Phase F
92529	* fae in Phase F
92541	% BAMUM LETTER PHASE-E NGGOP
92549	* used before 16963 for samba '7' in Phases A-D
92561	* o in Phase F
92563	* fee in Phase F
92576	* also puq in Phase E
92584	* ten in Phase F
92600	* used after 16965 for faamae '8' in Phases A-D
92641	* pi in Phase F
92665	* used before 16A02 for koghom '10' in Phases A-D|* used before 16A38 for kovue '9' in Phases A-D
92670	* koghom in Phase F
92674	* used after 169F9 for koghom '10' in Phases A-D
92728	* used after 169F9 for kovue '9' in Phases A-D
92746	= i
92763	* symbol for 'month'
92765	= o
92928	= keem
92929	= kee
92930	= kim
92931	= ki
92932	= kaum
92933	= kau
92934	= kum
92935	= ke
92936	= kem
92938	= kaim
92939	= kai
92943	= kaw
92944	= kuam
92945	= kua
92946	= kom
92947	= kog
92949	= kia
92950	= kam
92952	= kwm
92954	= kaam
92983	* functions as a question mark
92984	* functions as an exclamation mark
92985	* functions as a comma
92986	* functions as an ampersand|x (ampersand - 0026)
92987	* functions as a percent sign|x (percent sign - 0025)
92988	* functions as a plus sign
92989	* functions as a minus sign
92990	* functions as a multiplication sign
92991	* functions as a division sign
92992	* indicates chanting intonation
92993	* indicates foreign pronunciation
92994	* reduplication
92995	* replication, ditto mark
92996	* indicates completion of a section
92997	* indicates military topics
93008	* some users prefer a circular glyph for this character
93019	= caum|* some users prefer a vertical bar glyph for this character
93020	= pua
93021	= vam
93022	= roob
93023	= neev
93024	= ruav
93025	= tas
93027	* a classifier
93028	= year
93029	= month
93030	= month
93031	= date
93032	= day
93033	= waning moon
93034	= waxing moon
93035	= season
93036	= earth
93037	= urgent
93038	= facts
93039	= received
93040	= come
93041	= go
93042	= smooth
93043	= fraction
93044	= do not open
93045	= do not touch
93046	= give freely
93047	= stop
93053	= Cheng
93054	= Yeng
93055	= Lee
93056	= Lor
93057	= Xiong
93058	= Kong
93059	= Her
93060	= Moua
93061	= Thao
93062	= Chang
93063	= Pha
93064	= Khang
93065	= Hang
93066	= Vang
93067	= Fang
93068	= Yang
93069	= Chue
93070	= Kw
93071	= Vue
93544	: 16D67 16D67
93545	: 16D63 16D67
93546	: 16D69 16D67
93597	* vowel killer
93782	% MEDEFAIDRIN CAPITAL LETTER H
93783	% MEDEFAIDRIN CAPITAL LETTER NG
93786	* represents the open o vowel
93814	% MEDEFAIDRIN SMALL LETTER H
93815	% MEDEFAIDRIN SMALL LETTER NG
93818	* represents the open o vowel
93849	* or
93952	* used for ba in Gan Yi
93954	* used for pa in Gan Yi
93955	* used in Sichuan Hmong
93958	* used in Pollard's early orthography
93961	* used in Hei Yi
93962	* used for da in Gan Yi
93964	* used in Hei Yi
93965	* used for ta in Gan Yi
93970	* used in Hei Yi
93971	* used in Pollard's early orthography
93975	* used in Hei Yi
93977	* used in Hei Yi
93982	* used for ga in Gan Yi
93984	* used for ka in Gan Yi
93989	* used in Pollard's early orthography
93997	* used in Bai Yi
94000	* used for tsha in Gan Yi
94001	* used in Hei Yi
94005	* used in Hei Yi
94006	* used in Hei Yi
94007	* used for dza in Gan Yi
94009	* used for tsa in Gan Yi
94012	* used in Hei Yi
94014	* used in Hei Yi
94015	* used in Pollard's early orthography
94016	* used in Hei Yi
94017	* used in Hei Yi
94019	* glottal stop
94020	* used in Hei Yi
94021	* used in Xiaohua Miao
94022	* used in Xiaohua Miao
94023	* used in Xiaohua Miao
94024	* used in Bai Yi
94025	* used in Bai Yi
94026	* used in Bai Yi
94031	* used in Gan Yi|* functions similarly to Indic nuktas
94037	* used in Eastern Lisu
94038	* used in Gan Yi
94040	* also used for aw
94043	* used in Hei Yi
94052	* also used for iaw
94055	* used in Eastern Lisu
94057	* also used for in
94061	* also used for uaw
94062	* used in Eastern Lisu
94068	* used in Eastern Lisu
94070	* used in Eastern Lisu
94072	* used in Eastern Lisu
94079	* used in Hei Yi
94080	* used in Hei Yi
94081	* used in Gan Yi and Bai Yi
94082	* used in Gan Yi and Xiaohua Miao
94083	* used in Xiaohua Miao and Bai Yi
94084	* used in Bai Yi
94085	* used in Bai Yi
94086	* used in Bai Yi
94087	* used in Bai Yi
94176	x (ideographic iteration mark - 3005)
94178	* indicates a pause or break in the text
94179	x (ideographic iteration mark - 3005)|x (vertical ideographic iteration mark - 303B)
94192	x 4E2A|x 4E87
94193	x 21FE8
94194	x 513F
94195	x 5152
94196	x (hangzhou numeral six - 3026)
101107	* two strokes
101108	* eight strokes
101109	* seven strokes
101110	* eight strokes
101111	* six strokes
101112	* seven strokes
101113	* ten strokes
101114	* two strokes
101115	* two strokes
101116	* three strokes
101117	* three strokes
101118	* four strokes
101119	* four strokes
101342	x (khitan small script character-18cca - 18CCA)
101438	* used in Jurchen Small Script and possibly in Khitan Small Script|* glyph reflects the Jurchen Small Script form with angled legs
101578	x (khitan small script character-18bde - 18BDE)
101631	* represents a lost or illegible character
101760	* seven strokes
101761	* three strokes
110593	% HENTAIGANA LETTER E-1|* derived from 6C5F
110594	* derived from 5B89
110595	* derived from 611B
110596	* derived from 963F
110597	* derived from 60E1
110598	* derived from 4EE5
110599	* derived from 4F0A
110600	* derived from 610F
110601	* derived from 79FB
110602	* derived from 5B87
110603	* derived from 5B87
110604	* derived from 6182
110605	* derived from 6709
110606	* derived from 96F2
110607	* derived from 76C8
110608	* derived from 7E01
110609	* derived from 8863
110610	* derived from 8863
110611	* derived from 8981
110612	* derived from 65BC
110613	* derived from 65BC
110614	* derived from 96B1
110615	* derived from 4F73
110616	* derived from 52A0
110617	* derived from 53EF
110618	* derived from 53EF
110619	* derived from 5609
110620	* derived from 6211
110621	* derived from 6B5F
110622	* derived from 8CC0
110623	* derived from 9591
110624	* derived from 9999
110625	* derived from 99D5
110626	* derived from 5BB6
110627	* derived from 559C
110628	* derived from 5E7E
110629	* derived from 5E7E
110630	* derived from 652F
110631	* derived from 6728
110632	* derived from 7948
110633	* derived from 8CB4
110634	* derived from 8D77
110635	* derived from 4E45
110636	* derived from 4E45
110637	* derived from 4E5D
110638	* derived from 4F9B
110639	* derived from 5036
110640	* derived from 5177
110641	* derived from 6C42
110642	* derived from 4ECB
110643	* derived from 4ECB
110644	* derived from 5E0C
110645	* derived from 6C23
110646	* derived from 8A08
110647	* derived from 9063
110648	* derived from 53E4
110649	* derived from 6545
110650	* derived from 8A31
110651	* derived from 671F
110652	* derived from 4E4D
110653	* derived from 4F50
110654	* derived from 4F50
110655	* derived from 5DE6
110656	* derived from 5DEE
110657	* derived from 6563
110658	* derived from 659C
110659	* derived from 6C99
110660	* derived from 4E4B
110661	* derived from 4E4B
110662	* derived from 4E8B
110663	* derived from 56DB
110664	* derived from 5FD7
110665	* derived from 65B0
110666	* derived from 53D7
110667	* derived from 58FD
110668	* derived from 6578
110669	* derived from 6578
110670	* derived from 6625
110671	* derived from 6625
110672	* derived from 9808
110673	* derived from 9808
110674	* derived from 4E16
110675	* derived from 4E16
110676	* derived from 4E16
110677	* derived from 52E2
110678	* derived from 8072
110679	* derived from 6240
110680	* derived from 6240
110681	* derived from 66FE
110682	* derived from 66FE
110683	* derived from 695A
110684	* derived from 8607
110685	* derived from 8655
110686	* derived from 5802
110687	* derived from 591A
110688	* derived from 591A
110689	* derived from 7576
110690	* derived from 5343
110691	* derived from 5730
110692	* derived from 667A
110693	* derived from 77E5
110694	* derived from 77E5
110695	* derived from 81F4
110696	* derived from 9072
110697	* derived from 5DDD
110698	* derived from 5DDD
110699	* derived from 6D25
110700	* derived from 90FD
110701	* derived from 5F92
110702	* derived from 4EAD
110703	* derived from 4F4E
110704	* derived from 50B3
110705	* derived from 5929
110706	* derived from 5929
110707	* derived from 5929
110708	* derived from 5E1D
110709	* derived from 5F16
110710	* derived from 8F49
110711	* derived from 571F
110712	* derived from 5EA6
110713	* derived from 6771
110714	* derived from 767B
110715	* derived from 767B
110716	* derived from 7825
110717	* derived from 7B49
110718	* derived from 5357
110719	* derived from 540D
110720	* derived from 5948
110721	* derived from 5948
110722	* derived from 5948
110723	* derived from 83DC
110724	* derived from 90A3
110725	* derived from 90A3
110726	* derived from 96E3
110727	* derived from 4E39
110728	* derived from 4E8C
110729	* derived from 4EC1
110730	* derived from 5152
110731	* derived from 723E
110732	* derived from 723E
110733	* derived from 8033
110734	* derived from 800C
110735	* derived from 52AA
110736	* derived from 5974
110737	* derived from 6012
110738	* derived from 5E74
110739	* derived from 5E74
110740	* derived from 5E74
110741	* derived from 6839
110742	* derived from 71B1
110743	* derived from 79B0
110744	* derived from 5B50
110745	* derived from 4E43
110746	* derived from 6FC3
110747	* derived from 80FD
110748	* derived from 80FD
110749	* derived from 8FB2
110750	* derived from 516B
110751	* derived from 534A
110752	* derived from 5A46
110753	* derived from 6CE2
110754	* derived from 76E4
110755	* derived from 76E4
110756	* derived from 7834
110757	* derived from 8005
110758	* derived from 8005
110759	* derived from 8449
110760	* derived from 9817
110761	* derived from 60B2
110762	* derived from 65E5
110763	* derived from 6BD4
110764	* derived from 907F
110765	* derived from 975E
110766	* derived from 98DB
110767	* derived from 98DB
110768	* derived from 4E0D
110769	* derived from 5A66
110770	* derived from 5E03
110771	* derived from 500D
110772	* derived from 5F0A
110773	* derived from 5F0A
110774	* derived from 904D
110775	* derived from 908A
110776	* derived from 908A
110777	* derived from 90E8
110778	* derived from 4FDD
110779	* derived from 4FDD
110780	* derived from 5831
110781	* derived from 5949
110782	* derived from 5BF6
110783	* derived from 672C
110784	* derived from 672C
110785	* derived from 8C50
110786	* derived from 4E07
110787	* derived from 672B
110788	* derived from 672B
110789	* derived from 6EFF
110790	* derived from 6EFF
110791	* derived from 842C
110792	* derived from 9EBB
110793	* derived from 4E09
110794	* derived from 5FAE
110795	* derived from 7F8E
110796	* derived from 7F8E
110797	* derived from 7F8E
110798	* derived from 898B
110799	* derived from 8EAB
110800	* derived from 6B66
110801	* derived from 7121
110802	* derived from 725F
110803	* derived from 821E
110804	* derived from 514D
110805	* derived from 9762
110806	* derived from 99AC
110807	* derived from 6BCD
110808	* derived from 6BDB
110809	* derived from 6BDB
110810	* derived from 6BDB
110811	* derived from 8302
110812	* derived from 88F3
110813	* derived from 4E5F
110814	* derived from 4E5F
110815	* derived from 5C4B
110816	* derived from 8036
110817	* derived from 8036
110818	* derived from 591C
110819	* derived from 6E38
110820	* derived from 7531
110821	* derived from 7531
110822	* derived from 904A
110823	* derived from 4EE3
110824	* derived from 4F59
110825	* derived from 8207
110826	* derived from 8207
110827	* derived from 8207
110828	* derived from 9918
110829	* derived from 7F85
110830	* derived from 826F
110831	* derived from 826F
110832	* derived from 826F
110833	* derived from 5229
110834	* derived from 5229
110835	* derived from 674E
110836	* derived from 68A8
110837	* derived from 7406
110838	* derived from 91CC
110839	* derived from 96E2
110840	* derived from 6D41
110841	* derived from 7559
110842	* derived from 7559
110843	* derived from 7559
110844	* derived from 7D2F
110845	* derived from 985E
110846	* derived from 79AE
110847	* derived from 79AE
110848	* derived from 9023
110849	* derived from 9E97
110850	* derived from 5442
110851	* derived from 5442
110852	* derived from 5A41
110853	* derived from 6A13
110854	* derived from 8DEF
110855	* derived from 9732
110856	* derived from 502D
110857	* derived from 548C
110858	* derived from 548C
110859	* derived from 738B
110860	* derived from 738B
110861	* derived from 4E95
110862	* derived from 4E95
110863	* derived from 5C45
110864	* derived from 7232
110865	* derived from 907A
110866	* derived from 60E0
110867	* derived from 885E
110868	* derived from 885E
110869	* derived from 885E
110870	* derived from 4E4E
110871	* derived from 4E4E
110872	* derived from 5C3E
110873	* derived from 7DD2
110874	* derived from 8D8A
110875	* derived from 9060
110876	* derived from 9060
110877	* derived from 65E0
110878	* derived from 65E0
110879	* derived from 6C59
110883	* represents the Japanese word "koto" (thing)|# <vertical> 3053 3068
110884	* represents the Japanese word "toki" (when... or time)|# <vertical> 30C8 30AD
110885	* represents the Japanese word "tote" (but or although)|# <vertical> 30C8 30C6
110886	* represents the Japanese word "yori" (from)|# <vertical> 30E8 30EA
110952	* used for Marshallese transliteration|x (katakana letter archaic ye - 1B121)
110960	x 4E00
110961	x 4E8C
110968	x 6C34
110976	x 571F
110979	x 5DE5
110981	x 4E2A
110986	x 4E09
110996	x 592B
110997	x 706B
111009	x 4EA1
111015	x 738B
111016	x 672A
111019	x 5185
111052	x 540E
111088	x 53E4
111105	x 591A
111109	x 7532
111114	x 53CC
111118	x 7530
111123	x 5723
111126	x 65E9
111150	x 6286
111172	x 91CC
111205	x 53F7
111267	x 82F1
111297	x 9580
111313	x 57CB
111318	x 83AB
113664	* Chinook, Pernin, Sloan, Perrault
113665	* Salishan
113666	* Chinook number 1
113667	* Chinook number 2
113668	* Chinook number 3
113669	* written down and to the left|* Chinook number 4
113670	* written up and to the right|* Pernin letter R
113671	x (duployan affix low vertical secant - 1BC73)|x (duployan affix mid vertical secant - 1BC74)|x (duployan affix high vertical secant - 1BC75)
113672	x (duployan affix left horizontal secant - 1BC70)|x (duployan affix mid horizontal secant - 1BC71)|x (duployan affix right horizontal secant - 1BC72)
113674	* written down and to the left
113675	* written up and to the right|* Chinook number 5|* French number milliards|* Pernin L|* Pernin Reporters' word repeat sign
113676	* Sloan B B|x (duployan letter p - 1BC02)|x (duployan letter n - 1BC1A)
113677	* Sloan D D|x (duployan letter d - 1BC08)|x (duployan letter s - 1BC1C)
113678	* Sloan V V|x (duployan letter f - 1BC04)|x (duployan letter n - 1BC1A)
113679	* written down and to the left|* Sloan G G|x (duployan letter k - 1BC05)|x (duployan letter m - 1BC19)
113680	* written up and to the right|* Sloan R R|x (duployan letter r - 1BC0B)|x (duployan letter s - 1BC1C)
113681	* Chinook, Sloan, Pernin, Perrault
113683	* Chinook|x (duployan letter d - 1BC08)
113684	* written down and to the left|* Chinook
113685	* written down and to the left
113686	* written up and to the right|* Chinook
113687	* written up and to the right|* Chinook
113688	* written up and to the right|* Chinook
113689	* Chinook number 6
113690	* Chinook number 7
113691	* Chinook number 8|* Chinook, Pernin sh
113692	* Chinook number 9|* French hundreds
113693	* Romanian mai mult, not Romanian mult mai sign
113694	* not Romanian nu nu sign
113695	* not Romanian ceea ce sign
113696	* not Romanian să se sign
113697	* Romanian sign mijloc
113698	* Chinook ng|* Romanian sign nici
113699	* Chinook ch|* Romanian ce, ci|* Sloan zh|* Chinook, Perrault j
113700	* used in isolation|* Romanian sign ici și colo
113701	* Chinook ts|* Chinook, Romanian, Sloan z
113702	* Romanian ș
113703	* Sloan m m
113704	* Pernin, Sloan, Perrault ng
113705	* Romanian ge, gi|* Pernin, Perrault zh|* Sloan ch
113706	* French, Sloan|* Romanian ț|* Pernin, Perrault z
113711	* Sloan hard ch|* Pernin, Perrault ch
113714	* Pernin, Perrault|* Sloan sm
113715	* Pernin, Perrault|* Sloan sn
113716	* Pernin, Perrault|* Sloan kw
113717	* Pernin, Perrault|* Sloan skw
113718	* Perrault|* Sloan std
113719	* Perrault|* Sloan sst
113720	* Sloan, Perrault, Pernin|* takes form of a hook or wave after k and g
113722	* Perrault|* Sloan sw
113723	* Perrault|* Pernin krs|* Sloan sp
113724	* Perrault|* Pernin grs|* Sloan sl
113725	* Perrault
113726	* Perrault
113727	* Perrault, Pernin|* Sloan ts
113728	* Perrault, Pernin|* Sloan ds
113729	* Chinook number tens
113730	* reverse circle vowel
113731	* Pernin aw|* Perrault aw
113732	* Chinook number 0
113734	* character rotates to match entry angle of preceding consonant|* primary orientating (right and up)|* Perrault long a, short e (with accents)
113735	* character rotates to match entry angle of preceding consonant|* secondary orientating (left and down)|* Sloan long a|* Perrault short i, long e (with dot accent)|x (duployan affix attached e hook - 1BC7A)
113736	* used as an invariant vowel and for orientating word abbreviations consisting of only vowels|* Duployan|* Pernin a
113737	* used as an invariant vowel and for orientating word abbreviations consisting of only vowels|* Pernin, Duployan|* Consolidated Duployan r t r
113738	* used as an invariant vowel and for orientating word abbreviations consisting of only vowels|* Duployan|* Pernin e
113739	* used as an invariant vowel and for orientating word abbreviations consisting of only vowels|* Pernin, Duployan
113741	* character rotates to match entry angle of preceding consonant, with dot maintaining relative position|* secondary orientating (left and down)
113743	* Pernin|* angles like an "f" when adjacent to a k-type consonant
113745	* character rotates to match entry angle of preceding consonant|* primary orientating (right and up)|* Romanian en|x (duployan letter w - 1BC38)|x (duployan letter romanian u - 1BC56)|x (duployan letter long u - 1BC55)
113746	* character rotates to match entry angle of preceding consonant|* secondary orientating (left and down)|* Romanian an|* in French usage, may be rendered with a dot contextually
113747	* Perrault uh|* not French eu
113748	x (duployan letter n - 1BC1A)
113749	* this character does not rotate to match entry angle of preceding consonant|* Pernin, Perrault
113751	* Sloan
113753	* Sloan
113754	* should not be used for Romanian u
113755	* should not be used for Perrault ow|* Chinook letter oo
113756	* Chinook|* Chinook number hundreds|* Perrault oy|* not Romanian o+a
113757	* Chinook
113758	* Chinook
113759	* Salishan
113760	* Salishan
113761	* secondary orientating; invariant direction downwards|* French number 1|* Pernin in|* Consolidated Duployan affix int-r-
113762	* secondary orientating; invariant direction upwards|* neutral nasal vowel for transcription of an ambiguous secondary orientating nasal vowel|* Pernin om, im|* Perrault letters an, en, in, un (with accents)|* Consolidated Duployan affix int-r-
113763	* primary orientating; invariant direction downwards|* Pernin im|* Consolidated Duployan affix int-r-
113764	* primary orientating; invariant direction upwards|* neutral nasal vowel for transcription of an ambiguous primary orientating nasal vowel|* Perrault vocalic n - an, en, in, un (with accents)|* Pernin on|* Romanian în|* Romanian multiplicative number prefix
113765	* written downwards
113766	* written downwards
113770	* primary orientating vowel|* Perrault am, em, im, um (with accents)
113776	* Pernin Reporters' extra-|x (duployan letter d - 1BC08)
113777	* Pernin Reporters' inter-
113778	* Pernin Reporters' contra-
113779	* Pernin Reporters' sub-|x (duployan letter b - 1BC07)
113780	* Pernin Reporters' trans-
113781	* Pernin Reporters' super-
113782	* generally crosses adjacent character at perpendicular, but has a bias towards SW/NE angle in contrast to 1BC77|* as a prefix, takes opposite relative position to following glyph|* default neutral secant affix|* French suffix -anse|* Pernin prefix pre-|* Sloan affix ax-/-ext
113783	* generally crosses adjacent character at perpendicular, but has a bias towards NW/SE angle in contrast to 1BC76|* as a suffix, takes opposite relative position to following glyph|* Pernin prefix per-
113784	* as a prefix, takes opposite relative position to following glyph|* French suffix -tan|* Romanian str-/-str
113785	* orientating character|* French suffix -sionnaire
113786	* glyph is retrograde and opens up or down, depending on preceding letter|* French suffix -te|x (duployan letter e - 1BC47)
113787	* glyph is retrograde and opens left or right, depending on preceding letter|* French suffix -tou|* Sloan affix irre-/-ary|x (duployan letter i - 1BC46)
113788	* attached affix|* Romanian affix ist-/-ism|* Consolidated Duployan prefix t-r-
113792	* French suffix -ment|* Romanian suffix -mant|* Pernin sub-|* Pernin Reporters' prefix pro-|x (modifier letter acute accent - 02CA)
113793	* as a suffix, placed above and to the right of the following letter|* Pernin Pro-
113794	* French suffix -ien|* Pernin prefix con-|x (modifier letter grave accent - 02CB)
113795	* Pernin prefix contra-
113796	* French number thousands|* French suffix -eur|* Romanian affix trans-/-lui|* not Romanian hundreds - use 0307 combining dot above and 0308 combining diaeresis|x (dot above - 02D9)
113797	* French ordinal number|* French suffix -euse|* not Romanian number grade or percent suffix|x (degree sign - 00B0)|x (ring above - 02DA)
113798	* French suffix -iste|* Romanian affix -tor|* Pernin affix dis-|x (modifier letter macron - 02C9)
113799	* French suffix -ificatif|x (small tilde - 02DC)
113800	* also functions as attached affix vertical up with ZWJ|* about half as long as Duployan letter p|* as a prefix, has falling stroke direction|* Pernin ZWJ + -ime|* Sloan tele-|x (duployan letter p - 1BC02)
113808	* French suffix -cion|* Pernin prefix ex-|x (modifier letter low acute accent - 02CF)
113809	* as a suffix, placed under and to the right of the following letter|* Pernin suf-, sug-
113810	* French suffix -ion|* French number millions|x (modifier letter low grave accent - 02CE)
113811	* Pernin extra-
113812	* French suffix -ié|* French iterative number|* Romanian affix inter-|* not Romanian millions - see 0323 combining dot below and 0324 combining diaeresis below
113813	* French suffix -ière|* French percent|x (modifier letter low ring - 02F3)
113814	* French suffix -isme|* Pernin affix mis-|x (modifier letter minus sign - 02D7)
113815	* French suffix -ification|x (modifier letter low tilde - 02F7)
113816	* functions as attached affix vertical down with ZWJ|* about half as long as the Duployan letter p|* as a prefix, has rising stroke direction|* Pernin ZWJ + -ine|x (duployan letter p - 1BC02)
113817	* Romanian prefix sub-
113820	* Chinook Likalisti
113822	* Romanian, Sloan|* should be used with m, n, j, and s for the Romanian word signs mai mult, nu nu, ceea ce, and să se|* can be doubled and tripled
113826	= Romanian affix -tsion-|= Sloan contracted ending oo/o + ZWSP
113827	= Sloan contracted ending uh/au/aui + ZWSP
117896	x (united symbol - 2BFA)
117974	# <font> 0041 latin capital letter a
117975	# <font> 0042 latin capital letter b
117976	# <font> 0043 latin capital letter c
117977	# <font> 0044 latin capital letter d
117978	# <font> 0045 latin capital letter e
117979	# <font> 0046 latin capital letter f
117980	# <font> 0047 latin capital letter g
117981	# <font> 0048 latin capital letter h
117982	# <font> 0049 latin capital letter i
117983	# <font> 004A latin capital letter j
117984	# <font> 004B latin capital letter k
117985	# <font> 004C latin capital letter l
117986	# <font> 004D latin capital letter m
117987	# <font> 004E latin capital letter n
117988	# <font> 004F latin capital letter o
117989	# <font> 0050 latin capital letter p
117990	# <font> 0051 latin capital letter q
117991	# <font> 0052 latin capital letter r
117992	# <font> 0053 latin capital letter s
117993	# <font> 0054 latin capital letter t
117994	# <font> 0055 latin capital letter u
117995	# <font> 0056 latin capital letter v
117996	# <font> 0057 latin capital letter w
117997	# <font> 0058 latin capital letter x
117998	# <font> 0059 latin capital letter y
117999	# <font> 005A latin capital letter z
118000	# <font> 0030 digit zero
118001	# <font> 0031 digit one
118002	# <font> 0032 digit two
118003	# <font> 0033 digit three
118004	# <font> 0034 digit four
118005	# <font> 0035 digit five
118006	# <font> 0036 digit six
118007	# <font> 0037 digit seven
118008	# <font> 0038 digit eight
118009	# <font> 0039 digit nine
118010	x (snake - 1F40D)
118011	x (flying saucer - 1F6F8)
118012	x (nose - 1F443)
118199	x (heavy horizontal fill - 1FB97)
118458	x (wine glass - 1F377)
118459	x (office building - 1F3E2)
118460	x (deciduous tree - 1F333)
118461	x (red apple - 1F34E)|x (green apple - 1F34F)
118462	x (cherries - 1F352)
118463	x (strawberry - 1F353)
118468	x (parthenope form two - 1F77A)
118477	x (proserpina - 2BD8)
118482	x (alchemical symbol for oil - 1F746)
118483	x (jupiter - 2643)
118484	x (alchemical symbol for tartar - 1F73F)
118493	x (square root - 221A)
118512	* used in superscripted form to mean standard state (chemistry)|x (circle with horizontal bar - 29B5)
118513	= division|x (division sign - 00F7)|x (division slash - 2215)|x (metrical breve - 23D1)|x (lower half circle - 25E1)
118514	= multiplication|x (multiplication sign - 00D7)|x (arc - 2312)|x (upper half circle - 25E0)
118515	* ambiguous operator sign|x (plus-minus sign - 00B1)|x (close up - 2050)|x (division times - 22C7)
118516	= division|* shows how numerator and denominator are divided equally to reduce a fraction
118517	= division|* shows how numerator and denominator are divided equally to reduce a fraction
118518	x (sector - 2314)
118521	x (measured angle - 2221)
118524	x (oblique angle opening up - 29A6)
118579	= ottyazhka
118587	= sokolik
118612	= kryuk klyuchevoy
118618	* not a decomposable character
118626	= golubchik nepostoyanny
118630	= vrakhia nepostoyannaya
118634	= vrakhia klyuchevaya nepostoyannaya
118645	= skameytsa klyuchevaya
118661	= litso
118672	* not a decomposable character
118676	= strela polukryzhevaya
118694	= strela gromomrachnaya s kryzhem
118705	= osoka nepostoyannaya
118717	= strela kryukovaya gromomrachnaya s kryzhem
118936	* called diargon by some authorities
118937	* called triargon by some authorities
118964	* used in intonation formulas instead of nu, before phonemes a, i, o, u|x (greek small letter nu - 03BD)
118965	* used in intonation formulas instead of nu, before phoneme e|x (greek small letter nu - 03BD)
118981	% BYZANTINE MUSICAL SYMBOL FTHORA SKLIRON CHROMA VASIS|* misspelling of "FTHORA" in character name is a known defect
119002	x (musical symbol short barline - 1D105)
119003	x (musical symbol single barline - 1D100)
119015	x (latin small letter ou - 0223)
119016	x (greek small letter stigma - 03DB)
119070	x (musical score - 1F3BC)
119079	x (combining acute accent - 0301)
119080	x (combining breve - 0306)
119081	* used to represent rests of arbitrary lengths, extending across multiple measures|x (musical symbol multi rest - 1D13A)|x (music flat sign - 266D)|x (music natural sign - 266E)|x (music sharp sign - 266F)
119083	x (musical symbol triple flat - 1D260)
119098	= double whole-rest, breve rest|x (musical symbol multiple measure rest - 1D129)
119099	= semibreve rest
119100	= minim rest
119101	= crochet rest
119102	= quaver rest
119103	= semiquaver rest
119104	= demisemiquaver rest
119105	= hemidemisemiquaver rest, semidemisemiquaver rest
119106	= semihemidemisemiquaver rest, quasihemidemisemiquaver rest
119133	= semibreve
119134	= minim|: 1D157 1D165
119135	= crotchet|x (quarter note - 2669)|: 1D158 1D165
119136	= quaver|x (eighth note - 266A)|: 1D15F 1D16E
119137	= semiquaver|: 1D15F 1D16F
119138	= demisemiquaver|: 1D15F 1D170
119139	= hemidemisemiquaver, semidemisemiquaver|: 1D15F 1D171
119140	= semihemidemisemiquaver, quasihemidemisemiquaver|: 1D15F 1D172
119145	x (musical symbol combining tremolo-4 - 1D25B)
119148	x (musical symbol fingered tremolo-4 - 1D25D)
119227	: 1D1B9 1D165
119228	: 1D1BA 1D165
119229	: 1D1BB 1D16E
119230	: 1D1BC 1D16E
119231	: 1D1BB 1D16F
119232	: 1D1BC 1D16F
119262	* Tsefaut (do or fa) clef
119264	* nominal note located between the two rectangles
119265	* nominal note located between the two rectangles
119266	* nominal note located between the two diamonds
119270	* nominal note located on the top diamond
119275	= quarter tone sharp
119276	= three-quarter tone sharp
119277	= quarter tone flat
119278	= three-quarter tone flat
119287	= raised 2nd
119288	= raised 4th
119289	= raised 5th
119290	= raised 6th
119291	= raised 7th
119292	= raised 9th
119293	= diminished 5th
119294	= lowered 7th|* not appropriate for the barred form of the digit 7 used in much of Europe
119295	= quadruple whole-rest|x (musical symbol longa imperfecta rest - 1D1C2)
119296	* vocal E
119297	* vocal first sharp of E
119298	= Greek instrumental notation symbol-3|* vocal or instrumental second sharp of E
119299	* vocal F
119300	* vocal first sharp of F
119301	= Greek instrumental notation symbol-21|* vocal second sharp of F|* instrumental second sharp of d
119302	= Greek instrumental notation symbol-9|* vocal G|* instrumental second sharp of G
119303	* vocal first sharp of G
119304	= Greek instrumental notation symbol-44|* vocal second sharp of G|* instrumental first sharp of e´
119305	* vocal A|* this is a modification of 039F and is therefore not the same as 03D8
119306	* vocal first sharp of A
119307	* vocal second sharp of A
119308	* vocal B
119309	= Greek instrumental notation symbol-41|* vocal first sharp of B|* instrumental first sharp of d´|x (latin capital letter v - 0056)
119310	= Greek instrumental notation symbol-35|* vocal second sharp of B|* instrumental first sharp of b
119311	* vocal c|* unlike 1D23B this character has a glyph variant that looks like a horizontal line
119312	* vocal first sharp of c
119313	= Greek instrumental notation symbol-15|* vocal second sharp of c|* instrumental second sharp of B
119314	* vocal d
119315	= Greek instrumental notation symbol-28|* vocal first sharp of d|* instrumental g|* this is a modification of 0395 and is therefore not the same as 0046
119316	* vocal second sharp of d
119317	* vocal e
119318	* vocal first sharp of e|* this is a modification of 0392 and is therefore not the same as 0052
119319	* vocal second sharp of e
119320	* vocal first sharp of g´
119321	* vocal second sharp of g´
119322	* vocal a´
119323	* vocal first sharp of a´
119324	= Greek instrumental notation symbol-20|* vocal second sharp of a´|* instrumental first sharp of d
119325	* instrumental E
119326	* instrumental first sharp of E
119327	* instrumental F
119328	* instrumental first sharp of F
119329	* instrumental G
119330	* instrumental first sharp of G
119331	* instrumental first sharp of A
119332	* instrumental second sharp of A
119333	* instrumental B
119334	* instrumental first sharp of B
119335	* instrumental first sharp of c
119336	* instrumental second sharp of c
119337	* instrumental d
119338	* instrumental first sharp of e
119339	* instrumental second sharp of e
119340	* instrumental f
119341	* instrumental first sharp of f
119342	* instrumental second sharp of f
119343	* instrumental first sharp of g
119344	* instrumental second sharp of g
119345	* instrumental first sharp of a
119346	* instrumental second sharp of b
119347	* instrumental c´
119348	* instrumental first sharp of c´
119349	* instrumental second sharp of c´
119350	* instrumental d´
119351	* instrumental second sharp of d´
119352	* instrumental e´
119353	* instrumental second sharp of e´
119354	* instrumental first sharp of f´|* similar but not identical to 002F
119355	* instrumental second sharp of f´|* similar but not identical to 005C
119356	* instrumental g´
119357	* instrumental first sharp of g´
119358	* instrumental second sharp of g´
119359	* instrumental a´
119360	* instrumental first sharp of a´
119361	* instrumental second sharp of a´
119362	x (metrical triseme - 23D7)
119363	x (metrical tetraseme - 23D8)
119364	x (metrical pentaseme - 23D9)
119376	* creates 256th notes
119377	* creates 512th notes
119378	* creates 1024th notes
119382	= bakiye flat|= Arabic quarter-tone flat
119383	= büyük mücenneb flat
119384	= Arabic three-quarter-tone flat
119385	= küçük mücenneb sharp
119386	= büyük mücenneb sharp
119387	x (musical symbol combining tremolo-3 - 1D169)
119389	x (musical symbol fingered tremolo-3 - 1D16C)
119392	x (musical symbol double flat - 1D12B)
119552	= ren|* usually associated with human (Chinese rén), rather than earth (Chinese dì)|x (monogram for yang - 268A)|x (monogram for yin - 268B)
119553	= tian ren
119554	= di ren
119555	= ren tian
119556	= ren di
119557	= ren ren
119670	x 6B63
119808	# <font> 0041 latin capital letter a
119809	# <font> 0042 latin capital letter b
119810	# <font> 0043 latin capital letter c
119811	# <font> 0044 latin capital letter d
119812	# <font> 0045 latin capital letter e
119813	# <font> 0046 latin capital letter f
119814	# <font> 0047 latin capital letter g
119815	# <font> 0048 latin capital letter h
119816	# <font> 0049 latin capital letter i
119817	# <font> 004A latin capital letter j
119818	# <font> 004B latin capital letter k
119819	# <font> 004C latin capital letter l
119820	# <font> 004D latin capital letter m
119821	# <font> 004E latin capital letter n
119822	# <font> 004F latin capital letter o
119823	# <font> 0050 latin capital letter p
119824	# <font> 0051 latin capital letter q
119825	# <font> 0052 latin capital letter r
119826	# <font> 0053 latin capital letter s
119827	# <font> 0054 latin capital letter t
119828	# <font> 0055 latin capital letter u
119829	# <font> 0056 latin capital letter v
119830	# <font> 0057 latin capital letter w
119831	# <font> 0058 latin capital letter x
119832	# <font> 0059 latin capital letter y
119833	# <font> 005A latin capital letter z
119834	# <font> 0061 latin small letter a
119835	# <font> 0062 latin small letter b
119836	# <font> 0063 latin small letter c
119837	# <font> 0064 latin small letter d
119838	# <font> 0065 latin small letter e
119839	# <font> 0066 latin small letter f
119840	# <font> 0067 latin small letter g
119841	# <font> 0068 latin small letter h
119842	# <font> 0069 latin small letter i
119843	# <font> 006A latin small letter j
119844	# <font> 006B latin small letter k
119845	# <font> 006C latin small letter l
119846	# <font> 006D latin small letter m
119847	# <font> 006E latin small letter n
119848	# <font> 006F latin small letter o
119849	# <font> 0070 latin small letter p
119850	# <font> 0071 latin small letter q
119851	# <font> 0072 latin small letter r
119852	# <font> 0073 latin small letter s
119853	# <font> 0074 latin small letter t
119854	# <font> 0075 latin small letter u
119855	# <font> 0076 latin small letter v
119856	# <font> 0077 latin small letter w
119857	# <font> 0078 latin small letter x
119858	# <font> 0079 latin small letter y
119859	# <font> 007A latin small letter z
119860	# <font> 0041 latin capital letter a
119861	# <font> 0042 latin capital letter b
119862	# <font> 0043 latin capital letter c
119863	# <font> 0044 latin capital letter d
119864	# <font> 0045 latin capital letter e
119865	# <font> 0046 latin capital letter f
119866	# <font> 0047 latin capital letter g
119867	# <font> 0048 latin capital letter h
119868	# <font> 0049 latin capital letter i
119869	# <font> 004A latin capital letter j
119870	# <font> 004B latin capital letter k
119871	# <font> 004C latin capital letter l
119872	# <font> 004D latin capital letter m
119873	# <font> 004E latin capital letter n
119874	# <font> 004F latin capital letter o
119875	# <font> 0050 latin capital letter p
119876	# <font> 0051 latin capital letter q
119877	# <font> 0052 latin capital letter r
119878	# <font> 0053 latin capital letter s
119879	# <font> 0054 latin capital letter t
119880	# <font> 0055 latin capital letter u
119881	# <font> 0056 latin capital letter v
119882	# <font> 0057 latin capital letter w
119883	# <font> 0058 latin capital letter x
119884	# <font> 0059 latin capital letter y
119885	# <font> 005A latin capital letter z
119886	# <font> 0061 latin small letter a
119887	# <font> 0062 latin small letter b
119888	# <font> 0063 latin small letter c
119889	# <font> 0064 latin small letter d
119890	# <font> 0065 latin small letter e
119891	# <font> 0066 latin small letter f
119892	# <font> 0067 latin small letter g
119893	x (planck constant - 210E)
119894	# <font> 0069 latin small letter i
119895	# <font> 006A latin small letter j
119896	# <font> 006B latin small letter k
119897	# <font> 006C latin small letter l
119898	# <font> 006D latin small letter m
119899	# <font> 006E latin small letter n
119900	# <font> 006F latin small letter o
119901	# <font> 0070 latin small letter p
119902	# <font> 0071 latin small letter q
119903	# <font> 0072 latin small letter r
119904	# <font> 0073 latin small letter s
119905	# <font> 0074 latin small letter t
119906	# <font> 0075 latin small letter u
119907	# <font> 0076 latin small letter v
119908	# <font> 0077 latin small letter w
119909	# <font> 0078 latin small letter x
119910	# <font> 0079 latin small letter y
119911	# <font> 007A latin small letter z
119912	# <font> 0041 latin capital letter a
119913	# <font> 0042 latin capital letter b
119914	# <font> 0043 latin capital letter c
119915	# <font> 0044 latin capital letter d
119916	# <font> 0045 latin capital letter e
119917	# <font> 0046 latin capital letter f
119918	# <font> 0047 latin capital letter g
119919	# <font> 0048 latin capital letter h
119920	# <font> 0049 latin capital letter i
119921	# <font> 004A latin capital letter j
119922	# <font> 004B latin capital letter k
119923	# <font> 004C latin capital letter l
119924	# <font> 004D latin capital letter m
119925	# <font> 004E latin capital letter n
119926	# <font> 004F latin capital letter o
119927	# <font> 0050 latin capital letter p
119928	# <font> 0051 latin capital letter q
119929	# <font> 0052 latin capital letter r
119930	# <font> 0053 latin capital letter s
119931	# <font> 0054 latin capital letter t
119932	# <font> 0055 latin capital letter u
119933	# <font> 0056 latin capital letter v
119934	# <font> 0057 latin capital letter w
119935	# <font> 0058 latin capital letter x
119936	# <font> 0059 latin capital letter y
119937	# <font> 005A latin capital letter z
119938	# <font> 0061 latin small letter a
119939	# <font> 0062 latin small letter b
119940	# <font> 0063 latin small letter c
119941	# <font> 0064 latin small letter d
119942	# <font> 0065 latin small letter e
119943	# <font> 0066 latin small letter f
119944	# <font> 0067 latin small letter g
119945	# <font> 0068 latin small letter h
119946	# <font> 0069 latin small letter i
119947	# <font> 006A latin small letter j
119948	# <font> 006B latin small letter k
119949	# <font> 006C latin small letter l
119950	# <font> 006D latin small letter m
119951	# <font> 006E latin small letter n
119952	# <font> 006F latin small letter o
119953	# <font> 0070 latin small letter p
119954	# <font> 0071 latin small letter q
119955	# <font> 0072 latin small letter r
119956	# <font> 0073 latin small letter s
119957	# <font> 0074 latin small letter t
119958	# <font> 0075 latin small letter u
119959	# <font> 0076 latin small letter v
119960	# <font> 0077 latin small letter w
119961	# <font> 0078 latin small letter x
119962	# <font> 0079 latin small letter y
119963	# <font> 007A latin small letter z
119964	~ 1D49C FE00 chancery style|~ 1D49C FE01 roundhand style|# <font> 0041 latin capital letter a
119965	x (script capital b - 212C)
119966	~ 1D49E FE00 chancery style|~ 1D49E FE01 roundhand style|# <font> 0043 latin capital letter c
119967	~ 1D49F FE00 chancery style|~ 1D49F FE01 roundhand style|# <font> 0044 latin capital letter d
119968	x (script capital e - 2130)
119969	x (script capital f - 2131)
119970	~ 1D4A2 FE00 chancery style|~ 1D4A2 FE01 roundhand style|# <font> 0047 latin capital letter g
119971	x (script capital h - 210B)
119972	x (script capital i - 2110)
119973	~ 1D4A5 FE00 chancery style|~ 1D4A5 FE01 roundhand style|# <font> 004A latin capital letter j
119974	~ 1D4A6 FE00 chancery style|~ 1D4A6 FE01 roundhand style|# <font> 004B latin capital letter k
119975	x (script capital l - 2112)
119976	x (script capital m - 2133)
119977	~ 1D4A9 FE00 chancery style|~ 1D4A9 FE01 roundhand style|# <font> 004E latin capital letter n
119978	~ 1D4AA FE00 chancery style|~ 1D4AA FE01 roundhand style|# <font> 004F latin capital letter o
119979	= power set|~ 1D4AB FE00 chancery style|~ 1D4AB FE01 roundhand style|# <font> 0050 latin capital letter p
119980	~ 1D4AC FE00 chancery style|~ 1D4AC FE01 roundhand style|# <font> 0051 latin capital letter q
119981	x (script capital r - 211B)
119982	~ 1D4AE FE00 chancery style|~ 1D4AE FE01 roundhand style|# <font> 0053 latin capital letter s
119983	~ 1D4AF FE00 chancery style|~ 1D4AF FE01 roundhand style|# <font> 0054 latin capital letter t
119984	~ 1D4B0 FE00 chancery style|~ 1D4B0 FE01 roundhand style|# <font> 0055 latin capital letter u
119985	~ 1D4B1 FE00 chancery style|~ 1D4B1 FE01 roundhand style|# <font> 0056 latin capital letter v
119986	~ 1D4B2 FE00 chancery style|~ 1D4B2 FE01 roundhand style|# <font> 0057 latin capital letter w
119987	~ 1D4B3 FE00 chancery style|~ 1D4B3 FE01 roundhand style|# <font> 0058 latin capital letter x
119988	~ 1D4B4 FE00 chancery style|~ 1D4B4 FE01 roundhand style|# <font> 0059 latin capital letter y
119989	~ 1D4B5 FE00 chancery style|~ 1D4B5 FE01 roundhand style|# <font> 005A latin capital letter z
119990	# <font> 0061 latin small letter a
119991	# <font> 0062 latin small letter b
119992	# <font> 0063 latin small letter c
119993	# <font> 0064 latin small letter d
119994	x (script small e - 212F)
119995	# <font> 0066 latin small letter f
119996	x (script small g - 210A)
119997	# <font> 0068 latin small letter h
119998	# <font> 0069 latin small letter i
119999	# <font> 006A latin small letter j
120000	# <font> 006B latin small letter k
120001	x (script small l - 2113)|# <font> 006C latin small letter l
120002	# <font> 006D latin small letter m
120003	# <font> 006E latin small letter n
120004	x (script small o - 2134)
120005	# <font> 0070 latin small letter p
120006	# <font> 0071 latin small letter q
120007	# <font> 0072 latin small letter r
120008	# <font> 0073 latin small letter s
120009	# <font> 0074 latin small letter t
120010	# <font> 0075 latin small letter u
120011	# <font> 0076 latin small letter v
120012	# <font> 0077 latin small letter w
120013	# <font> 0078 latin small letter x
120014	# <font> 0079 latin small letter y
120015	~ 1D4CF FE02 kurrent style|# <font> 007A latin small letter z
120016	# <font> 0041 latin capital letter a
120017	# <font> 0042 latin capital letter b
120018	# <font> 0043 latin capital letter c
120019	# <font> 0044 latin capital letter d
120020	# <font> 0045 latin capital letter e
120021	# <font> 0046 latin capital letter f
120022	# <font> 0047 latin capital letter g
120023	# <font> 0048 latin capital letter h
120024	# <font> 0049 latin capital letter i
120025	# <font> 004A latin capital letter j
120026	# <font> 004B latin capital letter k
120027	# <font> 004C latin capital letter l
120028	# <font> 004D latin capital letter m
120029	# <font> 004E latin capital letter n
120030	# <font> 004F latin capital letter o
120031	# <font> 0050 latin capital letter p
120032	# <font> 0051 latin capital letter q
120033	# <font> 0052 latin capital letter r
120034	# <font> 0053 latin capital letter s
120035	# <font> 0054 latin capital letter t
120036	# <font> 0055 latin capital letter u
120037	# <font> 0056 latin capital letter v
120038	# <font> 0057 latin capital letter w
120039	# <font> 0058 latin capital letter x
120040	# <font> 0059 latin capital letter y
120041	# <font> 005A latin capital letter z
120042	# <font> 0061 latin small letter a
120043	# <font> 0062 latin small letter b
120044	# <font> 0063 latin small letter c
120045	# <font> 0064 latin small letter d
120046	# <font> 0065 latin small letter e
120047	# <font> 0066 latin small letter f
120048	# <font> 0067 latin small letter g
120049	# <font> 0068 latin small letter h
120050	# <font> 0069 latin small letter i
120051	# <font> 006A latin small letter j
120052	# <font> 006B latin small letter k
120053	# <font> 006C latin small letter l
120054	# <font> 006D latin small letter m
120055	# <font> 006E latin small letter n
120056	# <font> 006F latin small letter o
120057	# <font> 0070 latin small letter p
120058	# <font> 0071 latin small letter q
120059	# <font> 0072 latin small letter r
120060	# <font> 0073 latin small letter s
120061	# <font> 0074 latin small letter t
120062	# <font> 0075 latin small letter u
120063	# <font> 0076 latin small letter v
120064	# <font> 0077 latin small letter w
120065	# <font> 0078 latin small letter x
120066	# <font> 0079 latin small letter y
120067	# <font> 007A latin small letter z
120068	# <font> 0041 latin capital letter a
120069	# <font> 0042 latin capital letter b
120070	x (black-letter capital c - 212D)
120071	# <font> 0044 latin capital letter d
120072	# <font> 0045 latin capital letter e
120073	# <font> 0046 latin capital letter f
120074	# <font> 0047 latin capital letter g
120075	x (black-letter capital h - 210C)
120076	x (black-letter capital i - 2111)
120077	# <font> 004A latin capital letter j
120078	# <font> 004B latin capital letter k
120079	# <font> 004C latin capital letter l
120080	= New Testament majority text|# <font> 004D latin capital letter m
120081	# <font> 004E latin capital letter n
120082	# <font> 004F latin capital letter o
120083	# <font> 0050 latin capital letter p
120084	# <font> 0051 latin capital letter q
120085	x (black-letter capital r - 211C)
120086	= Septuagint, Greek Old Testament|# <font> 0053 latin capital letter s
120087	# <font> 0054 latin capital letter t
120088	# <font> 0055 latin capital letter u
120089	# <font> 0056 latin capital letter v
120090	# <font> 0057 latin capital letter w
120091	# <font> 0058 latin capital letter x
120092	# <font> 0059 latin capital letter y
120093	x (black-letter capital z - 2128)
120094	# <font> 0061 latin small letter a
120095	# <font> 0062 latin small letter b
120096	# <font> 0063 latin small letter c
120097	# <font> 0064 latin small letter d
120098	# <font> 0065 latin small letter e
120099	# <font> 0066 latin small letter f
120100	# <font> 0067 latin small letter g
120101	# <font> 0068 latin small letter h
120102	# <font> 0069 latin small letter i
120103	# <font> 006A latin small letter j
120104	# <font> 006B latin small letter k
120105	# <font> 006C latin small letter l
120106	# <font> 006D latin small letter m
120107	# <font> 006E latin small letter n
120108	# <font> 006F latin small letter o
120109	# <font> 0070 latin small letter p
120110	# <font> 0071 latin small letter q
120111	# <font> 0072 latin small letter r
120112	# <font> 0073 latin small letter s
120113	# <font> 0074 latin small letter t
120114	# <font> 0075 latin small letter u
120115	# <font> 0076 latin small letter v
120116	# <font> 0077 latin small letter w
120117	# <font> 0078 latin small letter x
120118	# <font> 0079 latin small letter y
120119	# <font> 007A latin small letter z
120120	* a glyph variant with doubled stroke on the left exists|# <font> 0041 latin capital letter a
120121	# <font> 0042 latin capital letter b
120122	x (double-struck capital c - 2102)
120123	# <font> 0044 latin capital letter d
120124	# <font> 0045 latin capital letter e
120125	# <font> 0046 latin capital letter f
120126	# <font> 0047 latin capital letter g
120127	x (double-struck capital h - 210D)
120128	# <font> 0049 latin capital letter i
120129	# <font> 004A latin capital letter j
120130	# <font> 004B latin capital letter k
120131	# <font> 004C latin capital letter l
120132	# <font> 004D latin capital letter m
120133	x (double-struck capital n - 2115)
120134	# <font> 004F latin capital letter o
120135	x (double-struck capital p - 2119)
120136	x (double-struck capital q - 211A)
120137	x (double-struck capital r - 211D)
120138	# <font> 0053 latin capital letter s
120139	# <font> 0054 latin capital letter t
120140	# <font> 0055 latin capital letter u
120141	# <font> 0056 latin capital letter v
120142	# <font> 0057 latin capital letter w
120143	# <font> 0058 latin capital letter x
120144	# <font> 0059 latin capital letter y
120145	x (double-struck capital z - 2124)
120146	# <font> 0061 latin small letter a
120147	# <font> 0062 latin small letter b
120148	# <font> 0063 latin small letter c
120149	# <font> 0064 latin small letter d
120150	# <font> 0065 latin small letter e
120151	# <font> 0066 latin small letter f
120152	# <font> 0067 latin small letter g
120153	# <font> 0068 latin small letter h
120154	# <font> 0069 latin small letter i
120155	# <font> 006A latin small letter j
120156	# <font> 006B latin small letter k
120157	# <font> 006C latin small letter l
120158	# <font> 006D latin small letter m
120159	# <font> 006E latin small letter n
120160	# <font> 006F latin small letter o
120161	# <font> 0070 latin small letter p
120162	# <font> 0071 latin small letter q
120163	# <font> 0072 latin small letter r
120164	# <font> 0073 latin small letter s
120165	# <font> 0074 latin small letter t
120166	# <font> 0075 latin small letter u
120167	# <font> 0076 latin small letter v
120168	# <font> 0077 latin small letter w
120169	# <font> 0078 latin small letter x
120170	# <font> 0079 latin small letter y
120171	# <font> 007A latin small letter z
120172	# <font> 0041 latin capital letter a
120173	# <font> 0042 latin capital letter b
120174	# <font> 0043 latin capital letter c
120175	# <font> 0044 latin capital letter d
120176	# <font> 0045 latin capital letter e
120177	# <font> 0046 latin capital letter f
120178	# <font> 0047 latin capital letter g
120179	# <font> 0048 latin capital letter h
120180	# <font> 0049 latin capital letter i
120181	# <font> 004A latin capital letter j
120182	# <font> 004B latin capital letter k
120183	# <font> 004C latin capital letter l
120184	# <font> 004D latin capital letter m
120185	# <font> 004E latin capital letter n
120186	# <font> 004F latin capital letter o
120187	# <font> 0050 latin capital letter p
120188	# <font> 0051 latin capital letter q
120189	# <font> 0052 latin capital letter r
120190	# <font> 0053 latin capital letter s
120191	# <font> 0054 latin capital letter t
120192	# <font> 0055 latin capital letter u
120193	# <font> 0056 latin capital letter v
120194	# <font> 0057 latin capital letter w
120195	# <font> 0058 latin capital letter x
120196	# <font> 0059 latin capital letter y
120197	# <font> 005A latin capital letter z
120198	# <font> 0061 latin small letter a
120199	# <font> 0062 latin small letter b
120200	# <font> 0063 latin small letter c
120201	# <font> 0064 latin small letter d
120202	# <font> 0065 latin small letter e
120203	# <font> 0066 latin small letter f
120204	# <font> 0067 latin small letter g
120205	# <font> 0068 latin small letter h
120206	# <font> 0069 latin small letter i
120207	# <font> 006A latin small letter j
120208	# <font> 006B latin small letter k
120209	# <font> 006C latin small letter l
120210	# <font> 006D latin small letter m
120211	# <font> 006E latin small letter n
120212	# <font> 006F latin small letter o
120213	# <font> 0070 latin small letter p
120214	# <font> 0071 latin small letter q
120215	# <font> 0072 latin small letter r
120216	# <font> 0073 latin small letter s
120217	# <font> 0074 latin small letter t
120218	# <font> 0075 latin small letter u
120219	# <font> 0076 latin small letter v
120220	# <font> 0077 latin small letter w
120221	# <font> 0078 latin small letter x
120222	# <font> 0079 latin small letter y
120223	# <font> 007A latin small letter z
120224	# <font> 0041 latin capital letter a
120225	# <font> 0042 latin capital letter b
120226	# <font> 0043 latin capital letter c
120227	# <font> 0044 latin capital letter d
120228	# <font> 0045 latin capital letter e
120229	# <font> 0046 latin capital letter f
120230	# <font> 0047 latin capital letter g
120231	# <font> 0048 latin capital letter h
120232	# <font> 0049 latin capital letter i
120233	# <font> 004A latin capital letter j
120234	# <font> 004B latin capital letter k
120235	# <font> 004C latin capital letter l
120236	# <font> 004D latin capital letter m
120237	# <font> 004E latin capital letter n
120238	# <font> 004F latin capital letter o
120239	# <font> 0050 latin capital letter p
120240	# <font> 0051 latin capital letter q
120241	# <font> 0052 latin capital letter r
120242	# <font> 0053 latin capital letter s
120243	# <font> 0054 latin capital letter t
120244	# <font> 0055 latin capital letter u
120245	# <font> 0056 latin capital letter v
120246	# <font> 0057 latin capital letter w
120247	# <font> 0058 latin capital letter x
120248	# <font> 0059 latin capital letter y
120249	# <font> 005A latin capital letter z
120250	# <font> 0061 latin small letter a
120251	# <font> 0062 latin small letter b
120252	# <font> 0063 latin small letter c
120253	# <font> 0064 latin small letter d
120254	# <font> 0065 latin small letter e
120255	# <font> 0066 latin small letter f
120256	# <font> 0067 latin small letter g
120257	# <font> 0068 latin small letter h
120258	# <font> 0069 latin small letter i
120259	# <font> 006A latin small letter j
120260	# <font> 006B latin small letter k
120261	# <font> 006C latin small letter l
120262	# <font> 006D latin small letter m
120263	# <font> 006E latin small letter n
120264	# <font> 006F latin small letter o
120265	# <font> 0070 latin small letter p
120266	# <font> 0071 latin small letter q
120267	# <font> 0072 latin small letter r
120268	# <font> 0073 latin small letter s
120269	# <font> 0074 latin small letter t
120270	# <font> 0075 latin small letter u
120271	# <font> 0076 latin small letter v
120272	# <font> 0077 latin small letter w
120273	# <font> 0078 latin small letter x
120274	# <font> 0079 latin small letter y
120275	# <font> 007A latin small letter z
120276	# <font> 0041 latin capital letter a
120277	# <font> 0042 latin capital letter b
120278	# <font> 0043 latin capital letter c
120279	# <font> 0044 latin capital letter d
120280	# <font> 0045 latin capital letter e
120281	# <font> 0046 latin capital letter f
120282	# <font> 0047 latin capital letter g
120283	# <font> 0048 latin capital letter h
120284	# <font> 0049 latin capital letter i
120285	# <font> 004A latin capital letter j
120286	# <font> 004B latin capital letter k
120287	# <font> 004C latin capital letter l
120288	# <font> 004D latin capital letter m
120289	# <font> 004E latin capital letter n
120290	# <font> 004F latin capital letter o
120291	# <font> 0050 latin capital letter p
120292	# <font> 0051 latin capital letter q
120293	# <font> 0052 latin capital letter r
120294	# <font> 0053 latin capital letter s
120295	# <font> 0054 latin capital letter t
120296	# <font> 0055 latin capital letter u
120297	# <font> 0056 latin capital letter v
120298	# <font> 0057 latin capital letter w
120299	# <font> 0058 latin capital letter x
120300	# <font> 0059 latin capital letter y
120301	# <font> 005A latin capital letter z
120302	# <font> 0061 latin small letter a
120303	# <font> 0062 latin small letter b
120304	# <font> 0063 latin small letter c
120305	# <font> 0064 latin small letter d
120306	# <font> 0065 latin small letter e
120307	# <font> 0066 latin small letter f
120308	# <font> 0067 latin small letter g
120309	# <font> 0068 latin small letter h
120310	# <font> 0069 latin small letter i
120311	# <font> 006A latin small letter j
120312	# <font> 006B latin small letter k
120313	# <font> 006C latin small letter l
120314	# <font> 006D latin small letter m
120315	# <font> 006E latin small letter n
120316	# <font> 006F latin small letter o
120317	# <font> 0070 latin small letter p
120318	# <font> 0071 latin small letter q
120319	# <font> 0072 latin small letter r
120320	# <font> 0073 latin small letter s
120321	# <font> 0074 latin small letter t
120322	# <font> 0075 latin small letter u
120323	# <font> 0076 latin small letter v
120324	# <font> 0077 latin small letter w
120325	# <font> 0078 latin small letter x
120326	# <font> 0079 latin small letter y
120327	# <font> 007A latin small letter z
120328	# <font> 0041 latin capital letter a
120329	# <font> 0042 latin capital letter b
120330	# <font> 0043 latin capital letter c
120331	# <font> 0044 latin capital letter d
120332	# <font> 0045 latin capital letter e
120333	# <font> 0046 latin capital letter f
120334	# <font> 0047 latin capital letter g
120335	# <font> 0048 latin capital letter h
120336	# <font> 0049 latin capital letter i
120337	# <font> 004A latin capital letter j
120338	# <font> 004B latin capital letter k
120339	# <font> 004C latin capital letter l
120340	# <font> 004D latin capital letter m
120341	# <font> 004E latin capital letter n
120342	# <font> 004F latin capital letter o
120343	# <font> 0050 latin capital letter p
120344	# <font> 0051 latin capital letter q
120345	# <font> 0052 latin capital letter r
120346	# <font> 0053 latin capital letter s
120347	# <font> 0054 latin capital letter t
120348	# <font> 0055 latin capital letter u
120349	# <font> 0056 latin capital letter v
120350	# <font> 0057 latin capital letter w
120351	# <font> 0058 latin capital letter x
120352	# <font> 0059 latin capital letter y
120353	# <font> 005A latin capital letter z
120354	# <font> 0061 latin small letter a
120355	# <font> 0062 latin small letter b
120356	# <font> 0063 latin small letter c
120357	# <font> 0064 latin small letter d
120358	# <font> 0065 latin small letter e
120359	# <font> 0066 latin small letter f
120360	# <font> 0067 latin small letter g
120361	# <font> 0068 latin small letter h
120362	# <font> 0069 latin small letter i
120363	# <font> 006A latin small letter j
120364	# <font> 006B latin small letter k
120365	# <font> 006C latin small letter l
120366	# <font> 006D latin small letter m
120367	# <font> 006E latin small letter n
120368	# <font> 006F latin small letter o
120369	# <font> 0070 latin small letter p
120370	# <font> 0071 latin small letter q
120371	# <font> 0072 latin small letter r
120372	# <font> 0073 latin small letter s
120373	# <font> 0074 latin small letter t
120374	# <font> 0075 latin small letter u
120375	# <font> 0076 latin small letter v
120376	# <font> 0077 latin small letter w
120377	# <font> 0078 latin small letter x
120378	# <font> 0079 latin small letter y
120379	# <font> 007A latin small letter z
120380	# <font> 0041 latin capital letter a
120381	# <font> 0042 latin capital letter b
120382	# <font> 0043 latin capital letter c
120383	# <font> 0044 latin capital letter d
120384	# <font> 0045 latin capital letter e
120385	# <font> 0046 latin capital letter f
120386	# <font> 0047 latin capital letter g
120387	# <font> 0048 latin capital letter h
120388	# <font> 0049 latin capital letter i
120389	# <font> 004A latin capital letter j
120390	# <font> 004B latin capital letter k
120391	# <font> 004C latin capital letter l
120392	# <font> 004D latin capital letter m
120393	# <font> 004E latin capital letter n
120394	# <font> 004F latin capital letter o
120395	# <font> 0050 latin capital letter p
120396	# <font> 0051 latin capital letter q
120397	# <font> 0052 latin capital letter r
120398	# <font> 0053 latin capital letter s
120399	# <font> 0054 latin capital letter t
120400	# <font> 0055 latin capital letter u
120401	# <font> 0056 latin capital letter v
120402	# <font> 0057 latin capital letter w
120403	# <font> 0058 latin capital letter x
120404	# <font> 0059 latin capital letter y
120405	# <font> 005A latin capital letter z
120406	# <font> 0061 latin small letter a
120407	# <font> 0062 latin small letter b
120408	# <font> 0063 latin small letter c
120409	# <font> 0064 latin small letter d
120410	# <font> 0065 latin small letter e
120411	# <font> 0066 latin small letter f
120412	# <font> 0067 latin small letter g
120413	# <font> 0068 latin small letter h
120414	# <font> 0069 latin small letter i
120415	# <font> 006A latin small letter j
120416	# <font> 006B latin small letter k
120417	# <font> 006C latin small letter l
120418	# <font> 006D latin small letter m
120419	# <font> 006E latin small letter n
120420	# <font> 006F latin small letter o
120421	# <font> 0070 latin small letter p
120422	# <font> 0071 latin small letter q
120423	# <font> 0072 latin small letter r
120424	# <font> 0073 latin small letter s
120425	# <font> 0074 latin small letter t
120426	# <font> 0075 latin small letter u
120427	# <font> 0076 latin small letter v
120428	# <font> 0077 latin small letter w
120429	# <font> 0078 latin small letter x
120430	# <font> 0079 latin small letter y
120431	# <font> 007A latin small letter z
120432	# <font> 0041 latin capital letter a
120433	# <font> 0042 latin capital letter b
120434	# <font> 0043 latin capital letter c
120435	# <font> 0044 latin capital letter d
120436	# <font> 0045 latin capital letter e
120437	# <font> 0046 latin capital letter f
120438	# <font> 0047 latin capital letter g
120439	# <font> 0048 latin capital letter h
120440	# <font> 0049 latin capital letter i
120441	# <font> 004A latin capital letter j
120442	# <font> 004B latin capital letter k
120443	# <font> 004C latin capital letter l
120444	# <font> 004D latin capital letter m
120445	# <font> 004E latin capital letter n
120446	# <font> 004F latin capital letter o
120447	# <font> 0050 latin capital letter p
120448	# <font> 0051 latin capital letter q
120449	# <font> 0052 latin capital letter r
120450	# <font> 0053 latin capital letter s
120451	# <font> 0054 latin capital letter t
120452	# <font> 0055 latin capital letter u
120453	# <font> 0056 latin capital letter v
120454	# <font> 0057 latin capital letter w
120455	# <font> 0058 latin capital letter x
120456	# <font> 0059 latin capital letter y
120457	# <font> 005A latin capital letter z
120458	# <font> 0061 latin small letter a
120459	# <font> 0062 latin small letter b
120460	# <font> 0063 latin small letter c
120461	# <font> 0064 latin small letter d
120462	# <font> 0065 latin small letter e
120463	# <font> 0066 latin small letter f
120464	# <font> 0067 latin small letter g
120465	# <font> 0068 latin small letter h
120466	# <font> 0069 latin small letter i
120467	# <font> 006A latin small letter j
120468	# <font> 006B latin small letter k
120469	# <font> 006C latin small letter l
120470	# <font> 006D latin small letter m
120471	# <font> 006E latin small letter n
120472	# <font> 006F latin small letter o
120473	# <font> 0070 latin small letter p
120474	# <font> 0071 latin small letter q
120475	# <font> 0072 latin small letter r
120476	# <font> 0073 latin small letter s
120477	# <font> 0074 latin small letter t
120478	# <font> 0075 latin small letter u
120479	# <font> 0076 latin small letter v
120480	# <font> 0077 latin small letter w
120481	# <font> 0078 latin small letter x
120482	# <font> 0079 latin small letter y
120483	# <font> 007A latin small letter z
120484	= \imath|x (latin small letter dotless i - 0131)|x (mathematical italic small i - 1D456)|# <font> 0131 latin small letter dotless i
120485	= \jmath|x (latin small letter dotless j - 0237)|x (mathematical italic small j - 1D457)|# <font> 0237 latin small letter dotless j
120486	= sursolidum|* denotes fifth power of the unknown in historical mathematics|x (latin small ligature long s with descender s - 1DF95)|# <font> 1DF95 latin small ligature long s with descender s
120488	# <font> 0391 greek capital letter alpha
120489	# <font> 0392 greek capital letter beta
120490	# <font> 0393 greek capital letter gamma
120491	# <font> 0394 greek capital letter delta
120492	# <font> 0395 greek capital letter epsilon
120493	# <font> 0396 greek capital letter zeta
120494	# <font> 0397 greek capital letter eta
120495	# <font> 0398 greek capital letter theta
120496	# <font> 0399 greek capital letter iota
120497	# <font> 039A greek capital letter kappa
120498	# <font> 039B greek capital letter lamda
120499	# <font> 039C greek capital letter mu
120500	# <font> 039D greek capital letter nu
120501	# <font> 039E greek capital letter xi
120502	# <font> 039F greek capital letter omicron
120503	# <font> 03A0 greek capital letter pi
120504	# <font> 03A1 greek capital letter rho
120505	# <font> 03F4 greek capital theta symbol
120506	# <font> 03A3 greek capital letter sigma
120507	# <font> 03A4 greek capital letter tau
120508	# <font> 03A5 greek capital letter upsilon
120509	# <font> 03A6 greek capital letter phi
120510	# <font> 03A7 greek capital letter chi
120511	# <font> 03A8 greek capital letter psi
120512	# <font> 03A9 greek capital letter omega
120513	# <font> 2207 nabla
120514	# <font> 03B1 greek small letter alpha
120515	# <font> 03B2 greek small letter beta
120516	# <font> 03B3 greek small letter gamma
120517	# <font> 03B4 greek small letter delta
120518	# <font> 03B5 greek small letter epsilon
120519	# <font> 03B6 greek small letter zeta
120520	# <font> 03B7 greek small letter eta
120521	# <font> 03B8 greek small letter theta
120522	# <font> 03B9 greek small letter iota
120523	# <font> 03BA greek small letter kappa
120524	# <font> 03BB greek small letter lamda
120525	# <font> 03BC greek small letter mu
120526	# <font> 03BD greek small letter nu
120527	# <font> 03BE greek small letter xi
120528	# <font> 03BF greek small letter omicron
120529	# <font> 03C0 greek small letter pi
120530	# <font> 03C1 greek small letter rho
120531	# <font> 03C2 greek small letter final sigma
120532	# <font> 03C3 greek small letter sigma
120533	# <font> 03C4 greek small letter tau
120534	# <font> 03C5 greek small letter upsilon
120535	# <font> 03C6 greek small letter phi
120536	# <font> 03C7 greek small letter chi
120537	# <font> 03C8 greek small letter psi
120538	# <font> 03C9 greek small letter omega
120539	# <font> 2202 partial differential
120540	# <font> 03F5 greek lunate epsilon symbol
120541	# <font> 03D1 greek theta symbol
120542	# <font> 03F0 greek kappa symbol
120543	# <font> 03D5 greek phi symbol
120544	# <font> 03F1 greek rho symbol
120545	# <font> 03D6 greek pi symbol
120546	# <font> 0391 greek capital letter alpha
120547	# <font> 0392 greek capital letter beta
120548	# <font> 0393 greek capital letter gamma
120549	# <font> 0394 greek capital letter delta
120550	# <font> 0395 greek capital letter epsilon
120551	# <font> 0396 greek capital letter zeta
120552	# <font> 0397 greek capital letter eta
120553	# <font> 0398 greek capital letter theta
120554	# <font> 0399 greek capital letter iota
120555	# <font> 039A greek capital letter kappa
120556	# <font> 039B greek capital letter lamda
120557	# <font> 039C greek capital letter mu
120558	# <font> 039D greek capital letter nu
120559	# <font> 039E greek capital letter xi
120560	# <font> 039F greek capital letter omicron
120561	# <font> 03A0 greek capital letter pi
120562	# <font> 03A1 greek capital letter rho
120563	# <font> 03F4 greek capital theta symbol
120564	# <font> 03A3 greek capital letter sigma
120565	# <font> 03A4 greek capital letter tau
120566	# <font> 03A5 greek capital letter upsilon
120567	# <font> 03A6 greek capital letter phi
120568	# <font> 03A7 greek capital letter chi
120569	# <font> 03A8 greek capital letter psi
120570	# <font> 03A9 greek capital letter omega
120571	# <font> 2207 nabla
120572	# <font> 03B1 greek small letter alpha
120573	# <font> 03B2 greek small letter beta
120574	# <font> 03B3 greek small letter gamma
120575	# <font> 03B4 greek small letter delta
120576	# <font> 03B5 greek small letter epsilon
120577	# <font> 03B6 greek small letter zeta
120578	# <font> 03B7 greek small letter eta
120579	# <font> 03B8 greek small letter theta
120580	# <font> 03B9 greek small letter iota
120581	# <font> 03BA greek small letter kappa
120582	# <font> 03BB greek small letter lamda
120583	# <font> 03BC greek small letter mu
120584	# <font> 03BD greek small letter nu
120585	# <font> 03BE greek small letter xi
120586	# <font> 03BF greek small letter omicron
120587	# <font> 03C0 greek small letter pi
120588	# <font> 03C1 greek small letter rho
120589	# <font> 03C2 greek small letter final sigma
120590	# <font> 03C3 greek small letter sigma
120591	# <font> 03C4 greek small letter tau
120592	# <font> 03C5 greek small letter upsilon
120593	# <font> 03C6 greek small letter phi
120594	# <font> 03C7 greek small letter chi
120595	# <font> 03C8 greek small letter psi
120596	# <font> 03C9 greek small letter omega
120597	# <font> 2202 partial differential
120598	# <font> 03F5 greek lunate epsilon symbol
120599	# <font> 03D1 greek theta symbol
120600	# <font> 03F0 greek kappa symbol
120601	# <font> 03D5 greek phi symbol
120602	# <font> 03F1 greek rho symbol
120603	# <font> 03D6 greek pi symbol
120604	# <font> 0391 greek capital letter alpha
120605	# <font> 0392 greek capital letter beta
120606	# <font> 0393 greek capital letter gamma
120607	# <font> 0394 greek capital letter delta
120608	# <font> 0395 greek capital letter epsilon
120609	# <font> 0396 greek capital letter zeta
120610	# <font> 0397 greek capital letter eta
120611	# <font> 0398 greek capital letter theta
120612	# <font> 0399 greek capital letter iota
120613	# <font> 039A greek capital letter kappa
120614	# <font> 039B greek capital letter lamda
120615	# <font> 039C greek capital letter mu
120616	# <font> 039D greek capital letter nu
120617	# <font> 039E greek capital letter xi
120618	# <font> 039F greek capital letter omicron
120619	# <font> 03A0 greek capital letter pi
120620	# <font> 03A1 greek capital letter rho
120621	# <font> 03F4 greek capital theta symbol
120622	# <font> 03A3 greek capital letter sigma
120623	# <font> 03A4 greek capital letter tau
120624	# <font> 03A5 greek capital letter upsilon
120625	# <font> 03A6 greek capital letter phi
120626	# <font> 03A7 greek capital letter chi
120627	# <font> 03A8 greek capital letter psi
120628	# <font> 03A9 greek capital letter omega
120629	# <font> 2207 nabla
120630	# <font> 03B1 greek small letter alpha
120631	# <font> 03B2 greek small letter beta
120632	# <font> 03B3 greek small letter gamma
120633	# <font> 03B4 greek small letter delta
120634	# <font> 03B5 greek small letter epsilon
120635	# <font> 03B6 greek small letter zeta
120636	# <font> 03B7 greek small letter eta
120637	# <font> 03B8 greek small letter theta
120638	# <font> 03B9 greek small letter iota
120639	# <font> 03BA greek small letter kappa
120640	# <font> 03BB greek small letter lamda
120641	# <font> 03BC greek small letter mu
120642	# <font> 03BD greek small letter nu
120643	# <font> 03BE greek small letter xi
120644	# <font> 03BF greek small letter omicron
120645	# <font> 03C0 greek small letter pi
120646	# <font> 03C1 greek small letter rho
120647	# <font> 03C2 greek small letter final sigma
120648	# <font> 03C3 greek small letter sigma
120649	# <font> 03C4 greek small letter tau
120650	# <font> 03C5 greek small letter upsilon
120651	# <font> 03C6 greek small letter phi
120652	# <font> 03C7 greek small letter chi
120653	# <font> 03C8 greek small letter psi
120654	# <font> 03C9 greek small letter omega
120655	# <font> 2202 partial differential
120656	# <font> 03F5 greek lunate epsilon symbol
120657	# <font> 03D1 greek theta symbol
120658	# <font> 03F0 greek kappa symbol
120659	# <font> 03D5 greek phi symbol
120660	# <font> 03F1 greek rho symbol
120661	# <font> 03D6 greek pi symbol
120662	# <font> 0391 greek capital letter alpha
120663	# <font> 0392 greek capital letter beta
120664	# <font> 0393 greek capital letter gamma
120665	# <font> 0394 greek capital letter delta
120666	# <font> 0395 greek capital letter epsilon
120667	# <font> 0396 greek capital letter zeta
120668	# <font> 0397 greek capital letter eta
120669	# <font> 0398 greek capital letter theta
120670	# <font> 0399 greek capital letter iota
120671	# <font> 039A greek capital letter kappa
120672	# <font> 039B greek capital letter lamda
120673	# <font> 039C greek capital letter mu
120674	# <font> 039D greek capital letter nu
120675	# <font> 039E greek capital letter xi
120676	# <font> 039F greek capital letter omicron
120677	# <font> 03A0 greek capital letter pi
120678	# <font> 03A1 greek capital letter rho
120679	# <font> 03F4 greek capital theta symbol
120680	# <font> 03A3 greek capital letter sigma
120681	# <font> 03A4 greek capital letter tau
120682	# <font> 03A5 greek capital letter upsilon
120683	# <font> 03A6 greek capital letter phi
120684	# <font> 03A7 greek capital letter chi
120685	# <font> 03A8 greek capital letter psi
120686	# <font> 03A9 greek capital letter omega
120687	# <font> 2207 nabla
120688	# <font> 03B1 greek small letter alpha
120689	# <font> 03B2 greek small letter beta
120690	# <font> 03B3 greek small letter gamma
120691	# <font> 03B4 greek small letter delta
120692	# <font> 03B5 greek small letter epsilon
120693	# <font> 03B6 greek small letter zeta
120694	# <font> 03B7 greek small letter eta
120695	# <font> 03B8 greek small letter theta
120696	# <font> 03B9 greek small letter iota
120697	# <font> 03BA greek small letter kappa
120698	# <font> 03BB greek small letter lamda
120699	# <font> 03BC greek small letter mu
120700	# <font> 03BD greek small letter nu
120701	# <font> 03BE greek small letter xi
120702	# <font> 03BF greek small letter omicron
120703	# <font> 03C0 greek small letter pi
120704	# <font> 03C1 greek small letter rho
120705	# <font> 03C2 greek small letter final sigma
120706	# <font> 03C3 greek small letter sigma
120707	# <font> 03C4 greek small letter tau
120708	# <font> 03C5 greek small letter upsilon
120709	# <font> 03C6 greek small letter phi
120710	# <font> 03C7 greek small letter chi
120711	# <font> 03C8 greek small letter psi
120712	# <font> 03C9 greek small letter omega
120713	# <font> 2202 partial differential
120714	# <font> 03F5 greek lunate epsilon symbol
120715	# <font> 03D1 greek theta symbol
120716	# <font> 03F0 greek kappa symbol
120717	# <font> 03D5 greek phi symbol
120718	# <font> 03F1 greek rho symbol
120719	# <font> 03D6 greek pi symbol
120720	# <font> 0391 greek capital letter alpha
120721	# <font> 0392 greek capital letter beta
120722	# <font> 0393 greek capital letter gamma
120723	# <font> 0394 greek capital letter delta
120724	# <font> 0395 greek capital letter epsilon
120725	# <font> 0396 greek capital letter zeta
120726	# <font> 0397 greek capital letter eta
120727	# <font> 0398 greek capital letter theta
120728	# <font> 0399 greek capital letter iota
120729	# <font> 039A greek capital letter kappa
120730	# <font> 039B greek capital letter lamda
120731	# <font> 039C greek capital letter mu
120732	# <font> 039D greek capital letter nu
120733	# <font> 039E greek capital letter xi
120734	# <font> 039F greek capital letter omicron
120735	# <font> 03A0 greek capital letter pi
120736	# <font> 03A1 greek capital letter rho
120737	# <font> 03F4 greek capital theta symbol
120738	# <font> 03A3 greek capital letter sigma
120739	# <font> 03A4 greek capital letter tau
120740	# <font> 03A5 greek capital letter upsilon
120741	# <font> 03A6 greek capital letter phi
120742	# <font> 03A7 greek capital letter chi
120743	# <font> 03A8 greek capital letter psi
120744	# <font> 03A9 greek capital letter omega
120745	# <font> 2207 nabla
120746	# <font> 03B1 greek small letter alpha
120747	# <font> 03B2 greek small letter beta
120748	# <font> 03B3 greek small letter gamma
120749	# <font> 03B4 greek small letter delta
120750	# <font> 03B5 greek small letter epsilon
120751	# <font> 03B6 greek small letter zeta
120752	# <font> 03B7 greek small letter eta
120753	# <font> 03B8 greek small letter theta
120754	# <font> 03B9 greek small letter iota
120755	# <font> 03BA greek small letter kappa
120756	# <font> 03BB greek small letter lamda
120757	# <font> 03BC greek small letter mu
120758	# <font> 03BD greek small letter nu
120759	# <font> 03BE greek small letter xi
120760	# <font> 03BF greek small letter omicron
120761	# <font> 03C0 greek small letter pi
120762	# <font> 03C1 greek small letter rho
120763	# <font> 03C2 greek small letter final sigma
120764	# <font> 03C3 greek small letter sigma
120765	# <font> 03C4 greek small letter tau
120766	# <font> 03C5 greek small letter upsilon
120767	# <font> 03C6 greek small letter phi
120768	# <font> 03C7 greek small letter chi
120769	# <font> 03C8 greek small letter psi
120770	# <font> 03C9 greek small letter omega
120771	# <font> 2202 partial differential
120772	# <font> 03F5 greek lunate epsilon symbol
120773	# <font> 03D1 greek theta symbol
120774	# <font> 03F0 greek kappa symbol
120775	# <font> 03D5 greek phi symbol
120776	# <font> 03F1 greek rho symbol
120777	# <font> 03D6 greek pi symbol
120778	# <font> 03DC greek letter digamma
120779	# <font> 03DD greek small letter digamma
120782	# <font> 0030 digit zero
120783	# <font> 0031 digit one
120784	# <font> 0032 digit two
120785	# <font> 0033 digit three
120786	# <font> 0034 digit four
120787	# <font> 0035 digit five
120788	# <font> 0036 digit six
120789	# <font> 0037 digit seven
120790	# <font> 0038 digit eight
120791	# <font> 0039 digit nine
120792	# <font> 0030 digit zero
120793	# <font> 0031 digit one
120794	# <font> 0032 digit two
120795	# <font> 0033 digit three
120796	# <font> 0034 digit four
120797	# <font> 0035 digit five
120798	# <font> 0036 digit six
120799	# <font> 0037 digit seven
120800	# <font> 0038 digit eight
120801	# <font> 0039 digit nine
120802	# <font> 0030 digit zero
120803	# <font> 0031 digit one
120804	# <font> 0032 digit two
120805	# <font> 0033 digit three
120806	# <font> 0034 digit four
120807	# <font> 0035 digit five
120808	# <font> 0036 digit six
120809	# <font> 0037 digit seven
120810	# <font> 0038 digit eight
120811	# <font> 0039 digit nine
120812	# <font> 0030 digit zero
120813	# <font> 0031 digit one
120814	# <font> 0032 digit two
120815	# <font> 0033 digit three
120816	# <font> 0034 digit four
120817	# <font> 0035 digit five
120818	# <font> 0036 digit six
120819	# <font> 0037 digit seven
120820	# <font> 0038 digit eight
120821	# <font> 0039 digit nine
120822	# <font> 0030 digit zero
120823	# <font> 0031 digit one
120824	# <font> 0032 digit two
120825	# <font> 0033 digit three
120826	# <font> 0034 digit four
120827	# <font> 0035 digit five
120828	# <font> 0036 digit six
120829	# <font> 0037 digit seven
120830	# <font> 0038 digit eight
120831	# <font> 0039 digit nine
121373	* squeezed eye blink
121483	* is a closing parenthesis when used with 1DAA4 signwriting rotation modifier-5
121616	~ 1DB10 FE00 with descender
122624	x (latin small letter feng digraph - 02A9)
122626	x (latin small letter turned g - 1D77)
122628	x (latin capital letter l with belt - A7AD)
122633	x (latin small letter t with hook - 01AD)
122634	x (modifier letter raised exclamation mark - A71D)|x (modifier letter retroflex click with retroflex hook - 107B9)
122635	x (integral with double stroke - 2A0E)
122640	x (latin small letter turned k - 029E)|x (latin capital letter turned k - A7B0)
122711	x (latin small letter r with mid-height left hook - 1DF28)
122712	x (latin small letter top half o - 1D16)|x (latin small letter bottom half o - 1D17)
122714	* the form is between 0061 and 0251
122718	x (latin small letter oi - 01A3)
122719	x (latin small letter ou - 0223)
122729	= latin small letter a with hook tail|* glyphic variants may show a top loop instead of a hook tail|x (latin small letter a with retroflex hook - 1D8F)
122731	* italic and handwriting forms usually do not show a reversed a|* also used for Malayalam transliteration
122732	* denotes the sound [tʃ] in the English Phonotypic Alphabet|* denotes the sound [e] in the Slovene Metelko alphabet|x (cyrillic capital letter ukrainian ie - 0404)|x (scruple - 2108)|x (latin capital letter c with bar - A792)
122733	x (greek lunate epsilon symbol - 03F5)
122734	* denotes the diphthong [ai] in the English Phonotypic Alphabet|x (latin capital letter i with stroke - 0197)|x (cross of jerusalem - 2629)|x (maltese cross - 2720)
122735	* also used for Malayalam transliteration|* glyphic variants may show a hook tail instead of a curved descender|* handwritten forms may show a large crossbar like the capital form
122736	* the italic form may show the pigtail at bottom to the right|x (latin small letter turned r - 0279)
122737	* also used in the Dania phonetic alphabet
122738	* the italic form may have the curl directed to the left
122739	* also used for Malayalam transliteration
122740	x (latin capital letter oo - A74E)|x (latin capital letter closed omega - A7DD)
122746	* the hook tail may take the shape of the tail of a capital Q
122747	x (latin small letter u with retroflex hook - 1D99)|* also used for Malayalam transliteration
122749	x (latin small letter ui - AB50)
122768	= cubus|* denotes cube of the unknown
122769	= census|* denotes square of the unknown
122770	= cubus|* denotes cube of the unknown
122771	= dragma|* denotes numerus/constant|x (latin small letter delta - 1E9F)|x (german penny sign - 20B0)|x (latin small letter insular d - A77A)
122772	= res, radix|* denotes the unknown|x (square root - 221A)|x (latin small letter r rotunda - A75B)|x (latin small letter rum rotunda - A75D)|x (latin letter small capital rum - A776)
122773	= sursolidum|* denotes fifth power of the unknown in historical mathematics|x (latin small letter sharp s - 00DF)|x (latin small letter long s - 017F)|x (latin small letter middle scots s - A7D7)|x (mathematical italic small ligature long s with descender s - 1D6A6)|# 00DF latin small letter sharp s
122774	= sursolidum|* denotes fifth power of the unknown|x (latin small letter long s - 017F)|x (latin small letter long s with diagonal stroke - 1E9C)|x (latin small letter long s with high stroke - 1E9D)
122829	# <super> 1DF57
122830	# <super> 1DF58
122831	# <super> 1DF59
122832	# <sub> 0263
122833	# <super> 1D18
122834	# <super> 0180
122835	# <super> 0111
122836	# <super> 01E5
122837	# <super> 0142
122838	# <super> 019A
122839	# <super> 1DF50
122840	# <super> 1DF3E
122841	# <super> 0249
122842	# <super> 1D7F
122843	# <super> 1DF3F
122844	# <super> 019E
122845	# <super> 027C
122846	# <super> 0238
122847	# <super> 0239
122848	# <super> 1DF2B
122849	# <super> 1DF19
122850	# <super> 0286
122851	# <super> 1D98
122852	# <super> 1DF2C
122853	# <super> 1DF1C
122854	# <super> 0293
122855	# <super> 1D9A
122856	# <super> 1D05
122857	# <super> 1D00
122858	# <super> 1D07
122859	# <super> 027F
122860	# <super> 0285
122861	# <super> 02AE
122862	# <super> 02AF
122863	# <super> 0221
122864	# <super> 0234
122865	# <super> 0235
122866	# <super> 0236
122867	x (modifier letter retroflex click with retroflex hook - 107B9)|# <super> 03C8
122868	# <super> 03C9
122869	# <super> 1D81
122870	# <super> A795
122871	# <super> 1D87
122872	# <super> 1D8A
122873	# <super> 1D8E
122874	# <super> 0188
122875	# <super> 0199
122876	# <super> 01A5
122877	# <super> 02A0
122878	# <super> 01AD
122879	# <super> 1DF09
122922	x (modifier letter cyrillic en - 1D78)|x (modifier letter cyrillic hard sign - A69C)|x (modifier letter cyrillic soft sign - A69D)
122928	# <super> 0430
122929	# <super> 0431
122930	# <super> 0432
122931	# <super> 0433
122932	# <super> 0434
122933	# <super> 0435
122934	# <super> 0436
122935	# <super> 0437
122936	# <super> 0438
122937	# <super> 043A
122938	# <super> 043B
122939	# <super> 043C
122940	# <super> 043E
122941	# <super> 043F
122942	# <super> 0440
122943	# <super> 0441
122944	# <super> 0442
122945	# <super> 0443
122946	# <super> 0444
122947	# <super> 0445
122948	# <super> 0446
122949	# <super> 0447
122950	# <super> 0448
122951	# <super> 044B
122952	# <super> 044D
122953	# <super> 044E
122954	# <super> A689
122955	# <super> 04D9
122956	# <super> 0456
122957	# <super> 0458
122958	# <super> 04E9
122959	# <super> 04AF
122960	# <super> 04CF
122961	# <sub> 0430
122962	# <sub> 0431
122963	# <sub> 0432
122964	# <sub> 0433
122965	# <sub> 0434
122966	# <sub> 0435
122967	# <sub> 0436
122968	# <sub> 0437
122969	# <sub> 0438
122970	# <sub> 043A
122971	# <sub> 043B
122972	# <sub> 043E
122973	# <sub> 043F
122974	# <sub> 0441
122975	# <sub> 0443
122976	# <sub> 0444
122977	# <sub> 0445
122978	# <sub> 0446
122979	# <sub> 0447
122980	# <sub> 0448
122981	# <sub> 044A
122982	# <sub> 044B
122983	# <sub> 0491
122984	# <sub> 0456
122985	# <sub> 0455
122986	# <sub> 045F
122987	# <super> 04AB
122988	# <super> A651
122989	# <super> 04B1
123136	x (hebrew letter mem - 05DE)
123139	x (hebrew letter tet - 05D8)
123146	x (hebrew letter shin - 05E9)
123150	x (hebrew letter kaf - 05DB)
123159	x (hebrew letter qof - 05E7)
123162	x (hebrew letter pe - 05E4)
123167	* also used for a vowel o
123171	* also used for a diphthong ai
123184	= som thwb|* RPA -b high-level tone
123185	= som thwm|* RPA -m low-glottalized tone
123186	= som thwj|* RPA -j high-falling tone
123187	= som thwv|* RPA -v mid-rising tone
123188	= som thws|* RPA -s low-level tone
123189	= som thwg|* RPA -g falling-breathy tone
123190	= som thwd|* RPA -d low-rising tone
123191	= oov
123192	= pes
123193	= khab theeb
123194	= khuam luas
123195	= poos
123196	* indicates repetition of a short word or syllable|* indicates repetition of a whole phrase or sentence when preceded by a space|x (thai character maiyamok - 0E46)|x (lao ko la - 0EC6)
123197	= khu saim
123214	* used to represent the word for money or currency
123215	* used to indicate ownership|x (nyiakeng puachue hmong letter ca - 1E108)
123647	= rupee|x (indian rupee sign - 20B9)
124139	* precedes modified letters such as AB or UD|* may indicate consonant gemination
124140	* vowel nasalization
124141	* indicates a long vowel
124142	* vowel preceded by the 'w' sound
124143	* mostly used for close transliteration of other languages
124896	x (ethiopic syllable xya - 2DD0)
124897	x (ethiopic syllable xyu - 2DD1)
124898	x (ethiopic syllable xyi - 2DD2)
124899	x (ethiopic syllable xyaa - 2DD3)
124900	x (ethiopic syllable xyee - 2DD4)
124901	x (ethiopic syllable xye - 2DD5)
124902	x (ethiopic syllable xyo - 2DD6)
124904	x (ethiopic syllable kxwa - 12C0)
124905	x (ethiopic syllable kxwi - 12C2)
124906	x (ethiopic syllable kxwee - 12C4)
124907	x (ethiopic syllable kxwe - 12C5)
124909	x (ethiopic syllable mwi - 1381)
124910	x (ethiopic syllable mwee - 1382)
124912	x (ethiopic syllable qwi - 124A)
124913	x (ethiopic syllable qwee - 124C)
124914	x (ethiopic syllable qwe - 124D)
124915	x (ethiopic syllable bwi - 1385)
124916	x (ethiopic syllable bwee - 1386)
124917	x (ethiopic syllable kwi - 12B2)
124918	x (ethiopic syllable kwee - 12B4)
124919	x (ethiopic syllable kwe - 12B5)
124920	x (ethiopic syllable gwi - 1312)
124921	x (ethiopic syllable gwee - 1314)
124922	x (ethiopic syllable gwe - 1315)
124923	x (ethiopic syllable fwi - 1389)
124924	x (ethiopic syllable fwee - 138A)
124925	x (ethiopic syllable pwi - 138D)
124926	x (ethiopic syllable pwee - 138E)
124935	* equivalent to Dalby M177
124971	* used for the negative particle
124972	* Dalby's M195 HO has different shape and value
124973	* equivalent to Dalby M182
124981	* not in Dalby or in Mansaray
124982	* equivalent to Dalby and Mansaray M022
124983	* equivalent to Dalby and Mansaray M023
124984	* equivalent to Dalby and Mansaray M024
124994	* equivalent to Dalby M178
124995	* equivalent to Dalby M179
124996	* equivalent to Dalby and Mansaray M025
124997	* equivalent to Dalby and Mansaray M026
124998	* equivalent to Dalby and Mansaray M027
125003	* equivalent to Mansaray M034
125004	* equivalent to Mansaray M035
125005	* equivalent to Mansaray M036
125018	* equivalent to Mansaray M028
125019	* equivalent to Mansaray M029
125020	* equivalent to Mansaray M030
125025	* not in Dalby or in Mansaray
125045	* Dalby's M193 NGGEE has different shape and value
125067	* equivalent to Dalby M181
125081	% MENDE KIKAKUI SYLLABLE M172 MBO|* this and the following character had swapped transliterations of the vowels in their names
125082	% MENDE KIKAKUI SYLLABLE M174 MBOO
125113	* equivalent to Dalby M180
125184	= a
125185	= da
125186	= la
125187	= ma
125189	= sa
125190	= pa
125191	= bha
125198	= yha
125199	= wa
125200	= na
125201	= ka
125204	= ja
125205	= tcha
125207	= qa
125210	= ta
125214	= gba
125215	= za
125216	= kpa
125258	* called hoortobbhere when drawn above and lestobbhere when drawn below the base character
125259	* indicates preceding nasal consonant prenasalizes subsequent consonant letter
126110	= 1 lakh|= 100,000
126111	= 2 lakh|= 200,000
126112	* used as a mark for denoting other lakh values
126113	= 1 crore|= 10 million|= 100 lakh|* used as a mark for denoting crores
126114	= 2 crore|= 20 million|= 200 lakh
126236	= thousands multiplier
126254	= meretten, merre|* used with one thousand for representing millions
126464	x (arabic letter alef isolated form - FE8D)|# <font> 0627 arabic letter alef
126465	x (arabic letter beh isolated form - FE8F)|# <font> 0628 arabic letter beh
126466	x (arabic letter jeem isolated form - FE9D)|# <font> 062C arabic letter jeem
126467	x (arabic letter dal isolated form - FEA9)|# <font> 062F arabic letter dal
126469	x (arabic letter waw isolated form - FEED)|# <font> 0648 arabic letter waw
126470	x (arabic letter zain isolated form - FEAF)|# <font> 0632 arabic letter zain
126471	x (arabic letter hah isolated form - FEA1)|# <font> 062D arabic letter hah
126472	x (arabic letter tah isolated form - FEC1)|# <font> 0637 arabic letter tah
126473	x (arabic letter yeh isolated form - FEF1)|# <font> 064A arabic letter yeh
126474	x (arabic letter kaf isolated form - FED9)|# <font> 0643 arabic letter kaf
126475	x (arabic letter lam isolated form - FEDD)|# <font> 0644 arabic letter lam
126476	x (arabic letter meem isolated form - FEE1)|# <font> 0645 arabic letter meem
126477	x (arabic letter noon isolated form - FEE5)|# <font> 0646 arabic letter noon
126478	x (arabic letter seen isolated form - FEB1)|# <font> 0633 arabic letter seen
126479	x (arabic letter ain isolated form - FEC9)|# <font> 0639 arabic letter ain
126480	x (arabic letter feh isolated form - FED1)|# <font> 0641 arabic letter feh
126481	x (arabic letter sad isolated form - FEB9)|# <font> 0635 arabic letter sad
126482	x (arabic letter qaf isolated form - FED5)|# <font> 0642 arabic letter qaf
126483	x (arabic letter reh isolated form - FEAD)|# <font> 0631 arabic letter reh
126484	x (arabic letter sheen isolated form - FEB5)|# <font> 0634 arabic letter sheen
126485	x (arabic letter teh isolated form - FE95)|# <font> 062A arabic letter teh
126486	x (arabic letter theh isolated form - FE99)|# <font> 062B arabic letter theh
126487	x (arabic letter khah isolated form - FEA5)|# <font> 062E arabic letter khah
126488	x (arabic letter thal isolated form - FEAB)|# <font> 0630 arabic letter thal
126489	x (arabic letter dad isolated form - FEBD)|# <font> 0636 arabic letter dad
126490	x (arabic letter zah isolated form - FEC5)|# <font> 0638 arabic letter zah
126491	x (arabic letter ghain isolated form - FECD)|# <font> 063A arabic letter ghain
126492	x (arabic letter dotless beh - 066E)|# <font> 066E arabic letter dotless beh
126493	x (arabic letter noon ghunna isolated form - FB9E)|# <font> 06BA arabic letter noon ghunna
126494	x (arabic letter dotless feh - 06A1)|# <font> 06A1 arabic letter dotless feh
126495	x (arabic letter dotless qaf - 066F)|# <font> 066F arabic letter dotless qaf
126497	x (arabic letter beh initial form - FE91)|# <font> 0628 arabic letter beh
126498	x (arabic letter jeem initial form - FE9F)|# <font> 062C arabic letter jeem
126500	x (arabic letter heh initial form - FEEB)|# <font> 0647 arabic letter heh
126503	x (arabic letter hah initial form - FEA3)|# <font> 062D arabic letter hah
126505	x (arabic letter yeh initial form - FEF3)|# <font> 064A arabic letter yeh
126506	x (arabic letter kaf initial form - FEDB)|# <font> 0643 arabic letter kaf
126507	x (arabic letter lam initial form - FEDF)|# <font> 0644 arabic letter lam
126508	x (arabic letter meem initial form - FEE3)|# <font> 0645 arabic letter meem
126509	x (arabic letter noon initial form - FEE7)|# <font> 0646 arabic letter noon
126510	x (arabic letter seen initial form - FEB3)|# <font> 0633 arabic letter seen
126511	x (arabic letter ain initial form - FECB)|# <font> 0639 arabic letter ain
126512	x (arabic letter feh initial form - FED3)|# <font> 0641 arabic letter feh
126513	x (arabic letter sad initial form - FEBB)|# <font> 0635 arabic letter sad
126514	x (arabic letter qaf initial form - FED7)|# <font> 0642 arabic letter qaf
126516	x (arabic letter sheen initial form - FEB7)|# <font> 0634 arabic letter sheen
126517	x (arabic letter teh initial form - FE97)|# <font> 062A arabic letter teh
126518	x (arabic letter theh initial form - FE9B)|# <font> 062B arabic letter theh
126519	x (arabic letter khah initial form - FEA7)|# <font> 062E arabic letter khah
126521	x (arabic letter dad initial form - FEBF)|# <font> 0636 arabic letter dad
126523	x (arabic letter ghain initial form - FECF)|# <font> 063A arabic letter ghain
126530	# <font> 062C arabic letter jeem
126535	# <font> 062D arabic letter hah
126537	# <font> 064A arabic letter yeh
126539	# <font> 0644 arabic letter lam
126541	# <font> 0646 arabic letter noon
126542	# <font> 0633 arabic letter seen
126543	# <font> 0639 arabic letter ain
126545	# <font> 0635 arabic letter sad
126546	# <font> 0642 arabic letter qaf
126548	# <font> 0634 arabic letter sheen
126551	# <font> 062E arabic letter khah
126553	# <font> 0636 arabic letter dad
126555	# <font> 063A arabic letter ghain
126557	# <font> 06BA arabic letter noon ghunna
126559	# <font> 066F arabic letter dotless qaf
126561	# <font> 0628 arabic letter beh
126562	# <font> 062C arabic letter jeem
126564	# <font> 0647 arabic letter heh
126567	# <font> 062D arabic letter hah
126568	# <font> 0637 arabic letter tah
126569	# <font> 064A arabic letter yeh
126570	# <font> 0643 arabic letter kaf
126572	# <font> 0645 arabic letter meem
126573	# <font> 0646 arabic letter noon
126574	# <font> 0633 arabic letter seen
126575	# <font> 0639 arabic letter ain
126576	# <font> 0641 arabic letter feh
126577	# <font> 0635 arabic letter sad
126578	# <font> 0642 arabic letter qaf
126580	# <font> 0634 arabic letter sheen
126581	# <font> 062A arabic letter teh
126582	# <font> 062B arabic letter theh
126583	# <font> 062E arabic letter khah
126585	# <font> 0636 arabic letter dad
126586	# <font> 0638 arabic letter zah
126587	# <font> 063A arabic letter ghain
126588	# <font> 066E arabic letter dotless beh
126590	# <font> 06A1 arabic letter dotless feh
126592	# <font> 0627 arabic letter alef
126593	# <font> 0628 arabic letter beh
126594	# <font> 062C arabic letter jeem
126595	# <font> 062F arabic letter dal
126596	# <font> 0647 arabic letter heh
126597	# <font> 0648 arabic letter waw
126598	# <font> 0632 arabic letter zain
126599	# <font> 062D arabic letter hah
126600	# <font> 0637 arabic letter tah
126601	# <font> 064A arabic letter yeh
126603	# <font> 0644 arabic letter lam
126604	# <font> 0645 arabic letter meem
126605	# <font> 0646 arabic letter noon
126606	# <font> 0633 arabic letter seen
126607	# <font> 0639 arabic letter ain
126608	# <font> 0641 arabic letter feh
126609	# <font> 0635 arabic letter sad
126610	# <font> 0642 arabic letter qaf
126611	# <font> 0631 arabic letter reh
126612	# <font> 0634 arabic letter sheen
126613	# <font> 062A arabic letter teh
126614	# <font> 062B arabic letter theh
126615	# <font> 062E arabic letter khah
126616	# <font> 0630 arabic letter thal
126617	# <font> 0636 arabic letter dad
126618	# <font> 0638 arabic letter zah
126619	# <font> 063A arabic letter ghain
126625	# <font> 0628 arabic letter beh
126626	# <font> 062C arabic letter jeem
126627	# <font> 062F arabic letter dal
126629	# <font> 0648 arabic letter waw
126630	# <font> 0632 arabic letter zain
126631	# <font> 062D arabic letter hah
126632	# <font> 0637 arabic letter tah
126633	# <font> 064A arabic letter yeh
126635	# <font> 0644 arabic letter lam
126636	# <font> 0645 arabic letter meem
126637	# <font> 0646 arabic letter noon
126638	# <font> 0633 arabic letter seen
126639	# <font> 0639 arabic letter ain
126640	# <font> 0641 arabic letter feh
126641	# <font> 0635 arabic letter sad
126642	# <font> 0642 arabic letter qaf
126643	# <font> 0631 arabic letter reh
126644	# <font> 0634 arabic letter sheen
126645	# <font> 062A arabic letter teh
126646	# <font> 062B arabic letter theh
126647	# <font> 062E arabic letter khah
126648	# <font> 0630 arabic letter thal
126649	# <font> 0636 arabic letter dad
126650	# <font> 0638 arabic letter zah
126651	# <font> 063A arabic letter ghain
126704	* used in Arabic mathematics to denote summation|* stretched at the tatweel|x (n-ary summation - 2211)
126705	* used in Persian mathematics to denote limits|* stretched between the hah and the dal
126980	= hongzhong
126981	= qingfa
126982	= baiban
126983	= wan
126992	= tiao
127001	= bing
127010	= mei
127011	= lan
127012	= zhu
127013	= ju
127018	= baida
127147	= valet, Bube, Unter, Page, fante|= page of swords
127148	= chevalier, Ober, Ritter, cavall, cavaliere|= knight of swords
127149	= dame, Dame, Königin, regina|= queen of swords
127150	= roi, König, re|= king of swords
127167	* used as the third joker
127199	* may also be red
127201	* individual
127202	* childhood
127203	* youth
127204	* maturity
127205	* old age
127206	* morning
127207	* afternoon
127208	* evening
127209	* night
127210	* earth and air
127211	* water and fire
127212	* dance
127213	* shopping
127214	* open air
127215	* visual arts
127216	* spring
127217	* summer
127218	* autumn
127219	* winter
127220	* the game
127221	* collective
127232	# 0030 002E
127233	# 0030 002C
127234	# 0031 002C
127235	# 0032 002C
127236	# 0033 002C
127237	# 0034 002C
127238	# 0035 002C
127239	# 0036 002C
127240	# 0037 002C
127241	# 0038 002C
127242	# 0039 002C
127245	= no rights reserved
127246	= share alike
127247	= non commercial
127248	# 0028 0041 0029
127249	# 0028 0042 0029
127250	# 0028 0043 0029
127251	# 0028 0044 0029
127252	# 0028 0045 0029
127253	# 0028 0046 0029
127254	# 0028 0047 0029
127255	# 0028 0048 0029
127256	# 0028 0049 0029
127257	# 0028 004A 0029
127258	# 0028 004B 0029
127259	# 0028 004C 0029
127260	# 0028 004D 0029
127261	# 0028 004E 0029
127262	# 0028 004F 0029
127263	# 0028 0050 0029
127264	# 0028 0051 0029
127265	# 0028 0052 0029
127266	# 0028 0053 0029
127267	# 0028 0054 0029
127268	# 0028 0055 0029
127269	# 0028 0056 0029
127270	# 0028 0057 0029
127271	# 0028 0058 0029
127272	# 0028 0059 0029
127273	# 0028 005A 0029
127274	* used in baseball scoring|# 3014 0053 3015
127275	= compact disc, single disc record|# <circle> 0043
127276	= disc record|# <circle> 0052
127277	x (square cd - 33C5)|# <circle> 0043 0044
127278	* from the German term "Warenzeichen"|* indicate a trademarked term without making a legal claim of trademark status|* decomposition is anomalous, as the usual glyph shows a capital W and a small z|x (trade mark sign - 2122)|# <circle> 0057 005A
127279	x (copyright sign - 00A9)|x (roman numeral reversed one hundred - 2183)
127280	= Anreisetag (day of arrival)|# <square> 0041
127281	= bank|= b-mode stereo compression broadcasting service (ARIB STD B24)|# <square> 0042
127282	# <square> 0043
127283	# <square> 0044
127284	# <square> 0045
127285	# <square> 0046
127286	# <square> 0047
127287	# <square> 0048
127288	# <square> 0049
127289	# <square> 004A
127290	# <square> 004B
127291	# <square> 004C
127292	# <square> 004D
127293	= news (ARIB STD B24)|# <square> 004E
127294	# <square> 004F
127295	= progressive broadcasting (ARIB STD B24)|# <square> 0050
127296	# <square> 0051
127297	# <square> 0052
127298	= stereo broadcasting service (ARIB STD B24)|# <square> 0053
127299	= tobacconist|# <square> 0054
127300	# <square> 0055
127301	# <square> 0056
127302	= wide-format 16:9 broadcasting service (ARIB STD B24)|# <square> 0057
127303	# <square> 0058
127304	# <square> 0059
127305	# <square> 005A
127306	= hdtv|# <square> 0048 0056
127307	= multi-view television|# <square> 004D 0056
127308	= sdtv|# <square> 0053 0044
127309	= surround stereo broadcasting service|# <square> 0053 0053
127310	= pay-per-view|# <square> 0050 0050 0056
127311	= water closet, public toilet|x (water closet - 1F6BE)|# <square> 0057 0043
127312	= airport
127317	= ferry
127319	= hotel (ARIB STD B24)
127322	= Kurort (spa)|x (hot springs - 2668)
127323	= light rail|x (light rail - 1F688)
127324	= metro|x (metro - 1F687)
127327	= parking space (ARIB STD B24)
127329	= Raststätte (rest stop)
127330	= Stadtbahn (metropolitan railway)
127331	= Tankstelle (petrol station)|x (fuel pump - 26FD)
127332	= underground rail|x (metro - 1F687)
127338	= marque de commerce|* used in Canada|x (trade mark sign - 2122)|# <super> 004D 0043
127339	= marque déposée|* used in Canada|x (registered sign - 00AE)|# <super> 004D 0044
127340	= marca registrada|* used primarily in Spanish and Portuguese speaking communities to indicate a registered trademark|x (registered sign - 00AE)|# <super> 004D 0052
127341	= Creative Commons license|x (circled equals - 229C)
127342	= public domain
127343	= attribution, credit
127344	= blood type A
127345	= blood type B
127346	= centre, city centre
127349	= Feuerwache (fire department)
127351	= Haltestelle (bus stop)|x (bus stop - 1F68F)
127353	= junction (ARIB STD B24)
127355	= leisure center (ARIB STD B24)
127356	= museum, cultural center (ARIB STD B24)
127358	= blood type O
127359	= parking space empty-full (ARIB STD B24)
127370	= parking space closed
127371	= interchange, ramp
127372	= parking area
127373	= service area
127374	= blood type AB
127375	= water closet, public toilet|x (water closet - 1F6BE)
127376	= disc jockey|# <square> 0044 004A
127377	= clear
127379	= free postage
127380	= identification, ID
127382	= no good
127384	= search, hunt for missing person
127385	= new information, update
127386	= versus
127392	* denotes 5.1-channel surround sound
127393	* denotes 7.1-channel surround sound
127394	* denotes 22.2-channel surround sound
127395	* denotes 60Hz frame rate with progressive scanning
127396	* denotes 120Hz frame rate with progressive scanning
127397	= data
127398	= hybrid cast
127399	= high dynamic range
127400	= high resolution
127402	= super high vision
127403	= ultra-high definition
127404	= video on demand
127405	* indicates intellectual property protection for integrated circuit layouts|x (copyright sign - 00A9)|x (circled latin capital letter m - 24C2)
127406	* second day|* glyph can be represented with a T-shaped or Y-shaped bar inside the circle
127488	= and others|# <square> 307B 304B
127489	= here sign|# <square> 30B3 30B3
127490	= service sign|x (circled katakana sa - 32DA)|# <square> 30B5
127504	= broadcasting service with sign language interpretation|# <square> 624B
127505	= close-captioned broadcasting|# <square> 5B57
127506	= two-way broadcasting service|# <square> 53CC
127507	= data broadcasting service linked with a main program|# <square> 30C7
127508	= bilingual broadcasting service|= second base|# <square> 4E8C
127509	= sound-multiplex broadcasting service|# <square> 591A
127510	= commentary broadcasting|# <square> 89E3
127511	= weather forecast|# <square> 5929
127512	= traffic information|# <square> 4EA4
127513	= drama film|# <square> 6620
127514	= free broadcasting service|= non-existence sign|# <square> 7121
127515	= pay broadcasting service|# <square> 6599
127516	= the first part|# <square> 524D
127517	= the latter part|# <square> 5F8C
127518	= rebroadcast|# <square> 518D
127519	= new series of programs|# <square> 65B0
127520	= first released program|# <square> 521D
127521	= the last episode|# <square> 7D42
127522	= live broadcast|# <square> 751F
127523	= mail-order|# <square> 8CA9
127524	= voice actors|# <square> 58F0
127525	= dubbed version|# <square> 5439
127526	= performed by|# <square> 6F14
127527	= pitcher|# <square> 6295
127528	= catcher|# <square> 6355
127529	= first base|# <square> 4E00
127530	= third base|# <square> 4E09
127531	= short stop|# <square> 904A
127532	= left field|# <square> 5DE6
127533	= center field|# <square> 4E2D
127534	= right field|# <square> 53F3
127535	= designated hitter|= reserved sign|# <square> 6307
127536	= runner|# <square> 8D70
127537	= batter|# <square> 6253
127538	= prohibited sign|# <square> 7981
127539	= empty sign|# <square> 7A7A
127540	= passed sign|# <square> 5408
127541	= full sign|# <square> 6E80
127542	= existence sign|x (circled ideograph have - 3292)|# <square> 6709
127543	= monthly sign|x (circled ideograph moon - 328A)|# <square> 6708
127544	= application sign|# <square> 7533
127545	= discount sign|# <square> 5272
127546	= in business sign|# <square> 55B6
127547	= program delivery over network (ARIB STD B62)|# <square> 914D
127552	= home run|# 3014 672C 3015
127553	= triple|# 3014 4E09 3015
127554	= double|# 3014 4E8C 3015
127555	= safe|# 3014 5B89 3015
127556	= run|# 3014 70B9 3015
127557	= hit|# 3014 6253 3015
127558	= steal|# 3014 76D7 3015
127559	= win|# 3014 52DD 3015
127560	= loss|# 3014 6557 3015
127568	= advantage sign|# <circle> 5F97
127569	= accept sign|# <circle> 53EF
127584	* luck|x 798F
127585	* prosperity|x 797F|x 7984
127586	* longevity|x 58FD|x 5BFF
127587	* happiness|x 559C
127588	* double happiness, love and marriage|x 56CD
127589	* wealth|x 8CA1|x 8D22
127744	= typhoon, hurricane
127745	x (fog - 1F32B)
127750	x (cityscape - 1F3D9)
127754	= tsunami, tidal wave
127760	* used to indicate international input source, world clocks with time zones, etc.
127761	x (black circle - 25CF)
127763	= half moon|x (circle with left half black - 25D0)|x (first quarter moon - 263D)
127764	= waxing moon
127765	x (white circle - 25CB)
127767	x (circle with right half black - 25D1)|x (last quarter moon - 263E)
127769	* may indicate either the first or last quarter moon|x (first quarter moon - 263D)|x (last quarter moon - 263E)
127775	x (white star - 2606)
127777	= temperature, warm
127778	= droplet|x (droplet - 1F4A7)
127779	= sunny|x (black sun with rays - 2600)|x (white sun with rays - 263C)
127780	= mostly sunny|x (sun behind cloud - 26C5)
127781	= mostly cloudy
127782	= showers
127783	= rain|x (umbrella - 2602)
127784	= snow, snow showers
127785	= lightning, thunderstorm|x (thunder cloud and rain - 26C8)
127786	= tornado, twister
127787	x (foggy - 1F301)
127788	= wind
127794	x (national park - 1F3DE)
127795	x (tree symbol - 1CEBC)
127796	x (desert island - 1F3DD)
127797	x (desert - 1F3DC)
127798	= hot, spicy
127799	x (flower - 2698)
127801	x (wilted flower - 1F940)
127804	= daisy
127808	x (shamrock - 2618)
127814	= eggplant
127822	x (apple symbol - 1CEBD)
127826	x (cherry symbol - 1CEBE)
127827	x (strawberry symbol - 1CEBF)
127828	= fast food place
127834	= bowl of rice
127835	= Japanese style curry
127836	= ramen noodles
127841	= mochi balls on skewer
127842	= seafood on skewer
127850	= biscuit
127859	= frying pan, cooking utensil
127860	= restaurant, meal|* glyph may show a fork and spoon|* glyph may show a crossed fork and knife|x (fork and knife with plate - 1F37D)|x (spoon - 1F944)
127861	x (hot beverage - 2615)|x (cup on black square - 26FE)
127863	x (fragile symbol - 1CEBA)
127864	= lounge|x (couch and lamp - 1F6CB)|x (tumbler glass - 1F943)
127867	= cheers|x (clinking glasses - 1F942)
127869	= dining|x (fork and knife - 1F374)
127873	x (package - 1F4E6)
127875	= Halloween
127877	= Santa Claus|x (mother christmas - 1F936)
127879	* long, stick-like firework that looks like a burning incense stick
127882	= congratulations
127883	= tanabata tree with wishing papers
127884	* Japanese national holiday
127885	* Japanese new year's door decoration
127886	* Japanese Hinamatsuri or girls' doll festival
127889	* Japanese Otsukimi harvest celebration
127890	* Japanese school entrance ceremony
127891	= mortarboard, education|* graduation ceremony
127892	= favorite|x (black heart suit - 2665)
127893	= occasion|x (bouquet - 1F490)
127896	= midi, midi keyboard, master keyboard with plugs|x (musical keyboard - 1F3B9)
127897	= microphone|x (microphone - 1F3A4)
127898	= level control
127899	= audio control
127900	= musical performance|= music, musical background|* always ascending, unlike 266C|x (beamed sixteenth notes - 266C)
127901	* always descending, unlike 266C|x (beamed eighth notes - 266B)
127902	= film clip|x (movie camera - 1F3A5)
127903	= ticket|x (ticket - 1F3AB)
127904	= amusement park
127905	= amusement park
127907	= fishing
127908	= karaoke|x (studio microphone - 1F399)
127909	= film, movies|x (film frames - 1F39E)
127910	= movie theater, movie projector|x (film projector - 1F4FD)
127911	= music
127912	= art
127913	= drama, performing arts, theater
127914	= event
127915	* indicates an event|x (admission tickets - 1F39F)
127916	= film
127917	= theater masks, theater
127918	= video game controller
127919	= archery target, hitting the target|x (bullseye - 25CE)
127921	= magic 8-ball
127924	= flower cards
127925	= music, being in good mood|x (eighth note - 266A)
127926	= dancing notes, mood, melody|x (beamed eighth notes - 266B)
127929	x (musical keyboard with jacks - 1F398)
127932	x (musical symbol g clef - 1D11E)
127933	= ekiden (Japanese)|* running shirt with separate sash signifies long-distance relay running|* symbol is generalized to represent athletics|* glyph may be shown with a sash, a stripe, or neither
127934	= tennis
127935	= skiing|x (skier - 26F7)
127936	= basketball
127937	= motor sports
127939	= running, marathon, track and fields|x (left half running man - 1FBB2)
127940	= surfing
127941	x (first place medal - 1F947)
127947	= health
127949	= motorcycle|* may be depicted as an ordinary motorcycle, especially in emoji presentation
127950	= race car
127956	x (mountain - 26F0)
127957	= camping site|x (tent - 26FA)
127958	x (umbrella on ground - 26F1)
127959	= under construction|x (construction sign - 1F6A7)
127960	= town|x (house with garden - 1F3E1)
127961	= skyline, city|x (cityscape at dusk - 1F306)
127962	= derelict site
127963	= public building
127964	x (cactus - 1F335)
127965	= island|x (palm tree - 1F334)
127966	* by semantic extension has come to connote saving trees, and hence is also used as a symbol meaning "do not print this (email, document)"|x (evergreen tree - 1F332)
127969	= home, house with yard|x (house buildings - 1F3D8)
127970	x (office building symbol - 1CEBB)
127971	x (postal mark - 3012)
127973	x (black cross on shield - 26E8)
127974	x (squared latin capital letter b - 1F131)
127975	= ATM
127976	x (negative circled latin capital letter h - 1F157)|x (sleeping accommodation - 1F6CC)
127981	= industrial production site|= date of production|x (gear without hub - 26ED)
127982	= japanese izakaya restaurant
127984	x (castle - 26EB)
127985	x (triangular flag on post - 1F6A9)
127987	= flag|x (white flag - 2690)
127989	x (white florette - 2740)
127990	x (eight petalled outlined black florette - 2741)
127991	= price, price tag|x (bookmark - 1F516)
127993	= archery|* also used for Sagittarius|x (sagittarius - 2650)
127994	* used for Aquarius|x (aquarius - 2652)|x (linear b ideogram vessel b209 - 100E8)
128000	* first of the signs of the Asian zodiac
128001	* first of the signs of the Asian zodiac, used in Persia
128002	* second of the signs of the Asian zodiac
128003	* second of the signs of the Asian zodiac, used in Vietnam
128004	* second of the signs of the Asian zodiac, used in Persia|= beef (on menus)
128005	* third of the signs of the Asian zodiac
128006	* third of the signs of the Asian zodiac, used in Persia
128007	* fourth of the signs of the Asian zodiac
128008	* fourth of the signs of the Asian zodiac, used in Vietnam
128009	* fifth of the signs of the Asian zodiac
128010	* fifth of the signs of the Asian zodiac, used in Persia
128011	* fifth of the signs of the Asian zodiac, used in Persia
128012	* fifth of the signs of the Asian zodiac, used in Kazakhstan
128013	* sixth of the signs of the Asian zodiac|x (snake symbol - 1CCFA)
128014	= equestrian sports|* seventh of the signs of the Asian zodiac
128015	* eighth of the signs of the Asian zodiac|x (aries - 2648)
128016	* eighth of the signs of the Asian zodiac, used in Vietnam
128017	* eighth of the signs of the Asian zodiac, used in Persia
128018	* ninth of the signs of the Asian zodiac
128019	* tenth of the signs of the Asian zodiac|= cock
128020	* tenth of the signs of the Asian zodiac, used in Persia|= hen|= poultry (on menus)
128021	* eleventh of the signs of the Asian zodiac
128022	* twelfth of the signs of the Asian zodiac|= pork (on menus)
128023	* twelfth of the signs of the Asian zodiac, used in Japan
128024	* twelfth of the signs of the Asian zodiac, used in Thailand
128030	= ladybird, ladybug, coccinellids
128034	= tortoise, terrapin
128042	* has a single hump
128043	* has two humps
128049	x (smiling cat face with open mouth - 1F63A)
128062	x (footprints - 1F463)
128063	= animal, critter|* also used to represent a squirrel
128065	= sight
128067	x (nose symbol - 1CCFC)
128070	x (white up pointing index - 261D)|x (black up pointing backhand index - 1F5A2)
128071	x (white down pointing index - 261F)|x (white down pointing left hand index - 1F597)|x (black down pointing backhand index - 1F5A3)
128072	x (white left pointing index - 261C)|x (black left pointing backhand index - 1F59C)|x (leftwards hand - 1FAF2)
128073	x (white right pointing index - 261E)|x (black right pointing backhand index - 1F59D)|x (rightwards hand - 1FAF1)
128074	= punch|x (raised fist - 270A)
128075	x (raised hand - 270B)
128076	x (turned ok hand sign - 1F58F)
128077	x (reversed thumbs up sign - 1F592)
128078	x (reversed thumbs down sign - 1F593)
128095	= runner, sneaker, tennis shoe
128099	x (paw prints - 1F43E)
128100	= guest account
128101	= accounts
128103	x (child - 1F9D2)
128105	x (adult - 1F9D1)
128106	= rated for family
128107	x (restroom - 1F6BB)
128111	* most popularly depicted as two women dancing
128112	x (man in tuxedo - 1F935)
128115	* may be shown with or without a beard
128117	x (older adult - 1F9D3)
128119	* the helmet may show a green cross, used as a safety reminder in Japan|x (helmet with white cross - 26D1)
128120	x (prince - 1F934)|x (person with crown - 1FAC5)
128125	x (flying saucer - 1F6F8)
128126	x (robot face - 1F916)
128127	* commonly depicted as a frowning/angry version of 1F608 smiling face with horns
128129	* often used to indicate "sassy" or "carefree"
128131	* also used for "let's party"|x (man dancing - 1F57A)
128133	= manicure, nail care
128135	* usually indicates a beauty parlor
128139	= lips|x (lips - 1F5E2)
128141	= jewelry
128143	= two people kissing
128144	x (bouquet of flowers - 1F395)
128146	= wedding chapel|x (marriage symbol - 26AD)
128153	x (white heart suit - 2661)|x (black heart suit - 2665)|x (heavy black heart - 2764)|x (white heart - 1F90D)|x (orange heart - 1F9E1)|x (light blue heart - 1FA75)
128160	= kawaii, cute|* meaning of cuteness is based on association of glyph with shape of a flower|x (white diamond with centred dot - 27D0)
128161	= idea
128165	x (mood bubble - 1F5F0)
128166	= plewds
128167	* represents a drop of sweat or drop of water|x (black droplet - 1F322)|x (drop of blood - 1FA78)
128168	= running dash, briffits
128169	= dog dirt|* may be depicted with or without a friendly face
128170	= strong, muscled
128171	= circling stars, squeans
128172	= comic book conversation bubble
128173	x (right thought bubble - 1F5ED)
128174	= brilliant homework|x (white florette - 2740)
128175	= perfect score
128176	* glyph may show any currency symbol instead of a dollar sign
128178	x (dollar sign - 0024)
128186	* intended to denote a reserved or ticketed seat, as for an airplane, train, or theater
128187	x (old personal computer - 1F5B3)
128190	= flexible disk cartridge, floppy disc, floppy, diskette|x (black hard shell floppy disk - 1F5AA)
128191	x (optical disc icon - 1F5B8)
128192	= digital video/versatile disc
128193	x (folder - 1F5C0)
128194	x (open folder - 1F5C1)
128195	x (page - 1F5CF)
128196	x (document - 1F5CE)
128197	x (spiral note pad - 1F5D2)
128198	x (spiral calendar pad - 1F5D3)
128199	x (card index dividers - 1F5C2)
128200	x (stock chart - 1F5E0)
128204	x (black pushpin - 1F588)
128206	x (linked paperclips - 1F587)
128214	= read operator's manual|* similar to ISO/IEC 7000-0790 "Read operator's manual"|x (book - 1F56E)
128222	* commonly oriented rightwards, so that a face emoticon can be positioned to the right|x (left hand telephone receiver - 1F57B)|x (right hand telephone receiver - 1F57D)
128224	x (facsimile sign - 213B)|x (telephone receiver with page - 1F57C)|x (printer - 1F5A8)|x (fax icon - 1F5B7)
128225	= position indicator, news
128227	x (bullhorn with sound waves - 1F56C)
128230	x (wrapped present - 1F381)
128231	* glyph may show an E instead of an @-sign|x (envelope with lightning - 1F584)
128232	x (envelope - 2709)
128233	* sending mail|x (flying envelope - 1F585)
128234	= letter box, mail reception|= empty mailbox
128235	= mailbox containing mail
128238	= mailbox for sending mail
128240	x (rolled-up newspaper - 1F5DE)
128241	x (clamshell mobile phone - 1F581)
128242	* making a phone call
128246	= cellular reception
128249	= video
128253	= movies|x (cinema - 1F3A6)
128254	= stereo
128256	= shuffle
128257	= repeat|x (black universal recycling symbol - 267B)
128258	= repeat one item over
128259	= reload|x (clockwise right and left semicircle arrows - 1F5D8)
128260	= reload
128262	x (black sun with rays - 2600)|x (white sun with rays - 263C)|x (gear without hub - 26ED)
128264	= left speaker|x (right speaker - 1F568)|x (bullhorn - 1F56B)
128266	= sound
128267	x (low battery - 1FAAB)
128269	= search|x (bullhorn with sound waves - 1F56C)
128270	= get more details
128271	= privacy
128272	= secure
128273	x (squared key - 26BF)|x (old key - 1F5DD)
128274	= padlock in locked position
128276	x (tibetan symbol dril bu - 0FC4)|x (bell symbol - 237E)|x (symbol for bell - 2407)|x (ringing bell - 1F56D)|x (alarm bell symbol - 1FBFA)
128278	* indicates a bookmark, not a price tag|x (label - 1F3F7)
128280	x (circled dot operator - 2299)|x (fisheye - 25C9)|x (bullseye - 25CE)
128281	x (previous page - 2397)
128285	= top of page
128287	x (combining enclosing keycap - 20E3)
128292	= English input (ABC)
128294	= flashlight
128298	= Japanese kitchen knife|x (dagger knife - 1F5E1)
128299	= handgun, revolver
128303	x (star of david - 2721)
128308	x (black circle for record - 23FA)|x (black circle - 25CF)|x (large circle - 25EF)|x (black large circle - 2B24)|x (heavy large circle - 2B55)|x (large orange circle - 1F7E0)
128310	x (black diamond - 25C6)
128312	x (black small diamond - 2B29)
128314	x (black up-pointing triangle - 25B2)
128315	x (black down-pointing triangle - 25BC)
128316	= play arrow up|x (black up-pointing small triangle - 25B4)
128317	= play arrow down|x (black down-pointing small triangle - 25BE)
128318	= circle shadow down|x (shadowed white circle - 274D)
128320	* Orthodox typicon symbol for great feast service
128321	* Orthodox typicon symbol for vigil service
128322	* Orthodox typicon symbol for Polyeleos|x (four teardrop-spoked asterisk - 2722)
128323	* Orthodox typicon symbol for lower rank feast
128324	* Orthodox typicon symbol for lower rank feast
128325	* Orthodox typicon symbol for difficult sections
128326	= cross outline|x (shadowed white latin cross - 271E)
128329	* generic symbol independent of Devanagari font|x (devanagari om - 0950)
128330	= peace
128334	= hanukiah
128335	x (staff of aesculapius - 2695)
128336	x (watch - 231A)|x (alarm clock - 23F0)
128360	x (speaker - 1F508)
128363	= sound off|x (speaker - 1F508)
128364	= sound on|x (cheering megaphone - 1F4E3)|x (speaker with three sound waves - 1F50A)
128365	x (bell - 1F514)
128366	x (open book - 1F4D6)
128368	= clock|x (alarm clock - 23F0)
128369	x (skull and crossbones - 2620)
128371	= portable hole
128372	= jump
128373	= investigate
128374	= cool
128378	* forms a gender pair with 1F483|x (dancer - 1F483)
128379	x (telephone receiver - 1F4DE)
128380	= fax|x (fax machine - 1F4E0)
128381	= telephone handset
128382	x (white telephone - 260F)
128383	x (black telephone - 260E)
128384	= modem
128385	= cellular phone|x (mobile phone - 1F4F1)
128386	* contrasts with 2709, which shows a seal|x (envelope - 2709)
128387	= mail
128388	= e-mail|x (e-mail symbol - 1F4E7)
128389	= send message|x (envelope with downwards arrow above - 1F4E9)
128391	= links|x (paperclip - 1F4CE)
128392	= marker|x (pushpin - 1F4CC)
128393	= pencil|x (lower right pencil - 270E)
128394	= ballpoint pen
128395	= fountain pen|x (white nib - 2711)
128396	= brush
128397	= crayon
128398	x (writing hand - 270D)
128399	x (ok hand sign - 1F44C)
128400	= halt|x (raised hand - 270B)
128402	x (thumbs up sign - 1F44D)
128403	x (thumbs down sign - 1F44E)
128404	x (victory hand - 270C)
128406	= Vulcan salute
128407	x (white down pointing index - 261F)|x (white down pointing backhand index - 1F447)
128408	x (white left pointing index - 261C)
128409	x (white right pointing index - 261E)
128412	x (white left pointing backhand index - 1F448)
128413	x (white right pointing backhand index - 1F449)
128414	x (white up pointing index - 261D)
128415	x (white down pointing index - 261F)
128418	x (white up pointing backhand index - 1F446)
128419	x (white down pointing backhand index - 1F447)
128420	* unequivocally represented as black in all variants|x (black heart suit - 2665)|x (white heart - 1F90D)
128421	= tower computer
128422	x (keyboard - 2328)
128423	= computer network
128424	x (fax machine - 1F4E0)
128425	= calculator
128426	= disk|x (floppy disk - 1F4BE)
128430	= keyboard|x (keyboard - 2328)
128434	= ballpoint
128435	= personal computer|x (personal computer - 1F4BB)
128437	= monitor|x (combining enclosing screen - 20E2)
128438	x (printer - 1F5A8)
128439	x (fax machine - 1F4E0)
128440	= compact disc|x (optical disc - 1F4BF)
128443	= graphic document
128444	= art
128445	= frames
128446	= no frames, no picture
128448	= directory|x (file folder - 1F4C1)|x (left half folder - 1FBB9)
128449	x (open file folder - 1F4C2)
128450	= index|x (card index - 1F4C7)
128451	= archive
128462	x (page facing up - 1F4C4)
128463	x (page with curl - 1F4C3)
128465	= trashcan
128466	= note, empty calendar|x (calendar - 1F4C5)
128467	= calendar, day 1|x (tear-off calendar - 1F4C6)
128471	= overlapping offset windows
128472	= refresh|x (clockwise downwards and upwards open circle arrows - 1F503)
128473	= close|x (cross mark - 274C)
128476	* symbol depicts a hand press with a box inside
128477	= encryption|x (key - 1F511)
128478	= news|x (newspaper - 1F4F0)
128479	= classified
128480	= finance|x (chart with upwards trend - 1F4C8)
128481	= rated for violence|= hate|x (hocho - 1F52A)
128482	= rated for sex|= kiss|x (kiss mark - 1F48B)|x (biting lip - 1FAE6)
128483	= rated for strong language
128486	x (three lines converging right - 269E)
128487	x (three lines converging left - 269F)
128490	= chat
128491	= conference
128493	x (thought balloon - 1F4AD)
128494	= shout left
128495	= shout right
128496	= new|x (collision symbol - 1F4A5)
128497	= updated
128498	= lightning bolt|x (high voltage sign - 26A1)
128499	= vote|x (ballot box with x - 2612)
128500	= x mark|x (ballot x - 2717)
128501	x (ballot box with x - 2612)
128502	x (heavy ballot x - 2718)
128504	= check|x (check mark - 2713)
128505	x (ballot box with check - 2611)
128511	* Japanese stone statue like Moai on Easter Island
128515	x (white smiling face - 263A)
128520	* commonly depicted as a (sinister) smiling version of 1F47F imp
128524	* indicates relief, not sleeping
128528	* used for the West Wind in some Mahjong annotation
128540	* kidding, not serious
128541	* kidding, not serious
128542	x (white frowning face - 2639)
128545	* intended to depict pouting rather than simply anger
128548	* indicates triumph, not anger
128550	* frowning, not shocked or surprised
128556	* should not be depicted with zipper mouth|x (zipper-mouth face - 1F910)
128563	* embarrassed
128566	x (white circle with two dots - 2687)
128574	* intended to depict pouting rather than simply anger
128576	* indicates tired, not horrified
128577	x (white frowning face - 2639)
128578	x (white smiling face - 263A)
128581	* conveys "no deal" or "not ok", not anger; the inverse of 1F646 face with ok gesture
128583	* most commonly depicted as Japanese-style bowing while seated (dogeza)
128588	= banzai!
128590	* intended to depict pouting rather than simply anger
128591	* can indicate sorrow or regret|* can also indicate pleading, praying, bowing, or thanking
128601	x (reversed rotated floral heart bullet - 2619)
128603	x (rotated floral heart bullet - 2767)
128618	= fourfold knot ornament
128619	= inverse fourfold knot ornament
128620	x (rocket - 1F680)
128624	= italic ampersand lowercase|x (tironian sign et - 204A)
128628	x (ampersand - 0026)
128629	= italic ampersand
128630	x (heavy double turned comma quotation mark ornament - 275D)
128631	x (heavy double comma quotation mark ornament - 275E)
128632	x (heavy low double comma quotation mark ornament - 2760)
128633	x (interrobang - 203D)
128638	x (quadrant upper right and lower left - 259E)
128639	x (quadrant upper left and lower right - 259A)
128640	x (leftwards rocket - 1F66C)
128641	x (airplane - 2708)
128642	x (diesel locomotive - 1F6F2)
128646	= intercity train
128647	= subway, underground train
128649	= train, subway station
128658	x (oncoming fire engine - 1F6F1)
128666	x (black truck - 26DF)
128674	= cruise line vacation|x (ferry - 26F4)|x (passenger ship - 1F6F3)
128675	x (sailboat - 26F5)
128676	x (motor boat - 1F6E5)
128679	x (pick - 26CF)|x (building construction - 1F3D7)
128680	= rotating beacon
128681	= location information|x (flag in hole - 26F3)|x (white pennant - 1F3F1)
128683	x (combining enclosing circle backslash - 20E0)|x (no entry - 26D4)|x (prohibited sign - 1F6C7)
128694	= walking
128697	= man symbol|= men's restroom|x (stick figure - 1FBC5)
128698	= woman symbol|= women's restroom|x (stick figure with dress - 1FBC9)
128699	= man and woman symbol with divider|= unisex restroom|x (man and woman holding hands - 1F46B)
128700	= baby on board, baby changing station
128702	x (squared wc - 1F14F)|x (negative squared wc - 1F18F)
128710	= caution|x (white up-pointing triangle - 25B3)
128711	x (combining enclosing circle backslash - 20E0)|x (no entry sign - 1F6AB)
128712	= information|x (information source - 2139)
128715	= furniture, lifestyles
128716	= hotel, guestrooms|x (hotel - 1F3E8)
128717	= shopping
128718	= reception, services
128721	= stop sign|* may contain text indicating stop|x (warning sign - 26A0)|x (heavy white down-pointing triangle - 26DB)|x (horizontal black octagon - 2BC3)
128722	= shopping cart
128736	= tools, repair facility|x (hammer and pick - 2692)
128737	= US road interstate highway
128738	= commodities
128740	= railroad
128741	= boat|x (speedboat - 1F6A4)
128742	= military airport
128743	= commercial airport|x (airplane - 2708)
128744	= airfield
128747	= departures
128748	= arrivals
128753	= fire|x (fire engine - 1F692)
128754	= train|x (steam locomotive - 1F682)|x (train - 1F686)
128755	= cruise line vacation|x (ship - 1F6A2)
128759	= sledge, toboggan
128760	= UFO|x (flying saucer symbol - 1CCFB)|x (extraterrestrial alien - 1F47D)
128762	= tuk-tuk, remorque
128770	x (white up-pointing triangle - 25B3)
128771	x (earth - 2641)
128772	x (white down-pointing triangle - 25BD)
128775	= balneum arenae (sand bath), lapis armenus (Armenian stone)
128776	= spiritus vini
128778	= crucible; acid; distill; atrament; vitriol; red sulfur; borax; wine; alkali salt; mercurius vivus, quick silver|x (cross of jerusalem - 2629)
128779	= distilled vinegar
128781	= brimstone
128783	= sulfur nigra, dye
128784	x (mercury - 263F)|x (alchemical symbol for sublimation - 1F75E)
128788	x (white square - 25A1)|x (circled minus - 2296)
128789	x (circled vertical bar - 29B6)
128792	= sal gemmae
128794	x (sun - 2609)
128795	x (first quarter moon - 263D)|x (last quarter moon - 263E)
128796	x (male sign - 2642)
128798	= crocus martis, red or yellow calcined powder of iron|x (male with stroke sign - 26A6)
128799	= regulus martis, scoria from refining stibnite/antimony with iron
128800	x (female sign - 2640)
128801	x (male and female sign - 26A5)
128802	x (alchemical symbol for sal-ammoniac - 1F739)
128803	= crocus veneris, aes ustum
128805	= crocus of copper, crocus veneris, lapis haematites|x (earth - 2641)
128806	x (alchemical symbol for salt - 1F714)
128807	x (alchemical symbol for sal-ammoniac - 1F739)
128808	= aes viride, copper subacetate|= astronomical symbol for earth|x (circled plus - 2295)|x (earth - 2641)
128809	x (jupiter - 2643)
128810	x (saturn - 2644)
128811	= stibnite|x (earth - 2641)
128812	x (alchemical symbol for sal-ammoniac - 1F739)
128813	= cinnabar|x (alchemical symbol for salt - 1F714)
128816	= antimony metal
128822	= sal alkali
128824	= iron pyrite, iron sulfide
128825	= ammonium chloride|x (asterisk - 002A)|x (sextile - 26B9)|x (eight spoked asterisk - 2733)
128826	x (double-ended multimap - 29DF)
128827	= arsenic sulfide
128828	= arsenic sulfide
128829	= orpiment|= arsenic trisulfide
128830	= tinglass|x (neptune - 2646)
128831	= impure potassium tartrate|x (alchemical symbol for salt of tartar - 1CED4)
128832	= impure potassium tartrate
128833	= calx viva|= calcium oxide
128838	x (tibetan sign rdel dkar gsum - 0F1C)|x (alchemical symbol for oil inverted - 1CED2)
128842	= cera
128843	= pulvis
128844	= calcinare|= oxide residue, calcium oxide
128845	= tutia, crude zinc oxide sublimate|= aes viride
128846	= worthless residue of sublimation or distillation
128848	x (caduceus - 2624)
128851	= magnes
128852	x (lozenge - 25CA)|x (white medium diamond - 2B26)
128853	x (squared dot operator - 22A1)
128854	= fimus equinus
128855	= cineres
128856	= cineres clavellati, alumen
128858	= later cibratus, farina laterum
128862	x (ascending node - 260A)|x (libra - 264E)
128864	= sublimate
128865	x (latin small letter f with hook - 0192)|x (finite part integral - 2A0D)
128866	= water, aqua
128867	x (descending node - 260B)
128869	= tigillum|x (alchemical symbol for vinegar - 1F70A)
128872	x (latin capital letter t with stroke - 0166)
128875	= balneum mariae
128876	= balneum vaporis
128877	x (alembic - 2697)
128878	* simple form is 29D6|x (hourglass - 231B)|x (white hourglass - 29D6)
128881	= mensis|x (squared times - 22A0)
128882	= drachma semis|* handwritten ligature of 0292 + 00DF, typically spelled out as ʒss|x (latin small letter ezh - 0292)
128883	= uncia semis|* handwritten ligature of 2125 + 00DF, typically spelled out as 2125 ss|x (ounce sign - 2125)
128884	= pars fortunae|x (circled times - 2297)
128885	x (conjunction - 260C)
128886	x (opposition - 260D)
128887	x (vesta - 26B6)
128888	x (astraea - 2BD9)
128889	x (hygiea - 2BDA)
128890	= Lyra|x (parthenope - 1CEC4)
128896	x (black medium left-pointing triangle - 23F4)
128897	x (black medium up-pointing triangle - 23F6)
128898	x (black medium right-pointing triangle - 23F5)
128899	x (black medium down-pointing triangle - 23F7)
128901	x (medium white circle - 26AA)
128907	x (bullseye - 25CE)|x (circled white bullet - 29BE)|x (heavy circle with circle inside - 2B57)
128912	= heavy white square
128933	x (heavy greek cross - 271A)
128936	x (multiplication x - 2715)
128937	x (saltire - 2613)
128942	x (heavy multiplication x - 2716)
128950	* may represent the "star" symbol devised in ITU-T E.161 for use on telephony devices
128952	x (heavy asterisk - 2731)
128955	x (eight spoked asterisk - 2733)
128966	* 2726 is a cusp|x (black four pointed star - 2726)
128968	= navigate
128974	x (eight pointed rectilinear black star - 2737)
128975	x (heavy eight pointed rectilinear black star - 2738)
128977	x (eight pointed pinwheel star - 2735)
128985	* commonly used by members of the Bahá'í faith
128986	* sixth day (shakkō)
129008	* symbol of equality|x (equals sign - 003D)|x (heavy multiplication x - 2716)|x (heavy plus sign - 2795)|x (geta mark - 3013)|x (roman sextans sign - 10190)
129090	x (squat black rightwards arrow - 27A7)
129104	x (leftwards arrow - 2190)
129105	x (upwards arrow - 2191)
129106	x (rightwards arrow - 2192)
129107	x (downwards arrow - 2193)
129108	x (north west arrow - 2196)
129109	x (north east arrow - 2197)
129110	x (south east arrow - 2198)
129111	x (south west arrow - 2199)
129112	x (left right arrow - 2194)
129113	x (up down arrow - 2195)
129138	x (heavy wide-headed rightwards arrow - 2794)
129178	x (notched lower right-shadowed white rightwards arrow - 27AF)
129189	x (right-shaded white rightwards arrow - 27A9)
129191	x (left-shaded white rightwards arrow - 27AA)
129193	x (back-tilted shadowed white rightwards arrow - 27AB)
129195	x (front-tilted shadowed white rightwards arrow - 27AC)
129216	* indicates writing in columns, hieroglyphs facing left (reading direction LTR)
129217	* indicates writing in columns, hieroglyphs facing right (reading direction RTL)
129232	x (rightwards arrow over leftwards arrow - 21C4)
129233	x (rightwards harpoon over leftwards harpoon - 21CC)
129236	x (leftwards harpoon over rightwards harpoon - 21CB)
129240	* indicates that the two sides have the same arrangement of electron lobes
129282	x (maltese cross - 2720)
129302	x (alien monster - 1F47E)
129307	x (leftwards hand - 1FAF2)
129308	x (rightwards hand - 1FAF1)
129310	x (hand with index finger and thumb crossed - 1FAF0)
129311	* can be abbreviated ILY
129315	= rofl, rotfl
129318	= frustration, disbelief
129319	= Gesundheit
129328	x (pregnant person - 1FAC4)
129330	* used for prayer in some cultures
129331	* typically used with face or human figure on the left
129332	x (princess - 1F478)
129333	* appearance for groom, may be paired with 1F470|x (bride with veil - 1F470)
129334	= Mrs. Claus|x (father christmas - 1F385)
129336	= gymnastics
129338	= fencing|x (crossed swords - 2694)
129340	= wrestling
129344	x (rose - 1F339)
129346	= celebration, formal toasting|x (clinking beer mugs - 1F37B)
129347	= whisky|* typically shown with ice|x (cocktail glass - 1F378)
129348	x (fork and knife - 1F374)
129350	= marksmanship, shooting, hunting
129351	= gold medal|x (sports medal - 1F3C5)
129352	= silver medal
129353	= bronze medal
129354	= boxing
129355	= judo, karate, taekwondo
129362	= pickle
129366	= French bread
129368	= paella, casserole
129369	= döner kebab, falafel, gyro, shawarma
129370	= chicken egg
129371	= milk|x (pouring liquid - 1FAD7)
129374	= hotcakes, crêpes, blini|* sweet or savory
129375	= potsticker, gyooza, jiaozi, pierogi, empanada
129377	= take-away box, oyster pail
129378	= kuaizi, hashi, jeotgarak
129379	* can indicate breakfast, cereal, congee, etc.
129380	* can indicate soda, juice, etc.
129383	* may be sweet or savory
129384	* can indicate twistiness, intricacy
129385	= porkchop, chop, steak
129388	* intended to represent cooked green vegetables such as bok choy, kale, etc.
129408	* used for Cancer|x (cancer - 264B)
129409	* used for Leo|x (leo - 264C)
129410	* used for Scorpio|x (scorpius - 264F)
129429	* includes Brontosaurus, Diplodocus, Brachiosaurus
129430	= Tyrannosaurus rex
129440	* microorganism, intended to cover bacteria, viruses, amoebas, etc.
129443	* indicates great size
129444	* indicates extinction
129489	* no specified gender|x (man - 1F468)|x (woman - 1F469)
129490	* no specified gender|x (boy - 1F466)|x (girl - 1F467)
129491	* no specified gender|x (older man - 1F474)|x (older woman - 1F475)
129493	= woman's headscarf, hijab
129494	= sauna, steam room
129496	= yoga, meditation
129497	= wizard, witch, sorcerer, sorceress
129500	= mermaid, merman
129505	x (blue heart - 1F499)|x (white heart - 1F90D)
129506	= baseball cap
129511	* contains a monetary gift in East and Southeast Asia
129536	x (white chess king - 2654)
129567	= white grasshopper
129570	= white nightrider
129573	= black grasshopper
129576	= black nightrider
129579	= neutral grasshopper
129582	= neutral nightrider
129611	x (hourglass - 231B)
129614	= amazon, terror, omnipotent queen, superqueen
129615	= chancellor, marshall, empress
129616	= cardinal, princess|* may have the form of a mitre or biretta
129621	= white elephant
129623	= black elephant
129632	= hóng shuài|* design typically shows 5E25 or 5E05|* design sometimes shows 5C07 (Yuan dynasty)
129633	= hóng shì|* design typically shows 4ED5|* design sometimes shows 58EB
129634	= hóng xiàng|* design typically shows 76F8|* design sometimes shows 8C61 (Yuan dynasty)
129635	= hóng mǎ|* design typically shows 99AC or 9A6C|* design sometimes shows 508C
129636	= hóng jū|* design typically shows 8ECA or 8F66|* design sometimes shows 4FE5
129637	= hóng pào|* design typically shows 70AE or 792E|* design sometimes shows 7832|* design sometimes shows 5305 (Ming dynasty)
129638	= hóng bīng|* design typically shows 5175|* design sometimes shows 5352 (Yuan and Ming dynasties)
129639	= hēi jiàng|* design typically shows 5C07 or 5C06
129640	= hēi shì|* design typically shows 58EB
129641	= hēi xiàng|* design typically shows 8C61
129642	= hēi mǎ|* design typically shows 99AC or 9A6C
129643	= hēi jū|* design typically shows 8ECA or 8F66
129644	= hēi pào|* design typically shows 7832|* design sometimes shows 70AE
129645	= hēi zú|* design typically shows 5352|* design sometimes shows 5175 (Yuan and Ming dynasties)
129652	= flip flop
129656	x (droplet - 1F4A7)
129706	= ID
129707	x (battery - 1F50B)
129711	x (adi shakti - 262C)
129732	x (pregnant woman - 1F930)
129733	x (princess - 1F478)
129751	x (glass of milk - 1F95B)
129766	x (lips - 1F5E2)
129776	x (hand with index and middle fingers crossed - 1F91E)
129794	* upper one third block
129803	* middle one third block
129806	* upper two thirds block
129837	* lower one third block
129840	* upper and lower one third block
129849	* lower two thirds block
129904	x (left one eighth block - 258F)
129909	x (right one eighth block - 2595)
129910	x (upper one eighth block - 2594)
129915	x (lower one eighth block - 2581)
129922	x (lower one quarter block - 2582)
129923	x (lower three eighths block - 2583)
129924	x (lower five eighths block - 2585)
129925	x (lower three quarters block - 2586)
129926	x (lower seven eighths block - 2587)
129927	x (left one quarter block - 258E)
129928	x (left three eighths block - 258D)
129929	x (left five eighths block - 258B)
129930	x (left three quarters block - 258A)
129931	x (left seven eighths block - 2589)
129936	x (medium shade - 2592)
129941	x (quadrant upper left and lower right - 259A)|x (reverse checker board - 1F67F)
129942	x (quadrant upper right and lower left - 259E)|x (checker board - 1F67E)
129943	* upper middle and lower one quarter block|x (geta mark - 3013)|x (block octant-3478 - 1CDB7)
129944	x (square with upper left to lower right fill - 25A7)
129945	x (square with upper right to lower left fill - 25A8)
129946	x (black hourglass - 29D7)
129947	x (black bowtie - 29D3)
129948	x (black upper left triangle - 25E4)
129949	x (black upper right triangle - 25E5)
129950	x (black lower right triangle - 25E2)
129951	x (black lower left triangle - 25E3)
129966	x (white diamond - 25C7)
129967	x (box drawings light horizontal - 2500)
129968	x (black rightwards arrowhead - 27A4)
129969	x (check mark - 2713)
129970	* paired with 1FBB3, faces to the right|* the Apple II documentation refers to these characters as "Running Man"|x (runner - 1F3C3)
129972	x (downwards arrow with tip leftwards - 21B2)|x (downwards arrow with corner leftwards - 21B5)
129977	* paired with 1FBBA|x (file folder - 1F4C1)|x (folder - 1F5C0)
129979	x (number sign - 0023)|x (box drawings double vertical and horizontal - 256C)|x (outlined greek cross - 2719)|x (heavy greek cross - 271A)|x (medium greek cross - 1F7A3)
129980	x (squared dot operator - 22A1)
129981	* diagonals extend past the corners of the box, unlike in 274E|x (box drawings light diagonal cross - 2573)|x (negative squared cross mark - 274E)
129984	x (cross mark - 274C)|x (cancellation x - 1F5D9)|x (heavy saltire - 1F7AC)
129985	* glyph part, combined with 1FBC2 and 1FBC3|x (white right pointing index - 261E)
129988	* glyph does not necessarily extend to the edges of the character cell|x (question mark - 003F)|x (uncertainty sign - 2BD1)|x (replacement character - FFFD)
129989	x (mens symbol - 1F6B9)
129993	x (womens symbol - 1F6BA)
129994	x (upwards white arrow - 21E7)|x (house - 2302)|x (upwards finger-post arrow - 1F835)
130032	# <font> 0030 digit zero
130033	# <font> 0031 digit one
130034	# <font> 0032 digit two
130035	# <font> 0033 digit three
130036	# <font> 0034 digit four
130037	# <font> 0035 digit five
130038	# <font> 0036 digit six
130039	# <font> 0037 digit seven
130040	# <font> 0038 digit eight
130041	# <font> 0039 digit nine
130042	x (bell symbol - 237E)|x (bell - 1F514)
194560	: 4E3D
194561	: 4E38
194562	: 4E41
194563	: 20122
194564	: 4F60
194565	: 4FAE
194566	: 4FBB
194567	: 5002
194568	: 507A
194569	: 5099
194570	: 50E7
194571	: 50CF
194572	: 349E
194573	x 5145|: 2063A
194574	: 514D
194575	: 5154
194576	: 5164
194577	: 5177
194578	: 2051C
194579	: 34B9
194580	x 5185|: 5167
194581	: 518D
194582	: 2054B
194583	: 5197
194584	: 51A4
194585	: 4ECC
194586	: 51AC
194587	: 51B5
194588	: 291DF
194589	x 20674|: 51F5
194590	: 5203
194591	: 34DF
194592	: 523B
194593	: 5246
194594	: 5272
194595	: 5277
194596	: 3515
194597	: 52C7
194598	: 52C9
194599	: 52E4
194600	: 52FA
194601	: 5305
194602	: 5306
194603	: 5317
194604	x 20984|: 5349
194605	x 20161|: 5351
194606	: 535A
194607	: 5373
194608	: 537D
194609	: 537F
194610	: 537F
194611	: 537F
194612	: 20A2C
194613	: 7070
194614	: 53CA
194615	: 53DF
194616	: 20B63
194617	: 53EB
194618	: 53F1
194619	x 4DB8|: 5406
194620	: 549E
194621	: 5438
194622	: 5448
194623	: 5468
194624	: 54A2
194625	: 54F6
194626	: 5510
194627	: 5553
194628	: 5563
194629	: 5584
194630	: 5584
194631	: 5599
194632	: 55AB
194633	: 55B3
194634	: 55C2
194635	: 5716
194636	: 5606
194637	: 5717
194638	: 5651
194639	: 5674
194640	: 5207
194641	: 58EE
194642	: 57CE
194643	: 57F4
194644	: 580D
194645	: 578B
194646	: 5832
194647	: 5831
194648	: 58AC
194649	: 214E4
194650	x 58F3|: 58F2
194651	x 21533|: 58F7
194652	: 5906
194653	x 21587|: 591A
194654	: 5922
194655	: 5962
194656	x 216A7|: 216A8
194657	: 216EA
194658	: 59EC
194659	: 5A1B
194660	: 5A27
194661	: 59D8
194662	: 5A66
194663	: 36EE
194664	: 36FC
194665	: 5B08
194666	: 5B3E
194667	: 5B3E
194668	: 219C8
194669	: 5BC3
194670	: 5BD8
194671	: 5BE7
194672	: 5BF3
194673	: 21B18
194674	: 5BFF
194675	: 5C06
194676	x 22450|: 5F53
194677	: 5C22
194678	: 3781
194679	: 5C60
194680	x 4DB9|: 5C6E
194681	: 5CC0
194682	: 5C8D
194683	: 21DE4
194684	: 5D43
194685	: 21DE6
194686	: 5D6E
194687	: 5D6B
194688	: 5D7C
194689	: 5DE1
194690	: 5DE2
194691	: 382F
194692	: 5DFD
194693	: 5E28
194694	: 5E3D
194695	: 5E69
194696	: 3862
194697	: 22183
194698	: 387C
194699	: 5EB0
194700	: 5EB3
194701	: 5EB6
194702	: 5ECA
194703	: 2A392
194704	: 5EFE
194705	: 22331
194706	: 22331
194707	: 8201
194708	: 5F22
194709	: 5F22
194710	: 38C7
194711	: 232B8
194712	: 261DA
194713	: 5F62
194714	: 5F6B
194715	: 38E3
194716	x 22505|: 5F9A
194717	: 5FCD
194718	: 5FD7
194719	: 5FF9
194720	: 6081
194721	: 393A
194722	: 391C
194723	: 6094
194724	: 226D4
194725	: 60C7
194726	: 6148
194727	: 614C
194728	: 614E
194729	: 614C
194730	: 617A
194731	: 618E
194732	: 61B2
194733	: 61A4
194734	: 61AF
194735	: 61DE
194736	: 61F2
194737	: 61F6
194738	: 6210
194739	: 621B
194740	: 625D
194741	: 62B1
194742	: 62D4
194743	: 6350
194744	: 22B0C
194745	: 633D
194746	: 62FC
194747	: 6368
194748	: 6383
194749	: 63E4
194750	: 22BF1
194751	: 6422
194752	: 63C5
194753	: 63A9
194754	: 3A2E
194755	: 6469
194756	: 647E
194757	: 649D
194758	: 6477
194759	: 3A6C
194760	: 654F
194761	: 656C
194762	: 2300A
194763	: 65E3
194764	: 66F8
194765	: 6649
194766	: 3B19
194767	: 6691
194768	: 3B08
194769	: 3AE4
194770	: 5192
194771	: 5195
194772	: 6700
194773	: 669C
194774	: 80AD
194775	: 43D9
194776	: 6717
194777	: 671B
194778	: 6721
194779	: 675E
194780	: 6753
194781	: 233C3
194782	: 3B49
194783	: 67FA
194784	: 6785
194785	: 6852
194786	: 6885
194787	: 2346D
194788	: 688E
194789	: 681F
194790	: 6914
194791	: 3B9D
194792	: 6942
194793	: 69A3
194794	: 69EA
194795	: 6AA8
194796	: 236A3
194797	: 6ADB
194798	: 3C18
194799	: 6B21
194800	x 4DBE|: 238A7
194801	: 6B54
194802	: 3C4E
194803	: 6B72
194804	: 6B9F
194805	: 6BBA
194806	: 6BBB
194807	: 23A8D
194808	: 21D0B
194809	: 23AFA
194810	: 6C4E
194811	: 23CBC
194812	: 6CBF
194813	x 2DC09|: 6CCD
194814	: 6C67
194815	: 6D16
194816	: 6D3E
194817	: 6D77
194818	: 6D41
194819	: 6D69
194820	: 6D78
194821	x 23D40|: 6D85
194822	: 23D1E
194823	: 6D34
194824	: 6E2F
194825	: 6E6E
194826	: 3D33
194827	: 6ECB
194828	: 6EC7
194829	: 23ED1
194830	x 23F1C|: 6DF9
194831	: 6F6E
194832	: 23F5E
194833	: 23F8E
194834	: 6FC6
194835	: 7039
194836	: 701E
194837	: 701B
194838	: 3D96
194839	: 704A
194840	: 707D
194841	: 7077
194842	: 70AD
194843	: 20525
194844	x 242B3|: 7145
194845	: 24263
194846	: 719C
194847	: 243AB
194848	: 7228
194849	: 7235
194850	: 7250
194851	: 24608
194852	: 7280
194853	: 7295
194854	: 24735
194855	x 2AEC5|: 24814
194856	: 737A
194857	: 738B
194858	: 3EAC
194859	x 248FD|: 73A5
194860	: 3EB8
194861	: 3EB8
194862	: 7447
194863	: 745C
194864	: 7471
194865	: 7485
194866	: 74CA
194867	: 3F1B
194868	: 7524
194869	: 24C36
194870	: 753E
194871	: 24C92
194872	: 7570
194873	: 2219F
194874	: 7610
194875	: 24FA1
194876	: 24FB8
194877	: 25044
194878	: 3FFC
194879	: 4008
194880	: 76F4
194881	: 250F3
194882	: 250F2
194883	x 2511A|: 25119
194884	: 25133
194885	: 771E
194886	: 771F
194887	: 771F
194888	: 774A
194889	: 4039
194890	: 778B
194891	x 25271|: 4046
194892	: 4096
194893	: 2541D
194894	: 784E
194895	: 788C
194896	: 78CC
194897	: 40E3
194898	: 25626
194899	: 7956
194900	: 2569A
194901	: 256C5
194902	: 798F
194903	: 79EB
194904	: 412F
194905	: 7A40
194906	: 7A4A
194907	: 7A4F
194908	: 2597C
194909	: 25AA7
194910	: 25AA7
194911	: 7AEE
194912	: 4202
194913	: 25BAB
194914	: 7BC6
194915	: 7BC9
194916	: 4227
194917	: 25C80
194918	: 7CD2
194919	: 42A0
194920	: 7CE8
194921	: 7CE3
194922	: 7D00
194923	: 25F86
194924	: 7D63
194925	: 4301
194926	: 7DC7
194927	: 7E02
194928	: 7E45
194929	: 4334
194930	: 26228
194931	: 26247
194932	: 4359
194933	: 262D9
194934	: 7F7A
194935	: 2633E
194936	: 7F95
194937	: 7FFA
194938	: 8005
194939	: 264DA
194940	: 26523
194941	: 8060
194942	x 2659D|: 265A8
194943	: 8070
194944	: 2335F
194945	: 43D5
194946	: 80B2
194947	: 8103
194948	: 440B
194949	: 813E
194950	: 5AB5
194951	: 267A7
194952	: 267B5
194953	: 23393
194954	: 2339C
194955	: 8201
194956	: 8204
194957	: 8F9E
194958	: 446B
194959	: 8291
194960	: 828B
194961	: 829D
194962	: 52B3
194963	: 82B1
194964	: 82B3
194965	: 82BD
194966	: 82E6
194967	: 26B3C
194968	: 82E5
194969	: 831D
194970	: 8363
194971	: 83AD
194972	: 8323
194973	: 83BD
194974	: 83E7
194975	: 8457
194976	: 8353
194977	: 83CA
194978	: 83CC
194979	: 83DC
194980	x 26D06|: 26C36
194981	: 26D6B
194982	: 26CD5
194983	: 452B
194984	: 84F1
194985	: 84F3
194986	: 8516
194987	: 273CA
194988	: 8564
194989	: 26F2C
194990	: 455D
194991	: 4561
194992	: 26FB1
194993	: 270D2
194994	x 5914|x 270CD|x 270F0|: 456B
194995	: 8650
194996	: 865C
194997	: 8667
194998	x 27205|: 8669
194999	: 86A9
195000	: 8688
195001	: 870E
195002	: 86E2
195003	: 8779
195004	: 8728
195005	: 876B
195006	: 8786
195007	: 45D7
195008	: 87E1
195009	: 8801
195010	: 45F9
195011	: 8860
195012	: 8863
195013	: 27667
195014	: 88D7
195015	: 88DE
195016	: 4635
195017	: 88FA
195018	: 34BB
195019	x 4695|: 278AE
195020	: 27966
195021	: 46BE
195022	: 46C7
195023	: 8AA0
195024	: 8AED
195025	: 8B8A
195026	: 8C55
195027	: 27CA8
195028	: 8CAB
195029	: 8CC1
195030	x 25AD4|: 8D1B
195031	: 8D77
195032	: 27F2F
195033	: 20804
195034	: 8DCB
195035	: 8DBC
195036	: 8DF0
195037	: 208DE
195038	: 8ED4
195039	: 8F38
195040	: 285D2
195041	: 285ED
195042	: 9094
195043	: 90F1
195044	: 9111
195045	: 2872E
195046	: 911B
195047	: 9238
195048	: 92D7
195049	: 92D8
195050	: 927C
195051	: 93F9
195052	: 9415
195053	: 28BFA
195054	: 958B
195055	: 4995
195056	: 95B7
195057	: 28D77
195058	: 49E6
195059	: 96C3
195060	: 5DB2
195061	: 9723
195062	: 29145
195063	: 2921A
195064	: 4A6E
195065	: 4A76
195066	: 97E0
195067	: 2940A
195068	: 4AB2
195069	: 29496
195070	: 980B
195071	: 980B
195072	: 9829
195073	: 295B6
195074	: 98E2
195075	: 4B33
195076	: 9929
195077	: 99A7
195078	: 99C2
195079	: 99FE
195080	: 4BCE
195081	: 29B30
195082	: 9B12
195083	: 9C40
195084	: 9CFD
195085	: 4CCE
195086	: 4CED
195087	: 9D67
195088	: 2A0CE
195089	: 4CF8
195090	: 2A105
195091	: 2A20E
195092	: 2A291
195093	: 9EBB
195094	: 4D56
195095	: 9EF9
195096	: 9EFE
195097	: 9F05
195098	: 9F0F
195099	: 9F16
195100	: 9F3B
195101	: 2A600
917505	* This character is deprecated, and its use is strongly discouraged.
917760	* these are abbreviated VS17, and so on
